# Spring Unit export, Created by Beherith mysterme@gmail.com with the help of Muon 
# arguments of an object 'o' piecename:
# Mxyz = midpoint of an s3o
# r = unit radius
# h = height
#			 t1 t2 = textures 1 and 2
# Oxyz = piece offset
# p = parent
o base,ox=0.00,oy=4.00,oz=0.00,p=,mx=0.00,my=2.00,mz=0.00,r=25.00,h=12.00,t1=Arm_color.dds,t2=Arm_other.dds
v 4.061703 2.687842 29.133389
vn 0.026612 0.799504 0.207521
vt 0.788511097 0.093069002
v 10.561616 5.707637 12.146085
vn 0.293306 0.733554 0.242645
vt 0.801694691 0.105383001
v 6.150462 6.125302 16.216270
vn 0.146281 0.782231 0.222893
vt 0.800778508 0.093666002
v -4.123844 2.687705 29.137436
vn -0.026529 0.799587 0.207438
vt 0.788144886 0.092722997
v -6.183275 6.128750 16.211618
vn -0.144793 0.782645 0.222479
vt 0.800534368 0.093529999
v -10.623371 5.707892 12.146180
vn -0.291157 0.734628 0.241983
vt 0.801450551 0.104552001
vn 0.589091 0.391735 0.427190
vt 0.770383000 0.084236003
v 11.783780 3.735568 12.269204
vn 0.576364 0.385537 0.449587
vt 0.771115899 0.093471996
v 17.431927 5.693607 5.896696
vn 0.504959 0.347521 0.554298
vt 0.778501809 0.084606998
vn -0.589256 0.391653 0.427190
vt 0.770383000 0.084017999
v -17.493231 5.692984 5.896513
vn -0.505041 0.347355 0.554298
vt 0.778501809 0.084390000
v -11.845134 3.735528 12.269097
vn -0.576529 0.385372 0.449587
vt 0.771115899 0.093254000
v -1.924198 10.765732 -4.523818
vn -0.657603 0.500413 -0.011818
vt 0.787772059 0.092873998
v -1.167398 10.444608 -15.884842
vn -0.554959 0.610000 -0.054215
vt 0.803093910 0.092817001
v -4.892218 6.850646 -18.190634
vn -0.588264 0.579256 -0.038182
vt 0.803149462 0.106524996
v 4.935728 6.850646 -18.190634
vn 0.588264 0.579256 -0.038182
vt 0.803088188 0.106524996
v 1.210910 10.444608 -15.884842
vn 0.554959 0.610000 -0.054215
vt 0.803032875 0.092817001
v 1.967708 10.765732 -4.523815
vn 0.657603 0.500413 -0.011818
vt 0.787711263 0.092874996
v -4.892218 6.850646 -4.523817
vn -0.783388 0.263388 0.000000
vt 0.038165331 0.507852018
vn -0.657603 0.500413 -0.011818
vt 0.031606115 0.512961984
vn -0.588264 0.579256 -0.038182
vt 0.031601757 0.499204010
v 4.935728 6.850646 -4.523817
vn 0.777273 0.279917 -0.021488
vt 0.038165331 0.507866979
vn 0.588264 0.579256 -0.038182
vt 0.031540491 0.499220014
vn 0.657603 0.500413 -0.011818
vt 0.031545080 0.512977004
v 0.207381 10.053490 -15.164267
vn 0.000000 0.304132 -0.768430
vt 0.564166307 0.628616989
v -0.207381 10.053490 -15.164267
vn 0.000000 0.304132 -0.768430
vt 0.564166307 0.623046994
v 0.000000 15.333925 -13.074192
vn 0.000000 0.304132 -0.768430
vt 0.558649719 0.628616989
v -0.207381 10.053490 -0.534634
vn -0.000000 0.641405 0.521157
vt 0.564166307 0.617475986
v 0.207381 10.053490 -0.534634
vn -0.000000 0.641405 0.521157
vt 0.564166307 0.611905992
v 0.000000 15.333925 -7.034121
vn -0.000000 0.641405 0.521157
vt 0.558651805 0.617475986
v -4.118523 1.737697 30.423523
vn -0.097934 -0.820496 -0.014959
vt 0.788571477 0.093327001
vn -0.130826 -0.815785 0.019174
vt 0.802424371 0.104970999
v -0.030795 1.507642 16.257830
vn -0.000000 -0.826446 -0.003306
vt 0.802142382 0.093696997
vn -0.000000 -0.826446 -0.003306
vt 0.802142382 0.093696997
vn 0.130826 -0.815785 0.019174
vt 0.802424371 0.104980998
v 4.056595 1.737204 30.423185
vn 0.097851 -0.820496 -0.014959
vt 0.788510442 0.093336999
v -0.031158 2.221243 31.366892
vn -0.000000 0.642645 0.519587
vt 0.762083352 0.093415998
vn -0.187769 0.643058 0.483967
vt 0.789549172 0.084600002
v -0.030733 1.317924 32.463745
vn 0.000083 0.637934 0.525372
vt 0.762327492 0.084959999
vn -0.000000 0.642645 0.519587
vt 0.762083352 0.093415998
vn -0.187025 0.647107 0.478760
vt 0.789793313 0.094022997
vn -0.187769 0.643058 0.483967
vt 0.789549172 0.084600002
vn -0.634297 0.424628 0.316694
vt 0.765135109 0.094094999
vn -0.576529 0.385372 0.449587
vt 0.790036321 0.084569000
vn -0.634050 0.425124 0.316612
vt 0.762693703 0.084569000
vn -0.634297 0.424628 0.316694
vt 0.765135109 0.094094999
vn -0.589256 0.391653 0.427190
vt 0.789792418 0.094212003
vn -0.576529 0.385372 0.449587
vt 0.790036321 0.084569000
v -18.616589 5.594384 -20.656464
vn -0.784959 0.023802 -0.257355
vt 0.387501419 0.649658978
v -24.323742 3.422645 -3.450347
vn -0.784545 0.003471 -0.259752
vt 0.381525487 0.673381984
v -24.316780 5.610771 -3.459937
vn -0.784463 0.001322 -0.260000
vt 0.387506247 0.673381984
vn -0.784959 0.023802 -0.257355
vt 0.387501419 0.649658978
v -18.662371 3.070580 -20.767694
vn -0.785041 0.025537 -0.257190
vt 0.380972952 0.649658978
vn -0.784545 0.003471 -0.259752
vt 0.381525487 0.673381984
vn -0.665124 -0.017107 0.490248
vt 0.788633645 0.094636999
vn -0.633719 -0.166694 0.503636
vt 0.778501809 0.084390000
vn -0.667769 0.004298 0.486942
vt 0.788633883 0.084017999
vn -0.665124 -0.017107 0.490248
vt 0.788633645 0.094636999
vn -0.630331 -0.178264 0.503884
vt 0.771116555 0.093254000
vn -0.633719 -0.166694 0.503636
vt 0.778501809 0.084390000
v -3.725686 7.627636 9.085783
vn -0.047025 0.812975 0.140744
vt 0.889367104 0.762834013
v -0.031507 6.898294 13.413365
vn 0.000083 0.806942 0.178512
vt 0.896136522 0.767349005
v -0.030233 9.628446 -1.928640
vn -0.000000 0.826364 -0.013388
vt 0.878070116 0.773585975
vn -0.047025 0.812975 0.140744
vt 0.889367104 0.762834013
vn -0.144793 0.782645 0.222479
vt 0.896783829 0.756259024
vn 0.000083 0.806942 0.178512
vt 0.896136522 0.767349005
vn -0.000083 -0.826364 -0.009669
vt 0.761838555 0.095145002
vn -0.097934 -0.820496 -0.014959
vt 0.761899114 0.084220998
vn -0.000000 -0.826446 -0.003306
vt 0.800494432 0.084223002
vn -0.000083 -0.826364 -0.009669
vt 0.761838555 0.095145002
vn -0.000000 -0.826446 -0.003306
vt 0.800494432 0.084223002
vn 0.097851 -0.820496 -0.014959
vt 0.761899114 0.084190004
vn -0.000000 0.642645 0.519587
vt 0.762449324 0.093537003
vn 0.187769 0.643554 0.483306
vt 0.789182961 0.084700003
vn 0.187025 0.647686 0.478099
vt 0.790220320 0.094141997
vn -0.000000 0.642645 0.519587
vt 0.762449324 0.093537003
vn 0.000083 0.637934 0.525372
vt 0.761961281 0.085082002
vn 0.187769 0.643554 0.483306
vt 0.789182961 0.084700003
vn 0.633719 0.425537 0.316612
vt 0.765135109 0.093757004
vn 0.576364 0.385537 0.449587
vt 0.790036321 0.084418997
vn 0.589091 0.391735 0.427190
vt 0.789792418 0.094062001
vn 0.633719 0.425537 0.316612
vt 0.765135109 0.093757004
vn 0.633471 0.426033 0.316529
vt 0.762693703 0.084418997
vn 0.576364 0.385537 0.449587
vt 0.790036321 0.084418997
v 24.262184 3.422675 -3.450347
vn 0.784545 0.003471 -0.259752
vt 0.248224705 0.549441993
v 18.555002 5.594285 -20.656460
vn 0.784959 0.023802 -0.257355
vt 0.208912551 0.554385006
v 24.255117 5.610626 -3.460030
vn 0.784463 0.001405 -0.260000
vt 0.248223782 0.554385006
vn 0.784545 0.003471 -0.259752
vt 0.248224705 0.549441993
v 18.600807 3.070617 -20.767694
vn 0.785041 0.025620 -0.257190
vt 0.208914846 0.548996985
vn 0.784959 0.023802 -0.257355
vt 0.208912551 0.554385006
vn 0.633719 -0.166777 0.503636
vt 0.778501809 0.084606998
vn 0.665124 -0.017107 0.490165
vt 0.788633645 0.094853997
vn 0.667769 0.004298 0.486942
vt 0.788633883 0.084236003
vn 0.633719 -0.166777 0.503636
vt 0.778501809 0.084606998
vn 0.630331 -0.178264 0.503884
vt 0.771116555 0.093471996
vn 0.665124 -0.017107 0.490165
vt 0.788633645 0.094853997
vn 0.000083 0.806942 0.178512
vt 0.896319628 0.767886996
v 3.663222 7.627786 9.083261
vn 0.047107 0.812975 0.140744
vt 0.889186561 0.763101995
vn -0.000000 0.826364 -0.013388
vt 0.878253222 0.774124980
vn 0.000083 0.806942 0.178512
vt 0.896319628 0.767886996
vn 0.146281 0.782231 0.222893
vt 0.896173239 0.755782008
vn 0.047107 0.812975 0.140744
vt 0.889186561 0.763101995
v -19.325069 3.336395 -1.430460
vn 0.763719 -0.001570 -0.315950
vt 0.029437302 0.511667013
v -17.285940 6.393621 3.483664
vn 0.763884 -0.002397 -0.315455
vt 0.033099413 0.509047985
v -17.295424 3.463432 3.490843
vn 0.764050 -0.003223 -0.315041
vt 0.030658005 0.509047985
vn 0.763719 -0.001570 -0.315950
vt 0.029437302 0.511667013
v -19.322205 6.698420 -1.431787
vn 0.763471 -0.000744 -0.316364
vt 0.032305956 0.511667013
vn 0.763884 -0.002397 -0.315455
vt 0.033099413 0.509047985
v -7.489009 7.990470 3.487877
vn -0.764215 0.000165 -0.314711
vt 0.039324999 0.509047985
v -5.465809 1.935992 -1.428340
vn -0.764215 0.000165 -0.314711
vt 0.036151171 0.511667013
v -7.492254 2.508389 3.491443
vn -0.764132 0.000248 -0.314793
vt 0.035418749 0.509047985
vn -0.764215 0.000165 -0.314711
vt 0.039324999 0.509047985
v -5.466485 8.886094 -1.424283
vn -0.764215 0.000083 -0.314628
vt 0.040911913 0.511667013
vn -0.764215 0.000165 -0.314711
vt 0.036151171 0.511667013
v -12.390390 7.010276 5.525543
vn -0.317521 -0.000661 -0.763058
vt 0.036090136 0.507964015
vn -0.317438 -0.000579 -0.763058
vt 0.035418749 0.509047985
v -12.382845 3.471404 5.527359
vn -0.317769 -0.001074 -0.762892
vt 0.033343554 0.507964015
vn -0.317521 -0.000661 -0.763058
vt 0.036090136 0.507964015
vn -0.317190 -0.000331 -0.763140
vt 0.039324999 0.509047985
vn -0.317438 -0.000579 -0.763058
vt 0.035418749 0.509047985
v -10.970400 6.032327 8.543579
vn 0.013223 0.774050 0.289174
vt 0.662342250 0.324095011
v -6.334301 5.912611 14.409205
vn -0.250413 0.786942 -0.032479
vt 0.659659684 0.329070985
v -5.098404 6.610766 9.970826
vn -0.304545 0.740992 0.202975
vt 0.655614436 0.323938012
vn 0.013223 0.774050 0.289174
vt 0.662342250 0.324095011
v -9.858258 5.663151 11.754429
vn -0.045289 0.823554 0.052397
vt 0.662774086 0.327307999
vn -0.250413 0.786942 -0.032479
vt 0.659659684 0.329070985
v 17.243006 6.390007 3.483579
vn -0.763388 -0.002397 -0.316529
vt 0.033038378 0.509047985
v 19.289982 3.336874 -1.430460
vn -0.763223 -0.001570 -0.316942
vt 0.029559372 0.511667013
v 17.252581 3.463728 3.490842
vn -0.763636 -0.003306 -0.316033
vt 0.030719040 0.509047985
vn -0.763388 -0.002397 -0.316529
vt 0.033038378 0.509047985
v 19.287035 6.693445 -1.431835
vn -0.763058 -0.000826 -0.317355
vt 0.032122850 0.511667013
vn -0.763223 -0.001570 -0.316942
vt 0.029559372 0.511667013
v 5.377786 1.930572 -1.428336
vn 0.763719 0.000165 -0.315702
vt 0.035968065 0.511667013
v 7.408726 7.992918 3.487877
vn 0.763802 0.000165 -0.315702
vt 0.039447069 0.509047985
v 7.411977 2.504570 3.491443
vn 0.763719 0.000248 -0.315785
vt 0.035296679 0.509047985
vn 0.763719 0.000165 -0.315702
vt 0.035968065 0.511667013
v 5.378467 8.889690 -1.424257
vn 0.763802 0.000083 -0.315702
vt 0.041156054 0.511667013
vn 0.763802 0.000165 -0.315702
vt 0.039447069 0.509047985
vn 0.316364 -0.000579 -0.763471
vt 0.035296679 0.509047985
v 12.328815 7.010196 5.525528
vn 0.316446 -0.000661 -0.763471
vt 0.036090136 0.507964015
v 12.321286 3.471385 5.527356
vn 0.316777 -0.001074 -0.763306
vt 0.033343554 0.507964015
vn 0.316364 -0.000579 -0.763471
vt 0.035296679 0.509047985
vn 0.316198 -0.000331 -0.763554
vt 0.039447069 0.509047985
vn 0.316446 -0.000661 -0.763471
vt 0.036090136 0.507964015
v 10.908830 6.032319 8.544231
vn -0.020496 0.777521 0.279339
vt 0.662342489 0.324063003
v 6.286803 5.911054 14.409701
vn 0.252066 0.786364 -0.033223
vt 0.659659684 0.329041988
v 9.796699 5.663226 11.754460
vn 0.045620 0.823471 0.052727
vt 0.662773907 0.327275008
vn -0.020496 0.777521 0.279339
vt 0.662342489 0.324063003
v 5.036632 6.610422 9.970867
vn 0.307521 0.741735 0.195537
vt 0.655596972 0.323904991
vn 0.252066 0.786364 -0.033223
vt 0.659659684 0.329041988
v -6.703913 6.949179 -18.213936
vn 0.457438 0.497851 -0.475289
vt 0.030867498 0.516610026
v -11.203715 6.748137 -22.755795
vn 0.469917 0.474793 -0.486612
vt 0.029593103 0.516610026
v -7.468184 7.923648 -17.916021
vn 0.455289 0.501736 -0.473306
vt 0.030687833 0.516610026
vn 0.457438 0.497851 -0.475289
vt 0.030867498 0.516610026
v -10.847625 5.605847 -23.515886
vn 0.471488 0.471736 -0.488016
vt 0.029652990 0.516610026
vn 0.469917 0.474793 -0.486612
vt 0.029593103 0.516610026
v -9.892466 7.608795 -11.066822
vn 0.666529 0.416859 0.255041
vt 0.030189227 0.516610980
vn 0.655785 0.435207 0.252149
vt 0.030681180 0.516610026
v -10.157995 8.421769 -11.689566
vn 0.668099 0.413967 0.255537
vt 0.030130487 0.516610980
vn 0.666529 0.416859 0.255041
vt 0.030189227 0.516610980
vn 0.654876 0.436612 0.251901
vt 0.030861532 0.516610026
vn 0.655785 0.435207 0.252149
vt 0.030681180 0.516610026
v -17.720686 6.663014 -20.380846
vn -0.641074 0.505537 0.128430
vt 0.028555045 0.516610026
v -15.701600 6.984465 -11.567906
vn -0.633884 0.515041 0.126446
vt 0.028980456 0.516611993
v -15.046648 7.918800 -12.103952
vn -0.632975 0.516116 0.126198
vt 0.029104361 0.516611993
vn -0.641074 0.505537 0.128430
vt 0.028555045 0.516610026
vn -0.641653 0.504793 0.128595
vt 0.028371252 0.516610026
vn -0.633884 0.515041 0.126446
vt 0.028980456 0.516611993
v 11.142158 6.748137 -22.755810
vn -0.469917 0.474793 -0.486612
vt 0.029592872 0.516610026
v 6.642361 6.949255 -18.213953
vn -0.457438 0.497851 -0.475289
vt 0.030867498 0.516610026
v 7.406623 7.923650 -17.916025
vn -0.455289 0.501818 -0.473223
vt 0.030687833 0.516610026
vn -0.469917 0.474793 -0.486612
vt 0.029592872 0.516610026
v 10.786062 5.605849 -23.515890
vn -0.471488 0.471736 -0.488016
vt 0.029652761 0.516610026
vn -0.457438 0.497851 -0.475289
vt 0.030867498 0.516610026
vn -0.655785 0.435207 0.252149
vt 0.030681180 0.516610026
v 9.830442 7.608842 -11.067863
vn -0.666446 0.416859 0.255041
vt 0.030189227 0.516610980
v 10.095924 8.421682 -11.690669
vn -0.668099 0.413967 0.255537
vt 0.030130258 0.516610980
vn -0.655785 0.435207 0.252149
vt 0.030681180 0.516610026
vn -0.654876 0.436694 0.251901
vt 0.030861532 0.516610026
vn -0.666446 0.416859 0.255041
vt 0.030189227 0.516610980
v 15.640675 6.984236 -11.569865
vn 0.633802 0.515041 0.126446
vt 0.028980456 0.516611993
v 17.659142 6.663001 -20.380911
vn 0.641074 0.505454 0.128430
vt 0.028555274 0.516610026
v 14.985699 7.918513 -12.105866
vn 0.632975 0.516116 0.126198
vt 0.029104132 0.516611993
vn 0.633802 0.515041 0.126446
vt 0.028980456 0.516611993
vn 0.641653 0.504711 0.128595
vt 0.028371252 0.516610026
vn 0.641074 0.505454 0.128430
vt 0.028555274 0.516610026
vn 0.106033 0.474545 0.668264
vt 0.030191064 0.516610980
vn 0.107934 0.464711 0.674876
vt 0.029098626 0.516611993
vn 0.105702 0.476529 0.666942
vt 0.030133929 0.516610980
vn 0.106033 0.474545 0.668264
vt 0.030191064 0.516610980
vn 0.108182 0.463471 0.675620
vt 0.028974032 0.516611993
vn 0.107934 0.464711 0.674876
vt 0.029098626 0.516611993
vn -0.107851 0.464628 0.674876
vt 0.029098626 0.516611993
vn -0.105950 0.474545 0.668264
vt 0.030191064 0.516610980
vn -0.105537 0.476446 0.667025
vt 0.030133929 0.516610980
vn -0.107851 0.464628 0.674876
vt 0.029098626 0.516611993
vn -0.108099 0.463388 0.675702
vt 0.028974032 0.516611993
vn -0.105950 0.474545 0.668264
vt 0.030191064 0.516610980
v 0.835503 9.737045 -15.884842
vn -0.000000 -0.804545 0.189091
vt 0.041949969 0.514582992
v -0.791992 10.006397 -14.738826
vn -0.000000 -0.804545 0.189091
vt 0.041949738 0.511758029
v -0.791992 9.737045 -15.884842
vn -0.000000 -0.804545 0.189091
vt 0.041949969 0.511758029
vn -0.000000 -0.804545 0.189091
vt 0.041949969 0.514582992
v 0.835503 10.006397 -14.738826
vn -0.000000 -0.804545 0.189091
vt 0.041949738 0.514582992
vn -0.000000 -0.804545 0.189091
vt 0.041949738 0.511758029
vn 0.000000 0.824545 -0.055620
vt 0.026905490 0.566442013
v 1.967708 11.893683 6.198303
vn 0.000000 0.821901 -0.086446
vt 0.000226702 0.538222015
vn 0.000000 0.824545 -0.055620
vt 0.000233356 0.566442013
vn 0.000000 0.824545 -0.055620
vt 0.026905490 0.566442013
v -1.924198 11.893683 6.198303
vn 0.000000 0.821901 -0.086446
vt 0.026899066 0.538222015
vn 0.000000 0.821901 -0.086446
vt 0.000226702 0.538222015
v 2.017145 0.530662 -4.523817
vn -0.000000 -0.826446 0.000000
vt 0.377194971 0.750081003
v -2.319374 0.530662 2.675832
vn -0.000000 -0.825537 -0.038264
vt 0.401425928 0.720616996
v -1.973634 0.530662 -4.523817
vn -0.000000 -0.826446 0.000000
vt 0.401792139 0.750081003
vn -0.000000 -0.826446 0.000000
vt 0.377194971 0.750081003
v 2.362887 0.530662 2.675832
vn -0.000000 -0.825537 -0.038264
vt 0.377561182 0.720616996
vn -0.000000 -0.825537 -0.038264
vt 0.401425928 0.720616996
v -1.470328 1.238225 -16.634611
vn -0.000000 0.826446 0.000000
vt 0.037922565 0.511720002
v 1.513839 1.238225 -14.738826
vn -0.000000 0.826446 0.000000
vt 0.037921648 0.514621019
v 1.513839 1.238225 -16.634611
vn -0.000000 0.826446 0.000000
vt 0.037922565 0.514621019
vn -0.000000 0.826446 0.000000
vt 0.037922565 0.511720002
v -1.470328 1.238225 -14.738826
vn -0.000000 0.826446 0.000000
vt 0.037921648 0.511720002
vn -0.000000 0.826446 0.000000
vt 0.037921648 0.514621019
vn -0.616529 0.550331 0.000000
vt 0.037926465 0.514621019
v 3.992843 4.015642 -14.738826
vn -0.616529 0.550331 0.000000
vt 0.037921190 0.515003979
v 3.992843 4.015642 -18.190634
vn -0.616529 0.550331 0.000000
vt 0.037924170 0.515003979
vn -0.616529 0.550331 0.000000
vt 0.037926465 0.514621019
vn -0.616529 0.550331 0.000000
vt 0.037921876 0.514621019
vn -0.616529 0.550331 0.000000
vt 0.037921190 0.515003979
v 3.992843 6.701354 -18.190634
vn -0.585289 -0.583058 0.022893
vt 0.037924401 0.515055001
v 3.992843 6.701354 -14.738826
vn -0.597603 -0.570909 0.000000
vt 0.037921190 0.515055001
vn -0.550165 -0.611240 0.081983
vt 0.041949969 0.514582992
vn -0.585289 -0.583058 0.022893
vt 0.037924401 0.515055001
vn -0.550165 -0.611240 0.081983
vt 0.041949969 0.514582992
vn -0.503719 -0.637769 0.149917
vt 0.041952491 0.514582992
vn 0.585950 -0.576033 0.088512
vt 0.041954327 0.511758029
vn 0.589835 -0.563471 0.132479
vt 0.041949738 0.511758029
v -3.949332 6.701354 -14.738826
vn 0.576694 -0.591570 0.021901
vt 0.037921190 0.511286020
vn 0.585950 -0.576033 0.088512
vt 0.041954327 0.511758029
vn 0.576694 -0.591570 0.021901
vt 0.037921190 0.511286020
v -3.949332 6.701354 -18.190634
vn 0.572810 -0.595785 0.000000
vt 0.037923943 0.511286020
vn 0.616529 0.550331 0.000000
vt 0.037926465 0.511720002
v -3.949332 4.015642 -14.738826
vn 0.616529 0.550331 0.000000
vt 0.037921190 0.511336982
vn 0.616529 0.550331 0.000000
vt 0.037921876 0.511720002
vn 0.616529 0.550331 0.000000
vt 0.037926465 0.511720002
v -3.949332 4.015642 -18.190634
vn 0.616529 0.550331 0.000000
vt 0.037923481 0.511336982
vn 0.616529 0.550331 0.000000
vt 0.037921190 0.511336982
v 2.017145 0.530662 -16.634611
vn -0.000000 -0.826446 0.000000
vt 0.401609719 0.699258983
vn -0.000000 -0.826446 0.000000
vt 0.376950830 0.685783982
v -1.973634 0.530662 -16.634611
vn -0.000000 -0.826446 0.000000
vt 0.401670754 0.685598016
vn -0.000000 -0.826446 0.000000
vt 0.401609719 0.699258983
vn -0.000000 -0.826446 0.000000
vt 0.376950830 0.699590981
vn -0.000000 -0.826446 0.000000
vt 0.376950830 0.685783982
vn 0.000000 0.826116 -0.023388
vt 0.000240010 0.541328013
vn 0.000000 0.824545 -0.055620
vt 0.026905948 0.564872026
vn 0.000000 0.826116 -0.023388
vt 0.000240010 0.564872026
vn 0.000000 0.826116 -0.023388
vt 0.000240010 0.541328013
vn 0.000000 0.824545 -0.055620
vt 0.026905719 0.541328013
vn 0.000000 0.824545 -0.055620
vt 0.026905948 0.564872026
vn -0.170661 -0.798347 -0.128347
vt 0.037942756 0.515003979
v 4.935728 4.266258 -21.002773
vn -0.139174 -0.805950 -0.118512
vt 0.037940234 0.515501976
v 4.935728 3.800573 -18.190634
vn -0.181405 -0.795454 -0.131736
vt 0.037949413 0.515501976
vn -0.170661 -0.798347 -0.128347
vt 0.037942756 0.515003979
v 3.992843 4.415653 -21.002773
vn -0.128099 -0.808347 -0.114959
vt 0.037939087 0.515003979
vn -0.139174 -0.805950 -0.118512
vt 0.037940234 0.515501976
vn -0.000000 -0.825537 -0.038264
vt 0.398129791 0.698673010
v -3.207155 0.010842 8.608465
vn -0.000000 -0.819587 -0.106529
vt 0.381956160 0.685920000
vn -0.000000 -0.825537 -0.038264
vt 0.398129791 0.685943007
vn -0.000000 -0.825537 -0.038264
vt 0.398129791 0.698673010
v 3.250669 0.010842 8.608465
vn -0.000000 -0.819587 -0.106529
vt 0.381956160 0.698696017
vn -0.000000 -0.819587 -0.106529
vt 0.381956160 0.685920000
vn 0.514380 -0.636033 -0.117851
vt 0.201166362 0.095021002
v 7.973481 2.896860 12.125624
vn 0.455124 -0.688264 -0.046364
vt 0.201165915 0.104778998
v 7.973481 2.896860 19.585482
vn 0.515372 -0.637107 0.107521
vt 0.180523172 0.104486004
vn 0.514380 -0.636033 -0.117851
vt 0.201166362 0.095021002
vn 0.515372 -0.637107 0.107521
vt 0.180523172 0.104486004
v 3.250669 -1.528159 17.729109
vn 0.578595 -0.588678 0.040909
vt 0.180172563 0.094875000
vn -0.514380 -0.636033 -0.117851
vt 0.201105326 0.095022000
v -3.207155 -1.528159 17.729109
vn -0.578595 -0.588678 0.040909
vt 0.180355668 0.094979003
v -7.929968 2.896860 19.585482
vn -0.515372 -0.637107 0.107521
vt 0.180213407 0.104806997
vn -0.514380 -0.636033 -0.117851
vt 0.201105326 0.095022000
vn -0.515372 -0.637107 0.107521
vt 0.180213407 0.104806997
v -7.929968 2.896860 12.125624
vn -0.455124 -0.688264 -0.046364
vt 0.201043844 0.104615003
v 1.953835 -0.046249 8.946799
vn -0.000000 0.000000 0.826446
vt 0.037694715 0.520165026
v -1.910321 0.498251 8.946799
vn -0.000000 0.000000 0.826446
vt 0.033535834 0.520165026
v -1.910321 -0.046249 8.946799
vn -0.000000 0.000000 0.826446
vt 0.033544324 0.520165026
vn -0.000000 0.000000 0.826446
vt 0.037694715 0.520165026
v 1.953835 0.498251 8.946799
vn -0.000000 0.000000 0.826446
vt 0.037686225 0.520165026
vn -0.000000 0.000000 0.826446
vt 0.033535834 0.520165026
vn -0.000000 -0.826198 -0.021240
vt 0.509642184 0.542339027
v -2.489651 -0.797640 23.399342
vn -0.000000 -0.819669 0.105620
vt 0.506773293 0.545177996
vn -0.000000 -0.826198 -0.021240
vt 0.506529391 0.542297006
vn -0.000000 -0.826198 -0.021240
vt 0.509642184 0.542339027
v 2.533164 -0.797640 23.399342
vn -0.000000 -0.819669 0.105620
vt 0.509336770 0.545168996
vn -0.000000 -0.819669 0.105620
vt 0.506773293 0.545177996
v -4.067696 2.896860 26.994360
vn -0.000000 -0.576364 0.592314
vt 0.037921190 0.524828017
vn -0.000000 -0.576364 0.592314
vt 0.037958588 0.520165026
v 4.111206 2.896860 26.994360
vn -0.000000 -0.576364 0.592314
vt 0.037921190 0.520165026
vn -0.000000 -0.576364 0.592314
vt 0.037921190 0.524828017
vn -0.000000 -0.576364 0.592314
vt 0.037958588 0.524828017
vn -0.000000 -0.576364 0.592314
vt 0.037958588 0.520165026
vn 0.578595 -0.588678 0.040909
vt 0.509641469 0.542339027
vn 0.515372 -0.637107 0.107521
vt 0.512736619 0.543359995
vn 0.566859 -0.561488 0.215537
vt 0.511065722 0.547276974
vn 0.578595 -0.588678 0.040909
vt 0.509641469 0.542339027
vn 0.566859 -0.561488 0.215537
vt 0.511065722 0.547276974
vn 0.689008 -0.433471 0.143058
vt 0.509334505 0.545168996
vn -0.578595 -0.588678 0.040909
vt 0.506528676 0.542297006
vn -0.689008 -0.433471 0.143058
vt 0.506770790 0.545177996
vn -0.566859 -0.561488 0.215537
vt 0.504840136 0.547282994
vn -0.578595 -0.588678 0.040909
vt 0.506528676 0.542297006
vn -0.566859 -0.561488 0.215537
vt 0.504840136 0.547282994
vn -0.515372 -0.637107 0.107521
vt 0.503272057 0.543232977
v 4.935728 6.384962 -21.002773
vn 0.000000 0.000000 -0.826446
vt 0.037942298 0.515501976
vn 0.000000 0.000000 -0.826446
vt 0.037938166 0.515003979
v 3.992843 6.281258 -21.002773
vn 0.000000 0.000000 -0.826446
vt 0.037938628 0.515055001
vn 0.000000 0.000000 -0.826446
vt 0.037942298 0.515501976
vn 0.000000 0.000000 -0.826446
vt 0.037942298 0.515501976
vn 0.000000 0.000000 -0.826446
vt 0.037938166 0.515003979
v -4.892218 6.384962 -21.002773
vn 0.000000 0.000000 -0.826446
vt 0.037942298 0.510838985
v -3.949332 4.415653 -21.002773
vn 0.000000 0.000000 -0.826446
vt 0.037937939 0.511336982
v -4.892218 4.266258 -21.002773
vn 0.000000 0.000000 -0.826446
vt 0.037942298 0.510838985
vn 0.000000 0.000000 -0.826446
vt 0.037942298 0.510838985
v -3.949332 6.281258 -21.002773
vn 0.000000 0.000000 -0.826446
vt 0.037938397 0.511286020
vn 0.000000 0.000000 -0.826446
vt 0.037937939 0.511336982
vn -0.119835 0.807190 -0.130992
vt 0.037946656 0.515055001
vn -0.097190 0.811322 -0.123884
vt 0.037941381 0.515501976
vn -0.089339 0.812562 -0.121405
vt 0.037940003 0.515055001
vn -0.119835 0.807190 -0.130992
vt 0.037946656 0.515055001
vn -0.127521 0.805537 -0.133388
vt 0.037954230 0.515501976
vn -0.097190 0.811322 -0.123884
vt 0.037941381 0.515501976
vn 0.119835 0.807190 -0.130992
vt 0.037946198 0.511286020
vn 0.097190 0.811322 -0.123884
vt 0.037941150 0.510838985
vn 0.127521 0.805537 -0.133388
vt 0.037954230 0.510838985
vn 0.119835 0.807190 -0.130992
vt 0.037946198 0.511286020
vn 0.089339 0.812562 -0.121405
vt 0.037940234 0.511286020
vn 0.097190 0.811322 -0.123884
vt 0.037941150 0.510838985
vn 0.170661 -0.798347 -0.128347
vt 0.037942071 0.511336982
vn 0.139174 -0.805950 -0.118512
vt 0.037939776 0.510838985
vn 0.128099 -0.808347 -0.114959
vt 0.037939087 0.511336982
vn 0.170661 -0.798347 -0.128347
vt 0.037942071 0.511336982
v -4.892218 3.800573 -18.190634
vn 0.181405 -0.795454 -0.131736
vt 0.037949640 0.510838985
vn 0.139174 -0.805950 -0.118512
vt 0.037939776 0.510838985
v -5.361105 6.323308 9.470285
vn -0.000000 -0.826446 0.000000
vt 0.037921190 0.524828017
v 5.404616 6.323308 10.378457
vn -0.000000 -0.826446 0.000000
vt 0.037921190 0.520165026
v -5.361105 6.323308 10.378457
vn -0.000000 -0.826446 0.000000
vt 0.037921190 0.524828017
vn -0.000000 -0.826446 0.000000
vt 0.037921190 0.524828017
v 5.404616 6.323308 9.470285
vn -0.000000 -0.826446 0.000000
vt 0.037921190 0.520165026
vn -0.000000 -0.826446 0.000000
vt 0.037921190 0.520165026
v -3.735493 9.154018 5.977097
vn -0.000000 -0.416694 -0.713719
vt 0.175010502 0.511294007
v 2.153390 11.984727 4.324205
vn -0.000000 -0.416694 -0.713719
vt 0.177339479 0.506631017
v 3.779003 9.154018 5.977097
vn -0.000000 -0.416694 -0.713719
vt 0.175010741 0.506631017
vn -0.000000 -0.416694 -0.713719
vt 0.175010502 0.511294007
v -2.109880 11.984727 4.324205
vn -0.000000 -0.416694 -0.713719
vt 0.181977928 0.506631017
vn -0.000000 -0.416694 -0.713719
vt 0.177339479 0.506631017
v 4.224432 6.776509 9.205656
vn -0.000000 0.826446 0.000000
vt 0.037921190 0.520165026
v -4.180922 6.776509 10.113827
vn -0.000000 0.565207 0.602975
vt 0.037921190 0.524828017
v 4.224432 6.776509 10.113827
vn -0.000000 0.565207 0.602975
vt 0.037921190 0.520165026
vn -0.000000 0.826446 0.000000
vt 0.037921190 0.520165026
v -4.180922 6.776509 9.205656
vn -0.000000 0.826446 0.000000
vt 0.037921190 0.524828017
vn -0.000000 0.565207 0.602975
vt 0.037921190 0.524828017
v -1.265177 11.516755 5.586210
vn -0.000000 -0.826446 0.000000
vt 0.864460647 0.689211011
v 1.308688 11.516755 7.345931
vn -0.000000 -0.826446 0.000000
vt 0.853233397 0.705666006
v -1.265177 11.516755 7.345931
vn -0.000000 -0.826446 0.000000
vt 0.853233397 0.689195991
vn -0.000000 -0.826446 0.000000
vt 0.864460647 0.689211011
v 1.308688 11.516755 5.586210
vn -0.000000 -0.826446 0.000000
vt 0.864460647 0.705681980
vn -0.000000 -0.826446 0.000000
vt 0.853233397 0.705666006
v 3.314008 8.476648 8.212919
vn -0.000000 0.790909 0.239587
vt 0.826258361 0.706377029
v -3.102653 8.790082 7.178350
vn -0.000000 0.790909 0.239587
vt 0.819116592 0.665636003
v -3.270497 8.476648 8.212919
vn -0.000000 0.790909 0.239587
vt 0.826258361 0.665669978
vn -0.000000 0.790909 0.239587
vt 0.826258361 0.706377029
v 3.146164 8.790082 7.178350
vn -0.000000 0.790909 0.239587
vt 0.819116592 0.706411004
vn -0.000000 0.790909 0.239587
vt 0.819116592 0.665636003
vn -0.000000 0.416694 0.713719
vt 0.818866014 0.665518999
vn -0.000000 0.416694 0.713719
vt 0.826075494 0.706696987
vn -0.000000 0.416694 0.713719
vt 0.818866014 0.706673980
vn -0.000000 0.416694 0.713719
vt 0.818866014 0.665518999
vn -0.000000 0.416694 0.713719
vt 0.826075494 0.665497005
vn -0.000000 0.416694 0.713719
vt 0.826075494 0.706696987
v -1.910321 -1.471068 17.390774
vn 0.000000 0.000000 -0.826446
vt 0.033548687 0.520165026
v 1.953835 -0.926569 17.390774
vn 0.000000 0.000000 -0.826446
vt 0.037689440 0.520165026
v 1.953835 -1.471068 17.390774
vn 0.000000 0.000000 -0.826446
vt 0.037699077 0.520165026
vn 0.000000 0.000000 -0.826446
vt 0.033548687 0.520165026
v -1.910321 -0.926569 17.390774
vn 0.000000 0.000000 -0.826446
vt 0.033539049 0.520165026
vn 0.000000 0.000000 -0.826446
vt 0.037689440 0.520165026
v -3.052831 6.455550 -20.338343
vn -0.475124 0.650083 -0.186116
vt 0.818518400 0.665579021
v -1.282554 8.225826 -17.591127
vn -0.445537 0.679504 -0.150826
vt 0.826889634 0.665579021
v -0.957375 7.285378 -22.789948
vn -0.505454 0.614297 -0.224132
vt 0.826890528 0.706430972
vn -0.475124 0.650083 -0.186116
vt 0.818518400 0.665579021
vn -0.505454 0.614297 -0.224132
vt 0.826890528 0.706430972
v -2.267778 5.974974 -22.789948
vn -0.548926 0.548926 -0.283388
vt 0.818518400 0.706430972
v 1.416950 8.698909 -17.098421
vn -0.125207 0.641901 -0.505289
vt 0.041557368 0.507386029
v 3.464352 6.651508 -19.845640
vn 0.142645 0.700083 -0.415372
vt 0.038860120 0.507386029
v 2.991269 6.455550 -20.338343
vn 0.111818 0.697686 -0.428678
vt 0.038860120 0.507386029
vn -0.125207 0.641901 -0.505289
vt 0.041557368 0.507386029
vn 0.111818 0.697686 -0.428678
vt 0.038860120 0.507386029
v 1.220992 8.225826 -17.591127
vn -0.186859 0.616529 -0.517686
vt 0.041554846 0.507386029
v -3.525915 6.651508 -19.845640
vn -0.596116 0.000000 -0.572397
vt 0.025235742 0.507386029
v -3.052831 3.952002 -20.338343
vn -0.596116 0.000000 -0.572397
vt 0.027983014 0.507386029
v -3.525915 3.756045 -19.845640
vn -0.596116 0.000000 -0.572397
vt 0.027982553 0.507386029
vn -0.596116 0.000000 -0.572397
vt 0.025235742 0.507386029
vn -0.596116 0.000000 -0.572397
vt 0.025236432 0.507386029
vn -0.596116 0.000000 -0.572397
vt 0.027983014 0.507386029
vn 0.596116 0.000000 -0.572397
vt 0.038847040 0.507386029
v 2.991269 3.952003 -20.338343
vn 0.596116 0.000000 -0.572397
vt 0.036101148 0.507386029
vn 0.596116 0.000000 -0.572397
vt 0.038847730 0.507386029
vn 0.596116 0.000000 -0.572397
vt 0.038847040 0.507386029
v 3.464352 3.756045 -19.845640
vn 0.596116 0.000000 -0.572397
vt 0.036100689 0.507386029
vn 0.596116 0.000000 -0.572397
vt 0.036101148 0.507386029
vn 0.000000 0.596116 -0.572397
vt 0.041556910 0.507386029
vn 0.000000 0.596116 -0.572397
vt 0.044301655 0.507386029
v -1.478512 8.698909 -17.098421
vn 0.000000 0.596116 -0.572397
vt 0.044303492 0.507386029
vn 0.000000 0.596116 -0.572397
vt 0.041556910 0.507386029
vn 0.000000 0.596116 -0.572397
vt 0.041555073 0.507386029
vn 0.000000 0.596116 -0.572397
vt 0.044301655 0.507386029
vn 0.125207 0.641901 -0.505289
vt 0.022575436 0.507386029
vn 0.186859 0.616529 -0.517686
vt 0.022572912 0.507386029
vn -0.111818 0.697686 -0.428678
vt 0.025248822 0.507386029
vn 0.125207 0.641901 -0.505289
vt 0.022575436 0.507386029
vn -0.111818 0.697686 -0.428678
vt 0.025248822 0.507386029
vn -0.142645 0.700083 -0.415372
vt 0.025248822 0.507386029
v -1.282556 2.181727 -17.591127
vn -0.495289 -0.645041 -0.146859
vt 0.818403184 0.665600002
vn -0.413058 -0.692727 -0.180248
vt 0.826515615 0.665600002
v -2.267778 4.121785 -22.789948
vn -0.530165 -0.620331 -0.130992
vt 0.826515853 0.707997024
vn -0.495289 -0.645041 -0.146859
vt 0.818403184 0.665600002
vn -0.530165 -0.620331 -0.130992
vt 0.826515853 0.707997024
v -0.957376 2.811384 -22.789948
vn -0.579504 -0.579504 -0.106446
vt 0.818405747 0.707997024
vn 0.508595 -0.636529 -0.138512
vt 0.818396330 0.665600002
v 1.220992 2.181727 -17.591127
vn 0.487273 -0.658347 -0.110248
vt 0.826520860 0.665600002
v 0.895813 2.811384 -22.789948
vn 0.529173 -0.612314 -0.167438
vt 0.826525450 0.707997024
vn 0.508595 -0.636529 -0.138512
vt 0.818396330 0.665600002
vn 0.529173 -0.612314 -0.167438
vt 0.826525450 0.707997024
v 2.206216 4.121787 -22.789948
vn 0.563388 -0.563388 -0.219421
vt 0.818397224 0.707997024
vn 0.456116 0.659752 -0.199256
vt 0.818527341 0.665579021
vn 0.332479 0.715289 -0.246694
vt 0.826883674 0.665579021
v 2.206216 5.974974 -22.789948
vn 0.507686 0.628016 -0.175702
vt 0.826882064 0.706430972
vn 0.456116 0.659752 -0.199256
vt 0.818527341 0.665579021
vn 0.507686 0.628016 -0.175702
vt 0.826882064 0.706430972
v 0.895813 7.285378 -22.789948
vn 0.575950 0.575950 -0.140165
vt 0.818526447 0.706430972
vn -0.787107 0.000000 -0.252066
vt 0.818385303 0.665600002
vn -0.787107 0.000000 -0.252066
vt 0.826505959 0.707997024
vn -0.787107 0.000000 -0.252066
vt 0.818388760 0.707997024
vn -0.787107 0.000000 -0.252066
vt 0.818385303 0.665600002
vn -0.787107 0.000000 -0.252066
vt 0.826502740 0.665600002
vn -0.787107 0.000000 -0.252066
vt 0.826505959 0.707997024
vn 0.080165 -0.692893 -0.443306
vt 0.818163872 0.681576014
vn -0.000000 -0.820413 -0.099339
vt 0.801569402 0.673044026
vn -0.080165 -0.692893 -0.443306
vt 0.818163872 0.673044026
vn 0.080165 -0.692893 -0.443306
vt 0.818163872 0.681576014
vn -0.000000 -0.820413 -0.099339
vt 0.801569223 0.681576014
vn -0.000000 -0.820413 -0.099339
vt 0.801569402 0.673044026
vn 0.787107 0.000000 -0.252066
vt 0.826503456 0.665600002
vn 0.787107 0.000000 -0.252066
vt 0.818388522 0.707997024
vn 0.787107 0.000000 -0.252066
vt 0.818385541 0.665600002
vn 0.787107 0.000000 -0.252066
vt 0.826503456 0.665600002
vn 0.787107 0.000000 -0.252066
vt 0.826506674 0.707997024
vn 0.787107 0.000000 -0.252066
vt 0.818388522 0.707997024
vn 0.000000 0.813223 -0.147107
vt 0.818166196 0.681576014
vn 0.000000 0.813223 -0.147107
vt 0.801567376 0.673044026
vn 0.000000 0.813223 -0.147107
vt 0.818166196 0.673044026
vn 0.000000 0.813223 -0.147107
vt 0.818166196 0.681576014
vn 0.000000 0.813223 -0.147107
vt 0.801567614 0.681576014
vn 0.000000 0.813223 -0.147107
vt 0.801567376 0.673044026
v 17.369194 1.259397 -6.639636
vn 0.576446 0.000000 -0.592231
vt 0.102277711 0.500270009
v 19.519255 8.523570 -1.429110
vn 0.826446 0.000000 0.000000
vt 0.095629930 0.516602993
v 19.519255 1.447502 -1.429110
vn 0.826446 0.000000 0.000000
vt 0.095628552 0.500270009
vn 0.576446 0.000000 -0.592231
vt 0.102277711 0.500270009
v 17.369194 8.711675 -6.639636
vn 0.576446 0.000000 -0.592231
vt 0.102278627 0.516602993
vn 0.826446 0.000000 0.000000
vt 0.095629930 0.516602993
v 12.178495 0.805269 -8.797907
vn -0.017603 0.000000 -0.826281
vt 0.055156965 0.031289000
vn 0.576446 0.000000 -0.592231
vt 0.056255829 0.035626002
vn 0.576446 0.000000 -0.592231
vt 0.056255598 0.031289000
vn -0.017603 0.000000 -0.826281
vt 0.055156965 0.031289000
v 12.178495 9.165802 -8.797907
vn -0.017603 0.000000 -0.826281
vt 0.055156738 0.035626002
vn 0.576446 0.000000 -0.592231
vt 0.056255829 0.035626002
v 6.987801 0.351142 -6.639636
vn -0.292397 -0.688512 -0.351322
vt 0.102167115 0.500419974
v 12.284567 -0.407134 -7.180146
vn 0.057521 -0.657934 -0.496859
vt 0.095759340 0.516453981
v 8.233448 -0.761561 -5.495707
vn -0.292397 -0.688512 -0.351322
vt 0.095759340 0.500419974
vn -0.292397 -0.688512 -0.351322
vt 0.102167115 0.500419974
vn 0.057521 -0.657934 -0.496859
vt 0.102167115 0.516453981
vn 0.057521 -0.657934 -0.496859
vt 0.095759340 0.516453981
v 12.284567 10.378204 -7.180146
vn 0.057521 0.657934 -0.496859
vt 0.095879577 0.501838982
v 6.987801 9.619930 -6.639636
vn -0.292397 0.688512 -0.351322
vt 0.102101035 0.515883029
v 8.233448 10.732632 -5.495707
vn -0.292397 0.688512 -0.351322
vt 0.095877968 0.515883029
vn 0.057521 0.657934 -0.496859
vt 0.095879577 0.501838982
vn 0.057521 0.657934 -0.496859
vt 0.102104247 0.501838982
vn -0.292397 0.688512 -0.351322
vt 0.102101035 0.515883029
v 6.555418 -0.908369 -1.429110
vn -0.437355 -0.701240 0.000000
vt 0.095758885 0.500419974
vn -0.292397 -0.688512 -0.351322
vt 0.102166653 0.516453981
vn -0.292397 -0.688512 -0.351322
vt 0.095759109 0.516453981
vn -0.437355 -0.701240 0.000000
vt 0.095758885 0.500419974
v 4.837741 0.163036 -1.429110
vn -0.437355 -0.701240 0.000000
vt 0.102166198 0.500419974
vn -0.292397 -0.688512 -0.351322
vt 0.102166653 0.516453981
vn -0.292397 0.688512 -0.351322
vt 0.102098741 0.501838982
v 6.555418 10.879441 -1.429110
vn -0.437355 0.701240 0.000000
vt 0.095876820 0.515883029
vn -0.292397 0.688512 -0.351322
vt 0.095876366 0.501838982
vn -0.292397 0.688512 -0.351322
vt 0.102098741 0.501838982
v 4.837741 9.808035 -1.429110
vn -0.437355 0.701240 0.000000
vt 0.102097593 0.515883029
vn -0.437355 0.701240 0.000000
vt 0.095876820 0.515883029
v 6.987801 0.351142 3.781414
vn -0.292397 -0.688512 0.351322
vt 0.102165505 0.500419974
vn -0.437355 -0.701240 0.000000
vt 0.095758423 0.516453981
v 8.233448 -0.761561 2.637485
vn -0.292397 -0.688512 0.351322
vt 0.095758192 0.500419974
vn -0.292397 -0.688512 0.351322
vt 0.102165505 0.500419974
vn -0.437355 -0.701240 0.000000
vt 0.102165967 0.516453981
vn -0.437355 -0.701240 0.000000
vt 0.095758423 0.516453981
vn -0.437355 0.701240 0.000000
vt 0.102097593 0.501838982
v 8.233448 10.732632 2.637485
vn -0.292397 0.688512 0.351322
vt 0.095878430 0.515883029
vn -0.437355 0.701240 0.000000
vt 0.095877282 0.501838982
vn -0.437355 0.701240 0.000000
vt 0.102097593 0.501838982
v 6.987801 9.619930 3.781414
vn -0.292397 0.688512 0.351322
vt 0.102100804 0.515883029
vn -0.292397 0.688512 0.351322
vt 0.095878430 0.515883029
v 12.178495 0.805269 5.939686
vn 0.057521 -0.657934 0.496859
vt 0.102167346 0.500419974
vn -0.292397 -0.688512 0.351322
vt 0.095758885 0.516453981
v 12.284567 -0.407134 4.321924
vn 0.057521 -0.657934 0.496859
vt 0.095759340 0.500419974
vn 0.057521 -0.657934 0.496859
vt 0.102167346 0.500419974
vn -0.292397 -0.688512 0.351322
vt 0.102166198 0.516453981
vn -0.292397 -0.688512 0.351322
vt 0.095758885 0.516453981
vn -0.292397 0.688512 0.351322
vt 0.102104016 0.501838982
v 12.284567 10.378204 4.321924
vn 0.057521 0.657934 0.496859
vt 0.095882103 0.515883029
vn -0.292397 0.688512 0.351322
vt 0.095880955 0.501838982
vn -0.292397 0.688512 0.351322
vt 0.102104016 0.501838982
v 12.178495 9.165802 5.939686
vn 0.057521 0.657934 0.496859
vt 0.102107227 0.515883029
vn 0.057521 0.657934 0.496859
vt 0.095882103 0.515883029
v 17.369194 1.259397 3.781414
vn 0.407521 -0.627273 0.351322
vt 0.102170788 0.500419974
vn 0.057521 -0.657934 0.496859
vt 0.095761634 0.516453981
v 16.335690 -0.052706 2.637484
vn 0.407521 -0.627273 0.351322
vt 0.095762096 0.500419974
vn 0.407521 -0.627273 0.351322
vt 0.102170788 0.500419974
vn 0.057521 -0.657934 0.496859
vt 0.102169871 0.516453981
vn 0.057521 -0.657934 0.496859
vt 0.095761634 0.516453981
vn 0.057521 0.657934 0.496859
vt 0.102109984 0.501838982
v 16.335690 10.023779 2.637484
vn 0.407521 0.627273 0.351322
vt 0.095884398 0.515883029
vn 0.057521 0.657934 0.496859
vt 0.095884398 0.501838982
vn 0.057521 0.657934 0.496859
vt 0.102109984 0.501838982
v 17.369194 8.711675 3.781414
vn 0.407521 0.627273 0.351322
vt 0.102109984 0.515883029
vn 0.407521 0.627273 0.351322
vt 0.095884398 0.515883029
v 18.013718 0.094103 -1.429110
vn 0.552479 -0.614628 0.000000
vt 0.095762551 0.500419974
vn 0.407521 -0.627273 0.351322
vt 0.102171242 0.516453981
vn 0.407521 -0.627273 0.351322
vt 0.095762551 0.516453981
vn 0.552479 -0.614628 0.000000
vt 0.095762551 0.500419974
vn 0.552479 -0.614628 0.000000
vt 0.102171019 0.500419974
vn 0.407521 -0.627273 0.351322
vt 0.102171242 0.516453981
vn 0.407521 0.627273 0.351322
vt 0.102110207 0.501838982
v 18.013718 9.876969 -1.429110
vn 0.552479 0.614628 -0.000000
vt 0.095884621 0.515883029
vn 0.407521 0.627273 0.351322
vt 0.095884621 0.501838982
vn 0.407521 0.627273 0.351322
vt 0.102110207 0.501838982
vn 0.552479 0.614628 -0.000000
vt 0.102109984 0.515883029
vn 0.552479 0.614628 -0.000000
vt 0.095884621 0.515883029
vn 0.407521 -0.627273 -0.351322
vt 0.102167577 0.500419974
vn 0.552479 -0.614628 0.000000
vt 0.095760949 0.516453981
v 16.335690 -0.052706 -5.495705
vn 0.407521 -0.627273 -0.351322
vt 0.095760033 0.500419974
vn 0.407521 -0.627273 -0.351322
vt 0.102167577 0.500419974
vn 0.552479 -0.614628 0.000000
vt 0.102169178 0.516453981
vn 0.552479 -0.614628 0.000000
vt 0.095760949 0.516453981
vn 0.552479 0.614628 -0.000000
vt 0.095883019 0.501838982
vn 0.407521 0.627273 -0.351322
vt 0.102106996 0.515883029
v 16.335690 10.023779 -5.495705
vn 0.407521 0.627273 -0.351322
vt 0.095882326 0.515883029
vn 0.552479 0.614628 -0.000000
vt 0.095883019 0.501838982
vn 0.552479 0.614628 -0.000000
vt 0.102108374 0.501838982
vn 0.407521 0.627273 -0.351322
vt 0.102106996 0.515883029
vn 0.057521 -0.657934 -0.496859
vt 0.102167115 0.500419974
vn 0.407521 -0.627273 -0.351322
vt 0.095759340 0.516453981
vn 0.057521 -0.657934 -0.496859
vt 0.095759340 0.500419974
vn 0.057521 -0.657934 -0.496859
vt 0.102167115 0.500419974
vn 0.407521 -0.627273 -0.351322
vt 0.102167115 0.516453981
vn 0.407521 -0.627273 -0.351322
vt 0.095759340 0.516453981
vn 0.407521 0.627273 -0.351322
vt 0.102106079 0.501838982
vn 0.057521 0.657934 -0.496859
vt 0.095881179 0.515883029
vn 0.407521 0.627273 -0.351322
vt 0.095881179 0.501838982
vn 0.407521 0.627273 -0.351322
vt 0.102106079 0.501838982
vn 0.057521 0.657934 -0.496859
vt 0.102105848 0.515883029
vn 0.057521 0.657934 -0.496859
vt 0.095881179 0.515883029
vn 0.064298 0.823554 -0.025289
vt 0.096670739 0.503324986
vn -0.095537 0.818016 -0.068926
vt 0.096976601 0.516390979
v 2.113965 8.881443 -8.650764
vn 0.011570 0.819091 -0.109421
vt 0.086199999 0.516739011
vn 0.064298 0.823554 -0.025289
vt 0.096670739 0.503324986
vn 0.011570 0.819091 -0.109421
vt 0.086199999 0.516739011
v -0.434725 10.703050 -1.429110
vn 0.138264 0.814297 -0.029587
vt 0.086688280 0.498506010
vn 0.064298 0.823554 -0.025289
vt 0.096854307 0.503280997
vn 0.138264 0.814297 -0.029587
vt 0.086749315 0.498474985
v 2.113965 9.425944 5.792541
vn 0.054463 0.822149 0.064050
vt 0.086199999 0.516589999
vn 0.064298 0.823554 -0.025289
vt 0.096854307 0.503280997
vn 0.054463 0.822149 0.064050
vt 0.086199999 0.516589999
vn -0.017603 0.825454 0.037025
vt 0.096978210 0.516448021
v -7.049363 9.619930 3.781414
vn -0.065372 0.820248 0.077355
vt 0.096917860 0.516521990
v -2.175526 9.425944 5.792541
vn -0.023554 0.814876 0.135785
vt 0.086138964 0.516664028
v 0.373163 10.703050 -1.429110
vn -0.067190 0.823471 -0.020165
vt 0.086749315 0.498549014
vn -0.065372 0.820248 0.077355
vt 0.096917860 0.516521990
vn -0.067190 0.823471 -0.020165
vt 0.086749315 0.498549014
v -4.899303 9.808035 -1.429110
vn -0.138347 0.814793 0.000000
vt 0.096793272 0.503387988
vn -0.067190 0.823471 -0.020165
vt 0.086810350 0.498380989
v -7.049363 9.619930 -6.639636
vn -0.028430 0.815785 -0.129091
vt 0.096916713 0.516555011
vn -0.138347 0.814793 0.000000
vt 0.096793272 0.503387988
vn -0.067190 0.823471 -0.020165
vt 0.086810350 0.498380989
v -2.175526 8.881443 -8.650764
vn 0.033058 0.797851 -0.212893
vt 0.086077929 0.516740978
vn -0.028430 0.815785 -0.129091
vt 0.096916713 0.516555011
v -17.430758 8.711675 -6.639636
vn -0.317273 0.000000 -0.763140
vt 0.055889618 0.032664999
v -12.240060 0.805269 -8.797907
vn 0.017603 0.000000 -0.826281
vt 0.054790754 0.028231001
v -17.430758 1.259397 -6.639636
vn -0.317273 0.000000 -0.763140
vt 0.055889387 0.028231001
vn -0.317273 0.000000 -0.763140
vt 0.055889618 0.032664999
v -12.240060 9.165802 -8.797907
vn 0.017603 0.000000 -0.826281
vt 0.054790527 0.032664999
vn 0.017603 0.000000 -0.826281
vt 0.054790754 0.028231001
v -12.346131 -0.407134 -7.180146
vn -0.057521 -0.657934 -0.496859
vt 0.102045961 0.502295017
v -7.049363 0.351142 -6.639636
vn 0.292397 -0.688512 -0.351322
vt 0.096124634 0.516144991
v -8.295011 -0.761561 -5.495707
vn 0.292397 -0.688512 -0.351322
vt 0.102045961 0.516144991
vn -0.057521 -0.657934 -0.496859
vt 0.102045961 0.502295017
vn -0.057521 -0.657934 -0.496859
vt 0.096124634 0.502295017
vn 0.292397 -0.688512 -0.351322
vt 0.096124634 0.516144991
v -8.295011 10.732632 -5.495707
vn 0.292397 0.688512 -0.351322
vt 0.095939234 0.516597986
vn -0.057521 0.657934 -0.496859
vt 0.102409422 0.502058029
v -12.346131 10.378204 -7.180146
vn -0.057521 0.657934 -0.496859
vt 0.095940612 0.502058029
vn 0.292397 0.688512 -0.351322
vt 0.095939234 0.516597986
vn 0.292397 0.688512 -0.351322
vt 0.102406435 0.516597986
vn -0.057521 0.657934 -0.496859
vt 0.102409422 0.502058029
vn 0.292397 -0.688512 -0.351322
vt 0.102045730 0.502295017
v -4.899303 0.163036 -1.429110
vn 0.437355 -0.701240 0.000000
vt 0.096123949 0.516144991
v -6.616980 -0.908369 -1.429110
vn 0.437355 -0.701240 0.000000
vt 0.102045506 0.516144991
vn 0.292397 -0.688512 -0.351322
vt 0.102045730 0.502295017
vn 0.292397 -0.688512 -0.351322
vt 0.096123949 0.502295017
vn 0.437355 -0.701240 0.000000
vt 0.096123949 0.516144991
v -6.616980 10.879441 -1.429110
vn 0.437355 0.701240 0.000000
vt 0.095937856 0.516597986
vn 0.292397 0.688512 -0.351322
vt 0.102404140 0.502058029
vn 0.292397 0.688512 -0.351322
vt 0.095937632 0.502058029
vn 0.437355 0.701240 0.000000
vt 0.095937856 0.516597986
vn 0.437355 0.701240 0.000000
vt 0.102402538 0.516597986
vn 0.292397 0.688512 -0.351322
vt 0.102404140 0.502058029
vn 0.437355 -0.701240 0.000000
vt 0.102045044 0.502295017
v -7.049363 0.351142 3.781414
vn 0.292397 -0.688512 0.351322
vt 0.096123025 0.516144991
v -8.295011 -0.761561 2.637485
vn 0.292397 -0.688512 0.351322
vt 0.102044813 0.516144991
vn 0.437355 -0.701240 0.000000
vt 0.102045044 0.502295017
vn 0.437355 -0.701240 0.000000
vt 0.096123487 0.502295017
vn 0.292397 -0.688512 0.351322
vt 0.096123025 0.516144991
vn 0.437355 0.701240 0.000000
vt 0.095938317 0.502058029
vn 0.292397 0.688512 0.351322
vt 0.102406211 0.516597986
vn 0.437355 0.701240 0.000000
vt 0.102402769 0.502058029
vn 0.437355 0.701240 0.000000
vt 0.095938317 0.502058029
v -8.295011 10.732632 2.637485
vn 0.292397 0.688512 0.351322
vt 0.095939696 0.516597986
vn 0.292397 0.688512 0.351322
vt 0.102406211 0.516597986
v -12.346131 -0.407134 4.321924
vn -0.057521 -0.657934 0.496859
vt 0.102046192 0.516144991
vn 0.292397 -0.688512 0.351322
vt 0.096123718 0.502295017
v -12.240062 0.805269 5.939686
vn -0.057521 -0.657934 0.496859
vt 0.096124865 0.516144991
vn -0.057521 -0.657934 0.496859
vt 0.102046192 0.516144991
vn 0.292397 -0.688512 0.351322
vt 0.102045506 0.502295017
vn 0.292397 -0.688512 0.351322
vt 0.096123718 0.502295017
v -12.346131 10.378204 4.321924
vn -0.057521 0.657934 0.496859
vt 0.095943138 0.516597986
vn 0.292397 0.688512 0.351322
vt 0.102409422 0.502058029
vn 0.292397 0.688512 0.351322
vt 0.095941991 0.502058029
vn -0.057521 0.657934 0.496859
vt 0.095943138 0.516597986
v -12.240062 9.165802 5.939686
vn -0.057521 0.657934 0.496859
vt 0.102412403 0.516597986
vn 0.292397 0.688512 0.351322
vt 0.102409422 0.502058029
v -16.397255 -0.052706 2.637484
vn -0.407521 -0.627273 0.351322
vt 0.102048717 0.516144991
vn -0.057521 -0.657934 0.496859
vt 0.096127391 0.502295017
v -17.430758 1.259397 3.781414
vn -0.407521 -0.627273 0.351322
vt 0.096128307 0.516144991
vn -0.407521 -0.627273 0.351322
vt 0.102048717 0.516144991
vn -0.057521 -0.657934 0.496859
vt 0.102048256 0.502295017
vn -0.057521 -0.657934 0.496859
vt 0.096127391 0.502295017
v -16.397255 10.023779 2.637484
vn -0.407521 0.627273 0.351322
vt 0.095945433 0.516597986
vn -0.057521 0.657934 0.496859
vt 0.102414928 0.502058029
vn -0.057521 0.657934 0.496859
vt 0.095945433 0.502058029
vn -0.407521 0.627273 0.351322
vt 0.095945433 0.516597986
v -17.430758 8.711675 3.781414
vn -0.407521 0.627273 0.351322
vt 0.102415159 0.516597986
vn -0.057521 0.657934 0.496859
vt 0.102414928 0.502058029
vn -0.407521 -0.627273 0.351322
vt 0.102049172 0.502295017
v -19.580812 1.447502 -1.429110
vn -0.552479 -0.614628 0.000000
vt 0.096128538 0.516144991
v -18.075283 0.094103 -1.429110
vn -0.552479 -0.614628 0.000000
vt 0.102049172 0.516144991
vn -0.407521 -0.627273 0.351322
vt 0.102049172 0.502295017
vn -0.407521 -0.627273 0.351322
vt 0.096128762 0.502295017
vn -0.552479 -0.614628 0.000000
vt 0.096128538 0.516144991
vn -0.407521 0.627273 0.351322
vt 0.095945656 0.502058029
v -19.580812 8.523570 -1.429110
vn -0.552479 0.614628 0.000000
vt 0.102415159 0.516597986
vn -0.407521 0.627273 0.351322
vt 0.102415383 0.502058029
vn -0.407521 0.627273 0.351322
vt 0.095945656 0.502058029
v -18.075283 9.876969 -1.429110
vn -0.552479 0.614628 0.000000
vt 0.095945433 0.516597986
vn -0.552479 0.614628 0.000000
vt 0.102415159 0.516597986
v -16.397255 -0.052706 -5.495705
vn -0.407521 -0.627273 -0.351322
vt 0.102046654 0.516144991
vn -0.552479 -0.614628 0.000000
vt 0.096126467 0.502295017
vn -0.407521 -0.627273 -0.351322
vt 0.096125096 0.516144991
vn -0.407521 -0.627273 -0.351322
vt 0.102046654 0.516144991
vn -0.552479 -0.614628 0.000000
vt 0.102047570 0.502295017
vn -0.552479 -0.614628 0.000000
vt 0.096126467 0.502295017
v -16.397255 10.023779 -5.495705
vn -0.407521 0.627273 -0.351322
vt 0.095943362 0.516597986
vn -0.552479 0.614628 0.000000
vt 0.102413550 0.502058029
vn -0.552479 0.614628 0.000000
vt 0.095944054 0.502058029
vn -0.407521 0.627273 -0.351322
vt 0.095943362 0.516597986
vn -0.407521 0.627273 -0.351322
vt 0.102412172 0.516597986
vn -0.552479 0.614628 0.000000
vt 0.102413550 0.502058029
vn -0.057521 -0.657934 -0.496859
vt 0.102045961 0.516144991
vn -0.407521 -0.627273 -0.351322
vt 0.096124634 0.502295017
vn -0.057521 -0.657934 -0.496859
vt 0.096124634 0.516144991
vn -0.057521 -0.657934 -0.496859
vt 0.102045961 0.516144991
vn -0.407521 -0.627273 -0.351322
vt 0.102045961 0.502295017
vn -0.407521 -0.627273 -0.351322
vt 0.096124634 0.502295017
vn -0.057521 0.657934 -0.496859
vt 0.095942214 0.516597986
vn -0.407521 0.627273 -0.351322
vt 0.102411024 0.502058029
vn -0.407521 0.627273 -0.351322
vt 0.095942214 0.502058029
vn -0.057521 0.657934 -0.496859
vt 0.095942214 0.516597986
vn -0.057521 0.657934 -0.496859
vt 0.102411024 0.516597986
vn -0.407521 0.627273 -0.351322
vt 0.102411024 0.502058029
vn 0.825785 0.032397 0.000000
vt 0.564166307 0.628616989
vn 0.825785 0.032397 0.000000
vt 0.558641016 0.634187996
vn 0.825785 0.032397 0.000000
vt 0.564166307 0.634187996
vn 0.825785 0.032397 0.000000
vt 0.564166307 0.628616989
vn 0.825785 0.032397 0.000000
vt 0.558641732 0.628616989
vn 0.825785 0.032397 0.000000
vt 0.558641016 0.634187996
vn -0.825785 0.032397 0.000000
vt 0.564166307 0.623046994
vn -0.825785 0.032397 0.000000
vt 0.558641016 0.617475986
vn -0.825785 0.032397 0.000000
vt 0.558641732 0.623046994
vn -0.825785 0.032397 0.000000
vt 0.564166307 0.623046994
vn -0.825785 0.032397 0.000000
vt 0.564166307 0.617475986
vn -0.825785 0.032397 0.000000
vt 0.558641016 0.617475986
vn 0.146281 0.782231 0.222893
vt 0.380303860 0.686428010
vn 0.000083 0.806942 0.178512
vt 0.376239061 0.692719996
vn -0.144793 0.782645 0.222479
vt 0.380670071 0.698781013
vn 0.146281 0.782231 0.222893
vt 0.380303860 0.686428010
vn -0.144793 0.782645 0.222479
vt 0.380670071 0.698781013
vn 0.026612 0.799504 0.207521
vt 0.400446832 0.686502993
vn -0.144793 0.782645 0.222479
vt 0.380670071 0.698781013
vn -0.026529 0.799587 0.207438
vt 0.400691211 0.697842002
vn 0.026612 0.799504 0.207521
vt 0.400446832 0.686502993
vn -0.026529 0.799587 0.207438
vt 0.400691211 0.697842002
vn 0.000083 0.808926 0.169091
vt 0.403071821 0.692116022
vn 0.026612 0.799504 0.207521
vt 0.400446832 0.686502993
v -17.293694 7.120091 -6.348801
vn 0.318347 0.000331 0.762727
vt 0.033648729 0.514285982
v -17.294945 3.183945 -6.350767
vn 0.317273 -0.000496 0.763140
vt 0.030413864 0.514285982
v -14.596582 3.123338 -7.472529
vn 0.317603 0.000496 0.762975
vt 0.031878710 0.514882982
vn 0.318347 0.000331 0.762727
vt 0.033648729 0.514285982
vn 0.317603 0.000496 0.762975
vt 0.031878710 0.514882982
v -14.415187 7.593055 -7.553432
vn 0.317273 0.000579 0.763140
vt 0.035479784 0.514925003
vn 0.317603 0.000496 0.762975
vt 0.031878710 0.514882982
v -12.394227 3.118217 -8.387860
vn 0.316694 0.000661 0.763388
vt 0.033099413 0.515371025
vn 0.317273 0.000579 0.763140
vt 0.035479784 0.514925003
vn 0.316694 0.000661 0.763388
vt 0.033099413 0.515371025
v -12.394230 7.653674 -8.387860
vn 0.315372 0.000000 0.763884
vt 0.036578417 0.515371025
vn 0.317273 0.000579 0.763140
vt 0.035479784 0.514925003
v -18.448624 7.197045 -3.577006
vn 0.764050 0.000496 0.315041
vt 0.033099413 0.512818992
vn 0.765454 -0.000496 0.311570
vt 0.032305956 0.511667013
vn 0.764463 0.000992 0.313967
vt 0.029437302 0.511667013
vn 0.764050 0.000496 0.315041
vt 0.033099413 0.512818992
vn 0.764463 0.000992 0.313967
vt 0.029437302 0.511667013
vn 0.763554 0.000909 0.316281
vt 0.030413864 0.514285982
vn 0.764050 0.000496 0.315041
vt 0.033099413 0.512818992
vn 0.763554 0.000909 0.316281
vt 0.030413864 0.514285982
vn 0.762892 -0.000413 0.317851
vt 0.033648729 0.514285982
vn 0.072066 0.814959 -0.117025
vt 0.801206410 0.421590000
vn 0.064298 0.810661 -0.147273
vt 0.820798039 0.421995014
vn 0.072397 0.815289 -0.114545
vt 0.826473355 0.405481994
vn 0.072066 0.814959 -0.117025
vt 0.801206410 0.421590000
vn 0.072397 0.815289 -0.114545
vt 0.826473355 0.405481994
vn 0.076281 0.816942 -0.098760
vt 0.800900340 0.396831006
vn 0.072397 0.815289 -0.114545
vt 0.826473355 0.405481994
vn 0.075785 0.817107 -0.098099
vt 0.813655555 0.391158015
vn 0.076281 0.816942 -0.098760
vt 0.800900340 0.396831006
v 18.410532 7.193109 -3.576325
vn -0.763636 0.000496 0.316033
vt 0.032977343 0.512817979
v 17.250826 7.116521 -6.348790
vn -0.762397 -0.000413 0.318926
vt 0.033526659 0.514285982
v 17.252100 3.184312 -6.350767
vn -0.763058 0.000909 0.317355
vt 0.030535934 0.514285982
vn -0.763636 0.000496 0.316033
vt 0.032977343 0.512817979
vn -0.763058 0.000909 0.317355
vt 0.030535934 0.514285982
vn -0.764050 0.000992 0.314959
vt 0.029559372 0.511667013
vn -0.763636 0.000496 0.316033
vt 0.032977343 0.512817979
vn -0.764050 0.000992 0.314959
vt 0.029559372 0.511667013
vn -0.765041 -0.000579 0.312562
vt 0.032122850 0.511667013
v 12.332665 7.653674 -8.387860
vn 0.096612 0.813140 -0.111570
vt 0.779559374 0.103858002
vn 0.001736 0.822727 -0.078182
vt 0.788134813 0.092805997
v 11.232120 7.935403 -7.952231
vn 0.066612 0.813802 -0.127934
vt 0.783953905 0.105235003
vn 0.096612 0.813140 -0.111570
vt 0.779559374 0.103858002
vn 0.155702 0.808182 -0.075207
vt 0.765799642 0.092805997
vn 0.001736 0.822727 -0.078182
vt 0.788134813 0.092805997
vn 0.096612 0.813140 -0.111570
vt 0.779559374 0.103858002
v 14.354568 7.592813 -7.556258
vn 0.116777 0.813636 -0.085950
vt 0.772235155 0.107712999
vn 0.155702 0.808182 -0.075207
vt 0.765799642 0.092805997
vn -0.096529 0.813140 -0.111570
vt 0.779559374 0.103814997
vn -0.155702 0.808182 -0.075124
vt 0.765799642 0.092767999
vn -0.116859 0.813636 -0.085950
vt 0.772174120 0.107679002
vn -0.096529 0.813140 -0.111570
vt 0.779559374 0.103814997
vn -0.001653 0.822727 -0.078182
vt 0.788134813 0.092767999
vn -0.155702 0.808182 -0.075124
vt 0.765799642 0.092767999
vn -0.096529 0.813140 -0.111570
vt 0.779559374 0.103814997
v -11.294349 7.935333 -7.950734
vn -0.066446 0.813802 -0.127769
vt 0.783953905 0.105198003
vn -0.001653 0.822727 -0.078182
vt 0.788134813 0.092767999
vn 0.244711 0.764959 0.194793
vt 0.779620409 0.122694999
vn 0.218347 0.770248 0.204959
vt 0.779292047 0.119947001
vn 0.216364 0.797521 0.012727
vt 0.771970391 0.130397007
vn 0.244711 0.764959 0.194793
vt 0.779620409 0.122694999
vn 0.216364 0.797521 0.012727
vt 0.771970391 0.130397007
vn 0.222231 0.786198 0.124711
vt 0.777545214 0.128176004
vn 0.216364 0.797521 0.012727
vt 0.771970391 0.130397007
vn 0.216446 0.796777 -0.035950
vt 0.778582811 0.130568996
vn 0.222231 0.786198 0.124711
vt 0.777545214 0.128176004
vn -0.216033 0.797603 0.012810
vt 0.771970391 0.130399004
vn -0.218347 0.770330 0.204711
vt 0.779231012 0.119947001
vn -0.244050 0.765289 0.194380
vt 0.779620409 0.122694999
vn -0.216033 0.797603 0.012810
vt 0.771970391 0.130399004
vn -0.244050 0.765289 0.194380
vt 0.779620409 0.122694999
vn -0.221818 0.786364 0.124463
vt 0.777545214 0.128176004
vn -0.216033 0.797603 0.012810
vt 0.771970391 0.130399004
vn -0.221818 0.786364 0.124463
vt 0.777545214 0.128176004
vn -0.216116 0.796859 -0.035620
vt 0.778582811 0.130569994
v -12.887790 6.990486 5.333914
vn -0.164545 0.790000 0.178595
vt 0.790606737 0.092775002
vn -0.244050 0.765289 0.194380
vt 0.798846483 0.100642003
vn -0.218347 0.770330 0.204711
vt 0.792292058 0.103579998
vn -0.164545 0.790000 0.178595
vt 0.790606737 0.092775002
vn -0.218347 0.770330 0.204711
vt 0.792292058 0.103579998
v -12.432694 6.638526 7.370858
vn -0.168430 0.786859 0.188430
vt 0.785821438 0.093245000
vn -0.218347 0.770330 0.204711
vt 0.792292058 0.103579998
vn -0.209752 0.765950 0.228760
vt 0.774106383 0.093047999
vn -0.168430 0.786859 0.188430
vt 0.785821438 0.093245000
vn 0.278347 0.193884 -0.753636
vt 0.387448430 0.675109982
vn 0.255950 0.378512 -0.688678
vt 0.390622258 0.673120022
vn 0.252810 0.387438 -0.684876
vt 0.390621334 0.657216012
vn 0.280496 0.181901 -0.755785
vt 0.387446821 0.655081987
vn 0.278347 0.193884 -0.753636
vt 0.387448430 0.675109982
vn 0.252810 0.387438 -0.684876
vt 0.390621334 0.657216012
vn 0.280496 0.181901 -0.755785
vt 0.387446821 0.655081987
v 10.839690 3.114809 -23.663851
vn 0.285702 0.049669 -0.773884
vt 0.380551666 0.674494028
vn 0.278347 0.193884 -0.753636
vt 0.387448430 0.675109982
vn 0.280496 0.181901 -0.755785
vt 0.387446821 0.655081987
vn 0.288843 0.039339 -0.773306
vt 0.380550772 0.655512989
vn 0.285702 0.049669 -0.773884
vt 0.380551666 0.674494028
vn -0.278347 0.193884 -0.753636
vt 0.380856633 0.674603999
vn -0.252810 0.387438 -0.684793
vt 0.377926022 0.652388990
vn -0.255950 0.378512 -0.688678
vt 0.377865911 0.672132015
vn -0.280496 0.181901 -0.755785
vt 0.380855024 0.649739027
vn -0.252810 0.387438 -0.684793
vt 0.377926022 0.652388990
vn -0.278347 0.193884 -0.753636
vt 0.380856633 0.674603999
v -10.901256 3.114810 -23.663855
vn -0.285702 0.049669 -0.773884
vt 0.387326568 0.673838019
vn -0.280496 0.181901 -0.755785
vt 0.380855024 0.649739027
vn -0.278347 0.193884 -0.753636
vt 0.380856633 0.674603999
vn -0.285702 0.049669 -0.773884
vt 0.387326568 0.673838019
vn -0.288843 0.039339 -0.773306
vt 0.387325436 0.650274992
vn -0.280496 0.181901 -0.755785
vt 0.380855024 0.649739027
vn -0.088512 -0.292645 -0.767851
vt 0.037940692 0.515003979
vn -0.069091 -0.302810 -0.765868
vt 0.037947804 0.515501976
vn -0.142314 -0.123802 -0.804628
vt 0.037951019 0.515501976
vn -0.121322 -0.086281 -0.812892
vt 0.037945971 0.514621019
vn -0.088512 -0.292645 -0.767851
vt 0.037940692 0.515003979
vn -0.142314 -0.123802 -0.804628
vt 0.037951019 0.515501976
vn -0.121322 -0.086281 -0.812892
vt 0.037945971 0.514621019
vn -0.142314 -0.123802 -0.804628
vt 0.037951019 0.515501976
vn 0.142314 -0.123802 -0.804628
vt 0.037950329 0.510838985
vn -0.121322 -0.086281 -0.812892
vt 0.037945971 0.514621019
vn 0.142314 -0.123802 -0.804628
vt 0.037950329 0.510838985
vn 0.121322 -0.086281 -0.812892
vt 0.037946198 0.511720002
vn 0.142314 -0.123802 -0.804628
vt 0.037950329 0.510838985
vn 0.088512 -0.292645 -0.767851
vt 0.037939545 0.511336982
vn 0.121322 -0.086281 -0.812892
vt 0.037946198 0.511720002
vn 0.142314 -0.123802 -0.804628
vt 0.037950329 0.510838985
vn 0.069091 -0.302810 -0.765868
vt 0.037947804 0.510838985
vn 0.088512 -0.292645 -0.767851
vt 0.037939545 0.511336982
v 4.935728 3.800573 -4.523817
vn 0.615620 -0.549504 -0.045124
vt 0.511676073 0.530750990
vn 0.616529 -0.550331 0.000000
vt 0.509574473 0.524383008
vn 0.616529 -0.550331 0.000000
vt 0.511821330 0.523621976
vn 0.605702 -0.561405 -0.030579
vt 0.509387732 0.530734003
vn 0.616529 -0.550331 0.000000
vt 0.509574473 0.524383008
vn 0.615620 -0.549504 -0.045124
vt 0.511676073 0.530750990
v 5.787172 3.800573 1.437276
vn 0.557190 -0.603471 -0.091736
vt 0.511981010 0.533855021
vn 0.605702 -0.561405 -0.030579
vt 0.509387732 0.530734003
vn 0.615620 -0.549504 -0.045124
vt 0.511676073 0.530750990
vn 0.557190 -0.603471 -0.091736
vt 0.511981010 0.533855021
vn 0.550578 -0.610000 -0.088182
vt 0.509511173 0.534573019
vn 0.605702 -0.561405 -0.030579
vt 0.509387732 0.530734003
vn 0.557190 -0.603471 -0.091736
vt 0.511981010 0.533855021
vn 0.514380 -0.636033 -0.117851
vt 0.509820700 0.537759006
vn 0.550578 -0.610000 -0.088182
vt 0.509511173 0.534573019
vn 0.557190 -0.603471 -0.091736
vt 0.511981010 0.533855021
vn 0.455124 -0.688264 -0.046364
vt 0.512748063 0.539521992
vn 0.514380 -0.636033 -0.117851
vt 0.509820700 0.537759006
v -5.743662 3.800573 1.437276
vn -0.000000 0.823471 0.069669
vt 0.037921190 0.524828017
vn -0.000000 0.825785 0.032479
vt 0.037921876 0.520165026
vn -0.000000 0.823471 0.069669
vt 0.037921190 0.520165026
vn -0.000000 0.823471 0.069669
vt 0.037921190 0.524828017
vn -0.000000 0.825785 0.032479
vt 0.037921648 0.524828017
vn -0.000000 0.825785 0.032479
vt 0.037921876 0.520165026
vn -0.000000 0.825785 0.032479
vt 0.037921876 0.520165026
vn -0.000000 0.825785 0.032479
vt 0.037921648 0.524828017
vn -0.000000 0.826446 0.000000
vt 0.037921190 0.520165026
vn -0.000000 0.825785 0.032479
vt 0.037921648 0.524828017
vn -0.000000 0.826446 0.000000
vt 0.037921190 0.524828017
vn -0.000000 0.826446 0.000000
vt 0.037921190 0.520165026
vn -0.000000 0.826446 0.000000
vt 0.037921190 0.520165026
vn -0.000000 0.826446 0.000000
vt 0.037921190 0.524828017
vn -0.000000 0.826446 0.000000
vt 0.037921190 0.520165026
vn -0.000000 0.826446 0.000000
vt 0.037921190 0.524828017
vn -0.000000 0.826446 0.000000
vt 0.037921190 0.524828017
vn -0.000000 0.826446 0.000000
vt 0.037921190 0.520165026
vn -0.539917 -0.616198 -0.108595
vt 0.504473925 0.533679008
vn -0.514380 -0.636033 -0.117851
vt 0.506463766 0.537676990
vn -0.455124 -0.688264 -0.046364
vt 0.503470719 0.539322019
vn -0.539917 -0.616198 -0.108595
vt 0.504473925 0.533679008
vn -0.556529 -0.602397 -0.101736
vt 0.507008255 0.534529984
vn -0.514380 -0.636033 -0.117851
vt 0.506463766 0.537676990
v -4.892218 3.800573 -4.523817
vn -0.605124 -0.562314 -0.024711
vt 0.504962206 0.530584991
vn -0.556529 -0.602397 -0.101736
vt 0.507008255 0.534529984
vn -0.539917 -0.616198 -0.108595
vt 0.504473925 0.533679008
vn -0.605124 -0.562314 -0.024711
vt 0.504962206 0.530584991
vn -0.616446 -0.550248 -0.014628
vt 0.507312298 0.530682981
vn -0.556529 -0.602397 -0.101736
vt 0.507008255 0.534529984
vn -0.605124 -0.562314 -0.024711
vt 0.504962206 0.530584991
vn -0.616529 -0.550331 0.000000
vt 0.507438481 0.524327993
vn -0.616446 -0.550248 -0.014628
vt 0.507312298 0.530682981
vn -0.605124 -0.562314 -0.024711
vt 0.504962206 0.530584991
vn -0.616529 -0.550331 0.000000
vt 0.505168736 0.523450017
vn -0.616529 -0.550331 0.000000
vt 0.507438481 0.524327993
v 1.945001 11.033151 5.868592
vn -0.596033 -0.572562 0.000000
vt 0.875204921 0.718824029
vn -0.500083 -0.658016 0.000000
vt 0.869776428 0.715861976
vn -0.500083 -0.658016 0.000000
vt 0.876241148 0.715871990
vn -0.596033 -0.572562 0.000000
vt 0.875204921 0.718824029
v 1.945003 11.033151 7.628312
vn -0.656859 -0.501570 0.000000
vt 0.868681014 0.718815029
vn -0.500083 -0.658016 0.000000
vt 0.869776428 0.715861976
vn -0.596033 -0.572562 0.000000
vt 0.875204921 0.718824029
v 2.955231 9.146631 6.970158
vn -0.728595 -0.390165 0.000000
vt 0.871117175 0.726728022
vn -0.656859 -0.501570 0.000000
vt 0.868681014 0.718815029
vn -0.728595 -0.390165 0.000000
vt 0.871117175 0.726728022
v 2.951276 9.154018 8.725566
vn -0.728512 -0.390165 0.000000
vt 0.864650190 0.726688027
vn -0.656859 -0.501570 0.000000
vt 0.868681014 0.718815029
vn -0.728595 -0.390165 0.000000
vt 0.871117175 0.726728022
v 2.955231 9.146631 8.729879
vn -0.728512 -0.390165 0.000000
vt 0.864649951 0.726801991
vn -0.728512 -0.390165 0.000000
vt 0.864650190 0.726688027
vn -0.728595 -0.390165 0.000000
vt 0.871117175 0.726728022
vn -0.728595 -0.390165 0.000000
vt 0.870383799 0.728232026
vn -0.728512 -0.390165 0.000000
vt 0.864649951 0.726801991
vn -0.728512 -0.390165 0.000000
vt 0.864649951 0.726801991
vn -0.728595 -0.390165 0.000000
vt 0.870383799 0.728232026
vn -0.728595 -0.390165 0.000000
vt 0.866538823 0.729588985
vn -0.728512 -0.390165 0.000000
vt 0.864649951 0.726801991
vn -0.728595 -0.390165 0.000000
vt 0.866538823 0.729588985
vn -0.728595 -0.390165 0.000000
vt 0.859637499 0.736796021
vn -0.728595 -0.390165 0.000000
vt 0.866538823 0.729588985
vn -0.728595 -0.390165 0.000000
vt 0.862994432 0.736757994
vn -0.728595 -0.390165 0.000000
vt 0.859637499 0.736796021
v 2.153390 11.984727 6.164503
vn -0.000000 0.826446 0.000000
vt 0.760130227 0.748547018
v -2.109880 11.984727 7.072673
vn -0.000000 0.826446 0.000000
vt 0.751524270 0.707951009
v 2.153390 11.984727 7.072673
vn -0.000000 0.826446 0.000000
vt 0.751524270 0.748547018
vn -0.000000 0.826446 0.000000
vt 0.760130227 0.748547018
v -2.109880 11.984727 6.164503
vn -0.000000 0.826446 0.000000
vt 0.760130227 0.707951009
vn -0.000000 0.826446 0.000000
vt 0.751524270 0.707951009
vn -0.000000 0.826446 0.000000
vt 0.760130227 0.748547018
vn -0.000000 0.826446 0.000000
vt 0.777708352 0.748547018
vn -0.000000 0.826446 0.000000
vt 0.760130227 0.707951009
vn -0.000000 0.826446 0.000000
vt 0.777708352 0.748547018
vn -0.000000 0.826446 0.000000
vt 0.777708352 0.707951009
vn -0.000000 0.826446 0.000000
vt 0.760130227 0.707951009
vn -0.806116 0.000000 0.182066
vt 0.037696093 0.520165026
v 2.907553 -0.214159 13.168786
vn -0.826198 0.000000 0.019421
vt 0.037694257 0.520165026
vn -0.806116 0.000000 0.182066
vt 0.037686456 0.520165026
vn -0.806116 0.000000 0.182066
vt 0.037696093 0.520165026
v 2.907553 -0.758658 13.168786
vn -0.826198 0.000000 -0.019421
vt 0.037697010 0.520165026
vn -0.826198 0.000000 0.019421
vt 0.037694257 0.520165026
vn -0.826198 0.000000 0.019421
vt 0.037694257 0.520165026
vn -0.826198 0.000000 -0.019421
vt 0.037697010 0.520165026
vn -0.806116 0.000000 -0.182066
vt 0.037689209 0.520165026
vn -0.826198 0.000000 -0.019421
vt 0.037697010 0.520165026
vn -0.806116 0.000000 -0.182066
vt 0.037697699 0.520165026
vn -0.806116 0.000000 -0.182066
vt 0.037689209 0.520165026
v -2.864039 -0.758658 13.168786
vn 0.826198 0.000000 -0.019421
vt 0.033546619 0.520165026
vn 0.806116 0.000000 -0.182066
vt 0.033538587 0.520165026
vn 0.806116 0.000000 -0.182066
vt 0.033547077 0.520165026
v -2.864039 -0.214159 13.168786
vn 0.826198 0.000000 0.019421
vt 0.033543866 0.520165026
vn 0.806116 0.000000 -0.182066
vt 0.033538587 0.520165026
vn 0.826198 0.000000 -0.019421
vt 0.033546619 0.520165026
vn 0.806116 0.000000 0.182066
vt 0.033545703 0.520165026
vn 0.826198 0.000000 0.019421
vt 0.033543866 0.520165026
vn 0.826198 0.000000 -0.019421
vt 0.033546619 0.520165026
vn 0.806116 0.000000 0.182066
vt 0.033545703 0.520165026
vn 0.806116 0.000000 0.182066
vt 0.033536065 0.520165026
vn 0.826198 0.000000 0.019421
vt 0.033543866 0.520165026
vn 0.035207 0.084959 -0.821322
vt 0.041553009 0.507386029
v -0.800502 6.906651 -22.835848
vn -0.035207 0.084959 -0.821322
vt 0.044299364 0.507386029
vn -0.035207 0.084959 -0.821322
vt 0.044299591 0.507386029
vn 0.035207 0.084959 -0.821322
vt 0.041553009 0.507386029
v 0.738940 6.906651 -22.835848
vn 0.035207 0.084959 -0.821322
vt 0.041552551 0.507386029
vn -0.035207 0.084959 -0.821322
vt 0.044299364 0.507386029
vn 0.084959 0.035207 -0.821322
vt 0.038862646 0.507386029
vn 0.035207 0.084959 -0.821322
vt 0.041552551 0.507386029
vn 0.035207 0.084959 -0.821322
vt 0.041553009 0.507386029
v 1.827490 5.818101 -22.835848
vn 0.084959 0.035207 -0.821322
vt 0.038863562 0.507386029
vn 0.035207 0.084959 -0.821322
vt 0.041552551 0.507386029
vn 0.084959 0.035207 -0.821322
vt 0.038862646 0.507386029
vn 0.084959 -0.035207 -0.821322
vt 0.036116291 0.507386029
vn 0.084959 0.035207 -0.821322
vt 0.038863562 0.507386029
vn 0.084959 0.035207 -0.821322
vt 0.038862646 0.507386029
vn 0.084959 -0.035207 -0.821322
vt 0.036116291 0.507386029
v 1.827490 4.278659 -22.835848
vn 0.084959 -0.035207 -0.821322
vt 0.036117438 0.507386029
vn 0.084959 0.035207 -0.821322
vt 0.038863562 0.507386029
vn 0.035207 -0.084959 -0.821322
vt 0.033436023 0.507386029
vn 0.084959 -0.035207 -0.821322
vt 0.036117438 0.507386029
vn 0.084959 -0.035207 -0.821322
vt 0.036116291 0.507386029
v 0.738940 3.190109 -22.835848
vn 0.035207 -0.084959 -0.821322
vt 0.033435792 0.507386029
vn 0.084959 -0.035207 -0.821322
vt 0.036117438 0.507386029
vn 0.035207 -0.084959 -0.821322
vt 0.033436023 0.507386029
vn -0.035207 -0.084959 -0.821322
vt 0.030689441 0.507386029
vn 0.035207 -0.084959 -0.821322
vt 0.033435792 0.507386029
vn 0.035207 -0.084959 -0.821322
vt 0.033436023 0.507386029
vn -0.035207 -0.084959 -0.821322
vt 0.030689441 0.507386029
v -0.800503 3.190111 -22.835848
vn -0.035207 -0.084959 -0.821322
vt 0.030688981 0.507386029
vn 0.035207 -0.084959 -0.821322
vt 0.033435792 0.507386029
v -1.889052 4.278659 -22.835848
vn -0.084959 -0.035207 -0.821322
vt 0.027999533 0.507386029
vn -0.035207 -0.084959 -0.821322
vt 0.030688981 0.507386029
vn -0.035207 -0.084959 -0.821322
vt 0.030689441 0.507386029
vn -0.084959 -0.035207 -0.821322
vt 0.027998386 0.507386029
vn -0.084959 -0.035207 -0.821322
vt 0.027999533 0.507386029
vn -0.035207 -0.084959 -0.821322
vt 0.030689441 0.507386029
vn -0.084959 -0.035207 -0.821322
vt 0.027998386 0.507386029
v -1.889052 5.818101 -22.835848
vn -0.084959 0.035207 -0.821322
vt 0.025252493 0.507386029
vn -0.084959 -0.035207 -0.821322
vt 0.027999533 0.507386029
vn -0.084959 -0.035207 -0.821322
vt 0.027998386 0.507386029
vn -0.084959 0.035207 -0.821322
vt 0.025251575 0.507386029
vn -0.084959 0.035207 -0.821322
vt 0.025252493 0.507386029
vn -0.084959 0.035207 -0.821322
vt 0.025252493 0.507386029
vn -0.084959 0.035207 -0.821322
vt 0.025251575 0.507386029
vn -0.035207 0.084959 -0.821322
vt 0.022570617 0.507386029
vn -0.084959 0.035207 -0.821322
vt 0.025252493 0.507386029
vn -0.035207 0.084959 -0.821322
vt 0.022570617 0.507386029
vn -0.035207 0.084959 -0.821322
vt 0.022570388 0.507386029
v 1.416950 1.708642 -17.098421
vn -0.049091 -0.616364 -0.548347
vt 0.033436712 0.507386029
vn 0.111818 -0.697686 -0.428678
vt 0.036112849 0.507386029
vn 0.142645 -0.700083 -0.415372
vt 0.036113311 0.507386029
vn -0.049091 -0.616364 -0.548347
vt 0.033436712 0.507386029
vn -0.080165 -0.692893 -0.443306
vt 0.033436712 0.507386029
vn 0.111818 -0.697686 -0.428678
vt 0.036112849 0.507386029
vn -0.049091 -0.616364 -0.548347
vt 0.033436712 0.507386029
v -1.478515 1.708644 -17.098421
vn 0.049091 -0.616364 -0.548347
vt 0.030690128 0.507386029
vn -0.080165 -0.692893 -0.443306
vt 0.033436712 0.507386029
vn -0.080165 -0.692893 -0.443306
vt 0.033436712 0.507386029
vn 0.049091 -0.616364 -0.548347
vt 0.030690128 0.507386029
vn 0.080165 -0.692893 -0.443306
vt 0.030690128 0.507386029
vn 0.049091 -0.616364 -0.548347
vt 0.030690128 0.507386029
vn -0.111818 -0.697686 -0.428678
vt 0.027994944 0.507386029
vn 0.080165 -0.692893 -0.443306
vt 0.030690128 0.507386029
vn 0.049091 -0.616364 -0.548347
vt 0.030690128 0.507386029
vn -0.142645 -0.700083 -0.415372
vt 0.027995404 0.507386029
vn -0.111818 -0.697686 -0.428678
vt 0.027994944 0.507386029
vn -0.657603 0.500413 -0.011818
vt 0.000782443 0.540123999
vn -0.783388 0.263388 0.000000
vt 0.009661911 0.539415002
v -4.892218 6.850646 9.143003
vn -0.734215 0.377934 -0.034132
vt 0.011737106 0.564140975
v -3.408208 9.372166 7.670653
vn -0.721818 0.400248 -0.042066
vt 0.006182907 0.561918020
vn -0.657603 0.500413 -0.011818
vt 0.000782443 0.540123999
vn -0.734215 0.377934 -0.034132
vt 0.011737106 0.564140975
vn -0.721818 0.400248 -0.042066
vt 0.006182907 0.561918020
vn -0.721818 0.400248 -0.042066
vt 0.000705117 0.559696019
vn -0.657603 0.500413 -0.011818
vt 0.000782443 0.540123999
vn 0.657603 0.500413 -0.011818
vt 0.000782443 0.540126026
v 4.935728 6.850646 9.143003
vn 0.733471 0.380248 -0.021653
vt 0.011676071 0.564143002
vn 0.777273 0.279917 -0.021488
vt 0.009600876 0.539417028
vn 0.657603 0.500413 -0.011818
vt 0.000782443 0.540126026
v 3.451717 9.372166 7.670653
vn 0.721818 0.400248 -0.042066
vt 0.006182907 0.561921000
vn 0.733471 0.380248 -0.021653
vt 0.011676071 0.564143002
vn 0.657603 0.500413 -0.011818
vt 0.000782443 0.540126026
vn 0.721818 0.400248 -0.042066
vt 0.000644311 0.559698999
vn 0.721818 0.400248 -0.042066
vt 0.006182907 0.561921000
vn -0.130826 -0.815785 0.019174
vt 0.592342079 0.744997025
v -12.771064 3.526600 5.366161
vn -0.043967 -0.824711 0.030826
vt 0.601275682 0.746221006
vn -0.137603 -0.813802 0.042893
vt 0.601092577 0.745705009
vn -0.155372 -0.811074 0.032149
vt 0.603839159 0.739237010
vn -0.130826 -0.815785 0.019174
vt 0.592342079 0.744997025
vn -0.137603 -0.813802 0.042893
vt 0.601092577 0.745705009
vn -0.155372 -0.811074 0.032149
vt 0.603839159 0.739237010
vn -0.000000 -0.826446 -0.003306
vt 0.587237597 0.729151011
vn -0.130826 -0.815785 0.019174
vt 0.592342079 0.744997025
vn -0.155372 -0.811074 0.032149
vt 0.603839159 0.739237010
v -0.030772 0.845872 -2.984710
vn -0.000000 -0.826116 -0.022645
vt 0.612323046 0.729396999
vn -0.000000 -0.826446 -0.003306
vt 0.587237597 0.729151011
vn -0.155372 -0.811074 0.032149
vt 0.603839159 0.739237010
vn -0.154545 -0.811405 0.028760
vt 0.610247850 0.736554027
vn -0.000000 -0.826116 -0.022645
vt 0.612323046 0.729396999
vn -0.154545 -0.811405 0.028760
vt 0.610247850 0.736554027
v -6.314702 2.033528 -3.479861
vn -0.149669 -0.811487 -0.046446
vt 0.612933397 0.737684011
vn -0.000000 -0.826116 -0.022645
vt 0.612323046 0.729396999
vn -0.000000 -0.826116 -0.022645
vt 0.611346483 0.728788018
v 6.229104 2.028857 -3.477973
vn 0.149669 -0.811405 -0.046529
vt 0.612139940 0.737030029
vn 0.154463 -0.811405 0.028760
vt 0.609454393 0.735948980
vn 0.155372 -0.811074 0.032149
vt 0.603045702 0.738767982
vn -0.000000 -0.826116 -0.022645
vt 0.611346483 0.728788018
vn 0.154463 -0.811405 0.028760
vt 0.609454393 0.735948980
vn 0.155372 -0.811074 0.032149
vt 0.603045702 0.738767982
vn -0.000000 -0.826446 -0.003306
vt 0.586261034 0.729032993
vn -0.000000 -0.826116 -0.022645
vt 0.611346483 0.728788018
vn 0.155372 -0.811074 0.032149
vt 0.603045702 0.738767982
vn 0.130826 -0.815785 0.019174
vt 0.591670692 0.744777024
vn -0.000000 -0.826446 -0.003306
vt 0.586261034 0.729032993
vn 0.155372 -0.811074 0.032149
vt 0.603045702 0.738767982
vn 0.137521 -0.813802 0.042893
vt 0.600482225 0.745312989
vn 0.130826 -0.815785 0.019174
vt 0.591670692 0.744777024
vn 0.137521 -0.813802 0.042893
vt 0.600482225 0.745312989
v 12.709570 3.526505 5.366748
vn 0.043967 -0.824711 0.030909
vt 0.600665331 0.745823979
vn 0.130826 -0.815785 0.019174
vt 0.591670692 0.744777024
vn -0.041653 -0.823884 0.050331
vt 0.770587206 0.092377000
vn -0.043967 -0.824711 0.030826
vt 0.770404100 0.096236996
vn -0.130826 -0.815785 0.019174
vt 0.765558481 0.098783001
vn -0.025372 -0.825868 0.018843
vt 0.773922563 0.085291997
vn -0.041653 -0.823884 0.050331
vt 0.770587206 0.092377000
vn -0.130826 -0.815785 0.019174
vt 0.765558481 0.098783001
vn -0.025372 -0.825868 0.018843
vt 0.773922563 0.085291997
vn -0.024876 -0.825620 0.026281
vt 0.773699999 0.089547001
vn -0.041653 -0.823884 0.050331
vt 0.770587206 0.092377000
vn -0.025372 -0.825868 0.018843
vt 0.773922563 0.085291997
vn -0.020744 -0.826116 0.010165
vt 0.777911425 0.089729004
vn -0.024876 -0.825620 0.026281
vt 0.773699999 0.089547001
vn -0.025372 -0.825868 0.018843
vt 0.773922563 0.085291997
vn -0.002562 -0.826446 0.003058
vt 0.788327992 0.084771000
vn -0.020744 -0.826116 0.010165
vt 0.777911425 0.089729004
vn -0.008347 -0.826364 0.005868
vt 0.779498339 0.091427997
vn -0.020744 -0.826116 0.010165
vt 0.777911425 0.089729004
vn -0.002562 -0.826446 0.003058
vt 0.788327992 0.084771000
vn -0.000496 -0.826446 -0.000331
vt 0.780841112 0.092802003
vn -0.008347 -0.826364 0.005868
vt 0.779498339 0.091427997
vn -0.002562 -0.826446 0.003058
vt 0.788327992 0.084771000
v -6.696324 3.146137 -18.226122
vn -0.046198 -0.824959 -0.019339
vt 0.789667547 0.094362997
vn -0.000496 -0.826446 -0.000331
vt 0.780841112 0.092802003
vn -0.002562 -0.826446 0.003058
vt 0.788327992 0.084771000
vn -0.046198 -0.824959 -0.019339
vt 0.789667547 0.094362997
vn -0.002562 -0.826446 0.003058
vt 0.788327992 0.084771000
vn 0.005041 -0.826446 0.000909
vt 0.792599797 0.089759998
vn -0.046198 -0.824959 -0.019339
vt 0.789667547 0.094362997
v -10.456189 3.103235 -7.582257
vn -0.070579 -0.822975 -0.028264
vt 0.780780077 0.094453998
vn -0.000496 -0.826446 -0.000331
vt 0.780841112 0.092802003
vn -0.072397 0.815289 -0.114545
vt 0.826961637 0.405800998
vn -0.076281 0.816942 -0.098760
vt 0.802182078 0.397060007
vn -0.075785 0.817107 -0.098099
vt 0.814632118 0.391678989
vn -0.072397 0.815289 -0.114545
vt 0.826961637 0.405800998
vn -0.072066 0.814959 -0.117025
vt 0.802182972 0.421216995
vn -0.076281 0.816942 -0.098760
vt 0.802182078 0.397060007
vn -0.072397 0.815289 -0.114545
vt 0.826961637 0.405800998
vn -0.064298 0.810661 -0.147273
vt 0.821286321 0.421840012
vn -0.072066 0.814959 -0.117025
vt 0.802182972 0.421216995
v 14.535967 3.123288 -7.475621
vn -0.316529 0.000496 0.763388
vt 0.031939745 0.514885008
vn -0.316198 -0.000496 0.763554
vt 0.030535934 0.514285982
vn -0.317273 0.000331 0.763140
vt 0.033526659 0.514285982
vn -0.316529 0.000496 0.763388
vt 0.031939745 0.514885008
vn -0.317273 0.000331 0.763140
vt 0.033526659 0.514285982
vn -0.316281 0.000579 0.763554
vt 0.035418749 0.514927030
vn -0.316529 0.000496 0.763388
vt 0.031939745 0.514885008
vn -0.316281 0.000579 0.763554
vt 0.035418749 0.514927030
v 12.332661 3.118217 -8.387859
vn -0.315620 0.000661 0.763802
vt 0.033099413 0.515371025
vn -0.316281 0.000579 0.763554
vt 0.035418749 0.514927030
vn -0.314380 0.000000 0.764297
vt 0.036578417 0.515371025
vn -0.315620 0.000661 0.763802
vt 0.033099413 0.515371025
vn 0.042066 -0.823802 0.050661
vt 0.770770311 0.092373997
vn 0.130826 -0.815785 0.019174
vt 0.765680313 0.098729998
vn 0.043967 -0.824711 0.030909
vt 0.770526171 0.096245997
vn 0.025372 -0.825868 0.018843
vt 0.774166703 0.085345000
vn 0.130826 -0.815785 0.019174
vt 0.765680313 0.098729998
vn 0.042066 -0.823802 0.050661
vt 0.770770311 0.092373997
vn 0.025372 -0.825868 0.018843
vt 0.774166703 0.085345000
vn 0.042066 -0.823802 0.050661
vt 0.770770311 0.092373997
vn 0.024959 -0.825620 0.026281
vt 0.773944139 0.089576997
vn 0.025372 -0.825868 0.018843
vt 0.774166703 0.085345000
vn 0.024959 -0.825620 0.026281
vt 0.773944139 0.089576997
vn 0.020826 -0.826116 0.010165
vt 0.778155565 0.089817002
vn 0.002562 -0.826446 0.003058
vt 0.788572133 0.085001998
vn 0.025372 -0.825868 0.018843
vt 0.774166703 0.085345000
vn 0.020826 -0.826116 0.010165
vt 0.778155565 0.089817002
vn 0.002562 -0.826446 0.003058
vt 0.788572133 0.085001998
vn 0.020826 -0.826116 0.010165
vt 0.778155565 0.089817002
vn 0.008347 -0.826364 0.005785
vt 0.779681444 0.091548003
vn 0.002562 -0.826446 0.003058
vt 0.788572133 0.085001998
vn 0.008347 -0.826364 0.005785
vt 0.779681444 0.091548003
vn 0.000496 -0.826446 -0.000331
vt 0.781024218 0.092938997
vn 0.002562 -0.826446 0.003058
vt 0.788572133 0.085001998
vn 0.000496 -0.826446 -0.000331
vt 0.781024218 0.092938997
v 6.634767 3.146113 -18.226126
vn 0.046198 -0.824959 -0.019421
vt 0.789850652 0.094610997
vn 0.002562 -0.826446 0.003058
vt 0.788572133 0.085001998
vn 0.046198 -0.824959 -0.019421
vt 0.789850652 0.094610997
vn -0.005041 -0.826446 0.000909
vt 0.792782903 0.090043001
vn 0.000496 -0.826446 -0.000331
vt 0.781024218 0.092938997
v 10.393682 3.103212 -7.584942
vn 0.070579 -0.822975 -0.028264
vt 0.780902147 0.094591998
vn 0.046198 -0.824959 -0.019421
vt 0.789850652 0.094610997
vn -0.094132 0.805289 0.160083
vt 0.097979784 0.516242027
vn -0.164545 0.790000 0.178595
vt 0.098101854 0.516951025
vn -0.168430 0.786859 0.188430
vt 0.096061535 0.515525997
vn -0.104132 0.810496 0.123636
vt 0.101153612 0.510830998
vn -0.094132 0.805289 0.160083
vt 0.097979784 0.516242027
vn -0.168430 0.786859 0.188430
vt 0.096061535 0.515525997
vn -0.104132 0.810496 0.123636
vt 0.101153612 0.510830998
vn -0.168430 0.786859 0.188430
vt 0.096061535 0.515525997
vn -0.047025 0.812975 0.140744
vt 0.096153773 0.503704011
vn -0.000000 0.826364 -0.013388
vt 0.108416796 0.503570974
vn -0.104132 0.810496 0.123636
vt 0.101153612 0.510830998
vn -0.047025 0.812975 0.140744
vt 0.096153773 0.503704011
vn -0.000000 0.826364 -0.013388
vt 0.108416796 0.503570974
vn -0.101570 0.813719 0.102893
vt 0.106646776 0.510307014
vn -0.104132 0.810496 0.123636
vt 0.101153612 0.510830998
vn -0.000000 0.826364 -0.013388
vt 0.108416796 0.503570974
v -6.296688 9.024689 -3.426541
vn -0.048430 0.815372 -0.126033
vt 0.108538866 0.512202978
vn -0.101570 0.813719 0.102893
vt 0.106646776 0.510307014
vn 0.101570 0.813719 0.102727
vt 0.106707811 0.510244012
v 6.211431 9.027049 -3.425416
vn 0.048264 0.815289 -0.126446
vt 0.108599901 0.512144029
vn -0.000000 0.826364 -0.013388
vt 0.108416796 0.503543973
vn 0.104050 0.810496 0.123636
vt 0.101153612 0.510779023
vn 0.101570 0.813719 0.102727
vt 0.106707811 0.510244012
vn -0.000000 0.826364 -0.013388
vt 0.108416796 0.503543973
vn 0.104050 0.810496 0.123636
vt 0.101153612 0.510779023
vn -0.000000 0.826364 -0.013388
vt 0.108416796 0.503543973
vn 0.047107 0.812975 0.140744
vt 0.096156299 0.503674984
v 12.371097 6.638331 7.371440
vn 0.168347 0.786859 0.188430
vt 0.096061535 0.515497029
vn 0.104050 0.810496 0.123636
vt 0.101153612 0.510779023
vn 0.047107 0.812975 0.140744
vt 0.096156299 0.503674984
vn 0.168347 0.786859 0.188430
vt 0.096061535 0.515497029
vn 0.093967 0.805289 0.160083
vt 0.097979784 0.516214013
vn 0.104050 0.810496 0.123636
vt 0.101153612 0.510779023
vn 0.168347 0.786859 0.188430
vt 0.096061535 0.515497029
v 12.826235 6.990470 5.334734
vn 0.164380 0.790000 0.178595
vt 0.098101854 0.516921997
vn 0.093967 0.805289 0.160083
vt 0.097979784 0.516214013
vn 0.218347 0.770248 0.204959
vt 0.792292058 0.103529997
vn 0.168347 0.786859 0.188430
vt 0.785821438 0.093195997
vn 0.209669 0.765950 0.228760
vt 0.774045348 0.092997998
vn 0.218347 0.770248 0.204959
vt 0.792292058 0.103529997
vn 0.164380 0.790000 0.178595
vt 0.790606737 0.092726000
vn 0.168347 0.786859 0.188430
vt 0.785821438 0.093195997
vn 0.218347 0.770248 0.204959
vt 0.792292058 0.103529997
vn 0.244711 0.764959 0.194793
vt 0.798724413 0.100787997
vn 0.164380 0.790000 0.178595
vt 0.790606737 0.092726000
vn 0.826446 0.000000 0.000000
vt 0.037930366 0.511286020
vn 0.826446 0.000000 0.000000
vt 0.037921190 0.511286020
vn 0.826446 0.000000 0.000000
vt 0.037921190 0.511336982
vn 0.826446 0.000000 0.000000
vt 0.037930366 0.511286020
vn 0.826446 0.000000 0.000000
vt 0.037921190 0.511336982
vn 0.826446 0.000000 0.000000
vt 0.037928071 0.511336982
vn 0.826446 0.000000 0.000000
vt 0.037930366 0.511286020
vn 0.826446 0.000000 0.000000
vt 0.037928071 0.511336982
vn 0.826446 0.000000 0.000000
vt 0.037938856 0.511286020
vn 0.826446 0.000000 0.000000
vt 0.037928071 0.511336982
vn 0.826446 0.000000 0.000000
vt 0.037937708 0.511336982
vn 0.826446 0.000000 0.000000
vt 0.037938856 0.511286020
vn 0.000000 0.000000 -0.826446
vt 0.037921190 0.515003979
vn 0.000000 0.000000 -0.826446
vt 0.037922796 0.514621019
vn 0.000000 0.000000 -0.826446
vt 0.037922565 0.511720002
vn 0.000000 0.000000 -0.826446
vt 0.037921190 0.511336982
vn 0.000000 0.000000 -0.826446
vt 0.037921190 0.515003979
vn 0.000000 0.000000 -0.826446
vt 0.037922565 0.511720002
vn 0.000000 0.000000 -0.826446
vt 0.037921190 0.515055001
vn 0.000000 0.000000 -0.826446
vt 0.037921190 0.515003979
vn 0.000000 0.000000 -0.826446
vt 0.037921190 0.511336982
vn 0.000000 0.000000 -0.826446
vt 0.037921190 0.515055001
vn 0.000000 0.000000 -0.826446
vt 0.037921190 0.511336982
vn 0.000000 0.000000 -0.826446
vt 0.037921190 0.511286020
vn 0.000000 0.000000 -0.826446
vt 0.041950196 0.511758029
vn 0.000000 0.000000 -0.826446
vt 0.037921190 0.515055001
vn 0.000000 0.000000 -0.826446
vt 0.037921190 0.511286020
vn 0.000000 0.000000 -0.826446
vt 0.041950196 0.511758029
vn 0.000000 0.000000 -0.826446
vt 0.041950196 0.514582992
vn 0.000000 0.000000 -0.826446
vt 0.037921190 0.515055001
v -2.911721 9.146631 6.970158
vn -0.000000 0.416694 0.713719
vt 0.014186314 0.529097974
vn -0.000000 0.416694 0.713719
vt 0.014490802 0.530291021
vn -0.000000 0.416694 0.713719
vt 0.003931719 0.530291021
vn -0.000000 0.416694 0.713719
vt 0.014186314 0.529097974
vn -0.000000 0.416694 0.713719
vt 0.003931719 0.530291021
vn -0.000000 0.416694 0.713719
vt 0.004237813 0.529097974
v -1.901491 11.033151 5.868592
vn -0.000000 0.416694 0.713719
vt 0.012473888 0.522787988
vn -0.000000 0.416694 0.713719
vt 0.014186314 0.529097974
vn -0.000000 0.416694 0.713719
vt 0.004237813 0.529097974
vn -0.000000 0.416694 0.713719
vt 0.012473888 0.522787988
vn -0.000000 0.416694 0.713719
vt 0.004237813 0.529097974
vn -0.000000 0.416694 0.713719
vt 0.005943126 0.522787988
vn -0.000000 0.416694 0.713719
vt 0.012473888 0.522787988
vn -0.000000 0.416694 0.713719
vt 0.005943126 0.522787988
vn -0.000000 0.416694 0.713719
vt 0.011434914 0.521170020
vn -0.000000 0.416694 0.713719
vt 0.005943126 0.522787988
vn -0.000000 0.416694 0.713719
vt 0.007040382 0.521170020
vn -0.000000 0.416694 0.713719
vt 0.011434914 0.521170020
vn 0.596033 -0.572562 0.000000
vt 0.875204921 0.703402996
vn 0.500083 -0.658016 0.000000
vt 0.876241148 0.706358016
vn 0.500083 -0.658016 0.000000
vt 0.869776428 0.706349015
vn 0.596033 -0.572562 0.000000
vt 0.875204921 0.703402996
vn 0.500083 -0.658016 0.000000
vt 0.869776428 0.706349015
v -1.901491 11.033151 7.628312
vn 0.656859 -0.501570 0.000000
vt 0.868742049 0.703393996
vn 0.596033 -0.572562 0.000000
vt 0.875204921 0.703402996
vn 0.656859 -0.501570 0.000000
vt 0.868742049 0.703393996
vn 0.728595 -0.390165 0.000000
vt 0.871178210 0.695487022
vn 0.656859 -0.501570 0.000000
vt 0.868742049 0.703393996
v -2.907765 9.154018 8.725566
vn 0.590165 0.021570 0.578099
vt 0.864711225 0.695509017
vn 0.728595 -0.390165 0.000000
vt 0.871178210 0.695487022
vn 0.728595 -0.390165 0.000000
vt 0.871178210 0.695487022
vn 0.590165 0.021570 0.578099
vt 0.864711225 0.695509017
v -2.911721 9.146631 8.729879
vn 0.590165 0.021570 0.578099
vt 0.864650190 0.695393980
vn 0.728595 -0.390165 0.000000
vt 0.871178210 0.695487022
vn 0.590165 0.021570 0.578099
vt 0.864650190 0.695393980
vn 0.728595 -0.390165 0.000000
vt 0.870444834 0.693971992
vn 0.728595 -0.390165 0.000000
vt 0.870444834 0.693971992
vn 0.590165 0.021570 0.578099
vt 0.864650190 0.695393980
vn 0.728595 -0.390165 0.000000
vt 0.866599858 0.692595005
vn 0.590165 0.021570 0.578099
vt 0.864650190 0.695393980
vn 0.728595 -0.390165 0.000000
vt 0.859637499 0.685320973
vn 0.728595 -0.390165 0.000000
vt 0.866599858 0.692595005
vn 0.728595 -0.390165 0.000000
vt 0.859637499 0.685320973
vn 0.728595 -0.390165 0.000000
vt 0.862994432 0.685369015
vn 0.728595 -0.390165 0.000000
vt 0.866599858 0.692595005
v -4.124491 8.476648 8.212919
vn -0.000000 -0.416694 -0.713719
vt 0.174400613 0.511294007
vn -0.000000 -0.416694 -0.713719
vt 0.174396023 0.510812998
vn -0.000000 -0.416694 -0.713719
vt 0.173053250 0.510873020
vn -0.000000 -0.416694 -0.713719
vt 0.172626004 0.511294007
vn -0.000000 -0.416694 -0.713719
vt 0.174400613 0.511294007
vn -0.000000 -0.416694 -0.713719
vt 0.173053250 0.510873020
vn -0.000000 -0.416694 -0.713719
vt 0.172626004 0.511294007
vn -0.000000 -0.416694 -0.713719
vt 0.173053250 0.510873020
vn -0.000000 -0.416694 -0.713719
vt 0.173053250 0.507050991
vn -0.000000 -0.416694 -0.713719
vt 0.172626004 0.506631017
vn -0.000000 -0.416694 -0.713719
vt 0.172626004 0.511294007
vn -0.000000 -0.416694 -0.713719
vt 0.173053250 0.507050991
vn -0.000000 -0.416694 -0.713719
vt 0.172626004 0.506631017
vn -0.000000 -0.416694 -0.713719
vt 0.173053250 0.507050991
v 4.168001 8.476648 8.212919
vn -0.000000 -0.416694 -0.713719
vt 0.174400613 0.506631017
vn -0.000000 -0.416694 -0.713719
vt 0.173053250 0.507050991
vn -0.000000 -0.416694 -0.713719
vt 0.174396023 0.507111013
vn -0.000000 -0.416694 -0.713719
vt 0.174400613 0.506631017
vn -0.000000 -0.790909 -0.239587
vt 0.174396485 0.506631017
vn -0.000000 -0.790909 -0.239587
vt 0.174395800 0.507111013
vn -0.000000 -0.790909 -0.239587
vt 0.174700975 0.507125020
vn -0.000000 -0.790909 -0.239587
vt 0.175006613 0.506631017
vn -0.000000 -0.790909 -0.239587
vt 0.174396485 0.506631017
vn -0.000000 -0.790909 -0.239587
vt 0.174700975 0.507125020
vn -0.000000 -0.790909 -0.239587
vt 0.175006613 0.506631017
vn -0.000000 -0.790909 -0.239587
vt 0.174700975 0.507125020
vn -0.000000 -0.790909 -0.239587
vt 0.174700975 0.510798991
vn -0.000000 -0.790909 -0.239587
vt 0.175006613 0.511294007
vn -0.000000 -0.790909 -0.239587
vt 0.175006613 0.506631017
vn -0.000000 -0.790909 -0.239587
vt 0.174700975 0.510798991
vn -0.000000 -0.790909 -0.239587
vt 0.175006613 0.511294007
vn -0.000000 -0.790909 -0.239587
vt 0.174700975 0.510798991
vn -0.000000 -0.790909 -0.239587
vt 0.174396485 0.511294007
vn -0.000000 -0.790909 -0.239587
vt 0.174700975 0.510798991
vn -0.000000 -0.790909 -0.239587
vt 0.174395800 0.510812998
vn -0.000000 -0.790909 -0.239587
vt 0.174396485 0.511294007
v -3.525915 6.651508 -12.279428
vn -0.763554 0.316281 0.000000
vt 0.025225876 0.518253982
v -1.478512 8.698909 -12.279428
vn -0.316281 0.763554 0.000000
vt 0.022540329 0.518253982
vn -0.376612 0.735620 0.000000
vt 0.022565799 0.507386029
vn -0.798347 0.213636 0.000000
vt 0.025234366 0.507386029
vn -0.763554 0.316281 0.000000
vt 0.025225876 0.518253982
vn -0.376612 0.735620 0.000000
vt 0.022565799 0.507386029
v -3.525915 3.756045 -12.279428
vn -0.763554 -0.316281 0.000000
vt 0.027972458 0.518253982
vn -0.763554 0.316281 0.000000
vt 0.025225876 0.518253982
vn -0.798347 0.213636 0.000000
vt 0.025234366 0.507386029
vn -0.763554 -0.316281 0.000000
vt 0.027972458 0.518253982
vn -0.798347 0.213636 0.000000
vt 0.025234366 0.507386029
vn -0.798347 -0.213636 0.000000
vt 0.027983014 0.507386029
vn -0.376612 -0.735620 0.000000
vt 0.030682785 0.507386029
vn -0.763554 -0.316281 0.000000
vt 0.027972458 0.518253982
vn -0.798347 -0.213636 0.000000
vt 0.027983014 0.507386029
vn -0.376612 -0.735620 0.000000
vt 0.030682785 0.507386029
v -1.478515 1.708644 -12.279428
vn -0.316281 -0.763554 0.000000
vt 0.030658005 0.518253982
vn -0.763554 -0.316281 0.000000
vt 0.027972458 0.518253982
v 1.416950 1.708642 -12.279428
vn 0.316281 -0.763554 0.000000
vt 0.033404589 0.518253982
vn -0.316281 -0.763554 0.000000
vt 0.030658005 0.518253982
vn -0.376612 -0.735620 0.000000
vt 0.030682785 0.507386029
vn 0.376612 -0.735620 0.000000
vt 0.033428449 0.507386029
vn 0.316281 -0.763554 0.000000
vt 0.033404589 0.518253982
vn -0.376612 -0.735620 0.000000
vt 0.030682785 0.507386029
v 3.464352 3.756045 -12.279428
vn 0.763554 -0.316281 0.000000
vt 0.036090136 0.518253982
vn 0.316281 -0.763554 0.000000
vt 0.033404589 0.518253982
vn 0.376612 -0.735620 0.000000
vt 0.033428449 0.507386029
vn 0.798347 -0.213636 0.000000
vt 0.036099311 0.507386029
vn 0.763554 -0.316281 0.000000
vt 0.036090136 0.518253982
vn 0.376612 -0.735620 0.000000
vt 0.033428449 0.507386029
v 3.464352 6.651508 -12.279428
vn 0.763554 0.316281 0.000000
vt 0.038836718 0.518253982
vn 0.763554 -0.316281 0.000000
vt 0.036090136 0.518253982
vn 0.798347 -0.213636 0.000000
vt 0.036099311 0.507386029
vn 0.763554 0.316281 0.000000
vt 0.038836718 0.518253982
vn 0.798347 -0.213636 0.000000
vt 0.036099311 0.507386029
vn 0.798347 0.213636 0.000000
vt 0.038847499 0.507386029
vn 0.376612 0.735620 0.000000
vt 0.041551173 0.507386029
vn 0.763554 0.316281 0.000000
vt 0.038836718 0.518253982
vn 0.798347 0.213636 0.000000
vt 0.038847499 0.507386029
vn 0.376612 0.735620 0.000000
vt 0.041551173 0.507386029
v 1.416950 8.698909 -12.279428
vn 0.316281 0.763554 0.000000
vt 0.041522264 0.518253982
vn 0.763554 0.316281 0.000000
vt 0.038836718 0.518253982
vn -0.316281 0.763554 0.000000
vt 0.044268847 0.518253982
vn 0.316281 0.763554 0.000000
vt 0.041522264 0.518253982
vn 0.376612 0.735620 0.000000
vt 0.041551173 0.507386029
vn -0.316281 0.763554 0.000000
vt 0.044268847 0.518253982
vn 0.376612 0.735620 0.000000
vt 0.041551173 0.507386029
vn -0.376612 0.735620 0.000000
vt 0.044299822 0.507386029
vn 0.826446 0.000000 0.000000
vt 0.057301458 0.031289000
vn 0.826446 0.000000 0.000000
vt 0.057303291 0.035626002
vn 0.576446 0.000000 0.592231
vt 0.058406744 0.035626002
vn 0.576446 0.000000 0.592231
vt 0.058406055 0.031289000
vn 0.826446 0.000000 0.000000
vt 0.057301458 0.031289000
vn 0.576446 0.000000 0.592231
vt 0.058406744 0.035626002
vn 0.576446 0.000000 0.592231
vt 0.058406055 0.031289000
vn 0.576446 0.000000 0.592231
vt 0.058406744 0.035626002
vn -0.017603 0.000000 0.826281
vt 0.059497576 0.035626002
vn -0.017603 0.000000 0.826281
vt 0.059492987 0.031289000
vn 0.576446 0.000000 0.592231
vt 0.058406055 0.031289000
vn -0.017603 0.000000 0.826281
vt 0.059497576 0.035626002
vn 0.003884 0.000000 0.826446
vt 0.060588408 0.035626002
vn -0.017603 0.000000 0.826281
vt 0.059492987 0.031289000
vn -0.017603 0.000000 0.826281
vt 0.059497576 0.035626002
vn 0.003884 0.000000 0.826446
vt 0.060588408 0.035626002
vn -0.011488 0.000000 0.826364
vt 0.060587946 0.031289000
vn -0.017603 0.000000 0.826281
vt 0.059492987 0.031289000
vn 0.003884 0.000000 0.826446
vt 0.060588408 0.035626002
v 2.113965 5.336049 5.792541
vn 0.315207 0.000000 0.763967
vt 0.060565233 0.033457998
vn -0.011488 0.000000 0.826364
vt 0.060587946 0.031289000
vn 0.003884 0.000000 0.826446
vt 0.060588408 0.035626002
vn 0.315207 0.000000 0.763967
vt 0.060565233 0.035626002
vn 0.315207 0.000000 0.763967
vt 0.060565233 0.033457998
vn 0.315207 0.000000 0.763967
vt 0.060565233 0.033457998
v 2.113965 1.246156 5.792541
vn 0.315207 0.000000 0.763967
vt 0.060565233 0.031289000
vn -0.011488 0.000000 0.826364
vt 0.060587946 0.031289000
vn -0.826446 0.000000 0.000000
vt 0.056996051 0.032664999
vn -0.763967 0.000000 -0.315207
vt 0.055891912 0.032664999
vn -0.763967 0.000000 -0.315207
vt 0.055890992 0.028231001
vn -0.826446 0.000000 0.000000
vt 0.056995593 0.028231001
vn -0.826446 0.000000 0.000000
vt 0.056996051 0.032664999
vn -0.763967 0.000000 -0.315207
vt 0.055890992 0.028231001
vn -0.576446 0.000000 0.592231
vt 0.058101568 0.032664999
vn -0.826446 0.000000 0.000000
vt 0.056996051 0.032664999
vn -0.826446 0.000000 0.000000
vt 0.056995593 0.028231001
vn -0.576446 0.000000 0.592231
vt 0.058100652 0.028231001
vn -0.576446 0.000000 0.592231
vt 0.058101568 0.032664999
vn -0.826446 0.000000 0.000000
vt 0.056995593 0.028231001
vn 0.017603 0.000000 0.826281
vt 0.059192400 0.032664999
vn -0.576446 0.000000 0.592231
vt 0.058101568 0.032664999
vn -0.576446 0.000000 0.592231
vt 0.058100652 0.028231001
vn 0.017603 0.000000 0.826281
vt 0.059187811 0.028231001
vn 0.017603 0.000000 0.826281
vt 0.059192400 0.032664999
vn -0.576446 0.000000 0.592231
vt 0.058100652 0.028231001
vn -0.003884 0.000000 0.826446
vt 0.060283460 0.032664999
vn 0.017603 0.000000 0.826281
vt 0.059192400 0.032664999
vn 0.017603 0.000000 0.826281
vt 0.059187811 0.028231001
vn -0.003884 0.000000 0.826446
vt 0.060283460 0.032664999
vn 0.017603 0.000000 0.826281
vt 0.059187811 0.028231001
vn 0.011488 0.000000 0.826364
vt 0.060282771 0.028231001
vn -0.003884 0.000000 0.826446
vt 0.060283460 0.032664999
vn 0.011488 0.000000 0.826364
vt 0.060282771 0.028231001
v -2.175526 5.336049 5.792541
vn -0.315207 0.000000 0.763967
vt 0.060260057 0.030448001
vn -0.003884 0.000000 0.826446
vt 0.060283460 0.032664999
vn -0.315207 0.000000 0.763967
vt 0.060260057 0.030448001
vn -0.315207 0.000000 0.763967
vt 0.060260057 0.032664999
vn 0.011488 0.000000 0.826364
vt 0.060282771 0.028231001
v -2.175526 1.246156 5.792541
vn -0.315207 0.000000 0.763967
vt 0.060260057 0.028231001
vn -0.315207 0.000000 0.763967
vt 0.060260057 0.030448001
vn 0.534050 0.002810 -0.630661
vt 0.037028376 0.515375018
vn 0.653636 0.015950 -0.505537
vt 0.037036866 0.514138997
vn 0.652810 0.012066 -0.506694
vt 0.032091871 0.514138997
vn 0.534050 0.002810 -0.630661
vt 0.037028376 0.515375018
vn 0.652810 0.012066 -0.506694
vt 0.032091871 0.514138997
vn 0.530661 0.003058 -0.633554
vt 0.032083843 0.515375018
v -0.030793 6.894629 -14.449592
vn 0.408843 -0.003306 -0.718264
vt 0.032061815 0.516610026
vn 0.534050 0.002810 -0.630661
vt 0.037028376 0.515375018
vn 0.530661 0.003058 -0.633554
vt 0.032083843 0.515375018
vn 0.408843 -0.003306 -0.718264
vt 0.032061815 0.516610026
v -0.030782 1.923172 -14.408144
vn 0.409917 -0.005950 -0.717603
vt 0.037005663 0.516610026
vn 0.534050 0.002810 -0.630661
vt 0.037028376 0.515375018
vn -0.309008 0.004050 0.766529
vt 0.036578417 0.515371025
vn -0.317190 0.000000 0.763140
vt 0.033099413 0.515371025
vn -0.316198 0.002231 0.763554
vt 0.034198046 0.514940977
vn -0.309008 0.004050 0.766529
vt 0.036578417 0.515371025
vn -0.316198 0.002231 0.763554
vt 0.034198046 0.514940977
vn -0.311488 0.004380 0.765454
vt 0.037249804 0.515127003
vn -0.316198 0.002231 0.763554
vt 0.034198046 0.514940977
v -7.493206 8.171140 -6.373714
vn -0.316859 0.003223 0.763306
vt 0.039324999 0.514285982
vn -0.311488 0.004380 0.765454
vt 0.037249804 0.515127003
vn -0.316198 0.002231 0.763554
vt 0.034198046 0.514940977
v -7.499106 2.548877 -6.352799
vn -0.316777 0.003140 0.763306
vt 0.035479784 0.514285982
vn -0.316859 0.003223 0.763306
vt 0.039324999 0.514285982
vn -0.765289 0.000248 0.312066
vt 0.039324999 0.514285982
vn -0.763967 0.001983 0.315289
vt 0.035479784 0.514285982
vn -0.764050 0.000413 0.315041
vt 0.035723925 0.512758970
vn -0.765289 0.000248 0.312066
vt 0.039324999 0.514285982
vn -0.764050 0.000413 0.315041
vt 0.035723925 0.512758970
vn -0.764463 -0.000413 0.313967
vt 0.040606737 0.512735009
vn -0.764050 0.000413 0.315041
vt 0.035723925 0.512758970
vn -0.763471 -0.000413 0.316446
vt 0.040911913 0.511667013
vn -0.764463 -0.000413 0.313967
vt 0.040606737 0.512735009
vn -0.764050 0.000413 0.315041
vt 0.035723925 0.512758970
vn -0.763636 -0.000248 0.315950
vt 0.036151171 0.511667013
vn -0.763471 -0.000413 0.316446
vt 0.040911913 0.511667013
v 7.412906 8.172721 -6.373624
vn 0.315785 0.003223 0.763719
vt 0.039447069 0.514285982
v 7.418797 2.545431 -6.352789
vn 0.315702 0.003140 0.763719
vt 0.035357714 0.514285982
vn 0.315124 0.002231 0.763967
vt 0.034198046 0.514941990
vn 0.315785 0.003223 0.763719
vt 0.039447069 0.514285982
vn 0.315124 0.002231 0.763967
vt 0.034198046 0.514941990
vn 0.310496 0.004380 0.765868
vt 0.037249804 0.515128016
vn 0.315124 0.002231 0.763967
vt 0.034198046 0.514941990
vn 0.307934 0.004132 0.766942
vt 0.036578417 0.515371025
vn 0.310496 0.004380 0.765868
vt 0.037249804 0.515128016
vn 0.315124 0.002231 0.763967
vt 0.034198046 0.514941990
vn 0.316198 0.000000 0.763554
vt 0.033099413 0.515371025
vn 0.307934 0.004132 0.766942
vt 0.036578417 0.515371025
vn 0.046198 -0.824959 -0.019421
vt 0.714045942 0.917077005
vn 0.070579 -0.822975 -0.028264
vt 0.718707323 0.913123012
vn 0.138595 -0.812149 -0.064793
vt 0.717669725 0.911674023
vn 0.046198 -0.824959 -0.019421
vt 0.714045942 0.917077005
vn 0.138595 -0.812149 -0.064793
vt 0.717669725 0.911674023
vn -0.000000 -0.824297 -0.059835
vt 0.711871386 0.913357973
vn -0.000000 -0.826116 -0.022645
vt 0.715045214 0.907949984
vn 0.138595 -0.812149 -0.064793
vt 0.717669725 0.911674023
vn 0.149669 -0.811405 -0.046529
vt 0.717913866 0.909959018
vn -0.000000 -0.826116 -0.022645
vt 0.715045214 0.907949984
vn -0.000000 -0.824297 -0.059835
vt 0.711871386 0.913357973
vn 0.138595 -0.812149 -0.064793
vt 0.717669725 0.911674023
vn -0.000000 -0.826116 -0.022645
vt 0.715045214 0.907949984
vn -0.138595 -0.812149 -0.064793
vt 0.710528612 0.907482982
vn -0.000000 -0.824297 -0.059835
vt 0.711871386 0.913357973
vn -0.000000 -0.826116 -0.022645
vt 0.715045214 0.907949984
vn -0.149669 -0.811487 -0.046446
vt 0.711871386 0.906446993
vn -0.138595 -0.812149 -0.064793
vt 0.710528612 0.907482982
vn -0.138595 -0.812149 -0.064793
vt 0.710528612 0.907482982
vn -0.046198 -0.824959 -0.019339
vt 0.707637489 0.913343012
vn -0.000000 -0.824297 -0.059835
vt 0.711871386 0.913357973
vn -0.138595 -0.812149 -0.064793
vt 0.710528612 0.907482982
vn -0.070579 -0.822975 -0.028264
vt 0.708758593 0.907279015
vn -0.046198 -0.824959 -0.019339
vt 0.707637489 0.913343012
vn 0.763058 -0.000413 0.317438
vt 0.041156054 0.511667013
vn 0.763223 -0.000248 0.317025
vt 0.035968065 0.511667013
vn 0.763636 0.000413 0.316033
vt 0.035601854 0.512758017
vn 0.763058 -0.000413 0.317438
vt 0.041156054 0.511667013
vn 0.763636 0.000413 0.316033
vt 0.035601854 0.512758017
vn 0.764050 -0.000413 0.314959
vt 0.040850878 0.512733996
vn 0.763636 0.000413 0.316033
vt 0.035601854 0.512758017
vn 0.764876 0.000165 0.313140
vt 0.039447069 0.514285982
vn 0.764050 -0.000413 0.314959
vt 0.040850878 0.512733996
vn 0.763636 0.000413 0.316033
vt 0.035601854 0.512758017
vn 0.763471 0.001983 0.316281
vt 0.035357714 0.514285982
vn 0.764876 0.000165 0.313140
vt 0.039447069 0.514285982
vn 0.777273 0.279917 -0.021488
vt 0.037921190 0.517832994
vn 0.733471 0.380248 -0.021653
vt 0.037921190 0.520165026
vn 0.805124 0.185289 -0.020165
vt 0.037921190 0.520165026
vn 0.777273 0.279917 -0.021488
vt 0.037921190 0.517832994
vn 0.805124 0.185289 -0.020165
vt 0.037921190 0.520165026
vn 0.824380 0.000000 -0.058595
vt 0.037921190 0.517832994
vn 0.777273 0.279917 -0.021488
vt 0.037921190 0.517832994
vn 0.824380 0.000000 -0.058595
vt 0.037921190 0.517832994
vn 0.826446 0.000000 0.000000
vt 0.037938856 0.515501976
vn 0.777273 0.279917 -0.021488
vt 0.037921190 0.517832994
vn 0.826446 0.000000 0.000000
vt 0.037938856 0.515501976
vn 0.826446 0.000000 0.000000
vt 0.037942529 0.515501976
vn 0.826446 0.000000 0.000000
vt 0.037938856 0.515501976
vn 0.826446 0.000000 0.000000
vt 0.037948724 0.515501976
vn 0.826446 0.000000 0.000000
vt 0.037942529 0.515501976
vn 0.826446 0.000000 0.000000
vt 0.037938856 0.515501976
vn 0.826446 0.000000 0.000000
vt 0.037948951 0.515501976
vn 0.826446 0.000000 0.000000
vt 0.037948724 0.515501976
vn 0.139339 0.089917 -0.809669
vt 0.041976355 0.511758029
vn 0.071240 0.449752 -0.689669
vt 0.037945971 0.511286020
vn 0.105702 0.414628 -0.707025
vt 0.037948035 0.510838985
vn 0.139339 0.089917 -0.809669
vt 0.041976355 0.511758029
vn 0.105702 0.414628 -0.707025
vt 0.037948035 0.510838985
vn 0.172397 0.091488 -0.803058
vt 0.042588770 0.510838985
vn 0.139339 0.089917 -0.809669
vt 0.041976355 0.511758029
vn 0.172397 0.091488 -0.803058
vt 0.042588770 0.510838985
vn -0.180992 0.120083 -0.797355
vt 0.042591065 0.515501976
vn 0.139339 0.089917 -0.809669
vt 0.041976355 0.511758029
vn -0.180992 0.120083 -0.797355
vt 0.042591065 0.515501976
vn -0.169587 0.090000 -0.803802
vt 0.041974977 0.514582992
vn -0.180992 0.120083 -0.797355
vt 0.042591065 0.515501976
vn -0.083554 0.385289 -0.726364
vt 0.037943676 0.515055001
vn -0.169587 0.090000 -0.803802
vt 0.041974977 0.514582992
vn -0.180992 0.120083 -0.797355
vt 0.042591065 0.515501976
vn -0.062975 0.397769 -0.721735
vt 0.037950099 0.515501976
vn -0.083554 0.385289 -0.726364
vt 0.037943676 0.515055001
vn -0.826446 0.000000 0.000000
vt 0.037928760 0.515003979
vn -0.826446 0.000000 0.000000
vt 0.037939314 0.515055001
vn -0.826446 0.000000 0.000000
vt 0.037938628 0.515003979
vn -0.826446 0.000000 0.000000
vt 0.037928760 0.515003979
vn -0.826446 0.000000 0.000000
vt 0.037931055 0.515055001
vn -0.826446 0.000000 0.000000
vt 0.037939314 0.515055001
vn -0.826446 0.000000 0.000000
vt 0.037928760 0.515003979
vn -0.826446 0.000000 0.000000
vt 0.037921190 0.515055001
vn -0.826446 0.000000 0.000000
vt 0.037931055 0.515055001
vn -0.826446 0.000000 0.000000
vt 0.037928760 0.515003979
vn -0.826446 0.000000 0.000000
vt 0.037921190 0.515003979
vn -0.826446 0.000000 0.000000
vt 0.037921190 0.515055001
vn -0.716694 0.411570 0.000000
vt 0.857776165 0.714432001
vn -0.716694 0.411570 0.000000
vt 0.857745409 0.727676988
vn -0.716694 0.411570 0.000000
vt 0.861590624 0.729628980
vn -0.716694 0.411570 0.000000
vt 0.857776165 0.714432001
vn -0.716694 0.411570 0.000000
vt 0.861590624 0.729628980
v -3.735493 9.154018 8.725566
vn -0.716694 0.411570 0.000000
vt 0.861623228 0.712217987
vn -0.716694 0.411570 0.000000
vt 0.857780755 0.692856014
vn -0.716694 0.411570 0.000000
vt 0.857776165 0.714432001
vn -0.716694 0.411570 0.000000
vt 0.861623228 0.712217987
vn -0.716694 0.411570 0.000000
vt 0.857780755 0.692856014
vn -0.716694 0.411570 0.000000
vt 0.861623228 0.712217987
vn -0.716694 0.411570 0.000000
vt 0.861626208 0.694808006
vn -0.716694 0.411570 0.000000
vt 0.857780755 0.692856014
vn -0.716694 0.411570 0.000000
vt 0.849962711 0.706309974
vn -0.716694 0.411570 0.000000
vt 0.857776165 0.714432001
vn -0.716694 0.411570 0.000000
vt 0.857780755 0.692856014
vn -0.716694 0.411570 0.000000
vt 0.849967539 0.688899994
vn -0.716694 0.411570 0.000000
vt 0.849962711 0.706309974
vn -0.011488 0.000000 -0.826364
vt 0.062724404 0.031289000
vn -0.017603 0.000000 -0.826281
vt 0.063820742 0.035626002
vn -0.017603 0.000000 -0.826281
vt 0.063822582 0.031289000
vn -0.011488 0.000000 -0.826364
vt 0.062724404 0.031289000
vn -0.007934 0.000000 -0.826446
vt 0.062721424 0.035626002
vn -0.017603 0.000000 -0.826281
vt 0.063820742 0.035626002
vn -0.011488 0.000000 -0.826364
vt 0.062724404 0.031289000
v 2.113965 5.336049 -8.650764
vn 0.315207 0.000000 -0.763967
vt 0.062701464 0.033457998
vn -0.007934 0.000000 -0.826446
vt 0.062721424 0.035626002
vn -0.011488 0.000000 -0.826364
vt 0.062724404 0.031289000
v 2.113965 1.246156 -8.650764
vn 0.315207 0.000000 -0.763967
vt 0.062701464 0.031289000
vn 0.315207 0.000000 -0.763967
vt 0.062701464 0.033457998
vn 0.315207 0.000000 -0.763967
vt 0.062701464 0.033457998
vn 0.315207 0.000000 -0.763967
vt 0.062701464 0.035626002
vn -0.007934 0.000000 -0.826446
vt 0.062721424 0.035626002
vn -0.130413 -0.816116 0.000000
vt 0.059444800 0.029121000
vn -0.126942 -0.813306 -0.074132
vt 0.058795214 0.030593000
vn -0.117438 -0.814380 -0.077851
vt 0.058834217 0.030593000
vn -0.130413 -0.816116 0.000000
vt 0.059444800 0.029121000
v -0.434725 1.058050 -1.429110
vn -0.138347 -0.814793 0.000000
vt 0.059405565 0.029121000
vn -0.126942 -0.813306 -0.074132
vt 0.058795214 0.030593000
vn -0.130413 -0.816116 0.000000
vt 0.059444800 0.029121000
vn -0.126942 -0.813306 0.074132
vt 0.058795214 0.027649000
vn -0.138347 -0.814793 0.000000
vt 0.059405565 0.029121000
vn -0.130413 -0.816116 0.000000
vt 0.059444800 0.029121000
vn -0.117438 -0.814380 0.077851
vt 0.058833990 0.027649000
vn -0.126942 -0.813306 0.074132
vt 0.058795214 0.027649000
vn 0.017603 0.000000 -0.826281
vt 0.063637413 0.032664999
vn 0.011488 0.000000 -0.826364
vt 0.062541299 0.028231001
vn 0.017603 0.000000 -0.826281
vt 0.063639477 0.028231001
vn 0.017603 0.000000 -0.826281
vt 0.063637413 0.032664999
vn 0.007934 0.000000 -0.826446
vt 0.062538318 0.032664999
vn 0.011488 0.000000 -0.826364
vt 0.062541299 0.028231001
vn 0.011488 0.000000 -0.826364
vt 0.062541299 0.028231001
vn 0.007934 0.000000 -0.826446
vt 0.062538318 0.032664999
v -2.175526 5.336049 -8.650764
vn -0.315207 0.000000 -0.763967
vt 0.062518358 0.030448001
vn 0.011488 0.000000 -0.826364
vt 0.062541299 0.028231001
vn -0.315207 0.000000 -0.763967
vt 0.062518358 0.030448001
v -2.175526 1.246156 -8.650764
vn -0.315207 0.000000 -0.763967
vt 0.062518358 0.028231001
vn -0.315207 0.000000 -0.763967
vt 0.062518358 0.030448001
vn 0.007934 0.000000 -0.826446
vt 0.062538318 0.032664999
vn -0.315207 0.000000 -0.763967
vt 0.062518358 0.032664999
vn 0.126942 -0.813306 -0.074132
vt 0.058490038 0.027519001
vn 0.130413 -0.816116 0.000000
vt 0.059139624 0.026014000
vn 0.117438 -0.814380 -0.077851
vt 0.058529273 0.027519001
vn 0.126942 -0.813306 -0.074132
vt 0.058490038 0.027519001
v 0.373163 1.058050 -1.429110
vn 0.138347 -0.814793 0.000000
vt 0.059100389 0.026014000
vn 0.130413 -0.816116 0.000000
vt 0.059139624 0.026014000
vn 0.130413 -0.816116 0.000000
vt 0.059139624 0.026014000
vn 0.138347 -0.814793 0.000000
vt 0.059100389 0.026014000
vn 0.126942 -0.813306 0.074132
vt 0.058490038 0.024509000
vn 0.130413 -0.816116 0.000000
vt 0.059139624 0.026014000
vn 0.126942 -0.813306 0.074132
vt 0.058490038 0.024509000
vn 0.117438 -0.814380 0.077851
vt 0.058528814 0.024509000
vn -0.825620 0.036694 -0.008182
vt 0.037921190 0.508507013
vn -0.691074 0.442314 -0.098678
vt 0.037921190 0.506175995
vn -0.734215 0.377934 -0.034132
vt 0.037921190 0.506175995
vn -0.825620 0.036694 -0.008182
vt 0.037921190 0.508507013
vn -0.734215 0.377934 -0.034132
vt 0.037921190 0.506175995
vn -0.783388 0.263388 0.000000
vt 0.037921190 0.508507013
vn -0.826446 0.000000 0.000000
vt 0.037942756 0.510838985
vn -0.825620 0.036694 -0.008182
vt 0.037921190 0.508507013
vn -0.783388 0.263388 0.000000
vt 0.037921190 0.508507013
vn -0.826446 0.000000 0.000000
vt 0.037942756 0.510838985
vn -0.826446 0.000000 0.000000
vt 0.037939087 0.510838985
vn -0.825620 0.036694 -0.008182
vt 0.037921190 0.508507013
vn -0.826446 0.000000 0.000000
vt 0.037942756 0.510838985
vn -0.826446 0.000000 0.000000
vt 0.037948951 0.510838985
vn -0.826446 0.000000 0.000000
vt 0.037939087 0.510838985
vn -0.826446 0.000000 0.000000
vt 0.037942756 0.510838985
vn -0.826446 0.000000 0.000000
vt 0.037948951 0.510838985
vn -0.826446 0.000000 0.000000
vt 0.037948951 0.510838985
vn -0.534050 0.002810 -0.630661
vt 0.037028376 0.515375018
vn -0.409917 -0.005950 -0.717603
vt 0.037005663 0.516610026
vn -0.408843 -0.003306 -0.718264
vt 0.032061815 0.516610026
vn -0.534050 0.002810 -0.630661
vt 0.037028376 0.515375018
vn -0.408843 -0.003306 -0.718264
vt 0.032061815 0.516610026
vn -0.530661 0.003058 -0.633554
vt 0.032083612 0.515375018
vn -0.534050 0.002810 -0.630661
vt 0.037028376 0.515375018
vn -0.530661 0.003058 -0.633554
vt 0.032083612 0.515375018
vn -0.652810 0.012066 -0.506694
vt 0.032091871 0.514138997
vn -0.534050 0.002810 -0.630661
vt 0.037028376 0.515375018
vn -0.652810 0.012066 -0.506694
vt 0.032091871 0.514138997
vn -0.653636 0.015950 -0.505537
vt 0.037036866 0.514138997
vn 0.716694 0.411570 -0.000000
vt 0.857287884 0.704553008
vn 0.716694 0.411570 -0.000000
vt 0.862323046 0.684554994
vn 0.716694 0.411570 -0.000000
vt 0.857257128 0.687124014
vn 0.716694 0.411570 -0.000000
vt 0.857287884 0.704553008
v 3.779003 9.154018 8.725566
vn 0.716694 0.411570 -0.000000
vt 0.862355828 0.707467020
vn 0.716694 0.411570 -0.000000
vt 0.862323046 0.684554994
vn 0.716694 0.411570 -0.000000
vt 0.857287884 0.704553008
vn 0.716694 0.411570 -0.000000
vt 0.857292473 0.732946992
vn 0.716694 0.411570 -0.000000
vt 0.862355828 0.707467020
vn 0.716694 0.411570 -0.000000
vt 0.857292473 0.732946992
vn 0.716694 0.411570 -0.000000
vt 0.862358630 0.730377972
vn 0.716694 0.411570 -0.000000
vt 0.862355828 0.707467020
vn 0.716694 0.411570 -0.000000
vt 0.857287884 0.704553008
vn 0.716694 0.411570 -0.000000
vt 0.846971989 0.715241015
vn 0.716694 0.411570 -0.000000
vt 0.857292473 0.732946992
vn 0.716694 0.411570 -0.000000
vt 0.857292473 0.732946992
vn 0.716694 0.411570 -0.000000
vt 0.846971989 0.715241015
vn 0.716694 0.411570 -0.000000
vt 0.846976817 0.738152981
vn 0.316942 -0.000248 -0.763223
vt 0.033099413 0.509047985
vn 0.271322 0.270413 -0.732314
vt 0.035784960 0.508071005
vn 0.316446 0.014793 -0.763306
vt 0.036090136 0.507964015
vn 0.316942 -0.000248 -0.763223
vt 0.033099413 0.509047985
vn 0.316446 0.014793 -0.763306
vt 0.036090136 0.507964015
vn 0.317273 -0.000331 -0.763140
vt 0.033160448 0.508050025
vn 0.316942 -0.000248 -0.763223
vt 0.033099413 0.509047985
vn 0.317273 -0.000331 -0.763140
vt 0.033160448 0.508050025
vn 0.316446 -0.002893 -0.763471
vt 0.030658005 0.509047985
vn 0.316446 0.014793 -0.763306
vt 0.036090136 0.507964015
vn 0.316942 0.000248 -0.763223
vt 0.033343554 0.507964015
vn 0.317273 -0.000331 -0.763140
vt 0.033160448 0.508050025
vn -0.315372 0.014876 -0.763802
vt 0.036090136 0.507964015
vn -0.270331 0.270496 -0.732645
vt 0.035784960 0.508071005
vn -0.315950 -0.000248 -0.763636
vt 0.033038378 0.509047985
vn -0.315372 0.014876 -0.763802
vt 0.036090136 0.507964015
vn -0.315950 -0.000248 -0.763636
vt 0.033038378 0.509047985
vn -0.316281 -0.000331 -0.763554
vt 0.033221483 0.508049011
vn -0.315372 0.014876 -0.763802
vt 0.036090136 0.507964015
vn -0.316281 -0.000331 -0.763554
vt 0.033221483 0.508049011
vn -0.315950 0.000248 -0.763719
vt 0.033343554 0.507964015
vn -0.315950 -0.000248 -0.763636
vt 0.033038378 0.509047985
vn -0.315455 -0.002893 -0.763884
vt 0.030719040 0.509047985
vn -0.316281 -0.000331 -0.763554
vt 0.033221483 0.508049011
vn -0.304545 0.740992 0.202975
vt 0.178687081 0.507483006
vn -0.168926 0.648678 0.483388
vt 0.178917453 0.507432997
vn 0.033388 0.753802 0.337107
vt 0.176691040 0.507274985
vn 0.013223 0.774050 0.289174
vt 0.176747262 0.507351995
vn -0.304545 0.740992 0.202975
vt 0.178687081 0.507483006
vn 0.033388 0.753802 0.337107
vt 0.176691040 0.507274985
vn 0.013223 0.774050 0.289174
vt 0.176747262 0.507351995
vn 0.033388 0.753802 0.337107
vt 0.176691040 0.507274985
vn 0.069752 0.823471 -0.005785
vt 0.175590336 0.508340001
vn 0.013223 0.774050 0.289174
vt 0.176747262 0.507351995
vn 0.069752 0.823471 -0.005785
vt 0.175590336 0.508340001
vn -0.045289 0.823554 0.052397
vt 0.175956547 0.508202016
vn 0.069752 0.823471 -0.005785
vt 0.175590336 0.508340001
vn -0.250413 0.786942 -0.032479
vt 0.177848414 0.507709980
vn -0.045289 0.823554 0.052397
vt 0.175956547 0.508202016
vn -0.250413 0.786942 -0.032479
vt 0.177848414 0.507709980
vn -0.506694 0.651736 -0.038347
vt 0.178914234 0.507432997
vn -0.304545 0.740992 0.202975
vt 0.178687081 0.507483006
vn 0.069752 0.823471 -0.005785
vt 0.175590336 0.508340001
vn -0.210992 0.795289 -0.077686
vt 0.177790135 0.507207990
vn -0.250413 0.786942 -0.032479
vt 0.177848414 0.507709980
vn -0.250413 0.786942 -0.032479
vt 0.177848414 0.507709980
vn -0.210992 0.795289 -0.077686
vt 0.177790135 0.507207990
vn -0.506694 0.651736 -0.038347
vt 0.178914234 0.507432997
vn -0.155702 0.808182 -0.075124
vt 0.793388665 0.096842997
vn -0.197851 0.797769 -0.086364
vt 0.787371874 0.096672997
vn -0.116859 0.813636 -0.085950
vt 0.789630175 0.094030000
vn -0.155702 0.808182 -0.075124
vt 0.793388665 0.096842997
vn -0.216033 0.797603 0.012810
vt 0.781979680 0.103230998
vn -0.197851 0.797769 -0.086364
vt 0.787371874 0.096672997
vn -0.155702 0.808182 -0.075124
vt 0.793388665 0.096842997
vn -0.187025 0.802562 -0.062727
vt 0.801997125 0.103269003
vn -0.216033 0.797603 0.012810
vt 0.781979680 0.103230998
vn -0.216033 0.797603 0.012810
vt 0.781979680 0.103230998
vn -0.216116 0.796859 -0.035620
vt 0.784075975 0.096896000
vn -0.197851 0.797769 -0.086364
vt 0.787371874 0.096672997
vn 0.216364 0.797521 0.012727
vt 0.781979680 0.103207998
vn 0.198017 0.797686 -0.086529
vt 0.787371874 0.096671999
vn 0.216446 0.796777 -0.035950
vt 0.784075975 0.096897997
vn 0.216364 0.797521 0.012727
vt 0.781979680 0.103207998
vn 0.155702 0.808182 -0.075207
vt 0.793388665 0.096825004
vn 0.198017 0.797686 -0.086529
vt 0.787371874 0.096671999
vn 0.216364 0.797521 0.012727
vt 0.781979680 0.103207998
vn 0.187025 0.802562 -0.062727
vt 0.801996887 0.103252001
vn 0.155702 0.808182 -0.075207
vt 0.793388665 0.096825004
vn 0.155702 0.808182 -0.075207
vt 0.793388665 0.096825004
vn 0.116777 0.813636 -0.085950
vt 0.789630175 0.094011001
vn 0.198017 0.797686 -0.086529
vt 0.787371874 0.096671999
vn -0.000000 0.826364 -0.013388
vt 0.700518847 0.880171001
vn -0.021405 0.810578 -0.159752
vt 0.705706835 0.888436019
vn -0.048430 0.815372 -0.126033
vt 0.702349901 0.887099981
vn 0.021405 0.810578 -0.159917
vt 0.705706835 0.888391018
vn -0.000000 0.826364 -0.013388
vt 0.700518847 0.880171001
vn 0.048264 0.815289 -0.126446
vt 0.702349901 0.887049019
vn -0.000000 0.818843 -0.111736
vt 0.714679003 0.880195022
vn -0.021405 0.810578 -0.159752
vt 0.705706835 0.888436019
vn -0.000000 0.826364 -0.013388
vt 0.700518847 0.880171001
vn -0.000000 0.818843 -0.111736
vt 0.714679003 0.880195022
vn -0.000000 0.826364 -0.013388
vt 0.700518847 0.880171001
vn 0.021405 0.810578 -0.159917
vt 0.705706835 0.888391018
vn -0.000000 0.818843 -0.111736
vt 0.714679003 0.880195022
vn -0.066446 0.813802 -0.127769
vt 0.707476854 0.892618001
vn -0.021405 0.810578 -0.159752
vt 0.705706835 0.888436019
vn -0.000000 0.818843 -0.111736
vt 0.714679003 0.880195022
vn 0.021405 0.810578 -0.159917
vt 0.705706835 0.888391018
vn 0.066612 0.813802 -0.127934
vt 0.707476854 0.892592013
vn -0.000000 0.818843 -0.111736
vt 0.714679003 0.880195022
vn -0.001653 0.822727 -0.078182
vt 0.710985899 0.891075015
vn -0.066446 0.813802 -0.127769
vt 0.707476854 0.892618001
vn -0.000000 0.818843 -0.111736
vt 0.714679003 0.880195022
vn 0.039587 0.823471 -0.058347
vt 0.718860805 0.887580991
vn -0.001653 0.822727 -0.078182
vt 0.710985899 0.891075015
vn -0.000000 0.818843 -0.111736
vt 0.714679003 0.880195022
vn 0.066612 0.813802 -0.127934
vt 0.707476854 0.892592013
vn 0.001736 0.822727 -0.078182
vt 0.710985899 0.891049981
vn -0.000000 0.818843 -0.111736
vt 0.714679003 0.880195022
vn 0.001736 0.822727 -0.078182
vt 0.710985899 0.891049981
vn -0.039669 0.823471 -0.058347
vt 0.718860626 0.887556016
vn 0.252066 0.786364 -0.033223
vt 0.178031296 0.507704973
vn 0.307521 0.741735 0.195537
vt 0.178668261 0.507483006
vn 0.507686 0.650826 -0.040331
vt 0.178915843 0.507432997
vn 0.252066 0.786364 -0.033223
vt 0.178031296 0.507704973
vn 0.507686 0.650826 -0.040331
vt 0.178915843 0.507432997
vn 0.210331 0.795372 -0.078430
vt 0.178095311 0.507197976
vn -0.069421 0.823471 -0.005537
vt 0.175590336 0.508340001
vn 0.252066 0.786364 -0.033223
vt 0.178031296 0.507704973
vn 0.210331 0.795372 -0.078430
vt 0.178095311 0.507197976
vn -0.069421 0.823471 -0.005537
vt 0.175590336 0.508340001
vn 0.045620 0.823471 0.052727
vt 0.175956547 0.508202016
vn 0.252066 0.786364 -0.033223
vt 0.178031296 0.507704973
vn -0.020496 0.777521 0.279339
vt 0.176747024 0.507351995
vn 0.045620 0.823471 0.052727
vt 0.175956547 0.508202016
vn -0.069421 0.823471 -0.005537
vt 0.175590336 0.508340001
vn -0.020496 0.777521 0.279339
vt 0.176747024 0.507351995
vn 0.178264 0.645950 0.483719
vt 0.178920433 0.507432997
vn 0.307521 0.741735 0.195537
vt 0.178668261 0.507483006
vn -0.020496 0.777521 0.279339
vt 0.176747024 0.507351995
vn -0.069421 0.823471 -0.005537
vt 0.175590336 0.508340001
vn -0.039669 0.752479 0.339339
vt 0.176690578 0.507275999
vn -0.020496 0.777521 0.279339
vt 0.176747024 0.507351995
vn -0.039669 0.752479 0.339339
vt 0.176690578 0.507275999
vn 0.178264 0.645950 0.483719
vt 0.178920433 0.507432997
vn -0.000000 0.416694 0.713719
vt 0.860586524 0.729691982
vn -0.000000 0.416777 0.713719
vt 0.860830426 0.725632012
vn -0.000000 0.416777 0.713719
vt 0.860708356 0.725668013
vn -0.000000 0.416694 0.713719
vt 0.860586524 0.729691982
vn -0.000000 0.416777 0.713719
vt 0.860708356 0.725668013
vn -0.000000 0.565207 0.602975
vt 0.848162889 0.731670976
vn -0.000000 0.416694 0.713719
vt 0.870416164 0.721548021
vn -0.000000 0.416777 0.713719
vt 0.860830426 0.725632012
vn -0.000000 0.416694 0.713719
vt 0.860586524 0.729691982
vn -0.000000 0.416694 0.713719
vt 0.875116587 0.722487986
vn -0.000000 0.416694 0.713719
vt 0.870416164 0.721548021
vn -0.000000 0.416694 0.713719
vt 0.860586524 0.729691982
vn -0.000000 0.416694 0.713719
vt 0.845843554 0.736889005
vn -0.000000 0.416694 0.713719
vt 0.860586524 0.729691982
vn -0.000000 0.565207 0.602975
vt 0.848162889 0.731670976
vn -0.000000 0.416694 0.713719
vt 0.845843554 0.736889005
vn -0.000000 0.565207 0.602975
vt 0.848162889 0.731670976
vn -0.000000 0.565207 0.602975
vt 0.848162889 0.695262015
vn -0.000000 0.416694 0.713719
vt 0.875116587 0.722487986
vn -0.000000 0.416694 0.713719
vt 0.872735977 0.718867004
vn -0.000000 0.416694 0.713719
vt 0.870416164 0.721548021
vn -0.000000 0.416694 0.713719
vt 0.875116587 0.722487986
vn -0.000000 0.416694 0.713719
vt 0.874994516 0.704427004
vn -0.000000 0.416694 0.713719
vt 0.872735977 0.718867004
vn -0.000000 0.416694 0.713719
vt 0.845843554 0.690056980
vn -0.000000 0.416694 0.713719
vt 0.845843554 0.736889005
vn -0.000000 0.565207 0.602975
vt 0.848162889 0.695262015
vn -0.000000 0.416694 0.713719
vt 0.874994516 0.704427004
vn -0.000000 0.416694 0.713719
vt 0.872735977 0.708050013
vn -0.000000 0.416694 0.713719
vt 0.872735977 0.718867004
vn -0.000000 0.416694 0.713719
vt 0.874994516 0.704427004
vn -0.000000 0.416694 0.713719
vt 0.870293856 0.705366015
vn -0.000000 0.416694 0.713719
vt 0.872735977 0.708050013
vn -0.000000 0.416694 0.713719
vt 0.874994516 0.704427004
vn -0.000000 0.416694 0.713719
vt 0.860586524 0.697193980
vn -0.000000 0.416694 0.713719
vt 0.870293856 0.705366015
vn -0.000000 0.416694 0.713719
vt 0.845843554 0.690056980
vn -0.000000 0.565207 0.602975
vt 0.848162889 0.695262015
vn -0.000000 0.416694 0.713719
vt 0.860586524 0.697193980
vn -0.000000 0.565207 0.602975
vt 0.848162889 0.695262015
vn 0.590165 0.021570 0.578099
vt 0.860708356 0.701198995
vn -0.000000 0.416694 0.713719
vt 0.860586524 0.697193980
vn -0.000000 0.416694 0.713719
vt 0.870293856 0.705366015
vn -0.000000 0.416694 0.713719
vt 0.860586524 0.697193980
vn 0.590165 0.021570 0.578099
vt 0.860769391 0.701233983
vn -0.000000 0.416694 0.713719
vt 0.860586524 0.697193980
vn 0.590165 0.021570 0.578099
vt 0.860708356 0.701198995
vn 0.590165 0.021570 0.578099
vt 0.860769391 0.701233983
vn -0.000000 -0.814959 -0.137521
vt 0.033567041 0.520165026
vn -0.000000 -0.819587 -0.106529
vt 0.037961572 0.520165026
vn -0.000000 -0.814959 -0.137521
vt 0.037717432 0.520165026
vn -0.000000 -0.819587 -0.106529
vt 0.037961572 0.520165026
vn -0.000000 -0.814959 -0.137521
vt 0.037717890 0.520165026
vn -0.000000 -0.814959 -0.137521
vt 0.037717432 0.520165026
vn -0.000000 -0.814959 -0.137521
vt 0.033567041 0.520165026
vn -0.000000 -0.819587 -0.106529
vt 0.033322901 0.520165026
vn -0.000000 -0.819587 -0.106529
vt 0.037961572 0.520165026
vn -0.000000 -0.819587 -0.106529
vt 0.037961572 0.520165026
vn -0.000000 -0.826198 -0.021240
vt 0.037962262 0.520165026
vn -0.000000 -0.814959 -0.137521
vt 0.037717890 0.520165026
vn -0.000000 -0.814959 -0.137521
vt 0.033567041 0.520165026
vn -0.000000 -0.814959 -0.137521
vt 0.033567499 0.520165026
vn -0.000000 -0.819587 -0.106529
vt 0.033322901 0.520165026
vn -0.000000 -0.814959 -0.137521
vt 0.037717890 0.520165026
vn -0.000000 -0.826198 -0.021240
vt 0.037962262 0.520165026
vn -0.000000 -0.814959 -0.137521
vt 0.037718121 0.520165026
vn -0.000000 -0.814959 -0.137521
vt 0.033567499 0.520165026
vn -0.000000 -0.826198 -0.021240
vt 0.033323590 0.520165026
vn -0.000000 -0.819587 -0.106529
vt 0.033322901 0.520165026
vn -0.000000 -0.826198 -0.021240
vt 0.033323590 0.520165026
vn -0.000000 -0.814959 -0.137521
vt 0.037718121 0.520165026
vn -0.000000 -0.826198 -0.021240
vt 0.037962262 0.520165026
vn -0.000000 -0.826198 -0.021240
vt 0.033323590 0.520165026
vn -0.000000 -0.814959 -0.137521
vt 0.033567730 0.520165026
vn -0.000000 -0.814959 -0.137521
vt 0.037718121 0.520165026
vn -0.000000 -0.814959 -0.137521
vt 0.033567499 0.520165026
vn -0.000000 -0.814959 -0.137521
vt 0.033567730 0.520165026
vn -0.000000 -0.826198 -0.021240
vt 0.033323590 0.520165026
vn 0.306694 -0.736694 -0.215041
vt 0.212498263 0.313252002
vn -0.306694 -0.736694 -0.215041
vt 0.231541231 0.313252002
v -0.030781 5.203777 -15.905475
vn -0.000000 -0.017190 -0.826281
vt 0.222005516 0.313252002
vn -0.306694 -0.736694 -0.215041
vt 0.231541231 0.313252002
vn -0.736281 -0.301157 -0.224132
vt 0.228796944 0.313252002
vn -0.000000 -0.017190 -0.826281
vt 0.222005516 0.313252002
vn 0.306694 -0.736694 -0.215041
vt 0.212498263 0.313252002
vn -0.000000 -0.017190 -0.826281
vt 0.222005516 0.313252002
vn 0.736281 -0.301157 -0.224132
vt 0.215247363 0.313252002
vn -0.000000 -0.017190 -0.826281
vt 0.222005516 0.313252002
vn -0.736281 -0.301157 -0.224132
vt 0.228796944 0.313252002
vn -0.730248 0.306198 -0.236694
vt 0.226111844 0.313252002
vn -0.000000 -0.017190 -0.826281
vt 0.222005516 0.313252002
vn -0.730248 0.306198 -0.236694
vt 0.226111844 0.313252002
vn -0.300661 0.729669 -0.245372
vt 0.223362520 0.313252002
vn -0.000000 -0.017190 -0.826281
vt 0.222005516 0.313252002
vn -0.300661 0.729669 -0.245372
vt 0.223362520 0.313252002
vn 0.300661 0.729669 -0.245372
vt 0.220677197 0.313252002
vn -0.000000 -0.017190 -0.826281
vt 0.222005516 0.313252002
vn 0.730248 0.306198 -0.236694
vt 0.217933133 0.313252002
vn 0.736281 -0.301157 -0.224132
vt 0.215247363 0.313252002
vn -0.000000 -0.017190 -0.826281
vt 0.222005516 0.313252002
vn 0.300661 0.729669 -0.245372
vt 0.220677197 0.313252002
vn 0.730248 0.306198 -0.236694
vt 0.217933133 0.313252002
vn -0.576446 0.000000 -0.592231
vt 0.060523011 0.027972000
vn -0.826446 0.000000 0.000000
vt 0.055702612 0.029121000
vn -0.576446 0.000000 -0.592231
vt 0.056190893 0.027972000
vn -0.576446 0.000000 -0.592231
vt 0.060523011 0.027972000
vn -0.826446 0.000000 0.000000
vt 0.060035419 0.029121000
vn -0.826446 0.000000 0.000000
vt 0.055702612 0.029121000
vn -0.576446 0.000000 -0.592231
vt 0.060523011 0.027972000
vn -0.576446 0.000000 -0.592231
vt 0.056190893 0.027972000
vn 0.017603 0.000000 -0.826281
vt 0.061684746 0.027496001
vn -0.826446 0.000000 0.000000
vt 0.055702612 0.029121000
vn -0.826446 0.000000 0.000000
vt 0.060035419 0.029121000
vn -0.576446 0.000000 0.592231
vt 0.056191351 0.030270001
vn -0.576446 0.000000 -0.592231
vt 0.056190893 0.027972000
vn 0.017603 0.000000 -0.826281
vt 0.057291590 0.027496001
vn 0.017603 0.000000 -0.826281
vt 0.061684746 0.027496001
vn -0.576446 0.000000 0.592231
vt 0.060524616 0.030270001
vn -0.576446 0.000000 0.592231
vt 0.056191351 0.030270001
vn -0.826446 0.000000 0.000000
vt 0.060035419 0.029121000
vn 0.593967 0.000000 -0.574628
vt 0.062784068 0.027972000
vn 0.017603 0.000000 -0.826281
vt 0.061684746 0.027496001
vn 0.017603 0.000000 -0.826281
vt 0.057291590 0.027496001
vn -0.576446 0.000000 0.592231
vt 0.060524616 0.030270001
vn 0.017603 0.000000 0.826281
vt 0.057289984 0.030746000
vn -0.576446 0.000000 0.592231
vt 0.056191351 0.030270001
vn 0.593967 0.000000 -0.574628
vt 0.058451716 0.027972000
vn 0.593967 0.000000 -0.574628
vt 0.062784068 0.027972000
vn 0.017603 0.000000 -0.826281
vt 0.057291590 0.027496001
vn -0.576446 0.000000 0.592231
vt 0.060524616 0.030270001
vn 0.017603 0.000000 0.826281
vt 0.061684974 0.030746000
vn 0.017603 0.000000 0.826281
vt 0.057289984 0.030746000
vn 0.826446 0.000000 0.000000
vt 0.063273951 0.029121000
vn 0.593967 0.000000 -0.574628
vt 0.062784068 0.027972000
vn 0.593967 0.000000 -0.574628
vt 0.058451716 0.027972000
vn 0.017603 0.000000 0.826281
vt 0.057289984 0.030746000
vn 0.017603 0.000000 0.826281
vt 0.061684974 0.030746000
vn 0.593967 0.000000 0.574628
vt 0.058451489 0.030270001
vn 0.826446 0.000000 0.000000
vt 0.058940459 0.029121000
vn 0.826446 0.000000 0.000000
vt 0.063273951 0.029121000
vn 0.593967 0.000000 -0.574628
vt 0.058451716 0.027972000
vn 0.017603 0.000000 0.826281
vt 0.061684974 0.030746000
vn 0.593967 0.000000 0.574628
vt 0.062784985 0.030270001
vn 0.593967 0.000000 0.574628
vt 0.058451489 0.030270001
vn 0.593967 0.000000 0.574628
vt 0.062784985 0.030270001
vn 0.826446 0.000000 0.000000
vt 0.063273951 0.029121000
vn 0.826446 0.000000 0.000000
vt 0.058940459 0.029121000
vn 0.593967 0.000000 0.574628
vt 0.058451489 0.030270001
vn 0.593967 0.000000 0.574628
vt 0.062784985 0.030270001
vn 0.826446 0.000000 0.000000
vt 0.058940459 0.029121000
vn 0.826446 0.000000 0.000000
vt 0.055336628 0.026014000
vn 0.576446 0.000000 -0.592231
vt 0.060218524 0.024839999
vn 0.576446 0.000000 -0.592231
vt 0.055824682 0.024839999
vn 0.826446 0.000000 0.000000
vt 0.055336628 0.026014000
vn 0.826446 0.000000 0.000000
vt 0.059730701 0.026014000
vn 0.576446 0.000000 -0.592231
vt 0.060218524 0.024839999
vn 0.826446 0.000000 0.000000
vt 0.055336628 0.026014000
vn 0.576446 0.000000 0.592231
vt 0.055825140 0.027189000
vn 0.826446 0.000000 0.000000
vt 0.059730701 0.026014000
vn 0.576446 0.000000 -0.592231
vt 0.060218524 0.024839999
vn -0.017603 0.000000 -0.826281
vt 0.061440375 0.024352999
vn 0.576446 0.000000 -0.592231
vt 0.055824682 0.024839999
vn 0.576446 0.000000 -0.592231
vt 0.055824682 0.024839999
vn -0.017603 0.000000 -0.826281
vt 0.061440375 0.024352999
vn -0.017603 0.000000 -0.826281
vt 0.056986414 0.024352999
vn 0.576446 0.000000 0.592231
vt 0.060219441 0.027189000
vn 0.826446 0.000000 0.000000
vt 0.059730701 0.026014000
vn 0.576446 0.000000 0.592231
vt 0.055825140 0.027189000
vn -0.017603 0.000000 0.826281
vt 0.056984808 0.027674999
vn 0.576446 0.000000 0.592231
vt 0.060219441 0.027189000
vn 0.576446 0.000000 0.592231
vt 0.055825140 0.027189000
vn -0.017603 0.000000 -0.826281
vt 0.056986414 0.024352999
vn -0.017603 0.000000 -0.826281
vt 0.061440375 0.024352999
vn -0.593967 0.000000 -0.574628
vt 0.062600732 0.024839999
vn -0.593967 0.000000 -0.574628
vt 0.058146771 0.024839999
vn -0.017603 0.000000 -0.826281
vt 0.056986414 0.024352999
vn -0.593967 0.000000 -0.574628
vt 0.062600732 0.024839999
vn -0.017603 0.000000 0.826281
vt 0.056984808 0.027674999
vn -0.017603 0.000000 0.826281
vt 0.061440833 0.027674999
vn 0.576446 0.000000 0.592231
vt 0.060219441 0.027189000
vn -0.017603 0.000000 0.826281
vt 0.056984808 0.027674999
vn -0.593967 0.000000 0.574628
vt 0.058146313 0.027189000
vn -0.017603 0.000000 0.826281
vt 0.061440833 0.027674999
vn -0.593967 0.000000 -0.574628
vt 0.058146771 0.024839999
vn -0.593967 0.000000 -0.574628
vt 0.062600732 0.024839999
vn -0.826446 0.000000 0.000000
vt 0.063091077 0.026014000
vn -0.826446 0.000000 0.000000
vt 0.058635052 0.026014000
vn -0.593967 0.000000 -0.574628
vt 0.058146771 0.024839999
vn -0.826446 0.000000 0.000000
vt 0.063091077 0.026014000
vn -0.593967 0.000000 0.574628
vt 0.058146313 0.027189000
vn -0.593967 0.000000 0.574628
vt 0.062602334 0.027189000
vn -0.017603 0.000000 0.826281
vt 0.061440833 0.027674999
vn -0.593967 0.000000 0.574628
vt 0.058146313 0.027189000
vn -0.826446 0.000000 0.000000
vt 0.058635052 0.026014000
vn -0.593967 0.000000 0.574628
vt 0.062602334 0.027189000
vn -0.826446 0.000000 0.000000
vt 0.058635052 0.026014000
vn -0.826446 0.000000 0.000000
vt 0.063091077 0.026014000
vn -0.593967 0.000000 0.574628
vt 0.062602334 0.027189000
s off
f 19/25/25 20/26/26 21/27/27
f 22/28/28 23/29/29 24/30/30
s 1
f 1/1/1 2/2/2 3/3/3
f 4/4/4 5/5/5 6/6/6
f 34/61/61 35/62/62 36/63/63
f 34/64/64 5/65/65 35/66/66
f 35/97/97 41/98/98 36/99/99
f 35/100/100 3/101/101 41/102/102
f 3/709/709 35/710/710 5/711/711
f 3/712/712 5/713/713 1/714/714
f 5/715/715 4/716/716 1/717/717
f 4/718/718 28/719/719 1/720/720
f 264/760/760 83/761/761 265/762/762
f 264/763/763 85/764/764 83/765/765
f 264/766/766 266/767/767 85/768/768
f 259/769/769 77/770/770 257/771/771
f 259/772/772 74/773/773 77/774/774
f 259/775/775 267/776/776 74/777/777
f 56/778/778 8/779/779 39/780/780
f 56/781/781 39/782/782 59/783/783
f 39/784/784 261/785/785 59/786/786
f 32/787/787 9/788/788 43/789/789
f 32/790/790 43/791/791 45/792/792
f 32/793/793 45/794/794 260/795/795
f 268/796/796 43/797/797 9/798/798
f 268/799/799 9/800/800 269/801/801
f 9/802/802 6/803/803 269/804/804
f 50/1165/1165 268/1166/1166 269/1167/1167
f 46/1168/1168 50/1169/1169 269/1170/1170
f 46/1171/1171 269/1172/1172 34/1173/1173
f 36/1174/1174 46/1175/1175 34/1176/1176
f 36/1177/1177 49/1178/1178 46/1179/1179
f 36/1180/1180 314/1181/1181 49/1182/1182
f 63/1183/1183 315/1184/1184 36/1185/1185
f 61/1186/1186 63/1187/1187 36/1188/1188
f 61/1189/1189 36/1190/1190 41/1191/1191
f 316/1192/1192 61/1193/1193 41/1194/1194
f 316/1195/1195 64/1196/1196 61/1197/1197
f 316/1198/1198 317/1199/1199 64/1200/1200
f 8/1201/1201 316/1202/1202 2/1203/1203
f 8/1204/1204 317/1205/1205 316/1206/1206
f 8/1207/1207 56/1208/1208 317/1209/1209
f 77/1729/1729 254/1730/1730 257/1731/1731
f 77/1732/1732 32/1733/1733 254/1734/1734
f 77/1735/1735 30/1736/1736 32/1737/1737
f 32/1738/1738 260/1739/1739 254/1740/1740
f 39/1741/1741 262/1742/1742 261/1743/1743
f 39/1744/1744 85/1745/1745 262/1746/1746
f 39/1747/1747 38/1748/1748 85/1749/1749
f 85/1750/1750 266/1751/1751 262/1752/1752
f 36/1753/1753 339/1754/1754 314/1755/1755
f 341/1756/1756 36/1757/1757 315/1758/1758
f 337/1759/1759 339/1760/1760 36/1761/1761
f 337/1762/1762 36/1763/1763 341/1764/1764
f 337/1765/1765 267/1766/1766 339/1767/1767
f 337/1768/1768 341/1769/1769 265/1770/1770
f 337/1771/1771 74/1772/1772 267/1773/1773
f 337/1774/1774 70/1775/1775 74/1776/1776
f 337/1777/1777 265/1778/1778 83/1779/1779
f 337/1780/1780 83/1781/1781 80/1782/1782
s 2
f 2/7/7 7/8/8 8/9/9
f 1/79/79 7/80/80 2/81/81
f 1/82/82 27/83/83 7/84/84
s 3
f 6/10/10 9/11/11 10/12/12
f 4/43/43 10/44/44 25/45/45
f 4/46/46 6/47/47 10/48/48
s 4
f 11/13/13 12/14/14 13/15/15
f 17/19/19 11/20/20 13/21/21
f 11/1030/1030 17/1031/1031 299/1032/1032
f 300/1033/1033 11/1034/1034 299/1035/1035
f 300/1036/1036 93/1037/1037 11/1038/1038
f 275/1633/1633 274/1634/1634 299/1635/1635
f 275/1636/1636 299/1637/1637 17/1638/1638
f 13/1639/1639 275/1640/1640 17/1641/1641
f 13/1642/1642 137/1643/1643 275/1644/1644
f 13/1645/1645 135/1646/1646 137/1647/1647
f 13/1648/1648 133/1649/1649 135/1650/1650
s 5
f 14/16/16 15/17/17 16/18/18
f 18/22/22 14/23/23 16/24/24
f 16/1039/1039 301/1040/1040 18/1041/1041
f 16/1042/1042 302/1043/1043 301/1044/1044
f 16/1045/1045 92/1046/1046 302/1047/1047
f 18/1513/1513 301/1514/1514 273/1515/1515
f 18/1516/1516 273/1517/1517 272/1518/1518
f 18/1519/1519 272/1520/1520 113/1521/1521
f 18/1522/1522 113/1523/1523 14/1524/1524
f 113/1525/1525 131/1526/1526 14/1527/1527
f 113/1528/1528 112/1529/1529 131/1530/1530
s 6
f 25/31/31 10/32/32 26/33/33
f 26/34/34 7/35/35 27/36/36
f 29/67/67 25/68/68 26/69/69
f 29/70/70 26/71/71 27/72/72
f 10/1048/1048 303/1049/1049 51/1050/1050
f 48/1051/1051 10/1052/1052 51/1053/1053
f 48/1054/1054 26/1055/1055 10/1056/1056
f 48/1057/1057 304/1058/1058 26/1059/1059
f 48/1060/1060 47/1061/1061 304/1062/1062
f 47/1063/1063 305/1064/1064 304/1065/1065
f 304/1066/1066 306/1067/1067 60/1068/1068
f 62/1069/1069 304/1070/1070 60/1071/1071
f 62/1072/1072 26/1073/1073 304/1074/1074
f 62/1075/1075 7/1076/1076 26/1077/1077
f 62/1078/1078 65/1079/1079 7/1080/1080
f 65/1081/1081 307/1082/1082 7/1083/1083
f 44/1084/1084 303/1085/1085 10/1086/1086
f 31/1087/1087 44/1088/1088 10/1089/1089
f 31/1090/1090 42/1091/1091 44/1092/1092
f 31/1093/1093 255/1094/1094 42/1095/1095
f 31/1096/1096 33/1097/1097 255/1098/1098
f 256/1099/1099 255/1100/1100 33/1101/1101
f 258/1102/1102 256/1103/1103 33/1104/1104
f 308/1105/1105 258/1106/1106 33/1107/1107
f 308/1108/1108 33/1109/1109 271/1110/1110
f 308/1111/1111 309/1112/1112 258/1113/1113
f 58/1135/1135 7/1136/1136 307/1137/1137
f 37/1138/1138 7/1139/1139 58/1140/1140
f 37/1141/1141 58/1142/1142 57/1143/1143
f 37/1144/1144 57/1145/1145 263/1146/1146
f 40/1147/1147 37/1148/1148 263/1149/1149
f 40/1150/1150 263/1151/1151 310/1152/1152
f 40/1153/1153 310/1154/1154 311/1155/1155
f 40/1156/1156 311/1157/1157 312/1158/1158
f 40/1159/1159 312/1160/1160 270/1161/1161
f 311/1162/1162 313/1163/1163 312/1164/1164
f 312/1477/1477 313/1478/1478 342/1479/1479
f 312/1480/1480 342/1481/1481 338/1482/1482
f 304/1483/1483 342/1484/1484 306/1485/1485
f 304/1486/1486 338/1487/1487 342/1488/1488
f 304/1489/1489 340/1490/1490 338/1491/1491
f 304/1492/1492 305/1493/1493 340/1494/1494
f 340/1495/1495 308/1496/1496 338/1497/1497
f 340/1498/1498 309/1499/1499 308/1500/1500
s 7
f 28/37/37 25/38/38 29/39/39
f 28/40/40 4/41/41 25/42/42
f 28/73/73 27/74/74 1/75/75
f 28/76/76 29/77/77 27/78/78
s 8
f 30/49/49 31/50/50 32/51/51
f 30/52/52 33/53/53 31/54/54
s 9
f 31/55/55 9/56/56 32/57/57
f 31/58/58 10/59/59 9/60/60
s 10
f 37/85/85 38/86/86 39/87/87
f 37/88/88 40/89/89 38/90/90
s 11
f 8/91/91 37/92/92 39/93/93
f 8/94/94 7/95/95 37/96/96
s 12
f 42/103/103 43/104/104 44/105/105
f 42/106/106 45/107/107 43/108/108
s 13
f 46/109/109 47/110/110 48/111/111
f 46/112/112 49/113/113 47/114/114
s 14
f 50/115/115 48/116/116 51/117/117
f 50/118/118 46/119/119 48/120/120
s 15
f 52/121/121 53/122/122 54/123/123
f 52/124/124 55/125/125 53/126/126
f 54/1705/1705 34/1706/1706 269/1707/1707
f 52/1708/1708 54/1709/1709 269/1710/1710
f 52/1711/1711 269/1712/1712 6/1713/1713
f 52/1714/1714 6/1715/1715 55/1716/1716
f 6/1717/1717 53/1718/1718 55/1719/1719
f 53/1720/1720 34/1721/1721 54/1722/1722
f 6/1723/1723 5/1724/1724 53/1725/1725
f 53/1726/1726 5/1727/1727 34/1728/1728
s 16
f 56/127/127 57/128/128 58/129/129
f 56/130/130 59/131/131 57/132/132
s 17
f 60/133/133 61/134/134 62/135/135
f 60/136/136 63/137/137 61/138/138
s 18
f 62/139/139 64/140/140 65/141/141
f 62/142/142 61/143/143 64/144/144
s 19
f 66/145/145 67/146/146 68/147/147
f 66/148/148 69/149/149 67/150/150
f 67/1783/1783 69/1784/1784 41/1785/1785
f 67/1786/1786 41/1787/1787 3/1788/1788
f 2/1789/1789 67/1790/1790 3/1791/1791
f 2/1792/1792 68/1793/1793 67/1794/1794
f 66/1795/1795 68/1796/1796 2/1797/1797
f 66/1798/1798 41/1799/1799 69/1800/1800
f 66/1801/1801 2/1802/1802 316/1803/1803
f 66/1804/1804 316/1805/1805 41/1806/1806
s 20
f 70/151/151 71/152/152 72/153/153
f 70/154/154 73/155/155 71/156/156
s 21
f 74/157/157 72/158/158 75/159/159
f 74/160/160 70/161/161 72/162/162
s 22
f 76/163/163 77/164/164 78/165/165
f 76/166/166 30/167/167 77/168/168
s 23
f 79/169/169 80/170/170 81/171/171
f 79/172/172 82/173/173 80/174/174
s 24
f 81/175/175 83/176/176 84/177/177
f 81/178/178 80/179/179 83/180/180
s 25
f 85/181/181 86/182/182 87/183/183
f 85/184/184 38/185/185 86/186/186
s 26
f 83/187/187 87/188/188 84/189/189
f 83/190/190 85/191/191 87/192/192
s 27
f 78/193/193 74/194/194 75/195/195
f 78/196/196 77/197/197 74/198/198
s 28
f 88/199/199 89/200/200 90/201/201
f 88/202/202 91/203/203 89/204/204
s 29
f 11/205/205 92/206/206 16/207/207
f 11/208/208 93/209/209 92/210/210
f 12/253/253 16/254/254 15/255/255
f 12/256/256 11/257/257 16/258/258
s 30
f 94/211/211 95/212/212 96/213/213
f 94/214/214 97/215/215 95/216/216
f 110/247/247 96/248/248 111/249/249
f 110/250/250 94/251/251 96/252/252
f 97/265/265 115/266/266 95/267/267
f 97/268/268 116/269/269 115/270/270
f 119/289/289 127/290/290 120/291/291
f 119/292/292 128/293/293 127/294/294
f 125/1855/1855 116/1856/1856 123/1857/1857
f 116/1858/1858 286/1859/1859 123/1860/1860
f 125/1861/1861 115/1862/1862 116/1863/1863
f 116/1864/1864 119/1865/1865 286/1866/1866
f 125/1867/1867 287/1868/1868 115/1869/1869
f 286/1870/1870 119/1871/1871 160/1872/1872
f 287/1873/1873 120/1874/1874 115/1875/1875
f 120/1876/1876 160/1877/1877 119/1878/1878
f 120/1879/1879 158/1880/1880 160/1881/1881
f 287/1882/1882 158/1883/1883 120/1884/1884
s 31
f 98/217/217 99/218/218 100/219/219
f 98/220/220 101/221/221 99/222/222
s 32
f 100/223/223 102/224/224 103/225/225
f 100/226/226 99/227/227 102/228/228
s 33
f 104/229/229 105/230/230 91/231/231
f 104/232/232 91/233/233 88/234/234
s 34
f 90/235/235 89/236/236 106/237/237
f 90/238/238 106/239/239 107/240/240
s 35
f 98/241/241 108/242/242 101/243/243
f 98/244/244 109/245/245 108/246/246
s 36
f 103/259/259 112/260/260 113/261/261
f 103/262/262 114/263/263 112/264/264
s 37
f 116/271/271 117/272/272 118/273/273
f 116/274/274 118/275/275 119/276/276
f 119/301/301 118/302/302 130/303/303
f 119/304/304 130/305/305 128/306/306
f 272/847/847 110/848/848 113/849/849
f 94/850/850 110/851/851 272/852/852
f 273/853/853 94/854/854 272/855/855
f 273/856/856 97/857/857 94/858/858
f 273/859/859 116/860/860 97/861/861
f 273/862/862 117/863/863 116/864/864
s 38
f 115/277/277 120/278/278 121/279/279
f 115/280/280 121/281/281 122/282/282
f 120/307/307 127/308/308 129/309/309
f 120/310/310 129/311/311 121/312/312
f 274/883/883 115/884/884 122/885/885
f 274/886/886 95/887/887 115/888/888
f 275/889/889 95/890/890 274/891/891
f 275/892/892 96/893/893 95/894/894
f 275/895/895 111/896/896 96/897/897
f 275/898/898 137/899/899 111/900/900
s 39
f 123/283/283 124/284/284 125/285/285
f 123/286/286 126/287/287 124/288/288
s 40
f 129/295/295 128/296/296 130/297/297
f 129/298/298 127/299/299 128/300/300
s 41
f 131/313/313 114/314/314 132/315/315
f 131/316/316 112/317/317 114/318/318
s 42
f 133/319/319 134/320/320 135/321/321
f 133/322/322 136/323/323 134/324/324
s 43
f 104/325/325 131/326/326 132/327/327
f 104/328/328 14/329/329 131/330/330
s 44
f 107/331/331 133/332/332 13/333/333
f 107/334/334 136/335/335 133/336/336
s 45
f 109/337/337 135/338/338 134/339/339
f 109/340/340 137/341/341 135/342/342
s 46
f 138/343/343 139/344/344 140/345/345
f 138/346/346 141/347/347 139/348/348
s 47
f 142/349/349 143/350/350 144/351/351
f 142/352/352 145/353/353 143/354/354
s 48
f 146/355/355 147/356/356 148/357/357
f 146/358/358 149/359/359 147/360/360
f 319/1258/1258 150/1259/1259 152/1260/1260
f 319/1261/1261 152/1262/1262 320/1263/1263
f 319/1264/1264 320/1265/1265 318/1266/1266
f 320/1267/1267 321/1268/1268 318/1269/1269
f 318/1270/1270 321/1271/1271 322/1272/1272
f 318/1273/1273 322/1274/1274 155/1275/1275
f 155/1276/1276 322/1277/1277 156/1278/1278
f 322/1279/1279 147/1280/1280 156/1281/1281
f 147/1282/1282 149/1283/1283 156/1284/1284
f 350/1807/1807 279/1808/1808 280/1809/1809
f 350/1810/1810 280/1811/1811 148/1812/1812
f 277/1813/1813 279/1814/1814 350/1815/1815
f 283/1816/1816 277/1817/1817 350/1818/1818
f 139/1819/1819 350/1820/1820 148/1821/1821
f 139/1822/1822 148/1823/1823 147/1824/1824
f 283/1825/1825 151/1826/1826 277/1827/1827
f 283/1828/1828 282/1829/1829 151/1830/1830
f 140/1831/1831 139/1832/1832 147/1833/1833
f 282/1834/1834 152/1835/1835 151/1836/1836
f 282/1837/1837 320/1838/1838 152/1839/1839
f 282/1840/1840 343/1841/1841 320/1842/1842
f 140/1843/1843 147/1844/1844 343/1845/1845
f 147/1846/1846 322/1847/1847 343/1848/1848
f 320/1849/1849 343/1850/1850 321/1851/1851
f 343/1852/1852 322/1853/1853 321/1854/1854
s 49
f 150/361/361 151/362/362 152/363/363
f 150/364/364 153/365/365 151/366/366
s 50
f 154/367/367 155/368/368 156/369/369
f 154/370/370 157/371/371 155/372/372
s 51
f 146/373/373 156/374/374 149/375/375
f 146/376/376 154/377/377 156/378/378
s 52
f 158/379/379 159/380/380 160/381/381
f 158/382/382 161/383/383 159/384/384
s 53
f 162/385/385 163/386/386 164/387/387
f 162/388/388 164/389/389 165/390/390
s 54
f 166/391/391 167/392/392 168/393/393
f 166/394/394 168/395/395 169/396/396
s 55
f 170/397/397 171/398/398 172/399/399
f 170/400/400 162/401/401 171/402/402
s 56
f 167/403/403 173/404/404 168/405/405
f 167/406/406 174/407/407 173/408/408
s 57
f 166/409/409 163/410/410 175/411/411
f 166/412/412 169/413/413 163/414/414
s 58
f 175/415/415 163/416/416 162/417/417
f 175/418/418 162/419/419 170/420/420
s 59
f 176/421/421 171/422/422 177/423/423
f 176/424/424 177/425/425 178/426/426
s 60
f 173/427/427 179/428/428 180/429/429
f 173/430/430 180/431/431 181/432/432
s 61
f 169/433/433 168/434/434 182/435/435
f 169/436/436 182/437/437 183/438/438
s 62
f 171/439/439 165/440/440 177/441/441
f 171/442/442 162/443/443 165/444/444
s 63
f 176/445/445 180/446/446 179/447/447
f 176/448/448 178/449/449 180/450/450
f 297/1012/1012 173/1013/1013 174/1014/1014
f 297/1015/1015 179/1016/1016 173/1017/1017
f 297/1018/1018 298/1019/1019 179/1020/1020
f 179/1021/1021 298/1022/1022 176/1023/1023
f 298/1024/1024 171/1025/1025 176/1026/1026
f 298/1027/1027 172/1028/1028 171/1029/1029
s 64
f 173/451/451 182/452/452 168/453/453
f 173/454/454 181/455/455 182/456/456
s 65
f 169/457/457 164/458/458 163/459/459
f 169/460/460 183/461/461 164/462/462
s 66
f 184/463/463 185/464/464 186/465/465
f 184/466/466 187/467/467 185/468/468
f 188/469/469 187/470/470 184/471/471
f 188/472/472 189/473/473 187/474/474
f 186/1369/1369 185/1370/1370 211/1371/1371
f 208/1372/1372 186/1373/1373 211/1374/1374
f 208/1375/1375 211/1376/1376 207/1377/1377
f 204/1378/1378 208/1379/1379 207/1380/1380
f 203/1381/1381 204/1382/1382 207/1383/1383
f 203/1384/1384 200/1385/1385 204/1386/1386
f 203/1387/1387 333/1388/1388 200/1389/1389
f 203/1390/1390 218/1391/1391 333/1392/1392
f 333/1393/1393 334/1394/1394 200/1395/1395
f 190/1579/1579 189/1580/1580 188/1581/1581
f 190/1582/1582 194/1583/1583 189/1584/1584
f 190/1585/1585 344/1586/1586 194/1587/1587
f 190/1588/1588 345/1589/1589 344/1590/1590
f 344/1591/1591 216/1592/1592 194/1593/1593
s 67
f 190/475/475 191/476/476 192/477/477
f 190/478/478 188/479/479 191/480/480
f 196/487/487 190/488/488 192/489/489
f 196/490/490 197/491/491 190/492/492
f 200/499/499 196/500/500 201/501/501
f 200/502/502 197/503/503 196/504/504
f 204/511/511 201/512/512 205/513/513
f 204/514/514 200/515/515 201/516/516
f 208/523/523 205/524/524 209/525/525
f 208/526/526 204/527/527 205/528/528
f 212/535/535 208/536/536 209/537/537
f 212/538/538 186/539/539 208/540/540
f 184/547/547 212/548/548 214/549/549
f 184/550/550 186/551/551 212/552/552
f 188/559/559 214/560/560 191/561/561
f 188/562/562 184/563/563 214/564/564
s 68
f 193/481/481 194/482/482 195/483/483
f 193/484/484 189/485/485 194/486/486
f 194/493/493 198/494/494 195/495/495
f 194/496/496 199/497/497 198/498/498
f 199/505/505 202/506/506 198/507/507
f 199/508/508 203/509/509 202/510/510
f 203/517/517 206/518/518 202/519/519
f 203/520/520 207/521/521 206/522/522
f 207/529/529 210/530/530 206/531/531
f 207/532/532 211/533/533 210/534/534
f 211/541/541 213/542/542 210/543/543
f 211/544/544 185/545/545 213/546/546
f 213/553/553 187/554/554 215/555/555
f 213/556/556 185/557/557 187/558/558
f 187/565/565 193/566/566 215/567/567
f 187/568/568 189/569/569 193/570/570
s 69
f 199/571/571 194/572/572 216/573/573
f 199/574/574 216/575/575 217/576/576
f 199/577/577 217/578/578 218/579/579
f 199/580/580 218/581/581 203/582/582
s 70
f 219/583/583 220/584/584 221/585/585
f 219/586/586 221/587/587 222/588/588
f 221/589/589 223/590/590 222/591/591
f 221/592/592 224/593/593 223/594/594
s 71
f 225/595/595 226/596/596 227/597/597
f 225/598/598 228/599/599 226/600/600
f 228/1606/1606 230/1607/1607 226/1608/1608
f 228/1609/1609 223/1610/1610 230/1611/1611
f 230/1612/1612 223/1613/1613 347/1614/1614
f 230/1615/1615 347/1616/1616 348/1617/1617
f 347/1618/1618 223/1619/1619 224/1620/1620
s 72
f 229/601/601 230/602/602 231/603/603
f 229/604/604 226/605/605 230/606/606
f 231/613/613 234/614/614 235/615/615
f 231/616/616 230/617/617 234/618/618
f 235/625/625 237/626/626 238/627/627
f 235/628/628 234/629/629 237/630/630
f 240/637/637 237/638/638 241/639/639
f 240/640/640 238/641/641 237/642/642
f 244/649/649 241/650/650 245/651/651
f 244/652/652 240/653/653 241/654/654
f 244/661/661 248/662/662 249/663/663
f 244/664/664 245/665/665 248/666/666
f 252/673/673 248/674/674 227/675/675
f 252/676/676 249/677/677 248/678/678
f 229/685/685 227/686/686 226/687/687
f 229/688/688 252/689/689 227/690/690
s 73
f 232/607/607 228/608/608 233/609/609
f 232/610/610 223/611/611 228/612/612
f 236/619/619 223/620/620 232/621/621
f 236/622/622 222/623/623 223/624/624
f 236/631/631 219/632/632 222/633/633
f 236/634/634 239/635/635 219/636/636
f 242/643/643 219/644/644 239/645/645
f 242/646/646 243/647/647 219/648/648
f 246/655/655 243/656/656 242/657/657
f 246/658/658 247/659/659 243/660/660
f 246/667/667 250/668/668 247/669/669
f 246/670/670 251/671/671 250/672/672
f 253/679/679 250/680/680 251/681/681
f 253/682/682 225/683/683 250/684/684
f 233/691/691 225/692/692 253/693/693
f 233/694/694 228/695/695 225/696/696
s 74
f 19/697/697 24/698/698 23/699/699
f 19/700/700 21/701/701 24/702/702
s 75
f 20/703/703 24/704/704 21/705/705
f 20/706/706 22/707/707 24/708/708
s 76
f 254/721/721 255/722/722 256/723/723
f 254/724/724 256/725/725 257/726/726
f 256/727/727 258/728/728 257/729/729
f 258/730/730 259/731/731 257/732/732
s 77
f 260/733/733 45/734/734 42/735/735
f 260/736/736 42/737/737 255/738/738
f 260/739/739 255/740/740 254/741/741
s 78
f 86/742/742 79/743/743 81/744/744
f 86/745/745 81/746/746 87/747/747
f 81/748/748 84/749/749 87/750/750
s 79
f 261/751/751 262/752/752 263/753/753
f 261/754/754 263/755/755 57/756/756
f 261/757/757 57/758/758 59/759/759
s 80
f 82/805/805 79/806/806 86/807/807
f 38/808/808 82/809/809 86/810/810
f 38/811/811 270/812/812 82/813/813
f 38/814/814 40/815/815 270/816/816
s 81
f 73/817/817 76/818/818 71/819/819
f 30/820/820 76/821/821 73/822/822
f 271/823/823 30/824/824 73/825/825
f 271/826/826 33/827/827 30/828/828
s 82
f 103/829/829 113/830/830 110/831/831
f 100/832/832 103/833/833 110/834/834
f 100/835/835 110/836/836 111/837/837
f 100/838/838 111/839/839 98/840/840
f 111/841/841 109/842/842 98/843/843
f 111/844/844 137/845/845 109/846/846
s 83
f 274/865/865 117/866/866 273/867/867
f 274/868/868 122/869/869 117/870/870
f 117/871/871 122/872/872 118/873/873
f 122/874/874 121/875/875 118/876/876
f 118/877/877 121/878/878 130/879/879
f 121/880/880 129/881/881 130/882/882
s 84
f 276/901/901 151/902/902 153/903/903
f 276/904/904 277/905/905 151/906/906
f 276/907/907 278/908/908 277/909/909
f 278/910/910 279/911/911 277/912/912
f 278/913/913 280/914/914 279/915/915
f 278/916/916 157/917/917 280/918/918
f 280/919/919 157/920/920 154/921/921
f 280/922/922 154/923/923 148/924/924
f 154/925/925 146/926/926 148/927/927
s 85
f 281/928/928 282/929/929 283/930/930
f 281/931/931 284/932/932 282/933/933
f 281/934/934 143/935/935 284/936/936
f 143/937/937 145/938/938 284/939/939
s 86
f 123/940/940 285/941/941 126/942/942
f 123/943/943 286/944/944 285/945/945
f 285/946/946 286/947/947 159/948/948
f 286/949/949 160/950/950 159/951/951
s 87
f 287/952/952 161/953/953 158/954/954
f 288/955/955 161/956/956 287/957/957
f 125/958/958 288/959/959 287/960/960
f 125/961/961 124/962/962 288/963/963
s 88
f 183/964/964 289/965/965 164/966/966
f 183/967/967 290/968/968 289/969/969
f 182/970/970 290/971/971 183/972/972
f 291/973/973 290/974/974 182/975/975
f 181/976/976 291/977/977 182/978/978
f 181/979/979 292/980/980 291/981/981
f 180/982/982 292/983/983 181/984/984
f 293/985/985 292/986/986 180/987/987
f 178/988/988 293/989/989 180/990/990
f 178/991/991 294/992/992 293/993/993
f 295/994/994 294/995/995 178/996/996
f 177/997/997 295/998/998 178/999/999
f 177/1000/1000 296/1001/1001 295/1002/1002
f 177/1003/1003 165/1004/1004 296/1005/1005
f 296/1006/1006 165/1007/1007 164/1008/1008
f 296/1009/1009 164/1010/1010 289/1011/1011
s 89
f 72/1114/1114 78/1115/1115 75/1116/1116
f 72/1117/1117 76/1118/1118 78/1119/1119
f 72/1120/1120 71/1121/1121 76/1122/1122
s 90
f 310/1123/1123 263/1124/1124 262/1125/1125
f 310/1126/1126 262/1127/1127 266/1128/1128
f 310/1129/1129 266/1130/1130 311/1131/1131
f 266/1132/1132 264/1133/1133 311/1134/1134
s 91
f 107/1210/1210 106/1211/1211 108/1212/1212
f 107/1213/1213 108/1214/1214 109/1215/1215
f 107/1216/1216 109/1217/1217 136/1218/1218
f 109/1219/1219 134/1220/1220 136/1221/1221
s 92
f 102/1222/1222 99/1223/1223 101/1224/1224
f 108/1225/1225 102/1226/1226 101/1227/1227
f 105/1228/1228 102/1229/1229 108/1230/1230
f 105/1231/1231 108/1232/1232 106/1233/1233
f 89/1234/1234 105/1235/1235 106/1236/1236
f 89/1237/1237 91/1238/1238 105/1239/1239
s 93
f 318/1240/1240 155/1241/1241 157/1242/1242
f 318/1243/1243 157/1244/1244 278/1245/1245
f 319/1246/1246 318/1247/1247 278/1248/1248
f 319/1249/1249 278/1250/1250 276/1251/1251
f 319/1252/1252 276/1253/1253 150/1254/1254
f 276/1255/1255 153/1256/1256 150/1257/1257
s 94
f 323/1285/1285 156/1286/1286 149/1287/1287
f 138/1288/1288 323/1289/1289 149/1290/1290
f 138/1291/1291 149/1292/1292 146/1293/1293
f 141/1294/1294 138/1295/1295 146/1296/1296
f 141/1297/1297 146/1298/1298 324/1299/1299
f 146/1300/1300 154/1301/1301 324/1302/1302
s 95
f 324/1303/1303 154/1304/1304 157/1305/1305
f 144/1306/1306 324/1307/1307 157/1308/1308
f 144/1309/1309 157/1310/1310 155/1311/1311
f 142/1312/1312 144/1313/1313 155/1314/1314
f 142/1315/1315 155/1316/1316 323/1317/1317
f 155/1318/1318 156/1319/1319 323/1320/1320
s 96
f 325/1321/1321 326/1322/1322 175/1323/1323
f 170/1324/1324 325/1325/1325 175/1326/1326
f 327/1327/1327 325/1328/1328 170/1329/1329
f 327/1330/1330 170/1331/1331 172/1332/1332
f 298/1333/1333 327/1334/1334 172/1335/1335
f 298/1336/1336 328/1337/1337 327/1338/1338
f 329/1339/1339 328/1340/1340 298/1341/1341
f 297/1342/1342 329/1343/1343 298/1344/1344
f 330/1345/1345 329/1346/1346 297/1347/1347
f 174/1348/1348 330/1349/1349 297/1350/1350
f 331/1351/1351 330/1352/1352 174/1353/1353
f 331/1354/1354 174/1355/1355 167/1356/1356
f 166/1357/1357 331/1358/1358 167/1359/1359
f 166/1360/1360 332/1361/1361 331/1362/1362
f 326/1363/1363 332/1364/1364 166/1365/1365
f 326/1366/1366 166/1367/1367 175/1368/1368
s 97
f 250/1396/1396 225/1397/1397 227/1398/1398
f 248/1399/1399 250/1400/1400 227/1401/1401
f 247/1402/1402 250/1403/1403 248/1404/1404
f 245/1405/1405 247/1406/1406 248/1407/1407
f 243/1408/1408 247/1409/1409 245/1410/1410
f 241/1411/1411 243/1412/1412 245/1413/1413
f 219/1414/1414 243/1415/1415 241/1416/1416
f 219/1417/1417 241/1418/1418 237/1419/1419
f 219/1420/1420 237/1421/1421 335/1422/1422
f 219/1423/1423 335/1424/1424 220/1425/1425
f 237/1426/1426 336/1427/1427 335/1428/1428
s 98
f 308/1429/1429 271/1430/1430 73/1431/1431
f 308/1432/1432 73/1433/1433 70/1434/1434
f 337/1435/1435 308/1436/1436 70/1437/1437
f 337/1438/1438 338/1439/1439 308/1440/1440
s 99
f 259/1441/1441 258/1442/1442 309/1443/1443
f 259/1444/1444 309/1445/1445 267/1446/1446
f 309/1447/1447 339/1448/1448 267/1449/1449
f 309/1450/1450 340/1451/1451 339/1452/1452
s 100
f 339/1453/1453 340/1454/1454 305/1455/1455
f 339/1456/1456 305/1457/1457 314/1458/1458
f 305/1459/1459 49/1460/1460 314/1461/1461
f 305/1462/1462 47/1463/1463 49/1464/1464
s 101
f 341/1465/1465 342/1466/1466 313/1467/1467
f 341/1468/1468 313/1469/1469 265/1470/1470
f 313/1471/1471 264/1472/1472 265/1473/1473
f 313/1474/1474 311/1475/1475 264/1476/1476
s 102
f 63/1501/1501 60/1502/1502 306/1503/1503
f 63/1504/1504 306/1505/1505 315/1506/1506
f 306/1507/1507 341/1508/1508 315/1509/1509
f 306/1510/1510 342/1511/1511 341/1512/1512
s 103
f 90/1531/1531 107/1532/1532 13/1533/1533
f 90/1534/1534 13/1535/1535 12/1536/1536
f 90/1537/1537 12/1538/1538 15/1539/1539
f 90/1540/1540 15/1541/1541 88/1542/1542
f 15/1543/1543 104/1544/1544 88/1545/1545
f 15/1546/1546 14/1547/1547 104/1548/1548
s 104
f 103/1549/1549 132/1550/1550 114/1551/1551
f 103/1552/1552 104/1553/1553 132/1554/1554
f 103/1555/1555 105/1556/1556 104/1557/1557
f 103/1558/1558 102/1559/1559 105/1560/1560
s 105
f 323/1561/1561 138/1562/1562 140/1563/1563
f 323/1564/1564 140/1565/1565 343/1566/1566
f 284/1567/1567 323/1568/1568 343/1569/1569
f 284/1570/1570 343/1571/1571 282/1572/1572
f 284/1573/1573 142/1574/1574 323/1575/1575
f 284/1576/1576 145/1577/1577 142/1578/1578
s 106
f 197/1594/1594 345/1595/1595 190/1596/1596
f 197/1597/1597 346/1598/1598 345/1599/1599
f 197/1600/1600 334/1601/1601 346/1602/1602
f 197/1603/1603 200/1604/1604 334/1605/1605
s 107
f 348/1621/1621 234/1622/1622 230/1623/1623
f 348/1624/1624 349/1625/1625 234/1626/1626
f 234/1627/1627 349/1628/1628 336/1629/1629
f 234/1630/1630 336/1631/1631 237/1632/1632
s 108
f 312/1651/1651 338/1652/1652 337/1653/1653
f 312/1654/1654 337/1655/1655 80/1656/1656
f 312/1657/1657 80/1658/1658 82/1659/1659
f 312/1660/1660 82/1661/1661 270/1662/1662
s 109
f 324/1663/1663 139/1664/1664 141/1665/1665
f 324/1666/1666 350/1667/1667 139/1668/1668
f 324/1669/1669 281/1670/1670 350/1671/1671
f 281/1672/1672 283/1673/1673 350/1674/1674
f 324/1675/1675 144/1676/1676 281/1677/1677
f 281/1678/1678 144/1679/1679 143/1680/1680
s 110
f 43/1681/1681 268/1682/1682 50/1683/1683
f 43/1684/1684 50/1685/1685 303/1686/1686
f 43/1687/1687 303/1688/1688 44/1689/1689
f 50/1690/1690 51/1691/1691 303/1692/1692
s 111
f 64/1693/1693 317/1694/1694 56/1695/1695
f 64/1696/1696 56/1697/1697 307/1698/1698
f 64/1699/1699 307/1700/1700 65/1701/1701
f 56/1702/1702 58/1703/1703 307/1704/1704
s 112
f 289/1885/1885 290/1886/1886 351/1887/1887
f 290/1888/1888 291/1889/1889 351/1890/1890
f 289/1891/1891 351/1892/1892 296/1893/1893
f 351/1894/1894 291/1895/1895 292/1896/1896
f 351/1897/1897 292/1898/1898 293/1899/1899
f 351/1900/1900 293/1901/1901 294/1902/1902
f 351/1903/1903 295/1904/1904 296/1905/1905
f 351/1906/1906 294/1907/1907 295/1908/1908
s 113
f 210/1909/1909 212/1910/1910 209/1911/1911
f 210/1912/1912 213/1913/1913 212/1914/1914
f 210/1915/1915 209/1916/1916 206/1917/1917
f 212/1918/1918 213/1919/1919 214/1920/1920
f 209/1921/1921 205/1922/1922 206/1923/1923
f 215/1924/1924 214/1925/1925 213/1926/1926
f 202/1927/1927 206/1928/1928 205/1929/1929
f 215/1930/1930 191/1931/1931 214/1932/1932
f 201/1933/1933 202/1934/1934 205/1935/1935
f 215/1936/1936 193/1937/1937 191/1938/1938
f 198/1939/1939 202/1940/1940 201/1941/1941
f 191/1942/1942 193/1943/1943 192/1944/1944
f 196/1945/1945 198/1946/1946 201/1947/1947
f 193/1948/1948 195/1949/1949 192/1950/1950
f 195/1951/1951 198/1952/1952 196/1953/1953
f 192/1954/1954 195/1955/1955 196/1956/1956
s 114
f 249/1957/1957 246/1958/1958 244/1959/1959
f 249/1960/1960 251/1961/1961 246/1962/1962
f 249/1963/1963 252/1964/1964 251/1965/1965
f 246/1966/1966 242/1967/1967 244/1968/1968
f 244/1969/1969 242/1970/1970 240/1971/1971
f 253/1972/1972 251/1973/1973 252/1974/1974
f 229/1975/1975 253/1976/1976 252/1977/1977
f 240/1978/1978 242/1979/1979 239/1980/1980
f 238/1981/1981 240/1982/1982 239/1983/1983
f 229/1984/1984 233/1985/1985 253/1986/1986
f 229/1987/1987 231/1988/1988 233/1989/1989
f 238/1990/1990 239/1991/1991 236/1992/1992
f 235/1993/1993 238/1994/1994 236/1995/1995
f 231/1996/1996 232/1997/1997 233/1998/1998
f 231/1999/1999 235/2000/2000 232/2001/2001
f 235/2002/2002 236/2003/2003 232/2004/2004
o rventblade,ox=-12.38,oy=0.97,oz=-1.42,p=base,
v -14.425991 1.581345 -7.352968
vn 0.413223 -0.715702 0.000000
vt 0.519244432 0.270738989
v -11.253829 3.412793 -1.246517
vn 0.413223 -0.715702 0.000000
vt 0.532550097 0.257398009
v -13.329027 2.214676 -1.246517
vn 0.413223 -0.715702 0.000000
vt 0.519244432 0.257398009
vn 0.413223 -0.715702 0.000000
vt 0.519244432 0.270738989
v -10.156865 4.046124 -7.352968
vn 0.413223 -0.715702 0.000000
vt 0.532550097 0.270738989
vn 0.413223 -0.715702 0.000000
vt 0.532550097 0.257398009
v -13.439138 2.405394 -1.246517
vn -0.413223 0.715702 0.000000
vt 0.519244432 0.257398009
v -10.266977 4.236843 -7.352968
vn -0.413223 0.715702 0.000000
vt 0.532550097 0.270738989
v -14.536100 1.772064 -7.352968
vn -0.413223 0.715702 0.000000
vt 0.519244432 0.270738989
vn -0.413223 0.715702 0.000000
vt 0.519244432 0.257398009
v -11.363938 3.603511 -1.246517
vn -0.413223 0.715702 0.000000
vt 0.532550097 0.257398009
vn -0.413223 0.715702 0.000000
vt 0.532550097 0.270738989
vn 0.700826 0.404628 0.167851
vt 0.532550097 0.270738989
vn 0.700826 0.404628 0.167851
vt 0.532550097 0.257398009
vn 0.700826 0.404628 0.167851
vt 0.532550097 0.257398009
vn 0.700826 0.404628 0.167851
vt 0.532550097 0.270738989
vn 0.700826 0.404628 0.167851
vt 0.532550097 0.270738989
vn 0.700826 0.404628 0.167851
vt 0.532550097 0.257398009
vn -0.700826 -0.404628 0.167851
vt 0.519244432 0.257398009
vn -0.700826 -0.404628 0.167851
vt 0.519244432 0.270738989
vn -0.700826 -0.404628 0.167851
vt 0.519244432 0.270738989
vn -0.700826 -0.404628 0.167851
vt 0.519244432 0.257398009
vn -0.700826 -0.404628 0.167851
vt 0.519244432 0.257398009
vn -0.700826 -0.404628 0.167851
vt 0.519244432 0.270738989
vn -0.000000 0.000000 -0.826446
vt 0.532550097 0.270738989
vn -0.000000 0.000000 -0.826446
vt 0.519244432 0.270738989
vn -0.000000 0.000000 -0.826446
vt 0.532550097 0.270738989
vn -0.000000 0.000000 -0.826446
vt 0.532550097 0.270738989
vn -0.000000 0.000000 -0.826446
vt 0.519244432 0.270738989
vn -0.000000 0.000000 -0.826446
vt 0.519244432 0.270738989
v -6.201967 1.581345 -0.253396
vn -0.206612 -0.715702 0.357851
vt 0.519244432 0.270738989
v -13.076386 3.412792 -0.559448
vn -0.206612 -0.715702 0.357851
vt 0.532550097 0.257398009
v -12.038788 2.214676 -2.356622
vn -0.206612 -0.715702 0.357851
vt 0.519244432 0.257398009
vn -0.206612 -0.715702 0.357851
vt 0.519244432 0.270738989
v -8.336528 4.046124 3.443772
vn -0.206612 -0.715702 0.357851
vt 0.532550097 0.270738989
vn -0.206612 -0.715702 0.357851
vt 0.532550097 0.257398009
v -11.722530 2.214675 -0.684191
vn -0.206612 -0.715702 -0.357851
vt 0.519244432 0.257398009
v -18.596949 4.046124 -0.378139
vn -0.206612 -0.715702 -0.357851
vt 0.532550097 0.270738989
v -12.760129 3.412792 -2.481365
vn -0.206612 -0.715702 -0.357851
vt 0.532550097 0.257398009
vn -0.206612 -0.715702 -0.357851
vt 0.519244432 0.257398009
v -16.462388 1.581345 3.319030
vn -0.206612 -0.715702 -0.357851
vt 0.519244432 0.270738989
vn -0.206612 -0.715702 -0.357851
vt 0.532550097 0.270738989
vn 0.715702 0.000000 0.413223
vt 0.519244432 0.270738989
v -8.281474 4.236842 3.348415
vn 0.715702 0.000000 0.413223
vt 0.532550097 0.270738989
vn 0.715702 0.000000 0.413223
vt 0.532550097 0.270738989
vn 0.715702 0.000000 0.413223
vt 0.519244432 0.270738989
v -6.146911 1.772063 -0.348755
vn 0.715702 0.000000 0.413223
vt 0.519244432 0.270738989
vn 0.715702 0.000000 0.413223
vt 0.532550097 0.270738989
vn 0.205041 -0.404628 -0.690826
vt 0.519244432 0.270738989
v -11.983733 2.405394 -2.451981
vn 0.205041 -0.404628 -0.690826
vt 0.519244432 0.257398009
vn 0.205041 -0.404628 -0.690826
vt 0.519244432 0.270738989
vn 0.205041 -0.404628 -0.690826
vt 0.519244432 0.270738989
vn 0.205041 -0.404628 -0.690826
vt 0.519244432 0.257398009
vn 0.205041 -0.404628 -0.690826
vt 0.519244432 0.257398009
vn -0.495785 0.404628 0.522975
vt 0.532550097 0.270738989
v -13.021333 3.603511 -0.654807
vn -0.495785 0.404628 0.522975
vt 0.532550097 0.257398009
vn -0.495785 0.404628 0.522975
vt 0.532550097 0.257398009
vn -0.495785 0.404628 0.522975
vt 0.532550097 0.270738989
vn -0.495785 0.404628 0.522975
vt 0.532550097 0.270738989
vn -0.495785 0.404628 0.522975
vt 0.532550097 0.257398009
vn 0.206612 0.715702 -0.357851
vt 0.532550097 0.257398009
vn 0.206612 0.715702 -0.357851
vt 0.519244432 0.270738989
vn 0.206612 0.715702 -0.357851
vt 0.519244432 0.257398009
vn 0.206612 0.715702 -0.357851
vt 0.532550097 0.257398009
vn 0.206612 0.715702 -0.357851
vt 0.532550097 0.270738989
vn 0.206612 0.715702 -0.357851
vt 0.519244432 0.270738989
vn -0.715702 0.000000 0.413223
vt 0.532550097 0.270738989
v -16.407332 1.772063 3.414387
vn -0.715702 0.000000 0.413223
vt 0.519244432 0.270738989
v -18.541894 4.236843 -0.282780
vn -0.715702 0.000000 0.413223
vt 0.532550097 0.270738989
vn -0.715702 0.000000 0.413223
vt 0.532550097 0.270738989
vn -0.715702 0.000000 0.413223
vt 0.519244432 0.270738989
vn -0.715702 0.000000 0.413223
vt 0.519244432 0.270738989
vn 0.495785 -0.404628 0.522975
vt 0.519244432 0.257398009
vn 0.495785 -0.404628 0.522975
vt 0.519244432 0.270738989
vn 0.495785 -0.404628 0.522975
vt 0.519244432 0.270738989
vn 0.495785 -0.404628 0.522975
vt 0.519244432 0.257398009
v -11.667474 2.405394 -0.588832
vn 0.495785 -0.404628 0.522975
vt 0.519244432 0.257398009
vn 0.495785 -0.404628 0.522975
vt 0.519244432 0.270738989
vn -0.205041 0.404628 -0.690826
vt 0.532550097 0.270738989
v -12.705073 3.603510 -2.386006
vn -0.205041 0.404628 -0.690826
vt 0.532550097 0.257398009
vn -0.205041 0.404628 -0.690826
vt 0.532550097 0.257398009
vn -0.205041 0.404628 -0.690826
vt 0.532550097 0.270738989
vn -0.205041 0.404628 -0.690826
vt 0.532550097 0.270738989
vn -0.205041 0.404628 -0.690826
vt 0.532550097 0.257398009
vn 0.206612 0.715702 0.357851
vt 0.532550097 0.257398009
vn 0.206612 0.715702 0.357851
vt 0.519244432 0.270738989
vn 0.206612 0.715702 0.357851
vt 0.519244432 0.257398009
vn 0.206612 0.715702 0.357851
vt 0.532550097 0.257398009
vn 0.206612 0.715702 0.357851
vt 0.532550097 0.270738989
vn 0.206612 0.715702 0.357851
vt 0.519244432 0.270738989
v -13.329027 6.996666 -1.246517
vn 0.413223 -0.715702 0.000000
vt 0.519244432 0.257398009
v -10.156866 8.828114 -7.352968
vn 0.413223 -0.715702 0.000000
vt 0.532550097 0.270738989
v -11.253828 8.194782 -1.246517
vn 0.413223 -0.715702 0.000000
vt 0.532550097 0.257398009
vn 0.413223 -0.715702 0.000000
vt 0.519244432 0.257398009
v -14.425991 6.363333 -7.352968
vn 0.413223 -0.715702 0.000000
vt 0.519244432 0.270738989
vn 0.413223 -0.715702 0.000000
vt 0.532550097 0.270738989
v -11.363938 8.385501 -1.246517
vn -0.413223 0.715702 0.000000
vt 0.532550097 0.257398009
v -14.536100 6.554051 -7.352968
vn -0.413223 0.715702 0.000000
vt 0.519244432 0.270738989
v -13.439137 7.187384 -1.246517
vn -0.413223 0.715702 0.000000
vt 0.519244432 0.257398009
vn -0.413223 0.715702 0.000000
vt 0.532550097 0.257398009
v -10.266976 9.018831 -7.352968
vn -0.413223 0.715702 0.000000
vt 0.532550097 0.270738989
vn -0.413223 0.715702 0.000000
vt 0.519244432 0.270738989
vn 0.700826 0.404628 0.167851
vt 0.532550097 0.270738989
vn 0.700826 0.404628 0.167851
vt 0.532550097 0.257398009
vn 0.700826 0.404628 0.167851
vt 0.532550097 0.257398009
vn 0.700826 0.404628 0.167851
vt 0.532550097 0.270738989
vn 0.700826 0.404628 0.167851
vt 0.532550097 0.270738989
vn 0.700826 0.404628 0.167851
vt 0.532550097 0.257398009
vn -0.700826 -0.404628 0.167851
vt 0.519244432 0.257398009
vn -0.700826 -0.404628 0.167851
vt 0.519244432 0.270738989
vn -0.700826 -0.404628 0.167851
vt 0.519244432 0.270738989
vn -0.700826 -0.404628 0.167851
vt 0.519244432 0.257398009
vn -0.700826 -0.404628 0.167851
vt 0.519244432 0.257398009
vn -0.700826 -0.404628 0.167851
vt 0.519244432 0.270738989
vn -0.000000 0.000000 -0.826446
vt 0.532550097 0.270738989
vn -0.000000 0.000000 -0.826446
vt 0.519244432 0.270738989
vn -0.000000 0.000000 -0.826446
vt 0.532550097 0.270738989
vn -0.000000 0.000000 -0.826446
vt 0.532550097 0.270738989
vn -0.000000 0.000000 -0.826446
vt 0.519244432 0.270738989
vn -0.000000 0.000000 -0.826446
vt 0.519244432 0.270738989
v -12.038788 6.996666 -2.356622
vn -0.206612 -0.715702 0.357851
vt 0.519244432 0.257398009
v -8.336530 8.828114 3.443772
vn -0.206612 -0.715702 0.357851
vt 0.532550097 0.270738989
v -13.076386 8.194783 -0.559448
vn -0.206612 -0.715702 0.357851
vt 0.532550097 0.257398009
vn -0.206612 -0.715702 0.357851
vt 0.519244432 0.257398009
v -6.201968 6.363333 -0.253396
vn -0.206612 -0.715702 0.357851
vt 0.519244432 0.270738989
vn -0.206612 -0.715702 0.357851
vt 0.532550097 0.270738989
v -16.462387 6.363333 3.319030
vn -0.206612 -0.715702 -0.357851
vt 0.519244432 0.270738989
v -12.760129 8.194782 -2.481365
vn -0.206612 -0.715702 -0.357851
vt 0.532550097 0.257398009
v -11.722530 6.996666 -0.684191
vn -0.206612 -0.715702 -0.357851
vt 0.519244432 0.257398009
vn -0.206612 -0.715702 -0.357851
vt 0.519244432 0.270738989
v -18.596948 8.828114 -0.378139
vn -0.206612 -0.715702 -0.357851
vt 0.532550097 0.270738989
vn -0.206612 -0.715702 -0.357851
vt 0.532550097 0.257398009
vn 0.715702 0.000000 0.413223
vt 0.519244432 0.270738989
v -8.281474 9.018833 3.348415
vn 0.715702 0.000000 0.413223
vt 0.532550097 0.270738989
vn 0.715702 0.000000 0.413223
vt 0.532550097 0.270738989
vn 0.715702 0.000000 0.413223
vt 0.519244432 0.270738989
v -6.146911 6.554051 -0.348755
vn 0.715702 0.000000 0.413223
vt 0.519244432 0.270738989
vn 0.715702 0.000000 0.413223
vt 0.532550097 0.270738989
vn 0.205041 -0.404628 -0.690826
vt 0.519244432 0.257398009
vn 0.205041 -0.404628 -0.690826
vt 0.519244432 0.270738989
vn 0.205041 -0.404628 -0.690826
vt 0.519244432 0.270738989
vn 0.205041 -0.404628 -0.690826
vt 0.519244432 0.257398009
v -11.983733 7.187384 -2.451981
vn 0.205041 -0.404628 -0.690826
vt 0.519244432 0.257398009
vn 0.205041 -0.404628 -0.690826
vt 0.519244432 0.270738989
vn -0.495785 0.404628 0.522975
vt 0.532550097 0.270738989
v -13.021333 8.385501 -0.654807
vn -0.495785 0.404628 0.522975
vt 0.532550097 0.257398009
vn -0.495785 0.404628 0.522975
vt 0.532550097 0.257398009
vn -0.495785 0.404628 0.522975
vt 0.532550097 0.270738989
vn -0.495785 0.404628 0.522975
vt 0.532550097 0.270738989
vn -0.495785 0.404628 0.522975
vt 0.532550097 0.257398009
vn 0.206612 0.715702 -0.357851
vt 0.519244432 0.257398009
vn 0.206612 0.715702 -0.357851
vt 0.532550097 0.270738989
vn 0.206612 0.715702 -0.357851
vt 0.519244432 0.270738989
vn 0.206612 0.715702 -0.357851
vt 0.519244432 0.257398009
vn 0.206612 0.715702 -0.357851
vt 0.532550097 0.257398009
vn 0.206612 0.715702 -0.357851
vt 0.532550097 0.270738989
vn -0.715702 0.000000 0.413223
vt 0.532551229 0.270738989
v -16.407332 6.554051 3.414387
vn -0.715702 0.000000 0.413223
vt 0.519244432 0.270738989
v -18.541893 9.018833 -0.282780
vn -0.715702 0.000000 0.413223
vt 0.532577872 0.270738989
vn -0.715702 0.000000 0.413223
vt 0.532551229 0.270738989
vn -0.715702 0.000000 0.413223
vt 0.519244432 0.270738989
vn -0.715702 0.000000 0.413223
vt 0.519244432 0.270738989
vn 0.495785 -0.404628 0.522975
vt 0.519244432 0.257398009
vn 0.495785 -0.404628 0.522975
vt 0.519244432 0.270738989
vn 0.495785 -0.404628 0.522975
vt 0.519244432 0.270738989
vn 0.495785 -0.404628 0.522975
vt 0.519244432 0.257398009
v -11.667474 7.187384 -0.588832
vn 0.495785 -0.404628 0.522975
vt 0.519244432 0.257398009
vn 0.495785 -0.404628 0.522975
vt 0.519244432 0.270738989
vn -0.205041 0.404628 -0.690826
vt 0.532550097 0.257398009
vn -0.205041 0.404628 -0.690826
vt 0.532570720 0.270738989
v -12.705072 8.385501 -2.386006
vn -0.205041 0.404628 -0.690826
vt 0.532550097 0.257398009
vn -0.205041 0.404628 -0.690826
vt 0.532550097 0.257398009
vn -0.205041 0.404628 -0.690826
vt 0.532550991 0.270738989
vn -0.205041 0.404628 -0.690826
vt 0.532570720 0.270738989
vn 0.206612 0.715702 0.357851
vt 0.532550097 0.257398009
vn 0.206612 0.715702 0.357851
vt 0.519244432 0.270738989
vn 0.206612 0.715702 0.357851
vt 0.519244432 0.257398009
vn 0.206612 0.715702 0.357851
vt 0.532550097 0.257398009
vn 0.206612 0.715702 0.357851
vt 0.532575548 0.270738989
vn 0.206612 0.715702 0.357851
vt 0.519244432 0.270738989
v -13.478906 0.700606 -2.544568
vn -0.528926 -0.351405 -0.528926
vt 0.028660366 0.511318982
v -12.363448 9.133599 -3.006606
vn 0.000000 0.383719 -0.731983
vt 0.026461035 0.520165026
v -12.363448 0.700605 -3.006606
vn -0.000000 -0.351405 -0.748016
vt 0.026461722 0.511318982
vn -0.528926 -0.351405 -0.528926
vt 0.028660366 0.511318982
v -13.478907 9.133599 -2.544568
vn -0.517603 0.383719 -0.517603
vt 0.028659906 0.520165026
vn 0.000000 0.383719 -0.731983
vt 0.026461035 0.520165026
v -13.940944 9.133599 -1.429110
vn -0.731983 0.383719 0.000000
vt 0.030856943 0.520165026
vn -0.517603 0.383719 -0.517603
vt 0.028659906 0.520165026
vn -0.528926 -0.351405 -0.528926
vt 0.028660366 0.511318982
v -13.940944 0.700606 -1.429110
vn -0.748016 -0.351405 0.000000
vt 0.030858090 0.511318982
vn -0.731983 0.383719 0.000000
vt 0.030856943 0.520165026
vn -0.528926 -0.351405 -0.528926
vt 0.028660366 0.511318982
v -13.478907 9.133599 -0.313653
vn -0.517603 0.383719 0.517603
vt 0.033053748 0.520165026
vn -0.731983 0.383719 0.000000
vt 0.030856943 0.520165026
vn -0.748016 -0.351405 0.000000
vt 0.030858090 0.511318982
v -13.478906 0.700606 -0.313653
vn -0.528926 -0.351405 0.528926
vt 0.033054210 0.511318982
vn -0.517603 0.383719 0.517603
vt 0.033053748 0.520165026
vn -0.748016 -0.351405 0.000000
vt 0.030858090 0.511318982
v -12.363448 9.133599 0.148385
vn -0.000000 0.383719 0.731983
vt 0.035311364 0.520165026
vn -0.517603 0.383719 0.517603
vt 0.033053748 0.520165026
vn -0.528926 -0.351405 0.528926
vt 0.033054210 0.511318982
v -12.363450 0.700605 0.148385
vn -0.000000 -0.351405 0.748016
vt 0.035311591 0.511318982
vn -0.000000 0.383719 0.731983
vt 0.035311364 0.520165026
vn -0.528926 -0.351405 0.528926
vt 0.033054210 0.511318982
v -11.247991 9.133598 -0.313653
vn 0.517603 0.383719 0.517603
vt 0.037506334 0.520165026
vn -0.000000 0.383719 0.731983
vt 0.035311364 0.520165026
vn -0.000000 -0.351405 0.748016
vt 0.035311591 0.511318982
vn 0.517603 0.383719 0.517603
vt 0.037506334 0.520165026
vn -0.000000 -0.351405 0.748016
vt 0.035311591 0.511318982
v -11.247990 0.700605 -0.313653
vn 0.528926 -0.351405 0.528926
vt 0.037507251 0.511318982
v -10.785952 0.700605 -1.429110
vn 0.748016 -0.351405 0.000000
vt 0.039704058 0.511318982
vn 0.517603 0.383719 0.517603
vt 0.037506334 0.520165026
vn 0.528926 -0.351405 0.528926
vt 0.037507251 0.511318982
vn 0.748016 -0.351405 0.000000
vt 0.039704058 0.511318982
v -10.785954 9.133599 -1.429110
vn 0.731983 0.383719 0.000000
vt 0.039703369 0.520165026
vn 0.517603 0.383719 0.517603
vt 0.037506334 0.520165026
v -11.247991 9.133598 -2.544568
vn 0.517603 0.383719 -0.517603
vt 0.041901093 0.520165026
vn 0.731983 0.383719 0.000000
vt 0.039703369 0.520165026
vn 0.748016 -0.351405 0.000000
vt 0.039704058 0.511318982
vn 0.517603 0.383719 -0.517603
vt 0.041901093 0.520165026
vn 0.748016 -0.351405 0.000000
vt 0.039704058 0.511318982
v -11.247990 0.700605 -2.544568
vn 0.528926 -0.351405 -0.528926
vt 0.041902240 0.511318982
vn -0.000000 -0.351405 -0.748016
vt 0.044160999 0.511318982
vn 0.517603 0.383719 -0.517603
vt 0.041901093 0.520165026
vn 0.528926 -0.351405 -0.528926
vt 0.041902240 0.511318982
vn -0.000000 -0.351405 -0.748016
vt 0.044160999 0.511318982
vn 0.000000 0.383719 -0.731983
vt 0.044159852 0.520165026
vn 0.517603 0.383719 -0.517603
vt 0.041901093 0.520165026
vn 0.517603 0.383719 -0.517603
vt 0.035937317 0.518378973
vn 0.000000 0.383719 -0.731983
vt 0.033374988 0.519420981
v -12.363448 9.983174 -1.429110
vn -0.000000 0.826446 0.000000
vt 0.033383705 0.515864015
vn 0.000000 0.383719 -0.731983
vt 0.033374988 0.519420981
vn -0.517603 0.383719 -0.517603
vt 0.030874152 0.518378973
vn -0.000000 0.826446 0.000000
vt 0.033383705 0.515864015
vn 0.517603 0.383719 -0.517603
vt 0.035937317 0.518378973
vn -0.000000 0.826446 0.000000
vt 0.033383705 0.515864015
vn 0.731983 0.383719 0.000000
vt 0.036974683 0.515864015
vn -0.000000 0.826446 0.000000
vt 0.033383705 0.515864015
vn -0.517603 0.383719 -0.517603
vt 0.030874152 0.518378973
vn -0.731983 0.383719 0.000000
vt 0.029837243 0.515864015
vn -0.000000 0.826446 0.000000
vt 0.033383705 0.515864015
vn -0.731983 0.383719 0.000000
vt 0.029837243 0.515864015
vn -0.517603 0.383719 0.517603
vt 0.030874152 0.513348997
vn -0.000000 0.826446 0.000000
vt 0.033383705 0.515864015
vn -0.517603 0.383719 0.517603
vt 0.030874152 0.513348997
vn -0.000000 0.383719 0.731983
vt 0.033375446 0.512308002
vn -0.000000 0.826446 0.000000
vt 0.033383705 0.515864015
vn 0.517603 0.383719 0.517603
vt 0.035937317 0.513348997
vn 0.731983 0.383719 0.000000
vt 0.036974683 0.515864015
vn -0.000000 0.826446 0.000000
vt 0.033383705 0.515864015
vn -0.000000 0.383719 0.731983
vt 0.033375446 0.512308002
vn 0.517603 0.383719 0.517603
vt 0.035937317 0.513348997
vn -0.000000 -0.351405 -0.748016
vt 0.036182147 0.520398974
vn 0.528926 -0.351405 -0.528926
vt 0.038744245 0.519357026
v -12.363447 -0.378042 -1.429110
vn -0.000000 -0.826446 0.000000
vt 0.036192242 0.516843021
vn 0.528926 -0.351405 -0.528926
vt 0.038744245 0.519357026
vn 0.748016 -0.351405 0.000000
vt 0.039781384 0.516843021
vn -0.000000 -0.826446 0.000000
vt 0.036192242 0.516843021
vn -0.000000 -0.351405 -0.748016
vt 0.036182147 0.520398974
vn -0.000000 -0.826446 0.000000
vt 0.036192242 0.516843021
vn -0.528926 -0.351405 -0.528926
vt 0.033681080 0.519357026
vn -0.000000 -0.826446 0.000000
vt 0.036192242 0.516843021
vn 0.748016 -0.351405 0.000000
vt 0.039781384 0.516843021
vn 0.528926 -0.351405 0.528926
vt 0.038744245 0.514328003
vn -0.000000 -0.826446 0.000000
vt 0.036192242 0.516843021
vn 0.528926 -0.351405 0.528926
vt 0.038744245 0.514328003
vn -0.000000 -0.351405 0.748016
vt 0.036181916 0.513285995
vn -0.000000 -0.826446 0.000000
vt 0.036192242 0.516843021
vn -0.000000 -0.351405 0.748016
vt 0.036181916 0.513285995
vn -0.528926 -0.351405 0.528926
vt 0.033681080 0.514328003
vn -0.000000 -0.826446 0.000000
vt 0.036192242 0.516843021
vn -0.748016 -0.351405 0.000000
vt 0.032643940 0.516843021
vn -0.528926 -0.351405 -0.528926
vt 0.033681080 0.519357026
vn -0.000000 -0.826446 0.000000
vt 0.036192242 0.516843021
vn -0.528926 -0.351405 0.528926
vt 0.033681080 0.514328003
vn -0.748016 -0.351405 0.000000
vt 0.032643940 0.516843021
s 128
f 365/2083/2083 375/2084/2084 366/2085/2085
f 365/2086/2086 373/2087/2087 375/2088/2088
s 129
f 375/2089/2089 372/2090/2090 374/2091/2091
f 375/2092/2092 373/2093/2093 372/2094/2094
s 130
f 376/2095/2095 377/2096/2096 378/2097/2097
f 376/2098/2098 379/2099/2099 377/2100/2100
s 131
f 380/2101/2101 381/2102/2102 382/2103/2103
f 380/2104/2104 383/2105/2105 381/2106/2106
s 132
f 377/2107/2107 380/2108/2108 378/2109/2109
f 377/2110/2110 383/2111/2111 380/2112/2112
s 133
f 376/2113/2113 381/2114/2114 379/2115/2115
f 376/2116/2116 382/2117/2117 381/2118/2118
s 134
f 377/2119/2119 381/2120/2120 383/2121/2121
f 377/2122/2122 379/2123/2123 381/2124/2124
s 135
f 384/2125/2125 385/2126/2126 386/2127/2127
f 384/2128/2128 387/2129/2129 385/2130/2130
s 136
f 388/2131/2131 389/2132/2132 390/2133/2133
f 388/2134/2134 391/2135/2135 389/2136/2136
s 137
f 387/2137/2137 392/2138/2138 385/2139/2139
f 387/2140/2140 393/2141/2141 392/2142/2142
s 138
f 384/2143/2143 393/2144/2144 387/2145/2145
f 384/2146/2146 394/2147/2147 393/2148/2148
s 139
f 385/2149/2149 395/2150/2150 386/2151/2151
f 385/2152/2152 392/2153/2153 395/2154/2154
s 140
f 394/2155/2155 392/2156/2156 393/2157/2157
f 394/2158/2158 395/2159/2159 392/2160/2160
s 141
f 391/2161/2161 396/2162/2162 397/2163/2163
f 391/2164/2164 388/2165/2165 396/2166/2166
s 142
f 390/2167/2167 396/2168/2168 388/2169/2169
f 390/2170/2170 398/2171/2171 396/2172/2172
s 143
f 389/2173/2173 397/2174/2174 399/2175/2175
f 389/2176/2176 391/2177/2177 397/2178/2178
s 144
f 399/2179/2179 396/2180/2180 398/2181/2181
f 399/2182/2182 397/2183/2183 396/2184/2184
s 145
f 400/2185/2185 401/2186/2186 402/2187/2187
f 400/2188/2188 403/2189/2189 401/2190/2190
f 404/2191/2191 403/2192/2192 400/2193/2193
f 405/2194/2194 404/2195/2195 400/2196/2196
f 406/2197/2197 404/2198/2198 405/2199/2199
f 407/2200/2200 406/2201/2201 405/2202/2202
f 408/2203/2203 406/2204/2204 407/2205/2205
f 409/2206/2206 408/2207/2207 407/2208/2208
f 410/2209/2209 408/2210/2210 409/2211/2211
f 410/2212/2212 409/2213/2213 411/2214/2214
f 412/2215/2215 410/2216/2216 411/2217/2217
f 412/2218/2218 413/2219/2219 410/2220/2220
f 414/2221/2221 413/2222/2222 412/2223/2223
f 414/2224/2224 412/2225/2225 415/2226/2226
f 402/2227/2227 414/2228/2228 415/2229/2229
f 402/2230/2230 401/2231/2231 414/2232/2232
f 414/2233/2233 401/2234/2234 416/2235/2235
f 401/2236/2236 403/2237/2237 416/2238/2238
f 414/2239/2239 416/2240/2240 413/2241/2241
f 416/2242/2242 403/2243/2243 404/2244/2244
f 416/2245/2245 404/2246/2246 406/2247/2247
f 416/2248/2248 406/2249/2249 408/2250/2250
f 416/2251/2251 410/2252/2252 413/2253/2253
f 416/2254/2254 408/2255/2255 410/2256/2256
f 402/2257/2257 415/2258/2258 417/2259/2259
f 415/2260/2260 412/2261/2261 417/2262/2262
f 402/2263/2263 417/2264/2264 400/2265/2265
f 417/2266/2266 412/2267/2267 411/2268/2268
f 417/2269/2269 411/2270/2270 409/2271/2271
f 417/2272/2272 409/2273/2273 407/2274/2274
f 417/2275/2275 405/2276/2276 400/2277/2277
f 417/2278/2278 407/2279/2279 405/2280/2280
s 115
f 352/2005/2005 353/2006/2006 354/2007/2007
f 352/2008/2008 355/2009/2009 353/2010/2010
s 116
f 356/2011/2011 357/2012/2012 358/2013/2013
f 356/2014/2014 359/2015/2015 357/2016/2016
s 117
f 355/2017/2017 359/2018/2018 353/2019/2019
f 355/2020/2020 357/2021/2021 359/2022/2022
s 118
f 354/2023/2023 358/2024/2024 352/2025/2025
f 354/2026/2026 356/2027/2027 358/2028/2028
s 119
f 355/2029/2029 358/2030/2030 357/2031/2031
f 355/2032/2032 352/2033/2033 358/2034/2034
s 120
f 360/2035/2035 361/2036/2036 362/2037/2037
f 360/2038/2038 363/2039/2039 361/2040/2040
s 121
f 364/2041/2041 365/2042/2042 366/2043/2043
f 364/2044/2044 367/2045/2045 365/2046/2046
s 122
f 360/2047/2047 368/2048/2048 363/2049/2049
f 360/2050/2050 369/2051/2051 368/2052/2052
s 123
f 360/2053/2053 370/2054/2054 369/2055/2055
f 360/2056/2056 362/2057/2057 370/2058/2058
s 124
f 363/2059/2059 371/2060/2060 361/2061/2061
f 363/2062/2062 368/2063/2063 371/2064/2064
s 125
f 371/2065/2065 369/2066/2066 370/2067/2067
f 371/2068/2068 368/2069/2069 369/2070/2070
s 126
f 365/2071/2071 372/2072/2072 373/2073/2073
f 365/2074/2074 367/2075/2075 372/2076/2076
s 127
f 364/2077/2077 372/2078/2078 367/2079/2079
f 364/2080/2080 374/2081/2081 372/2082/2082
o lventblade,ox=12.38,oy=0.97,oz=-1.42,p=base,
v 11.397868 6.996666 -1.246518
vn 0.413223 -0.715702 0.000000
vt 0.527850389 0.257369012
v 14.570029 8.828113 -7.352966
vn 0.413223 -0.715702 0.000000
vt 0.536578417 0.266068012
v 13.473065 8.194782 -1.246518
vn 0.413223 -0.715702 0.000000
vt 0.536578417 0.257369012
vn 0.413223 -0.715702 0.000000
vt 0.527850389 0.257369012
v 10.300904 6.363333 -7.352966
vn 0.413223 -0.715702 0.000000
vt 0.527850389 0.266068012
vn 0.413223 -0.715702 0.000000
vt 0.536578417 0.266068012
v 13.362955 8.385500 -1.246518
vn -0.413223 0.715702 0.000000
vt 0.926532030 0.444682986
v 10.190794 6.554051 -7.352966
vn -0.413223 0.715702 0.000000
vt 0.907794237 0.463450015
v 11.287757 7.187384 -1.246518
vn -0.413223 0.715702 0.000000
vt 0.907794237 0.444682986
vn -0.413223 0.715702 0.000000
vt 0.926532030 0.444682986
v 14.459919 9.018832 -7.352966
vn -0.413223 0.715702 0.000000
vt 0.926532030 0.463450015
vn -0.413223 0.715702 0.000000
vt 0.907794237 0.463450015
vn 0.700826 0.404628 0.167851
vt 0.536578417 0.266068012
vn 0.700826 0.404628 0.167851
vt 0.536578417 0.257369012
vn 0.700826 0.404628 0.167851
vt 0.536578417 0.257369012
vn 0.700826 0.404628 0.167851
vt 0.536578417 0.266068012
vn 0.700826 0.404628 0.167851
vt 0.536578417 0.266068012
vn 0.700826 0.404628 0.167851
vt 0.536578417 0.257369012
vn -0.700826 -0.404628 0.167851
vt 0.527850389 0.257369012
vn -0.700826 -0.404628 0.167851
vt 0.527850389 0.266068012
vn -0.700826 -0.404628 0.167851
vt 0.527850389 0.266068012
vn -0.700826 -0.404628 0.167851
vt 0.527850389 0.257369012
vn -0.700826 -0.404628 0.167851
vt 0.527850389 0.257369012
vn -0.700826 -0.404628 0.167851
vt 0.527850389 0.266068012
vn 0.000000 0.000000 -0.826446
vt 0.536578417 0.266068012
vn 0.000000 0.000000 -0.826446
vt 0.527850389 0.266068012
vn 0.000000 0.000000 -0.826446
vt 0.536578417 0.266068012
vn 0.000000 0.000000 -0.826446
vt 0.536578417 0.266068012
vn 0.000000 0.000000 -0.826446
vt 0.527850389 0.266068012
vn 0.000000 0.000000 -0.826446
vt 0.527850389 0.266068012
v 12.688105 6.996664 -2.356623
vn -0.206612 -0.715702 0.357851
vt 0.527850389 0.257369012
v 16.390365 8.828113 3.443774
vn -0.206612 -0.715702 0.357851
vt 0.536578417 0.266068012
v 11.650508 8.194781 -0.559448
vn -0.206612 -0.715702 0.357851
vt 0.536578417 0.257369012
vn -0.206612 -0.715702 0.357851
vt 0.527850389 0.257369012
v 18.524928 6.363332 -0.253396
vn -0.206612 -0.715702 0.357851
vt 0.527850389 0.266068012
vn -0.206612 -0.715702 0.357851
vt 0.536578417 0.266068012
v 8.264506 6.363332 3.319032
vn -0.206612 -0.715702 -0.357851
vt 0.527850389 0.266068012
v 11.966766 8.194781 -2.481365
vn -0.206612 -0.715702 -0.357851
vt 0.536578417 0.257369012
v 13.004365 6.996666 -0.684191
vn -0.206612 -0.715702 -0.357851
vt 0.527850389 0.257369012
vn -0.206612 -0.715702 -0.357851
vt 0.527850389 0.266068012
v 6.129945 8.828112 -0.378140
vn -0.206612 -0.715702 -0.357851
vt 0.536578417 0.266068012
vn -0.206612 -0.715702 -0.357851
vt 0.536578417 0.257369012
vn 0.715702 0.000000 0.413223
vt 0.536578417 0.266068012
v 18.579983 6.554051 -0.348755
vn 0.715702 0.000000 0.413223
vt 0.527850389 0.266068012
v 16.445420 9.018832 3.348416
vn 0.715702 0.000000 0.413223
vt 0.536578417 0.266068012
vn 0.715702 0.000000 0.413223
vt 0.536578417 0.266068012
vn 0.715702 0.000000 0.413223
vt 0.527850389 0.266068012
vn 0.715702 0.000000 0.413223
vt 0.527850389 0.266068012
vn 0.205041 -0.404628 -0.690826
vt 0.527850389 0.266068012
v 12.743161 7.187384 -2.451982
vn 0.205041 -0.404628 -0.690826
vt 0.527850389 0.257369012
vn 0.205041 -0.404628 -0.690826
vt 0.527850389 0.266068012
vn 0.205041 -0.404628 -0.690826
vt 0.527850389 0.266068012
vn 0.205041 -0.404628 -0.690826
vt 0.527850389 0.257369012
vn 0.205041 -0.404628 -0.690826
vt 0.527850389 0.257369012
vn -0.495785 0.404628 0.522975
vt 0.536578417 0.257369012
vn -0.495785 0.404628 0.522975
vt 0.536578417 0.266068012
v 11.705563 8.385499 -0.654807
vn -0.495785 0.404628 0.522975
vt 0.536578417 0.257369012
vn -0.495785 0.404628 0.522975
vt 0.536578417 0.257369012
vn -0.495785 0.404628 0.522975
vt 0.536578417 0.266068012
vn -0.495785 0.404628 0.522975
vt 0.536578417 0.266068012
vn 0.206612 0.715702 -0.357851
vt 0.926532030 0.444682986
vn 0.206612 0.715702 -0.357851
vt 0.907794237 0.463450015
vn 0.206612 0.715702 -0.357851
vt 0.907794237 0.444682986
vn 0.206612 0.715702 -0.357851
vt 0.926532030 0.444682986
vn 0.206612 0.715702 -0.357851
vt 0.926532030 0.463450015
vn 0.206612 0.715702 -0.357851
vt 0.907794237 0.463450015
vn -0.715702 0.000000 0.413223
vt 0.527850389 0.266068012
v 6.184999 9.018832 -0.282781
vn -0.715702 0.000000 0.413223
vt 0.536578417 0.266068012
vn -0.715702 0.000000 0.413223
vt 0.536578417 0.266068012
vn -0.715702 0.000000 0.413223
vt 0.527850389 0.266068012
v 8.319562 6.554051 3.414390
vn -0.715702 0.000000 0.413223
vt 0.527850389 0.266068012
vn -0.715702 0.000000 0.413223
vt 0.536578417 0.266068012
vn 0.495785 -0.404628 0.522975
vt 0.527850389 0.266068012
v 13.059421 7.187384 -0.588832
vn 0.495785 -0.404628 0.522975
vt 0.527850389 0.257369012
vn 0.495785 -0.404628 0.522975
vt 0.527850389 0.266068012
vn 0.495785 -0.404628 0.522975
vt 0.527850389 0.266068012
vn 0.495785 -0.404628 0.522975
vt 0.527850389 0.257369012
vn 0.495785 -0.404628 0.522975
vt 0.527850389 0.257369012
vn -0.205041 0.404628 -0.690826
vt 0.536578417 0.266068012
v 12.021823 8.385499 -2.386006
vn -0.205041 0.404628 -0.690826
vt 0.536578417 0.257369012
vn -0.205041 0.404628 -0.690826
vt 0.536578417 0.257369012
vn -0.205041 0.404628 -0.690826
vt 0.536578417 0.266068012
vn -0.205041 0.404628 -0.690826
vt 0.536578417 0.266068012
vn -0.205041 0.404628 -0.690826
vt 0.536578417 0.257369012
vn 0.206612 0.715702 0.357851
vt 0.536700487 0.258147001
vn 0.206612 0.715702 0.357851
vt 0.547137499 0.268564999
vn 0.206612 0.715702 0.357851
vt 0.536700487 0.268564999
vn 0.206612 0.715702 0.357851
vt 0.536700487 0.258147001
vn 0.206612 0.715702 0.357851
vt 0.547137499 0.258147001
vn 0.206612 0.715702 0.357851
vt 0.547137499 0.268564999
v 12.038788 2.214677 -2.356623
vn 0.206612 -0.715702 0.357851
vt 0.527850389 0.257369012
v 8.336527 4.046125 3.443774
vn 0.206612 -0.715702 0.357851
vt 0.536578417 0.266068012
v 6.201967 1.581344 -0.253396
vn 0.206612 -0.715702 0.357851
vt 0.527850389 0.266068012
vn 0.206612 -0.715702 0.357851
vt 0.527850389 0.257369012
v 13.076386 3.412794 -0.559448
vn 0.206612 -0.715702 0.357851
vt 0.536578417 0.257369012
vn 0.206612 -0.715702 0.357851
vt 0.536578417 0.266068012
v 6.146910 1.772063 -0.348755
vn -0.206612 0.715702 -0.357851
vt 0.562335253 0.267738014
v 13.021331 3.603511 -0.654807
vn -0.206612 0.715702 -0.357851
vt 0.570452929 0.259606004
v 11.983733 2.405395 -2.451982
vn -0.206612 0.715702 -0.357851
vt 0.562335253 0.259606004
vn -0.206612 0.715702 -0.357851
vt 0.562335253 0.267738014
v 8.281474 4.236843 3.348415
vn -0.206612 0.715702 -0.357851
vt 0.570452929 0.267738014
vn -0.206612 0.715702 -0.357851
vt 0.570452929 0.259606004
vn 0.495785 0.404628 0.522975
vt 0.536578417 0.257369012
vn 0.495785 0.404628 0.522975
vt 0.536578417 0.266068012
vn 0.495785 0.404628 0.522975
vt 0.536578417 0.266068012
vn 0.495785 0.404628 0.522975
vt 0.536578417 0.257369012
vn 0.495785 0.404628 0.522975
vt 0.536578417 0.257369012
vn 0.495785 0.404628 0.522975
vt 0.536578417 0.266068012
vn -0.205041 -0.404628 -0.690826
vt 0.527850389 0.266068012
vn -0.205041 -0.404628 -0.690826
vt 0.527850389 0.257369012
vn -0.205041 -0.404628 -0.690826
vt 0.527850389 0.266068012
vn -0.205041 -0.404628 -0.690826
vt 0.527850389 0.266068012
vn -0.205041 -0.404628 -0.690826
vt 0.527850389 0.257369012
vn -0.205041 -0.404628 -0.690826
vt 0.527850389 0.257369012
vn -0.715702 0.000000 0.413223
vt 0.536578417 0.266068012
vn -0.715702 0.000000 0.413223
vt 0.527850389 0.266068012
vn -0.715702 0.000000 0.413223
vt 0.527850389 0.266068012
vn -0.715702 0.000000 0.413223
vt 0.536578417 0.266068012
vn -0.715702 0.000000 0.413223
vt 0.536578417 0.266068012
vn -0.715702 0.000000 0.413223
vt 0.527850389 0.266068012
v 12.760129 3.412793 -2.481365
vn 0.206612 -0.715702 -0.357851
vt 0.536578417 0.257369012
v 16.462387 1.581345 3.319032
vn 0.206612 -0.715702 -0.357851
vt 0.527850389 0.266068012
v 11.722528 2.214676 -0.684192
vn 0.206612 -0.715702 -0.357851
vt 0.527850389 0.257369012
vn 0.206612 -0.715702 -0.357851
vt 0.536578417 0.257369012
v 18.596949 4.046124 -0.378140
vn 0.206612 -0.715702 -0.357851
vt 0.536578417 0.266068012
vn 0.206612 -0.715702 -0.357851
vt 0.527850389 0.266068012
v 11.253827 3.412792 -1.246519
vn -0.413223 -0.715702 0.000000
vt 0.536578417 0.257369012
v 14.425988 1.581344 -7.352965
vn -0.413223 -0.715702 0.000000
vt 0.527850389 0.266068012
v 13.329027 2.214676 -1.246519
vn -0.413223 -0.715702 0.000000
vt 0.527850389 0.257369012
vn -0.413223 -0.715702 0.000000
vt 0.536578417 0.257369012
v 10.156865 4.046124 -7.352965
vn -0.413223 -0.715702 0.000000
vt 0.536578417 0.266068012
vn -0.413223 -0.715702 0.000000
vt 0.527850389 0.266068012
v 18.541893 4.236843 -0.282781
vn 0.715702 0.000000 0.413223
vt 0.536578417 0.266068012
vn 0.715702 0.000000 0.413223
vt 0.527850389 0.266068012
vn 0.715702 0.000000 0.413223
vt 0.536578417 0.266068012
vn 0.715702 0.000000 0.413223
vt 0.536578417 0.266068012
v 16.407332 1.772064 3.414390
vn 0.715702 0.000000 0.413223
vt 0.527850389 0.266068012
vn 0.715702 0.000000 0.413223
vt 0.527850389 0.266068012
vn -0.495785 -0.404628 0.522975
vt 0.527850389 0.266068012
v 11.667474 2.405395 -0.588833
vn -0.495785 -0.404628 0.522975
vt 0.527850389 0.257369012
vn -0.495785 -0.404628 0.522975
vt 0.527850389 0.257369012
vn -0.495785 -0.404628 0.522975
vt 0.527850389 0.266068012
vn -0.495785 -0.404628 0.522975
vt 0.527850389 0.266068012
vn -0.495785 -0.404628 0.522975
vt 0.527850389 0.257369012
vn 0.205041 0.404628 -0.690826
vt 0.536578655 0.257369012
vn 0.205041 0.404628 -0.690826
vt 0.536578655 0.266068012
vn 0.205041 0.404628 -0.690826
vt 0.536578655 0.266068012
vn 0.205041 0.404628 -0.690826
vt 0.536578655 0.257369012
v 12.705072 3.603511 -2.386006
vn 0.205041 0.404628 -0.690826
vt 0.536578655 0.257369012
vn 0.205041 0.404628 -0.690826
vt 0.536578655 0.266068012
vn -0.206612 0.715702 0.357851
vt 0.562335253 0.259606004
vn -0.206612 0.715702 0.357851
vt 0.570452929 0.267738014
vn -0.206612 0.715702 0.357851
vt 0.570452929 0.259606004
vn -0.206612 0.715702 0.357851
vt 0.562335253 0.259606004
vn -0.206612 0.715702 0.357851
vt 0.562335253 0.267738014
vn -0.206612 0.715702 0.357851
vt 0.570452929 0.267738014
vn 0.000000 0.000000 -0.826446
vt 0.536578417 0.266068012
v 14.536100 1.772063 -7.352966
vn 0.000000 0.000000 -0.826446
vt 0.527850389 0.266068012
vn 0.000000 0.000000 -0.826446
vt 0.527850389 0.266068012
vn 0.000000 0.000000 -0.826446
vt 0.536578417 0.266068012
v 10.266976 4.236843 -7.352965
vn 0.000000 0.000000 -0.826446
vt 0.536578417 0.266068012
vn 0.000000 0.000000 -0.826446
vt 0.527850389 0.266068012
vn 0.700826 -0.404628 0.167851
vt 0.527850389 0.266068012
v 13.439136 2.405395 -1.246519
vn 0.700826 -0.404628 0.167851
vt 0.527850389 0.257369012
vn 0.700826 -0.404628 0.167851
vt 0.527850389 0.257369012
vn 0.700826 -0.404628 0.167851
vt 0.527850389 0.266068012
vn 0.700826 -0.404628 0.167851
vt 0.527850389 0.266068012
vn 0.700826 -0.404628 0.167851
vt 0.527850389 0.257369012
v 11.363938 3.603511 -1.246519
vn -0.700826 0.404628 0.167851
vt 0.536578417 0.257369012
vn -0.700826 0.404628 0.167851
vt 0.536578417 0.266068012
vn -0.700826 0.404628 0.167851
vt 0.536578417 0.257369012
vn -0.700826 0.404628 0.167851
vt 0.536578417 0.257369012
vn -0.700826 0.404628 0.167851
vt 0.536578417 0.266068012
vn -0.700826 0.404628 0.167851
vt 0.536578417 0.266068012
vn 0.413223 0.715702 0.000000
vt 0.527850389 0.266068012
vn 0.413223 0.715702 0.000000
vt 0.536578417 0.257369012
vn 0.413223 0.715702 0.000000
vt 0.527850389 0.257369012
vn 0.413223 0.715702 0.000000
vt 0.527850389 0.266068012
vn 0.413223 0.715702 0.000000
vt 0.536578417 0.266068012
vn 0.413223 0.715702 0.000000
vt 0.536578417 0.257369012
v 12.363445 9.133597 -3.006606
vn -0.000000 0.383719 -0.731983
vt 0.043917090 0.515940011
v 13.478903 0.700605 -2.544568
vn 0.528926 -0.351405 -0.528926
vt 0.041538782 0.506555974
v 12.363446 0.700605 -3.006606
vn -0.000000 -0.351405 -0.748016
vt 0.043917779 0.506555974
vn -0.000000 0.383719 -0.731983
vt 0.043917090 0.515940011
v 13.478903 9.133598 -2.544568
vn 0.517603 0.383719 -0.517603
vt 0.041538097 0.515940011
vn 0.528926 -0.351405 -0.528926
vt 0.041538782 0.506555974
vn 0.528926 -0.351405 -0.528926
vt 0.041538782 0.506555974
vn 0.517603 0.383719 -0.517603
vt 0.041538097 0.515940011
v 13.940940 0.700605 -1.429110
vn 0.748016 -0.351405 0.000000
vt 0.039219677 0.506555974
vn 0.517603 0.383719 -0.517603
vt 0.041538097 0.515940011
v 13.940941 9.133598 -1.429110
vn 0.731983 0.383719 0.000000
vt 0.039218988 0.515940011
vn 0.748016 -0.351405 0.000000
vt 0.039219677 0.506555974
vn 0.748016 -0.351405 0.000000
vt 0.039219677 0.506555974
vn 0.731983 0.383719 0.000000
vt 0.039218988 0.515940011
v 13.478903 9.133598 -0.313653
vn 0.517603 0.383719 0.517603
vt 0.036837928 0.515940011
vn 0.748016 -0.351405 0.000000
vt 0.039219677 0.506555974
vn 0.517603 0.383719 0.517603
vt 0.036837928 0.515940011
v 13.478903 0.700605 -0.313653
vn 0.528926 -0.351405 0.528926
vt 0.036838617 0.506555974
vn 0.517603 0.383719 0.517603
vt 0.036837928 0.515940011
v 12.363446 0.700605 0.148385
vn -0.000000 -0.351405 0.748016
vt 0.034518823 0.506555974
vn 0.528926 -0.351405 0.528926
vt 0.036838617 0.506555974
vn 0.517603 0.383719 0.517603
vt 0.036837928 0.515940011
v 12.363445 9.133597 0.148385
vn -0.000000 0.383719 0.731983
vt 0.034517676 0.515940011
vn -0.000000 -0.351405 0.748016
vt 0.034518823 0.506555974
vn -0.000000 -0.351405 0.748016
vt 0.034518823 0.506555974
vn -0.000000 0.383719 0.731983
vt 0.034517676 0.515940011
v 11.247989 0.700605 -0.313653
vn -0.528926 -0.351405 0.528926
vt 0.032136388 0.506555974
vn -0.000000 0.383719 0.731983
vt 0.034517676 0.515940011
v 11.247989 9.133598 -0.313653
vn -0.517603 0.383719 0.517603
vt 0.032135468 0.515940011
vn -0.528926 -0.351405 0.528926
vt 0.032136388 0.506555974
vn -0.528926 -0.351405 0.528926
vt 0.032136388 0.506555974
vn -0.517603 0.383719 0.517603
vt 0.032135468 0.515940011
v 10.785951 0.700606 -1.429110
vn -0.748016 -0.351405 0.000000
vt 0.029816363 0.506555974
vn -0.517603 0.383719 0.517603
vt 0.032135468 0.515940011
v 10.785950 9.133597 -1.429110
vn -0.731983 0.383719 0.000000
vt 0.029815445 0.515940011
vn -0.748016 -0.351405 0.000000
vt 0.029816363 0.506555974
vn -0.748016 -0.351405 0.000000
vt 0.029816363 0.506555974
vn -0.731983 0.383719 0.000000
vt 0.029815445 0.515940011
v 11.247989 9.133598 -2.544568
vn -0.517603 0.383719 -0.517603
vt 0.027497027 0.515940011
vn -0.748016 -0.351405 0.000000
vt 0.029816363 0.506555974
vn -0.517603 0.383719 -0.517603
vt 0.027497027 0.515940011
v 11.247989 0.700605 -2.544568
vn -0.528926 -0.351405 -0.528926
vt 0.027497943 0.506555974
vn -0.517603 0.383719 -0.517603
vt 0.027497027 0.515940011
vn -0.000000 -0.351405 -0.748016
vt 0.025118032 0.506555974
vn -0.528926 -0.351405 -0.528926
vt 0.027497943 0.506555974
vn -0.517603 0.383719 -0.517603
vt 0.027497027 0.515940011
vn -0.000000 0.383719 -0.731983
vt 0.025117114 0.515940011
vn -0.000000 -0.351405 -0.748016
vt 0.025118032 0.506555974
vn 0.517603 0.383719 -0.517603
vt 0.043935675 0.515900016
vn -0.000000 0.383719 -0.731983
vt 0.040760469 0.517220020
v 12.363446 9.983173 -1.429110
vn -0.000000 0.826446 0.000000
vt 0.040768959 0.512715995
vn -0.000000 0.383719 -0.731983
vt 0.040760469 0.517220020
vn -0.517603 0.383719 -0.517603
vt 0.037585497 0.515900016
vn -0.000000 0.826446 0.000000
vt 0.040768959 0.512715995
vn 0.517603 0.383719 -0.517603
vt 0.043935675 0.515900016
vn -0.000000 0.826446 0.000000
vt 0.040768959 0.512715995
vn 0.731983 0.383719 0.000000
vt 0.045279138 0.512715995
vn -0.000000 0.826446 0.000000
vt 0.040768959 0.512715995
vn -0.517603 0.383719 -0.517603
vt 0.037585497 0.515900016
vn -0.731983 0.383719 0.000000
vt 0.036242034 0.512715995
vn -0.000000 0.826446 0.000000
vt 0.040768959 0.512715995
vn -0.731983 0.383719 0.000000
vt 0.036242034 0.512715995
vn -0.517603 0.383719 0.517603
vt 0.037585497 0.509531021
vn -0.000000 0.826446 0.000000
vt 0.040768959 0.512715995
vn -0.517603 0.383719 0.517603
vt 0.037585497 0.509531021
vn -0.000000 0.383719 0.731983
vt 0.040760469 0.508211017
vn -0.000000 0.826446 0.000000
vt 0.040768959 0.512715995
vn 0.517603 0.383719 0.517603
vt 0.043935675 0.509531021
vn 0.731983 0.383719 0.000000
vt 0.045279138 0.512715995
vn -0.000000 0.826446 0.000000
vt 0.040768959 0.512715995
vn -0.000000 0.383719 0.731983
vt 0.040760469 0.508211017
vn 0.517603 0.383719 0.517603
vt 0.043935675 0.509531021
vn -0.000000 -0.351405 -0.748016
vt 0.031360369 0.517220020
vn 0.528926 -0.351405 -0.528926
vt 0.034596607 0.515900016
v 12.363446 -0.378044 -1.429110
vn -0.000000 -0.826446 0.000000
vt 0.031370465 0.512715995
vn 0.528926 -0.351405 -0.528926
vt 0.034596607 0.515900016
vn 0.748016 -0.351405 0.000000
vt 0.035878804 0.512715995
vn -0.000000 -0.826446 0.000000
vt 0.031370465 0.512715995
vn -0.000000 -0.351405 -0.748016
vt 0.031360369 0.517220020
vn -0.000000 -0.826446 0.000000
vt 0.031370465 0.512715995
vn -0.528926 -0.351405 -0.528926
vt 0.028185163 0.515900016
vn -0.000000 -0.826446 0.000000
vt 0.031370465 0.512715995
vn 0.748016 -0.351405 0.000000
vt 0.035878804 0.512715995
vn 0.528926 -0.351405 0.528926
vt 0.034596380 0.509531021
vn -0.000000 -0.826446 0.000000
vt 0.031370465 0.512715995
vn 0.528926 -0.351405 0.528926
vt 0.034596380 0.509531021
vn -0.000000 -0.351405 0.748016
vt 0.031360369 0.508211017
vn -0.000000 -0.826446 0.000000
vt 0.031370465 0.512715995
vn -0.000000 -0.351405 0.748016
vt 0.031360369 0.508211017
vn -0.528926 -0.351405 0.528926
vt 0.028185163 0.509531021
vn -0.000000 -0.826446 0.000000
vt 0.031370465 0.512715995
vn -0.748016 -0.351405 0.000000
vt 0.026902966 0.512715995
vn -0.528926 -0.351405 -0.528926
vt 0.028185163 0.515900016
vn -0.000000 -0.826446 0.000000
vt 0.031370465 0.512715995
vn -0.528926 -0.351405 0.528926
vt 0.028185163 0.509531021
vn -0.748016 -0.351405 0.000000
vt 0.026902966 0.512715995
s 128
f 433/2359/2359 441/2360/2360 431/2361/2361
f 433/2362/2362 438/2363/2363 441/2364/2364
s 129
f 440/2365/2365 438/2366/2366 439/2367/2367
f 440/2368/2368 441/2369/2369 438/2370/2370
s 130
f 442/2371/2371 443/2372/2372 444/2373/2373
f 442/2374/2374 445/2375/2375 443/2376/2376
s 131
f 446/2377/2377 447/2378/2378 448/2379/2379
f 446/2380/2380 449/2381/2381 447/2382/2382
s 132
f 445/2383/2383 449/2384/2384 443/2385/2385
f 445/2386/2386 447/2387/2387 449/2388/2388
s 133
f 446/2389/2389 442/2390/2390 444/2391/2391
f 446/2392/2392 448/2393/2393 442/2394/2394
s 134
f 443/2395/2395 446/2396/2396 444/2397/2397
f 443/2398/2398 449/2399/2399 446/2400/2400
s 135
f 450/2401/2401 451/2402/2402 452/2403/2403
f 450/2404/2404 453/2405/2405 451/2406/2406
s 136
f 454/2407/2407 455/2408/2408 456/2409/2409
f 454/2410/2410 457/2411/2411 455/2412/2412
s 137
f 458/2413/2413 451/2414/2414 453/2415/2415
f 458/2416/2416 459/2417/2417 451/2418/2418
s 138
f 451/2419/2419 460/2420/2420 452/2421/2421
f 451/2422/2422 459/2423/2423 460/2424/2424
s 139
f 450/2425/2425 458/2426/2426 453/2427/2427
f 450/2428/2428 461/2429/2429 458/2430/2430
s 140
f 460/2431/2431 458/2432/2432 461/2433/2433
f 460/2434/2434 459/2435/2435 458/2436/2436
s 141
f 457/2437/2437 462/2438/2438 455/2439/2439
f 457/2440/2440 463/2441/2441 462/2442/2442
s 142
f 455/2443/2443 464/2444/2444 456/2445/2445
f 455/2446/2446 462/2447/2447 464/2448/2448
s 143
f 465/2449/2449 457/2450/2450 454/2451/2451
f 465/2452/2452 463/2453/2453 457/2454/2454
s 144
f 462/2455/2455 465/2456/2456 464/2457/2457
f 462/2458/2458 463/2459/2459 465/2460/2460
s 145
f 466/2461/2461 467/2462/2462 468/2463/2463
f 466/2464/2464 469/2465/2465 467/2466/2466
f 467/2467/2467 469/2468/2468 470/2469/2469
f 469/2470/2470 471/2471/2471 470/2472/2472
f 470/2473/2473 471/2474/2474 472/2475/2475
f 470/2476/2476 472/2477/2477 473/2478/2478
f 472/2479/2479 474/2480/2480 473/2481/2481
f 472/2482/2482 475/2483/2483 474/2484/2484
f 474/2485/2485 475/2486/2486 476/2487/2487
f 475/2488/2488 477/2489/2489 476/2490/2490
f 476/2491/2491 477/2492/2492 478/2493/2493
f 477/2494/2494 479/2495/2495 478/2496/2496
f 478/2497/2497 479/2498/2498 480/2499/2499
f 478/2500/2500 480/2501/2501 481/2502/2502
f 480/2503/2503 468/2504/2504 481/2505/2505
f 480/2506/2506 466/2507/2507 468/2508/2508
f 469/2509/2509 466/2510/2510 482/2511/2511
f 466/2512/2512 480/2513/2513 482/2514/2514
f 469/2515/2515 482/2516/2516 471/2517/2517
f 482/2518/2518 480/2519/2519 479/2520/2520
f 482/2521/2521 479/2522/2522 477/2523/2523
f 482/2524/2524 477/2525/2525 475/2526/2526
f 482/2527/2527 472/2528/2528 471/2529/2529
f 482/2530/2530 475/2531/2531 472/2532/2532
f 468/2533/2533 467/2534/2534 483/2535/2535
f 467/2536/2536 470/2537/2537 483/2538/2538
f 468/2539/2539 483/2540/2540 481/2541/2541
f 483/2542/2542 470/2543/2543 473/2544/2544
f 483/2545/2545 473/2546/2546 474/2547/2547
f 483/2548/2548 474/2549/2549 476/2550/2550
f 483/2551/2551 478/2552/2552 481/2553/2553
f 483/2554/2554 476/2555/2555 478/2556/2556
s 115
f 418/2281/2281 419/2282/2282 420/2283/2283
f 418/2284/2284 421/2285/2285 419/2286/2286
s 116
f 422/2287/2287 423/2288/2288 424/2289/2289
f 422/2290/2290 425/2291/2291 423/2292/2292
s 117
f 419/2293/2293 422/2294/2294 420/2295/2295
f 419/2296/2296 425/2297/2297 422/2298/2298
s 118
f 418/2299/2299 423/2300/2300 421/2301/2301
f 418/2302/2302 424/2303/2303 423/2304/2304
s 119
f 419/2305/2305 423/2306/2306 425/2307/2307
f 419/2308/2308 421/2309/2309 423/2310/2310
s 120
f 426/2311/2311 427/2312/2312 428/2313/2313
f 426/2314/2314 429/2315/2315 427/2316/2316
s 121
f 430/2317/2317 431/2318/2318 432/2319/2319
f 430/2320/2320 433/2321/2321 431/2322/2322
s 122
f 427/2323/2323 434/2324/2324 435/2325/2325
f 427/2326/2326 429/2327/2327 434/2328/2328
s 123
f 429/2329/2329 436/2330/2330 434/2331/2331
f 429/2332/2332 426/2333/2333 436/2334/2334
s 124
f 428/2335/2335 435/2336/2336 437/2337/2337
f 428/2338/2338 427/2339/2339 435/2340/2340
s 125
f 437/2341/2341 434/2342/2342 436/2343/2343
f 437/2344/2344 435/2345/2345 434/2346/2346
s 126
f 430/2347/2347 438/2348/2348 433/2349/2349
f 430/2350/2350 439/2351/2351 438/2352/2352
s 127
f 430/2353/2353 440/2354/2354 439/2355/2355
f 430/2356/2356 432/2357/2357 440/2358/2358
o rbwing,ox=-4.43,oy=1.21,oz=-20.57,p=base,
v -4.101343 8.015015 -19.599081
vn 0.826033 -0.008512 -0.024793
vt 0.059912890 0.023980999
v -4.405636 7.003133 -29.400056
vn 0.826033 -0.003223 -0.025289
vt 0.060416315 0.026022000
v -4.101343 10.164585 -21.654672
vn 0.825785 -0.022314 -0.023306
vt 0.060408514 0.024366001
vn -0.826033 -0.003223 -0.025289
vt 0.060419988 0.028063999
v -4.709929 8.015015 -19.599081
vn -0.826033 -0.008512 -0.024793
vt 0.059921380 0.030105000
v -4.709929 10.164585 -21.654672
vn -0.825785 -0.022314 -0.023306
vt 0.060413562 0.029720001
v -4.405636 3.616708 -29.400056
vn -0.000000 -0.765124 -0.312314
vt 0.058348231 0.028063999
v -4.101343 0.455256 -21.654672
vn -0.000000 -0.765124 -0.312314
vt 0.056334071 0.029720001
v -4.709929 0.455256 -21.654672
vn -0.000000 -0.765124 -0.312314
vt 0.058348231 0.029720001
vn 0.000000 0.765124 -0.312314
vt 0.060423426 0.026022000
vn 0.000000 0.765124 -0.312314
vt 0.060423199 0.029720001
vn 0.000000 0.765124 -0.312314
vt 0.060423199 0.024366001
vn 0.825785 0.022314 -0.023306
vt 0.058333777 0.024366001
vn 0.826033 0.003223 -0.025289
vt 0.058341350 0.026022000
v -4.101343 2.604826 -19.599081
vn 0.826033 0.008512 -0.024793
vt 0.058814257 0.023980999
vn -0.826033 0.003223 -0.025289
vt 0.058345251 0.028063999
vn -0.825785 0.022314 -0.023306
vt 0.058338594 0.029720001
v -4.709929 2.604826 -19.599081
vn -0.826033 0.008512 -0.024793
vt 0.058822975 0.030105000
vn -0.000000 0.571157 0.597273
vt 0.060410809 0.030105000
vn -0.000000 0.571157 0.597273
vt 0.062429097 0.029720001
vn -0.000000 0.571157 0.597273
vt 0.060414936 0.029720001
vn -0.000000 0.571157 0.597273
vt 0.060410809 0.030105000
vn -0.000000 0.571157 0.597273
vt 0.062424738 0.030105000
vn -0.000000 0.571157 0.597273
vt 0.062429097 0.029720001
vn -0.000000 0.000000 0.826446
vt 0.058811273 0.032145999
v -4.709929 4.068367 -19.599081
vn -0.000000 0.000000 0.826446
vt 0.059110023 0.030105000
vn -0.000000 0.000000 0.826446
vt 0.058811732 0.030105000
vn -0.000000 0.000000 0.826446
vt 0.058811273 0.032145999
v -4.101343 4.187024 -19.599081
vn -0.000000 0.000000 0.826446
vt 0.059108648 0.032145999
vn -0.000000 0.000000 0.826446
vt 0.059110023 0.030105000
v -4.666348 6.363505 -21.002768
vn -0.094545 -0.811736 0.123388
vt 0.058315881 0.026063001
v -4.101343 6.511055 -19.599081
vn -0.104959 -0.809835 0.127355
vt 0.058306932 0.026179999
v -4.709929 6.593421 -19.599081
vn -0.109504 -0.808926 0.129091
vt 0.058306932 0.026054000
vn -0.094545 -0.811736 0.123388
vt 0.058315881 0.026063001
v -4.144924 6.306154 -21.002768
vn -0.089339 -0.812562 0.121405
vt 0.058312666 0.026171001
vn -0.104959 -0.809835 0.127355
vt 0.058306932 0.026179999
v -4.144924 4.379785 -21.002768
vn -0.000000 0.000000 0.826446
vt 0.058310833 0.026187999
vn -0.000000 0.000000 0.826446
vt 0.058313813 0.026063001
v -4.666348 4.297169 -21.002768
vn -0.000000 0.000000 0.826446
vt 0.058313128 0.026067000
vn -0.000000 0.000000 0.826446
vt 0.058310833 0.026187999
vn -0.000000 0.000000 0.826446
vt 0.058311291 0.026171001
vn -0.000000 0.000000 0.826446
vt 0.058313813 0.026063001
vn -0.135372 0.806694 0.117769
vt 0.058316566 0.026067000
vn -0.149917 0.803306 0.123388
vt 0.058306932 0.026198000
vn -0.128099 0.808347 0.114959
vt 0.058312897 0.026187999
vn -0.135372 0.806694 0.117769
vt 0.058316566 0.026067000
vn -0.156281 0.801736 0.125868
vt 0.058306932 0.026056999
vn -0.149917 0.803306 0.123388
vt 0.058306932 0.026198000
vn -0.000000 0.000000 0.826446
vt 0.059600372 0.030105000
vn -0.000000 0.000000 0.826446
vt 0.059909217 0.032145999
vn -0.000000 0.000000 0.826446
vt 0.059909906 0.030105000
vn -0.000000 0.000000 0.826446
vt 0.059600372 0.030105000
vn -0.000000 0.000000 0.826446
vt 0.059598766 0.032145999
vn -0.000000 0.000000 0.826446
vt 0.059909217 0.032145999
vn -0.000000 -0.571157 0.597273
vt 0.309190571 0.643738985
vn -0.000000 -0.571157 0.597273
vt 0.316213727 0.645717978
vn -0.000000 -0.571157 0.597273
vt 0.309190333 0.645717978
vn -0.000000 -0.571157 0.597273
vt 0.309190571 0.643738985
vn -0.000000 -0.571157 0.597273
vt 0.316213727 0.643738985
vn -0.000000 -0.571157 0.597273
vt 0.316213727 0.645717978
vn -0.826033 0.000000 -0.025620
vt 0.508345068 0.954038024
vn -0.826033 0.000000 -0.025620
vt 0.508824646 0.950394988
vn -0.826033 -0.008512 -0.024793
vt 0.511764884 0.950394988
vn -0.826033 0.000000 -0.025620
vt 0.508345068 0.954038024
vn -0.826033 -0.008512 -0.024793
vt 0.511764884 0.950394988
vn -0.826033 -0.003223 -0.025289
vt 0.510798395 0.975827992
vn -0.826033 0.000000 -0.025620
vt 0.508345068 0.954038024
vn -0.826033 -0.003223 -0.025289
vt 0.510798395 0.975827992
vn -0.826033 0.000000 -0.025620
vt 0.504071891 0.954038024
vn -0.826033 -0.003223 -0.025289
vt 0.510798395 0.975827992
vn -0.826033 0.003223 -0.025289
vt 0.501582563 0.975827992
vn -0.826033 0.000000 -0.025620
vt 0.504071891 0.954038024
vn -0.826033 0.003223 -0.025289
vt 0.501582563 0.975827992
vn -0.826033 0.008512 -0.024793
vt 0.500595868 0.950394988
vn -0.826033 0.000000 -0.025620
vt 0.504071891 0.954038024
vn -0.826033 0.000000 -0.025620
vt 0.504071891 0.954038024
vn -0.826033 0.008512 -0.024793
vt 0.500595868 0.950394988
vn -0.826033 0.000000 -0.025620
vt 0.503573537 0.950394988
vn 0.826033 0.000000 -0.025620
vt 0.508215189 0.953920007
vn 0.826033 -0.008512 -0.024793
vt 0.511756599 0.950277984
vn 0.826033 0.000000 -0.025620
vt 0.508636951 0.950277984
vn 0.826033 -0.003223 -0.025289
vt 0.510916829 0.975709975
vn 0.826033 -0.008512 -0.024793
vt 0.511756599 0.950277984
vn 0.826033 0.000000 -0.025620
vt 0.508215189 0.953920007
vn 0.826033 -0.003223 -0.025289
vt 0.510916829 0.975709975
vn 0.826033 0.000000 -0.025620
vt 0.508215189 0.953920007
vn 0.826033 0.000000 -0.025620
vt 0.504247010 0.953920007
vn 0.826033 -0.003223 -0.025289
vt 0.510916829 0.975709975
vn 0.826033 0.000000 -0.025620
vt 0.504247010 0.953920007
vn 0.826033 0.003223 -0.025289
vt 0.501456559 0.975709975
vn 0.826033 0.000000 -0.025620
vt 0.504247010 0.953920007
vn 0.826033 0.008512 -0.024793
vt 0.500587165 0.950277984
vn 0.826033 0.003223 -0.025289
vt 0.501456559 0.975709975
vn 0.826033 0.000000 -0.025620
vt 0.504247010 0.953920007
vn 0.826033 0.000000 -0.025620
vt 0.503812432 0.950277984
vn 0.826033 0.008512 -0.024793
vt 0.500587165 0.950277984
s off
f 489/2563/2563 490/2564/2564 491/2565/2565
f 485/2566/2566 488/2567/2567 486/2568/2568
s 115
f 484/2557/2557 485/2558/2558 486/2559/2559
f 490/2569/2569 489/2570/2570 492/2571/2571
f 499/2635/2635 484/2636/2636 497/2637/2637
f 485/2638/2638 484/2639/2639 499/2640/2640
f 485/2641/2641 499/2642/2642 500/2643/2643
f 485/2644/2644 500/2645/2645 489/2646/2646
f 500/2647/2647 492/2648/2648 489/2649/2649
f 500/2650/2650 495/2651/2651 492/2652/2652
s 116
f 485/2560/2560 487/2561/2561 488/2562/2562
f 489/2572/2572 491/2573/2573 493/2574/2574
f 496/2617/2617 498/2618/2618 487/2619/2619
f 496/2620/2620 487/2621/2621 485/2622/2622
f 496/2623/2623 485/2624/2624 501/2625/2625
f 485/2626/2626 489/2627/2627 501/2628/2628
f 489/2629/2629 493/2630/2630 501/2631/2631
f 501/2632/2632 493/2633/2633 494/2634/2634
s 117
f 487/2575/2575 486/2576/2576 488/2577/2577
f 487/2578/2578 484/2579/2579 486/2580/2580
s 118
f 492/2581/2581 494/2582/2582 493/2583/2583
f 492/2584/2584 495/2585/2585 494/2586/2586
s 119
f 496/2587/2587 497/2588/2588 498/2589/2589
f 496/2590/2590 499/2591/2591 497/2592/2592
s 120
f 500/2593/2593 496/2594/2594 501/2595/2595
f 500/2596/2596 499/2597/2597 496/2598/2598
s 121
f 501/2599/2599 495/2600/2600 500/2601/2601
f 501/2602/2602 494/2603/2603 495/2604/2604
s 122
f 498/2605/2605 484/2606/2606 487/2607/2607
f 498/2608/2608 497/2609/2609 484/2610/2610
s 123
f 493/2611/2611 490/2612/2612 492/2613/2613
f 493/2614/2614 491/2615/2615 490/2616/2616
o lbwing,ox=4.43,oy=1.21,oz=-20.57,p=base,
v 4.101322 8.015015 -19.599088
vn -0.826033 -0.008512 -0.024793
vt 0.059546907 0.023910999
v 4.101322 10.164585 -21.654676
vn -0.825785 -0.022314 -0.023306
vt 0.060103338 0.024379000
v 4.405614 7.003133 -29.400064
vn -0.826033 -0.003223 -0.025289
vt 0.060111370 0.026392000
vn 0.826033 -0.003223 -0.025289
vt 0.060114812 0.028874001
v 4.709906 10.164585 -21.654676
vn 0.825785 -0.022314 -0.023306
vt 0.060108386 0.030887000
v 4.709906 8.015015 -19.599088
vn 0.826033 -0.008512 -0.024793
vt 0.059554938 0.031355001
v 4.405614 3.616708 -29.400064
vn -0.000000 -0.765124 -0.312314
vt 0.057615809 0.028874001
v 4.709906 0.455256 -21.654676
vn -0.000000 -0.765124 -0.312314
vt 0.057615809 0.030887000
v 4.101322 0.455256 -21.654676
vn -0.000000 -0.765124 -0.312314
vt 0.055113368 0.030887000
vn 0.000000 0.765124 -0.312314
vt 0.060118251 0.026392000
vn 0.000000 0.765124 -0.312314
vt 0.060118023 0.024379000
vn 0.000000 0.765124 -0.312314
vt 0.060118023 0.030887000
vn 0.826033 0.003223 -0.025289
vt 0.057612598 0.028874001
v 4.709906 2.604826 -19.599088
vn 0.826033 0.008512 -0.024793
vt 0.058151361 0.031355001
vn 0.825785 0.022314 -0.023306
vt 0.057605945 0.030887000
vn -0.825785 0.022314 -0.023306
vt 0.057601355 0.024379000
v 4.101322 2.604826 -19.599088
vn -0.826033 0.008512 -0.024793
vt 0.058143098 0.023910999
vn -0.826033 0.003223 -0.025289
vt 0.057608929 0.026392000
vn -0.000000 0.571157 0.597273
vt 0.062551171 0.030887000
vn -0.000000 0.571157 0.597273
vt 0.060105633 0.031355001
vn -0.000000 0.571157 0.597273
vt 0.060109761 0.030887000
vn -0.000000 0.571157 0.597273
vt 0.062551171 0.030887000
vn -0.000000 0.571157 0.597273
vt 0.062546812 0.031355001
vn -0.000000 0.571157 0.597273
vt 0.060105633 0.031355001
vn -0.000000 0.000000 0.826446
vt 0.058139659 0.033836000
v 4.709906 4.092335 -19.599088
vn -0.000000 0.000000 0.826446
vt 0.058499444 0.031355001
v 4.101322 4.203672 -19.599088
vn -0.000000 0.000000 0.826446
vt 0.058559101 0.033836000
vn -0.000000 0.000000 0.826446
vt 0.058139659 0.033836000
vn -0.000000 0.000000 0.826446
vt 0.058140345 0.031355001
vn -0.000000 0.000000 0.826446
vt 0.058499444 0.031355001
v 4.666325 6.351948 -21.002775
vn -0.000000 0.000000 0.826446
vt 0.057581391 0.028798001
v 4.144902 4.396434 -21.002775
vn -0.000000 0.000000 0.826446
vt 0.057578411 0.028643001
v 4.666325 4.313816 -21.002775
vn -0.000000 0.000000 0.826446
vt 0.057580706 0.028789001
vn -0.000000 0.000000 0.826446
vt 0.057581391 0.028798001
v 4.144902 6.294599 -21.002775
vn -0.000000 0.000000 0.826446
vt 0.057578869 0.028666001
vn -0.000000 0.000000 0.826446
vt 0.057578411 0.028643001
vn 0.142810 0.805041 0.120661
vt 0.057574511 0.028630000
vn 0.132975 0.807273 0.116859
vt 0.057584144 0.028789001
vn 0.128099 0.808347 0.114959
vt 0.057580706 0.028643001
vn 0.142810 0.805041 0.120661
vt 0.057574511 0.028630000
vn 0.147107 0.803967 0.122314
vt 0.057574511 0.028801000
vn 0.132975 0.807273 0.116859
vt 0.057584144 0.028789001
v 4.709906 6.576785 -19.599088
vn -0.000000 0.000000 0.826446
vt 0.059172895 0.031355001
vn -0.000000 0.000000 0.826446
vt 0.059543468 0.033836000
v 4.101322 6.499498 -19.599088
vn -0.000000 0.000000 0.826446
vt 0.059110485 0.033836000
vn -0.000000 0.000000 0.826446
vt 0.059172895 0.031355001
vn -0.000000 0.000000 0.826446
vt 0.059543468 0.031355001
vn -0.000000 0.000000 0.826446
vt 0.059543468 0.033836000
vn 0.092810 -0.811983 0.122727
vt 0.057583228 0.028798001
vn 0.099835 -0.810744 0.125372
vt 0.057574511 0.028655000
vn 0.089339 -0.812562 0.121405
vt 0.057580244 0.028666001
vn 0.092810 -0.811983 0.122727
vt 0.057583228 0.028798001
vn 0.102893 -0.810165 0.126612
vt 0.057574511 0.028809000
vn 0.099835 -0.810744 0.125372
vt 0.057574511 0.028655000
vn -0.000000 -0.571157 0.597273
vt 0.316213727 0.647697985
vn -0.000000 -0.571157 0.597273
vt 0.309190571 0.645718992
vn -0.000000 -0.571157 0.597273
vt 0.309190094 0.647697985
vn -0.000000 -0.571157 0.597273
vt 0.316213727 0.647697985
vn -0.000000 -0.571157 0.597273
vt 0.316213727 0.645718992
vn -0.000000 -0.571157 0.597273
vt 0.309190571 0.645718992
vn 0.826033 -0.008512 -0.024793
vt 0.500045896 0.950017989
vn 0.826033 0.000000 -0.025620
vt 0.503330767 0.950017989
vn 0.826033 0.000000 -0.025620
vt 0.503828228 0.953749001
vn 0.826033 -0.003223 -0.025289
vt 0.501948297 0.976065993
vn 0.826033 -0.008512 -0.024793
vt 0.500045896 0.950017989
vn 0.826033 0.000000 -0.025620
vt 0.503828228 0.953749001
vn 0.826033 0.000000 -0.025620
vt 0.508466244 0.953749001
vn 0.826033 -0.003223 -0.025289
vt 0.501948297 0.976065993
vn 0.826033 0.000000 -0.025620
vt 0.503828228 0.953749001
vn 0.826033 0.000000 -0.025620
vt 0.508466244 0.953749001
vn 0.826033 0.003223 -0.025289
vt 0.510676563 0.976065993
vn 0.826033 -0.003223 -0.025289
vt 0.501948297 0.976065993
vn 0.826033 0.000000 -0.025620
vt 0.508466244 0.953749001
vn 0.826033 0.008512 -0.024793
vt 0.512192369 0.950017989
vn 0.826033 0.003223 -0.025289
vt 0.510676563 0.976065993
vn 0.826033 0.000000 -0.025620
vt 0.508466244 0.953749001
vn 0.826033 0.000000 -0.025620
vt 0.508944154 0.950017989
vn 0.826033 0.008512 -0.024793
vt 0.512192369 0.950017989
vn -0.826033 0.000000 -0.025620
vt 0.503942966 0.953631997
vn -0.826033 0.000000 -0.025620
vt 0.503448963 0.949900985
vn -0.826033 -0.008512 -0.024793
vt 0.500038087 0.949900985
vn -0.826033 0.000000 -0.025620
vt 0.503942966 0.953631997
vn -0.826033 -0.008512 -0.024793
vt 0.500038087 0.949900985
vn -0.826033 -0.003223 -0.025289
vt 0.501883805 0.975948989
vn -0.826033 0.000000 -0.025620
vt 0.508275568 0.953631997
vn -0.826033 0.000000 -0.025620
vt 0.503942966 0.953631997
vn -0.826033 -0.003223 -0.025289
vt 0.501883805 0.975948989
vn -0.826033 0.000000 -0.025620
vt 0.508275568 0.953631997
vn -0.826033 -0.003223 -0.025289
vt 0.501883805 0.975948989
vn -0.826033 0.003223 -0.025289
vt 0.510489762 0.975948989
vn -0.826033 0.000000 -0.025620
vt 0.508275568 0.953631997
vn -0.826033 0.003223 -0.025289
vt 0.510489762 0.975948989
vn -0.826033 0.008512 -0.024793
vt 0.512306154 0.949900985
vn -0.826033 0.000000 -0.025620
vt 0.508275568 0.953631997
vn -0.826033 0.008512 -0.024793
vt 0.512306154 0.949900985
vn -0.826033 0.000000 -0.025620
vt 0.508695424 0.949900985
s off
f 507/2659/2659 508/2660/2660 509/2661/2661
f 504/2662/2662 503/2663/2663 505/2664/2664
s 115
f 502/2653/2653 503/2654/2654 504/2655/2655
f 509/2668/2668 511/2669/2669 507/2670/2670
f 517/2731/2731 519/2732/2732 502/2733/2733
f 517/2734/2734 502/2735/2735 504/2736/2736
f 515/2737/2737 517/2738/2738 504/2739/2739
f 515/2740/2740 504/2741/2741 507/2742/2742
f 515/2743/2743 507/2744/2744 511/2745/2745
f 515/2746/2746 511/2747/2747 513/2748/2748
s 116
f 504/2656/2656 505/2657/2657 506/2658/2658
f 507/2665/2665 510/2666/2666 508/2667/2667
f 506/2713/2713 518/2714/2714 514/2715/2715
f 504/2716/2716 506/2717/2717 514/2718/2718
f 516/2719/2719 504/2720/2720 514/2721/2721
f 516/2722/2722 507/2723/2723 504/2724/2724
f 516/2725/2725 510/2726/2726 507/2727/2727
f 516/2728/2728 512/2729/2729 510/2730/2730
s 117
f 503/2671/2671 506/2672/2672 505/2673/2673
f 503/2674/2674 502/2675/2675 506/2676/2676
s 118
f 511/2677/2677 512/2678/2678 513/2679/2679
f 511/2680/2680 510/2681/2681 512/2682/2682
s 119
f 514/2683/2683 515/2684/2684 516/2685/2685
f 514/2686/2686 517/2687/2687 515/2688/2688
s 120
f 513/2689/2689 516/2690/2690 515/2691/2691
f 513/2692/2692 512/2693/2693 516/2694/2694
s 121
f 518/2695/2695 502/2696/2696 519/2697/2697
f 518/2698/2698 506/2699/2699 502/2700/2700
s 122
f 514/2701/2701 519/2702/2702 517/2703/2703
f 514/2704/2704 518/2705/2705 519/2706/2706
s 123
f 509/2707/2707 510/2708/2708 511/2709/2709
f 509/2710/2710 508/2711/2711 510/2712/2712
o rwing,ox=-18.15,oy=0.30,oz=-10.29,p=base,
v -29.807000 3.893167 -10.627133
vn -0.002231 -0.001074 0.826446
vt 0.259208977 0.577175021
v -29.830823 4.657003 -10.626229
vn -0.002231 -0.001074 0.826446
vt 0.259025633 0.579882979
v -30.375194 4.174021 -10.628314
vn -0.002231 -0.001074 0.826446
vt 0.256709039 0.580157995
v -30.209644 4.059257 -29.007810
vn 0.001983 0.000826 -0.826446
vt 0.259642184 0.581597984
v -29.672099 4.656955 -29.005935
vn 0.001983 0.000826 -0.826446
vt 0.257689059 0.583371997
v -29.696457 3.892471 -29.006732
vn 0.001983 0.000826 -0.826446
vt 0.255980074 0.581609011
vn -0.450083 -0.693140 0.000413
vt 0.116331629 0.704470992
v -34.822548 8.648808 -18.909489
vn -0.584959 -0.583802 -0.001322
vt 0.104185633 0.688816011
vn -0.350992 -0.748182 -0.001488
vt 0.116331629 0.669434011
vn -0.450083 -0.693140 0.000413
vt 0.116331629 0.704470992
v -34.432091 8.255682 -15.577362
vn -0.586116 -0.582645 -0.000083
vt 0.105284266 0.695155978
vn -0.584959 -0.583802 -0.001322
vt 0.104185633 0.688816011
vn -0.576033 0.577025 0.135124
vt 0.252012789 0.560845017
v -33.894171 8.795989 -15.579750
vn -0.577190 0.575785 0.135455
vt 0.260435641 0.556333005
v -34.281204 9.189194 -18.911635
vn -0.575785 0.577273 0.135041
vt 0.260313570 0.560851991
vn -0.576033 0.577025 0.135124
vt 0.252012789 0.560845017
vn -0.577438 0.575455 0.135537
vt 0.252134860 0.556325018
vn -0.577190 0.575785 0.135455
vt 0.260435641 0.556333005
vn -0.493636 0.490578 -0.445785
vt 0.252012789 0.560845017
vn -0.515124 0.466529 -0.447190
vt 0.260435641 0.576892018
vn -0.516033 0.465454 -0.447273
vt 0.251646578 0.576920986
vn -0.493636 0.490578 -0.445785
vt 0.252012789 0.560845017
vn -0.492562 0.491653 -0.445702
vt 0.260313570 0.560851991
vn -0.515124 0.466529 -0.447190
vt 0.260435641 0.576892018
vn 0.574215 -0.017025 -0.594132
vt 0.561032414 0.622924984
v -20.446758 3.892819 -20.067127
vn 0.575041 -0.000661 -0.593554
vt 0.553700149 0.624747992
vn 0.574215 -0.017686 -0.594132
vt 0.553708196 0.622924984
vn 0.574215 -0.017025 -0.594132
vt 0.561032414 0.622924984
v -20.446758 4.656980 -20.067127
vn 0.575124 0.000000 -0.593554
vt 0.561023712 0.624747992
vn 0.575041 -0.000661 -0.593554
vt 0.553700149 0.624747992
vn 0.164793 0.000000 -0.809835
vt 0.561027825 0.624747992
v -17.634645 3.892818 -19.494918
vn 0.164793 0.000000 -0.809835
vt 0.553668261 0.626169980
vn 0.164793 0.000000 -0.809835
vt 0.553704083 0.624747992
vn 0.164793 0.000000 -0.809835
vt 0.561027825 0.624747992
v -17.634366 4.656980 -19.494849
vn 0.164793 0.000000 -0.809835
vt 0.560992479 0.626169980
vn 0.164793 0.000000 -0.809835
vt 0.553668261 0.626169980
v -23.377970 4.656976 -3.054520
vn -0.630000 0.000165 0.534876
vt 0.416095018 0.630795002
vn -0.628926 -0.019174 0.535868
vt 0.412655026 0.655041993
v -23.378616 3.892760 -3.053542
vn -0.630083 0.001240 0.534793
vt 0.412616014 0.630793989
vn -0.630000 0.000165 0.534876
vt 0.416095018 0.630795002
vn -0.628843 -0.020248 0.535868
vt 0.416133106 0.655077994
vn -0.628926 -0.019174 0.535868
vt 0.412655026 0.655041993
vn -0.350992 -0.748182 -0.001488
vt 0.259642184 0.581597984
vn -0.146777 -0.813306 0.000496
vt 0.255735934 0.537397981
vn -0.450083 -0.693140 0.000413
vt 0.259642184 0.537383974
vn -0.350992 -0.748182 -0.001488
vt 0.259642184 0.581597984
vn -0.170413 -0.808678 -0.000992
vt 0.255980074 0.581609011
vn -0.146777 -0.813306 0.000496
vt 0.255735934 0.537397981
vn -0.359174 0.399339 0.628099
vt 0.252194971 0.546168983
vn -0.379091 0.382727 0.626694
vt 0.260435164 0.556333005
vn -0.380496 0.381570 0.626612
vt 0.252134383 0.556325018
vn -0.359174 0.399339 0.628099
vt 0.252194971 0.546168983
vn -0.357769 0.400578 0.628182
vt 0.260129541 0.546126008
vn -0.379091 0.382727 0.626694
vt 0.260435164 0.556333005
vn 0.586033 0.582727 0.003967
vt 0.103630811 0.643755019
vn 0.586198 0.582562 0.003802
vt 0.116809130 0.626757979
vn 0.585041 0.583719 0.005041
vt 0.116816238 0.664641976
vn 0.586033 0.582727 0.003967
vt 0.103630811 0.643755019
vn 0.589835 0.578843 -0.000248
vt 0.104789793 0.636895001
vn 0.586198 0.582562 0.003802
vt 0.116809130 0.626757979
vn 0.000000 0.826446 -0.000000
vt 0.703362942 0.467512995
vn 0.000000 0.826446 -0.000000
vt 0.696896911 0.454647005
vn 0.000000 0.826446 -0.000000
vt 0.716609895 0.460684001
vn 0.000000 0.826446 -0.000000
vt 0.703362942 0.467512995
vn 0.000000 0.826446 -0.000000
vt 0.716609895 0.460684001
v -22.410400 4.656981 -5.824063
vn 0.000000 0.826446 -0.000000
vt 0.719195604 0.470225990
vn 0.000000 0.826446 -0.000000
vt 0.703362942 0.467512995
vn 0.000000 0.826446 -0.000000
vt 0.719195604 0.470225990
vn 0.000000 0.826446 -0.000000
vt 0.702960253 0.470708013
vn 0.000000 0.826446 -0.000000
vt 0.716609895 0.460684001
vn 0.000000 0.826446 -0.000000
vt 0.722491503 0.470128000
vn 0.000000 0.826446 -0.000000
vt 0.719195604 0.470225990
vn -0.146777 -0.813306 0.000496
vt 0.716367543 0.455422997
v -22.410682 3.892819 -5.824134
vn -0.000000 -0.826446 0.000000
vt 0.723101854 0.463811010
vn -0.000000 -0.826446 0.000000
vt 0.726336718 0.462285995
vn -0.146777 -0.813306 0.000496
vt 0.716367543 0.455422997
vn -0.000000 -0.826446 0.000000
vt 0.706050098 0.467985988
vn -0.000000 -0.826446 0.000000
vt 0.723101854 0.463811010
vn -0.146777 -0.813306 0.000496
vt 0.716367543 0.455422997
vn -0.170413 -0.808678 -0.000992
vt 0.694029152 0.457865000
vn -0.000000 -0.826446 0.000000
vt 0.706050098 0.467985988
vn -0.000000 -0.826446 0.000000
vt 0.706050098 0.467985988
vn -0.000000 -0.826446 0.000000
vt 0.707049608 0.471332014
vn -0.000000 -0.826446 0.000000
vt 0.723101854 0.463811010
s off
f 520/2749/2749 521/2750/2750 522/2751/2751
f 523/2752/2752 524/2753/2753 525/2754/2754
s 115
f 522/2755/2755 526/2756/2756 523/2757/2757
f 522/2758/2758 527/2759/2759 526/2760/2760
f 523/2791/2791 520/2792/2792 522/2793/2793
f 523/2794/2794 525/2795/2795 520/2796/2796
f 520/2821/2821 537/2822/2822 535/2823/2823
f 520/2824/2824 530/2825/2825 537/2826/2826
f 520/2827/2827 525/2828/2828 530/2829/2829
f 530/2830/2830 532/2831/2831 537/2832/2832
s 116
f 526/2761/2761 528/2762/2762 529/2763/2763
f 526/2764/2764 527/2765/2765 528/2766/2766
s 117
f 526/2767/2767 524/2768/2768 523/2769/2769
f 526/2770/2770 529/2771/2771 524/2772/2772
s 118
f 524/2773/2773 530/2774/2774 525/2775/2775
f 524/2776/2776 531/2777/2777 530/2778/2778
s 119
f 531/2779/2779 532/2780/2780 530/2781/2781
f 531/2782/2782 533/2783/2783 532/2784/2784
s 120
f 534/2785/2785 520/2786/2786 535/2787/2787
f 534/2788/2788 521/2789/2789 520/2790/2790
s 121
f 522/2797/2797 528/2798/2798 527/2799/2799
f 522/2800/2800 521/2801/2801 528/2802/2802
s 122
f 529/2803/2803 521/2804/2804 524/2805/2805
f 529/2806/2806 528/2807/2807 521/2808/2808
s 123
f 531/2809/2809 524/2810/2810 521/2811/2811
f 531/2812/2812 521/2813/2813 536/2814/2814
f 531/2815/2815 536/2816/2816 533/2817/2817
f 521/2818/2818 534/2819/2819 536/2820/2820
o lwing,ox=18.15,oy=0.30,oz=-10.29,p=base,
v 29.806995 3.893167 -10.627131
vn 0.002231 -0.001074 0.826446
vt 0.259697258 0.575796008
v 30.375190 4.174021 -10.628313
vn 0.002231 -0.001074 0.826446
vt 0.255671442 0.581556022
v 29.830813 4.657002 -10.626229
vn 0.002231 -0.001074 0.826446
vt 0.259330809 0.580317974
v 30.209641 4.059257 -29.007810
vn -0.001983 0.000826 -0.826446
vt 0.257383883 0.580631018
v 29.696447 3.892471 -29.006732
vn -0.001983 0.000826 -0.826446
vt 0.254087985 0.580640018
v 29.672094 4.656955 -29.005931
vn -0.001983 0.000826 -0.826446
vt 0.255430758 0.582006991
vn 0.450083 -0.693140 0.000413
vt 0.116148524 0.705060005
v 34.822544 8.648808 -18.909489
vn 0.584959 -0.583802 -0.001322
vt 0.104185633 0.689673007
v 34.432085 8.255682 -15.577361
vn 0.586116 -0.582645 -0.000083
vt 0.105284266 0.695904016
vn 0.450083 -0.693140 0.000413
vt 0.116148524 0.705060005
vn 0.350992 -0.748182 -0.001488
vt 0.116148524 0.670623004
vn 0.584959 -0.583802 -0.001322
vt 0.104185633 0.689673007
v 33.894166 8.795989 -15.579749
vn 0.577190 0.575785 0.135455
vt 0.123777919 0.687048018
vn 0.576033 0.577025 0.135124
vt 0.119261317 0.706844985
v 34.281195 9.189194 -18.911634
vn 0.575785 0.577355 0.135041
vt 0.123716883 0.706875026
vn 0.577190 0.575785 0.135455
vt 0.123777919 0.687048018
vn 0.577438 0.575455 0.135537
vt 0.119322352 0.687013984
vn 0.576033 0.577025 0.135124
vt 0.119261317 0.706844985
vn 0.493636 0.490578 -0.445785
vt 0.119078211 0.672601998
vn 0.515124 0.466529 -0.447190
vt 0.124022059 0.706915021
vn 0.492562 0.491653 -0.445702
vt 0.123961024 0.672616005
vn 0.493636 0.490578 -0.445785
vt 0.119078211 0.672601998
vn 0.516033 0.465454 -0.447273
vt 0.118895106 0.706977010
vn 0.515124 0.466529 -0.447190
vt 0.124022059 0.706915021
v 20.446754 3.892819 -20.067125
vn -0.575041 -0.000661 -0.593554
vt 0.554860055 0.622789979
vn -0.574215 -0.017025 -0.594132
vt 0.560849309 0.621291995
vn -0.574215 -0.017686 -0.594132
vt 0.554867864 0.621291995
vn -0.575041 -0.000661 -0.593554
vt 0.554860055 0.622789979
v 20.446754 4.656979 -20.067125
vn -0.575124 0.000000 -0.593554
vt 0.560840786 0.622789979
vn -0.574215 -0.017025 -0.594132
vt 0.560849309 0.621291995
v 17.634638 3.892818 -19.494918
vn -0.164793 0.000000 -0.809835
vt 0.554827929 0.623957992
vn -0.164793 0.000000 -0.809835
vt 0.560844719 0.622789979
vn -0.164793 0.000000 -0.809835
vt 0.554863751 0.622789979
vn -0.164793 0.000000 -0.809835
vt 0.554827929 0.623957992
v 17.634361 4.656979 -19.494849
vn -0.164793 0.000000 -0.809835
vt 0.560809374 0.623957992
vn -0.164793 0.000000 -0.809835
vt 0.560844719 0.622789979
vn 0.628926 -0.019174 0.535868
vt 0.412716061 0.655225992
v 23.377966 4.656976 -3.054519
vn 0.630000 0.000165 0.534876
vt 0.416217089 0.624778986
v 23.378612 3.892760 -3.053542
vn 0.630083 0.001240 0.534793
vt 0.412677050 0.624777973
vn 0.628926 -0.019174 0.535868
vt 0.412716061 0.655225992
vn 0.628843 -0.020248 0.535868
vt 0.416254938 0.655272007
vn 0.630000 0.000165 0.534876
vt 0.416217089 0.624778986
vn 0.350992 -0.748182 -0.001488
vt 0.259825289 0.575993001
vn 0.146777 -0.813306 0.000496
vt 0.255919039 0.541710019
vn 0.170413 -0.808678 -0.000992
vt 0.256529391 0.576002002
vn 0.350992 -0.748182 -0.001488
vt 0.259825289 0.575993001
vn 0.450083 -0.693140 0.000413
vt 0.259825289 0.541698992
vn 0.146777 -0.813306 0.000496
vt 0.255919039 0.541710019
vn 0.379091 0.382727 0.626694
vt 0.123533323 0.707059979
vn 0.359174 0.399421 0.628099
vt 0.119138330 0.672155976
vn 0.380496 0.381570 0.626612
vt 0.119077757 0.707033992
vn 0.379091 0.382727 0.626694
vt 0.123533323 0.707059979
vn 0.357769 0.400578 0.628182
vt 0.123349756 0.672011018
vn 0.359174 0.399421 0.628099
vt 0.119138330 0.672155976
vn -0.586198 0.582562 0.003802
vt 0.116809130 0.627349973
vn -0.586033 0.582727 0.003967
vt 0.103569776 0.644347012
vn -0.585041 0.583719 0.005041
vt 0.116816238 0.665234029
vn -0.586198 0.582562 0.003802
vt 0.116809130 0.627349973
vn -0.589835 0.578843 -0.000248
vt 0.104789563 0.637486994
vn -0.586033 0.582727 0.003967
vt 0.103569776 0.644347012
vn -0.000000 0.826446 0.000000
vt 0.703546286 0.467384011
vn -0.000000 0.826446 0.000000
vt 0.703143358 0.470625997
v 22.410396 4.656980 -5.824062
vn -0.000000 0.826446 0.000000
vt 0.719561815 0.470265001
vn -0.000000 0.826446 0.000000
vt 0.703546286 0.467384011
vn -0.000000 0.826446 0.000000
vt 0.719561815 0.470265001
vn -0.000000 0.826446 0.000000
vt 0.717037141 0.460556000
vn -0.000000 0.826446 0.000000
vt 0.703546286 0.467384011
vn -0.000000 0.826446 0.000000
vt 0.717037141 0.460556000
vn -0.000000 0.826446 0.000000
vt 0.697080016 0.454270005
vn -0.000000 0.826446 0.000000
vt 0.719561815 0.470265001
vn -0.000000 0.826446 0.000000
vt 0.722918749 0.470191985
vn -0.000000 0.826446 0.000000
vt 0.717037141 0.460556000
v 22.410673 3.892819 -5.824134
vn -0.000000 -0.826446 0.000000
vt 0.724688768 0.464130998
vn 0.146777 -0.813306 0.000496
vt 0.717527211 0.454697013
vn -0.000000 -0.826446 0.000000
vt 0.728350878 0.462550998
vn -0.000000 -0.826446 0.000000
vt 0.724688768 0.464130998
vn -0.000000 -0.826446 0.000000
vt 0.705806196 0.468212008
vn 0.146777 -0.813306 0.000496
vt 0.717527211 0.454697013
vn -0.000000 -0.826446 0.000000
vt 0.724688768 0.464130998
vn -0.000000 -0.826446 0.000000
vt 0.706866503 0.471926004
vn -0.000000 -0.826446 0.000000
vt 0.705806196 0.468212008
vn -0.000000 -0.826446 0.000000
vt 0.705806196 0.468212008
vn 0.170413 -0.808678 -0.000992
vt 0.692930520 0.456712991
vn 0.146777 -0.813306 0.000496
vt 0.717527211 0.454697013
s off
f 538/2833/2833 539/2834/2834 540/2835/2835
f 541/2836/2836 542/2837/2837 543/2838/2838
s 115
f 539/2839/2839 544/2840/2840 545/2841/2841
f 539/2842/2842 541/2843/2843 544/2844/2844
f 541/2875/2875 538/2876/2876 542/2877/2877
f 541/2878/2878 539/2879/2879 538/2880/2880
f 555/2905/2905 538/2906/2906 553/2907/2907
f 555/2908/2908 548/2909/2909 538/2910/2910
f 555/2911/2911 550/2912/2912 548/2913/2913
f 548/2914/2914 542/2915/2915 538/2916/2916
s 116
f 546/2845/2845 544/2846/2846 547/2847/2847
f 546/2848/2848 545/2849/2849 544/2850/2850
s 117
f 544/2851/2851 543/2852/2852 547/2853/2853
f 544/2854/2854 541/2855/2855 543/2856/2856
s 118
f 548/2857/2857 543/2858/2858 542/2859/2859
f 548/2860/2860 549/2861/2861 543/2862/2862
s 119
f 550/2863/2863 549/2864/2864 548/2865/2865
f 550/2866/2866 551/2867/2867 549/2868/2868
s 120
f 538/2869/2869 552/2870/2870 553/2871/2871
f 538/2872/2872 540/2873/2873 552/2874/2874
s 121
f 546/2881/2881 539/2882/2882 545/2883/2883
f 546/2884/2884 540/2885/2885 539/2886/2886
s 122
f 540/2887/2887 547/2888/2888 543/2889/2889
f 540/2890/2890 546/2891/2891 547/2892/2892
s 123
f 549/2893/2893 551/2894/2894 554/2895/2895
f 549/2896/2896 554/2897/2897 540/2898/2898
f 549/2899/2899 540/2900/2900 543/2901/2901
f 554/2902/2902 552/2903/2903 540/2904/2904
o fdoor,ox=-0.00,oy=-4.48,oz=13.19,p=base,
v -2.833257 -0.214158 13.168786
vn -0.000000 -0.814959 -0.137521
vt 0.791906834 0.422338009
v 1.984617 -0.926568 17.390775
vn -0.000000 -0.814959 -0.137521
vt 0.758696139 0.399738997
v -1.879540 -0.926568 17.390775
vn -0.000000 -0.814959 -0.137521
vt 0.792024314 0.399738997
vn -0.000000 -0.814959 -0.137521
vt 0.791906834 0.422338009
v 2.938334 -0.214158 13.168786
vn -0.000000 -0.814959 -0.137521
vt 0.758881748 0.422338009
vn -0.000000 -0.814959 -0.137521
vt 0.758696139 0.399738997
s 115
f 556/2917/2917 557/2918/2918 558/2919/2919
f 556/2920/2920 559/2921/2921 557/2922/2922
o bdoor,ox=-0.00,oy=-4.48,oz=13.19,p=base,
v 1.984617 0.498251 8.946799
vn -0.000000 -0.814959 -0.137521
vt 0.792079628 0.399704009
v -2.833257 -0.214158 13.168785
vn -0.000000 -0.814959 -0.137521
vt 0.758886814 0.422304004
v -1.879540 0.498251 8.946799
vn -0.000000 -0.814959 -0.137521
vt 0.758634627 0.399704009
vn -0.000000 -0.814959 -0.137521
vt 0.792079628 0.399704009
v 2.938334 -0.214158 13.168785
vn -0.000000 -0.814959 -0.137521
vt 0.791901767 0.422304004
vn -0.000000 -0.814959 -0.137521
vt 0.758886814 0.422304004
s 115
f 560/2923/2923 561/2924/2924 562/2925/2925
f 560/2926/2926 563/2927/2927 561/2928/2928
o cockpit,ox=-0.00,oy=0.00,oz=0.00,p=base,
v -2.790998 4.052392 25.691553
vn -0.764463 0.302893 0.082645
vt 0.774158001 0.105938002
v -1.733059 7.825806 21.646723
vn -0.764463 0.302893 0.082645
vt 0.778603911 0.107407004
v -2.790998 5.155724 21.646723
vn -0.764463 0.302893 0.082645
vt 0.774145126 0.107407004
v 2.791666 5.155724 21.646723
vn 0.764463 0.302893 0.082645
vt 0.774145126 0.114749998
v 1.733727 7.825806 21.646723
vn 0.764463 0.302893 0.082645
vt 0.778603911 0.114749998
v 2.791666 4.052392 25.691553
vn 0.764463 0.302893 0.082645
vt 0.774158239 0.116218999
v 2.471120 4.714587 25.512812
vn 0.741322 0.342727 0.126116
vt 0.722098470 0.115064003
v 1.752573 7.333960 22.617872
vn 0.741322 0.342727 0.126116
vt 0.722099841 0.122465998
v 1.752573 6.268737 25.512812
vn 0.741322 0.342727 0.126116
vt 0.719660044 0.117307998
v -1.751905 6.268737 25.512812
vn -0.741322 0.342727 0.126116
vt 0.722101212 0.120222002
v -1.751905 7.333960 22.617872
vn -0.741322 0.342727 0.126116
vt 0.724479973 0.115064003
v -2.470453 4.714589 25.512812
vn -0.741322 0.342727 0.126116
vt 0.724478602 0.122465998
v -2.063133 9.039544 17.601894
vn -0.000000 0.822066 0.084793
vt 0.101743996 0.626344025
v 2.063802 8.267817 21.646723
vn -0.000000 0.811818 0.154876
vt 0.117979579 0.664291024
v 2.063802 9.039544 17.601894
vn -0.000000 0.822066 0.084793
vt 0.117979348 0.626344025
vn -0.000000 0.822066 0.084793
vt 0.101743996 0.626344025
v -2.063133 8.267817 21.646723
vn -0.000000 0.811818 0.154876
vt 0.101744227 0.664291024
vn -0.000000 0.811818 0.154876
vt 0.117979579 0.664291024
v -3.581943 3.656999 25.691553
vn -0.767355 -0.290165 0.099835
vt 0.774143100 0.105938002
v -2.142696 1.329791 20.888453
vn -0.780744 -0.247438 -0.110413
vt 0.774127245 0.107407004
v -2.142696 -0.525729 22.427219
vn -0.791157 -0.233802 -0.049256
vt 0.774127245 0.105938002
vn -0.767355 -0.290165 0.099835
vt 0.774143100 0.105938002
v -3.581943 4.760331 21.646723
vn -0.764545 -0.304132 -0.077273
vt 0.774135530 0.107407004
vn -0.780744 -0.247438 -0.110413
vt 0.774127245 0.107407004
vn -0.767355 -0.290165 0.099835
vt 0.128025368 0.735104978
v -1.426998 -0.706634 26.612993
vn -0.730909 -0.313471 0.224793
vt 0.139337301 0.742386997
v -0.904513 2.500123 30.242834
vn -0.700578 -0.273636 0.342562
vt 0.128026515 0.750447989
vn -0.767355 -0.290165 0.099835
vt 0.128025368 0.735104978
vn -0.791157 -0.233802 -0.049256
vt 0.142413378 0.731275022
vn -0.730909 -0.313471 0.224793
vt 0.139337301 0.742386997
v 3.582610 3.656999 25.691553
vn 0.767355 -0.290165 0.099835
vt 0.128513649 0.733929992
v 1.427665 -0.706634 26.612993
vn 0.730909 -0.313471 0.224793
vt 0.140496969 0.740696013
v 2.143363 -0.525729 22.427219
vn 0.791157 -0.233802 -0.049256
vt 0.131915331 0.748780012
vn 0.767355 -0.290165 0.099835
vt 0.128513649 0.733929992
v 0.905179 2.500123 30.242834
vn 0.700578 -0.273636 0.342562
vt 0.142431051 0.726659000
vn 0.730909 -0.313471 0.224793
vt 0.140496969 0.740696013
v 0.947608 9.161514 6.659102
vn -0.000000 0.826364 0.009174
vt 0.116168261 0.667337000
vn -0.000000 0.822066 0.084793
vt 0.101194456 0.625037014
vn -0.000000 0.822066 0.084793
vt 0.117857054 0.625037014
vn -0.000000 0.826364 0.009174
vt 0.116168261 0.667337000
v -0.946941 9.161514 6.659102
vn -0.000000 0.826364 0.009174
vt 0.102801561 0.667337000
vn -0.000000 0.822066 0.084793
vt 0.101194456 0.625037014
v 0.978924 4.201200 29.392515
vn 0.766859 0.068347 0.300496
vt 0.778615594 0.117696002
v 1.027733 3.871474 29.342945
vn 0.808016 0.098099 0.143223
vt 0.775989711 0.117596000
v 1.045283 4.128368 29.288826
vn 0.708016 0.040992 0.424298
vt 0.776663423 0.117592998
vn 0.766859 0.068347 0.300496
vt 0.778615594 0.117696002
v 1.050825 3.359218 29.736385
vn 0.814380 0.106859 0.091322
vt 0.774157286 0.117687002
vn 0.808016 0.098099 0.143223
vt 0.775989711 0.117596000
v -1.027066 3.871474 29.342945
vn -0.822810 0.047769 0.060826
vt 0.775987685 0.104560003
v -1.004335 4.196405 29.395136
vn -0.804463 0.026198 0.187355
vt 0.778614044 0.104468003
v -1.044616 4.128368 29.288826
vn -0.774463 0.007851 0.288430
vt 0.776661813 0.104562998
vn -0.822810 0.047769 0.060826
vt 0.775987685 0.104560003
v -1.050158 3.359218 29.736385
vn -0.824380 0.054132 0.022066
vt 0.774155438 0.104469001
vn -0.804463 0.026198 0.187355
vt 0.778614044 0.104468003
v 2.425783 4.475569 25.864029
vn 0.700992 0.305455 0.313554
vt 0.719656110 0.115057997
vn 0.760826 0.073636 0.314132
vt 0.719415665 0.108066998
vn 0.765950 0.012975 0.310083
vt 0.719653606 0.107923999
vn 0.700992 0.305455 0.313554
vt 0.719656110 0.115057997
v 1.686689 6.098429 25.861849
vn 0.696033 0.317438 0.312727
vt 0.716181040 0.114978001
vn 0.760826 0.073636 0.314132
vt 0.719415665 0.108066998
vn -0.760826 0.073636 0.314132
vt 0.722833395 0.114914998
v -2.425115 4.475569 25.864029
vn -0.700992 0.305455 0.313554
vt 0.723074079 0.107923999
vn -0.765950 0.012975 0.310083
vt 0.723070860 0.115057997
vn -0.760826 0.073636 0.314132
vt 0.722833395 0.114914998
v -1.686023 6.098429 25.861849
vn -0.696033 0.317438 0.312727
vt 0.719660044 0.108003996
vn -0.700992 0.305455 0.313554
vt 0.723074079 0.107923999
v -0.255937 3.430621 30.272898
vn -0.000331 0.386446 0.730496
vt 0.773556590 0.114964999
v -0.207395 2.497613 30.628864
vn -0.103884 0.538182 0.618512
vt 0.779776216 0.113670997
v -0.164915 2.497614 30.628864
vn -0.000000 0.530496 0.633719
vt 0.779775977 0.114929996
vn -0.000331 0.386446 0.730496
vt 0.773556590 0.114964999
v -0.321554 3.430620 30.272896
vn -0.072231 0.412066 0.712727
vt 0.773556590 0.113775998
vn -0.103884 0.538182 0.618512
vt 0.779776216 0.113670997
v 0.208064 2.497617 30.628870
vn 0.102645 0.544793 0.612893
vt 0.779776216 0.117449000
v 0.255984 3.430622 30.272902
vn -0.000000 0.382975 0.732397
vt 0.773556590 0.116153002
v 0.165587 2.497616 30.628866
vn -0.000083 0.530496 0.633719
vt 0.779776216 0.116190001
vn 0.102645 0.544793 0.612893
vt 0.779776216 0.117449000
v 0.321962 3.430624 30.272902
vn 0.073967 0.410000 0.713719
vt 0.773556590 0.117342003
vn -0.000000 0.382975 0.732397
vt 0.773556590 0.116153002
vn -0.000000 0.294628 0.772149
vt 0.718747020 0.114308000
vn -0.000000 0.294628 0.772149
vt 0.725027442 0.113085002
vn -0.000000 0.294628 0.772149
vt 0.725027680 0.114344001
vn -0.000000 0.294628 0.772149
vt 0.718747020 0.114308000
vn -0.000000 0.294628 0.772149
vt 0.718808055 0.113118999
vn -0.000000 0.294628 0.772149
vt 0.725027442 0.113085002
vn -0.764545 -0.304132 -0.077273
vt 0.769741178 0.114749998
v -2.142696 2.166190 17.384079
vn -0.761157 -0.302314 -0.110579
vt 0.769732714 0.113280997
vn -0.780744 -0.247438 -0.110413
vt 0.769732714 0.114749998
vn -0.764545 -0.304132 -0.077273
vt 0.769741178 0.114749998
v -3.581943 5.705389 17.601894
vn -0.764215 -0.290992 -0.119587
vt 0.769732714 0.113280997
vn -0.761157 -0.302314 -0.110579
vt 0.769732714 0.113280997
vn -0.761157 -0.302314 -0.110579
vt 0.769732714 0.113280997
vn -0.764215 -0.290992 -0.119587
vt 0.769732714 0.113280997
v -1.192716 5.557478 6.502050
vn -0.789752 -0.176777 -0.167603
vt 0.769732714 0.113280997
vn -0.764215 -0.290992 -0.119587
vt 0.769732714 0.113280997
v -1.703704 8.116730 6.659102
vn -0.795207 -0.148430 -0.169174
vt 0.769732714 0.113280997
vn -0.789752 -0.176777 -0.167603
vt 0.769732714 0.113280997
vn -0.753884 0.332645 0.063471
vt 0.778620005 0.107407004
v -3.334282 6.158840 17.601894
vn -0.756033 0.333636 0.011653
vt 0.774156868 0.108874999
v -3.334282 5.387111 21.646723
vn -0.753884 0.332645 0.063471
vt 0.774160028 0.107407004
vn -0.753884 0.332645 0.063471
vt 0.778620005 0.107407004
vn -0.753884 0.338678 -0.001240
vt 0.778618395 0.108874999
vn -0.756033 0.333636 0.011653
vt 0.774156868 0.108874999
vn -0.756033 0.333636 0.011653
vt 0.774156868 0.108874999
vn -0.753884 0.338678 -0.001240
vt 0.778618395 0.108874999
v -1.530487 8.385254 6.659102
vn -0.675702 0.471901 -0.061074
vt 0.774127245 0.108874999
vn -0.753884 0.338678 -0.001240
vt 0.778618395 0.108874999
vn -0.658760 0.495207 -0.061653
vt 0.778582811 0.108874999
vn -0.675702 0.471901 -0.061074
vt 0.774127245 0.108874999
v 3.334950 6.158840 17.601894
vn 0.756033 0.333636 0.011653
vt 0.774156868 0.113280997
vn 0.753884 0.332645 0.063471
vt 0.778620005 0.114749998
v 3.334950 5.387111 21.646723
vn 0.753884 0.332645 0.063471
vt 0.774160028 0.114749998
vn 0.756033 0.333636 0.011653
vt 0.774156868 0.113280997
vn 0.753884 0.338678 -0.001240
vt 0.778618395 0.113280997
vn 0.753884 0.332645 0.063471
vt 0.778620005 0.114749998
vn 0.756033 0.333636 0.011653
vt 0.774156868 0.113280997
v 1.531155 8.385254 6.659102
vn 0.675702 0.471901 -0.061074
vt 0.774127245 0.113280997
vn 0.753884 0.338678 -0.001240
vt 0.778618395 0.113280997
vn 0.675702 0.471901 -0.061074
vt 0.774127245 0.113280997
vn 0.658760 0.495207 -0.061653
vt 0.778582811 0.113280997
vn 0.753884 0.338678 -0.001240
vt 0.778618395 0.113280997
vn 0.354297 0.708760 0.234959
vt 0.774162829 0.116218999
v 3.582610 4.760331 21.646723
vn 0.359008 0.718182 0.195868
vt 0.774148345 0.114749998
vn 0.359008 0.718182 0.195868
vt 0.774147213 0.114749998
vn 0.354297 0.708760 0.234959
vt 0.774162829 0.116218999
vn 0.381322 0.691074 0.245041
vt 0.774162114 0.116218999
vn 0.359008 0.718182 0.195868
vt 0.774148345 0.114749998
vn 0.354297 0.708760 0.234959
vt 0.774162829 0.116218999
vn 0.675454 0.189752 0.436777
vt 0.774165571 0.117687002
vn 0.381322 0.691074 0.245041
vt 0.774162114 0.116218999
vn 0.675454 0.189752 0.436777
vt 0.774165571 0.117687002
vn 0.685207 0.142893 0.439421
vt 0.774153888 0.117687002
vn 0.381322 0.691074 0.245041
vt 0.774162114 0.116218999
vn -0.675454 0.189752 0.436777
vt 0.774165571 0.104469001
vn -0.381322 0.691074 0.245041
vt 0.774162114 0.105938002
vn -0.685207 0.142893 0.439421
vt 0.774153888 0.104469001
vn -0.675454 0.189752 0.436777
vt 0.774165571 0.104469001
vn -0.354297 0.708760 0.234959
vt 0.774162829 0.105938002
vn -0.381322 0.691074 0.245041
vt 0.774162114 0.105938002
vn -0.381322 0.691074 0.245041
vt 0.774162114 0.105938002
vn -0.354297 0.708760 0.234959
vt 0.774162829 0.105938002
vn -0.359008 0.718182 0.195868
vt 0.774148345 0.107407004
vn -0.354297 0.708760 0.234959
vt 0.774162829 0.105938002
vn -0.359008 0.718182 0.195868
vt 0.774147213 0.107407004
vn -0.359008 0.718182 0.195868
vt 0.774148345 0.107407004
vn -0.437438 0.681405 0.165537
vt 0.774163723 0.107407004
v -4.279170 5.763447 17.601894
vn -0.329256 0.747190 0.127521
vt 0.774161637 0.108874999
v -4.279170 4.739580 21.646723
vn -0.457355 0.667355 0.168926
vt 0.774162829 0.107407004
vn -0.437438 0.681405 0.165537
vt 0.774163723 0.107407004
vn -0.315702 0.754215 0.120413
vt 0.774160028 0.108874999
vn -0.329256 0.747190 0.127521
vt 0.774161637 0.108874999
vn -0.329256 0.747190 0.127521
vt 0.774161637 0.108874999
vn -0.315702 0.754215 0.120413
vt 0.774160028 0.108874999
v -1.964256 8.197172 6.659102
vn -0.325950 0.752892 0.099421
vt 0.774127245 0.108874999
vn -0.315702 0.754215 0.120413
vt 0.774160028 0.108874999
vn -0.326364 0.752727 0.099339
vt 0.774127245 0.108874999
vn -0.325950 0.752892 0.099421
vt 0.774127245 0.108874999
vn -0.000000 -0.527521 -0.636116
vt 0.774127245 0.116218999
v 0.714677 1.329791 20.888453
vn -0.000000 -0.527521 -0.636116
vt 0.772662401 0.114749998
v 2.143363 1.329791 20.888453
vn -0.000000 -0.527521 -0.636116
vt 0.774127245 0.114749998
vn -0.000000 -0.527521 -0.636116
vt 0.774127245 0.116218999
v 0.714677 -0.525729 22.427219
vn -0.000000 -0.527521 -0.636116
vt 0.772662401 0.116218999
vn -0.000000 -0.527521 -0.636116
vt 0.772662401 0.114749998
v -0.714009 1.329791 20.888453
vn -0.000000 -0.527521 -0.636116
vt 0.771197557 0.114749998
vn -0.000000 -0.527521 -0.636116
vt 0.772662401 0.114749998
vn -0.000000 -0.527521 -0.636116
vt 0.772662401 0.116218999
v -0.714009 -0.525729 22.427219
vn -0.000000 -0.527521 -0.636116
vt 0.771197557 0.116218999
vn -0.000000 -0.527521 -0.636116
vt 0.771197557 0.114749998
vn -0.000000 -0.527521 -0.636116
vt 0.772662401 0.116218999
vn -0.000000 -0.527521 -0.636116
vt 0.771197557 0.116218999
vn -0.000000 -0.527521 -0.636116
vt 0.769732714 0.114749998
vn -0.000000 -0.527521 -0.636116
vt 0.771197557 0.114749998
vn -0.000000 -0.527521 -0.636116
vt 0.771197557 0.116218999
vn -0.000000 -0.527521 -0.636116
vt 0.769732714 0.116218999
vn -0.000000 -0.527521 -0.636116
vt 0.769732714 0.114749998
vn 0.102645 0.544793 0.612893
vt 0.792779684 0.109228998
vn 0.162397 0.753471 0.298099
vt 0.791251719 0.114735000
v 0.781851 2.561634 30.129152
vn 0.142479 0.770661 0.262397
vt 0.790693223 0.113631003
vn 0.102645 0.544793 0.612893
vt 0.792779684 0.109228998
v 0.227652 2.372255 30.771971
vn 0.116364 0.623306 0.530083
vt 0.793756247 0.109393001
vn 0.162397 0.753471 0.298099
vt 0.791251719 0.114735000
vn 0.102645 0.544793 0.612893
vt 0.792779684 0.109228998
vn -0.000083 0.530496 0.633719
vt 0.792779684 0.107735999
vn 0.116364 0.623306 0.530083
vt 0.793756247 0.109393001
vn 0.116364 0.623306 0.530083
vt 0.793756247 0.109393001
vn -0.000083 0.530496 0.633719
vt 0.792779684 0.107735999
vn -0.000000 0.530496 0.633719
vt 0.792779684 0.106242999
v -0.226984 2.372255 30.771971
vn -0.116364 0.623306 0.530083
vt 0.793756008 0.104585998
vn 0.116364 0.623306 0.530083
vt 0.793756247 0.109393001
vn -0.000000 0.530496 0.633719
vt 0.792779684 0.106242999
vn -0.103884 0.538182 0.618512
vt 0.792779684 0.104750000
vn -0.116364 0.623306 0.530083
vt 0.793756008 0.104585998
vn -0.000000 0.530496 0.633719
vt 0.792779684 0.106242999
vn -0.084050 0.583884 0.578760
vt 0.791250825 0.099243000
vn -0.116364 0.623306 0.530083
vt 0.793756008 0.104585998
vn -0.103884 0.538182 0.618512
vt 0.792779684 0.104750000
v -0.781186 2.561614 30.195444
vn -0.092810 0.591818 0.569339
vt 0.790699422 0.100346997
vn -0.084050 0.583884 0.578760
vt 0.791250825 0.099243000
vn -0.103884 0.538182 0.618512
vt 0.792779684 0.104750000
vn -0.254463 0.333967 0.711901
vt 0.784296036 0.100280002
vn -0.084050 0.583884 0.578760
vt 0.791250825 0.099243000
vn -0.092810 0.591818 0.569339
vt 0.790699422 0.100346997
vn -0.254463 0.333967 0.711901
vt 0.784296036 0.100280002
vn -0.092810 0.591818 0.569339
vt 0.790699422 0.100346997
v -0.903419 3.351527 29.798477
vn -0.281818 0.323884 0.706198
vt 0.784296274 0.101186998
v -0.862304 4.110517 29.447727
vn -0.122975 0.382810 0.722066
vt 0.779110551 0.101469003
vn -0.254463 0.333967 0.711901
vt 0.784296036 0.100280002
vn -0.281818 0.323884 0.706198
vt 0.784296274 0.101186998
vn -0.122975 0.382810 0.722066
vt 0.779110551 0.101469003
vn -0.175950 0.502727 0.631901
vt 0.778499961 0.100557998
vn -0.254463 0.333967 0.711901
vt 0.784296036 0.100280002
vn -0.122975 0.382810 0.722066
vt 0.779110551 0.101469003
v -0.328490 4.488989 29.343195
vn -0.238595 0.725041 0.316942
vt 0.776609242 0.104888998
vn -0.175950 0.502727 0.631901
vt 0.778499961 0.100557998
vn -0.122975 0.382810 0.722066
vt 0.779110551 0.101469003
v -0.299567 4.363627 29.419977
vn -0.085537 0.473058 0.672231
vt 0.777586043 0.105071999
vn -0.238595 0.725041 0.316942
vt 0.776609242 0.104888998
vn -0.238595 0.725041 0.316942
vt 0.776609242 0.104888998
vn -0.085537 0.473058 0.672231
vt 0.777586043 0.105071999
v 0.299711 4.363630 29.419979
vn 0.088430 0.472727 0.672066
vt 0.777586043 0.108902998
vn -0.238595 0.725041 0.316942
vt 0.776609242 0.104888998
vn 0.088430 0.472727 0.672066
vt 0.777586043 0.108902998
v 0.329156 4.488989 29.343195
vn 0.240165 0.724132 0.317769
vt 0.776609242 0.109089002
v 0.839548 4.114969 29.445351
vn 0.126529 0.384297 0.720661
vt 0.779110551 0.112360999
vn 0.240165 0.724132 0.317769
vt 0.776609242 0.109089002
vn 0.088430 0.472727 0.672066
vt 0.777586043 0.108902998
vn 0.126529 0.384297 0.720661
vt 0.779110551 0.112360999
vn 0.183802 0.512231 0.621983
vt 0.778439164 0.113255002
vn 0.240165 0.724132 0.317769
vt 0.776609242 0.109089002
vn 0.126529 0.384297 0.720661
vt 0.779110551 0.112360999
vn 0.242645 0.323058 0.720992
vt 0.784295321 0.113698997
vn 0.183802 0.512231 0.621983
vt 0.778439164 0.113255002
vn 0.126529 0.384297 0.720661
vt 0.779110551 0.112360999
v 0.904235 3.349751 29.799603
vn 0.289339 0.296033 0.715289
vt 0.784357309 0.112792999
vn 0.242645 0.323058 0.720992
vt 0.784295321 0.113698997
vn 0.242645 0.323058 0.720992
vt 0.784295321 0.113698997
vn 0.289339 0.296033 0.715289
vt 0.784357309 0.112792999
vn -0.313058 0.420248 0.639091
vt 0.790694833 0.113631003
vn 0.242645 0.323058 0.720992
vt 0.784295321 0.113698997
vn -0.313058 0.420248 0.639091
vt 0.790694833 0.113631003
vn -0.355785 0.422645 0.614628
vt 0.791243494 0.114735000
v 1.193384 5.557478 6.502050
vn 0.789752 -0.176777 -0.167603
vt 0.774127245 0.113280997
v 1.704372 8.116730 6.659102
vn 0.795207 -0.148430 -0.169174
vt 0.774127245 0.113280997
v 3.582610 5.705389 17.601894
vn 0.764215 -0.290992 -0.119587
vt 0.774127245 0.113280997
vn 0.789752 -0.176777 -0.167603
vt 0.774127245 0.113280997
vn 0.764215 -0.290992 -0.119587
vt 0.774127245 0.113280997
v 2.143363 2.166190 17.384079
vn 0.761157 -0.302314 -0.110579
vt 0.774127245 0.113280997
vn 0.764215 -0.290992 -0.119587
vt 0.774127245 0.113280997
vn 0.764545 -0.304132 -0.077273
vt 0.774135709 0.114749998
vn 0.761157 -0.302314 -0.110579
vt 0.774127245 0.113280997
vn 0.761157 -0.302314 -0.110579
vt 0.774127245 0.113280997
vn 0.764545 -0.304132 -0.077273
vt 0.774135709 0.114749998
vn 0.780744 -0.247438 -0.110413
vt 0.774127245 0.114749998
vn 0.764545 -0.304132 -0.077273
vt 0.774135709 0.114749998
vn 0.767355 -0.290165 0.099835
vt 0.774143100 0.116218999
vn 0.780744 -0.247438 -0.110413
vt 0.774127245 0.114749998
vn 0.767355 -0.290165 0.099835
vt 0.774143100 0.116218999
vn 0.791157 -0.233802 -0.049256
vt 0.774127245 0.116218999
vn 0.780744 -0.247438 -0.110413
vt 0.774127245 0.114749998
vn 0.437438 0.681405 0.165537
vt 0.774163723 0.114749998
v 4.279838 4.739580 21.646723
vn 0.457355 0.667355 0.168926
vt 0.774162829 0.114749998
v 4.279838 5.763447 17.601894
vn 0.329256 0.747190 0.127521
vt 0.774161637 0.113280997
vn 0.437438 0.681405 0.165537
vt 0.774163723 0.114749998
vn 0.329256 0.747190 0.127521
vt 0.774161637 0.113280997
vn 0.315702 0.754215 0.120413
vt 0.774160028 0.113280997
vn 0.329256 0.747190 0.127521
vt 0.774161637 0.113280997
v 1.964923 8.197172 6.659102
vn 0.325950 0.752892 0.099421
vt 0.774127245 0.113280997
vn 0.315702 0.754215 0.120413
vt 0.774160028 0.113280997
vn 0.315702 0.754215 0.120413
vt 0.774160028 0.113280997
vn 0.325950 0.752892 0.099421
vt 0.774127245 0.113280997
vn 0.326364 0.752727 0.099339
vt 0.774127245 0.113280997
vn -0.404876 -0.563058 0.449504
vt 0.377226651 0.750181019
vn -0.000000 -0.619339 0.547190
vt 0.376950383 0.719883025
v -0.475443 -0.706634 26.612993
vn -0.022645 -0.642727 0.519008
vt 0.385251373 0.719995975
vn -0.404876 -0.563058 0.449504
vt 0.377226651 0.750181019
vn -0.022645 -0.642727 0.519008
vt 0.385251373 0.719995975
vn -0.187355 -0.641570 0.486116
vt 0.385526270 0.750193000
vn -0.022645 -0.642727 0.519008
vt 0.385251373 0.719995975
v 0.476111 -0.706634 26.612993
vn 0.022645 -0.642727 0.519008
vt 0.393491119 0.720108986
vn -0.187355 -0.641570 0.486116
vt 0.385526270 0.750193000
vn -0.187355 -0.641570 0.486116
vt 0.385526270 0.750193000
vn 0.022645 -0.642727 0.519008
vt 0.393491119 0.720108986
vn 0.187355 -0.641570 0.486116
vt 0.393888772 0.750205994
vn 0.404876 -0.563058 0.449504
vt 0.402190030 0.750217974
vn 0.187355 -0.641570 0.486116
vt 0.393888772 0.750205994
vn 0.022645 -0.642727 0.519008
vt 0.393491119 0.720108986
vn 0.404876 -0.563058 0.449504
vt 0.402190030 0.750217974
vn 0.022645 -0.642727 0.519008
vt 0.393491119 0.720108986
vn -0.000000 -0.619339 0.547190
vt 0.401730865 0.720223010
v -0.738602 4.193576 29.253181
vn -0.300826 0.573967 -0.512975
vt 0.782450497 0.117629997
vn -0.175950 0.502727 0.631901
vt 0.783005536 0.117692001
vn -0.238595 0.725041 0.316942
vt 0.781545520 0.117687002
vn -0.300826 0.573967 -0.512975
vt 0.782450497 0.117629997
vn -0.238595 0.725041 0.316942
vt 0.781545520 0.117687002
v -0.248144 4.504687 29.221045
vn -0.143802 0.813802 0.010000
vt 0.781366587 0.117622003
vn -0.238595 0.725041 0.316942
vt 0.781545520 0.117687002
vn 0.240165 0.724132 0.317769
vt 0.779349864 0.118422002
vn -0.143802 0.813802 0.010000
vt 0.781366587 0.117622003
vn -0.143802 0.813802 0.010000
vt 0.781366587 0.117622003
vn 0.240165 0.724132 0.317769
vt 0.779349864 0.118422002
v 0.248811 4.504687 29.221045
vn 0.143802 0.813802 0.010000
vt 0.780266583 0.117622003
v 0.739269 4.193576 29.253181
vn 0.307438 0.579835 -0.502231
vt 0.779093325 0.117648996
vn 0.143802 0.813802 0.010000
vt 0.780266583 0.117622003
vn 0.240165 0.724132 0.317769
vt 0.779349864 0.118422002
vn 0.307438 0.579835 -0.502231
vt 0.779093325 0.117648996
vn 0.240165 0.724132 0.317769
vt 0.779349864 0.118422002
vn 0.183802 0.512231 0.621983
vt 0.778611243 0.117696002
v -1.085325 5.171749 27.538485
vn 0.203802 0.712645 0.365455
vt 0.782521844 0.116953000
vn -0.335372 0.628264 0.419256
vt 0.783015430 0.117692001
vn 0.202893 0.712893 0.365620
vt 0.782452345 0.117629997
vn 0.203802 0.712645 0.365455
vt 0.782521844 0.116953000
v -1.733059 6.304184 25.691553
vn -0.523636 0.563884 0.301322
vt 0.783015430 0.116218999
vn -0.335372 0.628264 0.419256
vt 0.783015430 0.117692001
vn 0.203802 0.712645 0.365455
vt 0.782521844 0.116953000
v -1.425552 6.131589 25.855925
vn 0.204793 0.712562 0.365124
vt 0.782642782 0.116283998
vn -0.523636 0.563884 0.301322
vt 0.783015430 0.116218999
vn -0.523636 0.563884 0.301322
vt 0.783015430 0.116218999
v -1.460809 6.302737 25.516573
vn 0.191901 0.748843 0.292397
vt 0.782637537 0.116154999
v -1.460810 7.024060 23.669140
vn 0.115207 0.765702 0.288926
vt 0.782648504 0.115483999
vn -0.523636 0.563884 0.301322
vt 0.783015430 0.116218999
vn 0.115207 0.765702 0.288926
vt 0.782648504 0.115483999
vn -0.154463 0.748264 0.315041
vt 0.783003986 0.114749998
v -1.460810 7.745382 21.821707
vn 0.015868 0.759917 0.324545
vt 0.782643735 0.114813000
vn -0.154463 0.748264 0.315041
vt 0.783003986 0.114749998
vn 0.115207 0.765702 0.288926
vt 0.782648504 0.115483999
v -0.577464 7.825806 21.646723
vn -0.000000 0.750909 0.345124
vt 0.781539798 0.114749998
vn -0.154463 0.748264 0.315041
vt 0.783003986 0.114749998
vn 0.015868 0.759917 0.324545
vt 0.782643735 0.114813000
vn -0.000000 0.750909 0.345124
vt 0.781539798 0.114749998
vn 0.015868 0.759917 0.324545
vt 0.782643735 0.114813000
v -0.486714 7.745382 21.821707
vn -0.000000 0.784876 0.258678
vt 0.781422794 0.114813000
vn -0.000000 0.750909 0.345124
vt 0.781539798 0.114749998
vn -0.000000 0.784876 0.258678
vt 0.781422794 0.114813000
v 0.578131 7.825806 21.646723
vn -0.000000 0.750909 0.345124
vt 0.780075192 0.114749998
vn -0.000000 0.784876 0.258678
vt 0.781422794 0.114813000
v 0.487381 7.745382 21.821707
vn -0.000000 0.784876 0.258678
vt 0.780202091 0.114813000
vn -0.000000 0.750909 0.345124
vt 0.780075192 0.114749998
v 1.461477 7.745382 21.821707
vn -0.015868 0.759917 0.324545
vt 0.778920591 0.114813000
vn -0.000000 0.750909 0.345124
vt 0.780075192 0.114749998
vn -0.000000 0.784876 0.258678
vt 0.780202091 0.114813000
vn 0.154463 0.748264 0.315041
vt 0.778609216 0.114749998
vn -0.000000 0.750909 0.345124
vt 0.780075192 0.114749998
vn -0.015868 0.759917 0.324545
vt 0.778920591 0.114813000
vn 0.154463 0.748264 0.315041
vt 0.778609216 0.114749998
vn -0.015868 0.759917 0.324545
vt 0.778920591 0.114813000
v 1.461477 7.024060 23.669140
vn -0.115207 0.765702 0.288926
vt 0.778925359 0.115483999
v 1.733727 6.304184 25.691553
vn 0.523636 0.563719 0.301653
vt 0.778624117 0.116218999
vn -0.115207 0.765702 0.288926
vt 0.778925359 0.115483999
v 1.461477 6.302737 25.516573
vn -0.191901 0.748843 0.292397
vt 0.778914630 0.116154999
vn 0.523636 0.563719 0.301653
vt 0.778624117 0.116218999
vn 0.154463 0.748264 0.315041
vt 0.778609216 0.114749998
vn -0.115207 0.765702 0.288926
vt 0.778925359 0.115483999
vn 0.523636 0.563719 0.301653
vt 0.778624117 0.116218999
vn 0.775702 0.260165 0.116612
vt 0.778130531 0.115102999
vn 0.154463 0.748264 0.315041
vt 0.778609216 0.114749998
vn 0.154463 0.748264 0.315041
vt 0.778609216 0.114749998
vn 0.775702 0.260165 0.116612
vt 0.778130531 0.115102999
vn 0.669752 0.380661 0.299174
vt 0.774160743 0.116218999
vn 0.523636 0.563719 0.301653
vt 0.778624117 0.116218999
vn 0.792066 0.232975 0.037355
vt 0.778129876 0.116154000
vn 0.775702 0.260165 0.116612
vt 0.778130531 0.115102999
vn 0.523636 0.563719 0.301653
vt 0.778624117 0.116218999
vn 0.734959 0.372562 0.063306
vt 0.774955332 0.116154000
vn 0.792066 0.232975 0.037355
vt 0.778129876 0.116154000
vn 0.669752 0.380661 0.299174
vt 0.774160743 0.116218999
vn 0.775702 0.260165 0.116612
vt 0.778130531 0.115102999
vn 0.734959 0.372562 0.063306
vt 0.774955332 0.116154000
vn 0.523636 0.563719 0.301653
vt 0.778624117 0.116218999
vn 0.669752 0.380661 0.299174
vt 0.774160743 0.116218999
vn 0.734959 0.372562 0.063306
vt 0.774955332 0.116154000
vn 0.685702 0.304793 0.346364
vt 0.775991559 0.117596000
vn 0.688347 0.297769 0.347273
vt 0.774163067 0.117687002
vn 0.669752 0.380661 0.299174
vt 0.774160743 0.116218999
vn 0.685702 0.304793 0.346364
vt 0.775991559 0.117596000
vn 0.669752 0.380661 0.299174
vt 0.774160743 0.116218999
vn 0.601735 0.332314 0.458843
vt 0.774711668 0.116283000
vn 0.523636 0.563719 0.301653
vt 0.778624117 0.116218999
vn 0.601735 0.332314 0.458843
vt 0.774711668 0.116283000
vn 0.669752 0.380661 0.299174
vt 0.774160743 0.116218999
vn 0.523636 0.563719 0.301653
vt 0.778624117 0.116218999
vn 0.764628 0.077934 0.303802
vt 0.778068602 0.116286002
vn 0.601735 0.332314 0.458843
vt 0.774711668 0.116283000
vn 0.277355 0.653554 0.422975
vt 0.778623879 0.117696002
vn 0.764628 0.077934 0.303802
vt 0.778068602 0.116286002
vn 0.523636 0.563719 0.301653
vt 0.778624117 0.116218999
vn 0.277355 0.653554 0.422975
vt 0.778623879 0.117696002
vn 0.730909 0.259091 0.285785
vt 0.776665926 0.117592998
vn 0.764628 0.077934 0.303802
vt 0.778068602 0.116286002
v 1.085993 5.171749 27.538485
vn -0.217769 0.711322 0.359917
vt 0.779042661 0.116953000
vn 0.277355 0.653554 0.422975
vt 0.778623879 0.117696002
vn 0.523636 0.563719 0.301653
vt 0.778624117 0.116218999
vn -0.217769 0.711322 0.359917
vt 0.779042661 0.116953000
vn 0.523636 0.563719 0.301653
vt 0.778624117 0.116218999
v 1.426219 6.131589 25.855928
vn -0.204793 0.712562 0.365124
vt 0.778980672 0.116283998
vn -0.217769 0.711322 0.359917
vt 0.779042661 0.116953000
vn -0.230413 0.708512 0.357603
vt 0.779095650 0.117648996
vn 0.277355 0.653554 0.422975
vt 0.778623879 0.117696002
vn -0.767603 0.071736 0.297851
vt 0.778067470 0.105870999
vn -0.787190 0.124215 0.218760
vt 0.776663184 0.104562998
vn -0.335372 0.628264 0.419256
vt 0.778614700 0.104468003
vn -0.767603 0.071736 0.297851
vt 0.778067470 0.105870999
vn -0.335372 0.628264 0.419256
vt 0.778614700 0.104468003
vn -0.523636 0.563884 0.301322
vt 0.778619051 0.105938002
vn -0.767603 0.071736 0.297851
vt 0.778067470 0.105870999
vn -0.523636 0.563884 0.301322
vt 0.778619051 0.105938002
vn -0.601735 0.332314 0.458843
vt 0.774711430 0.105874002
vn -0.669752 0.380661 0.299174
vt 0.774160743 0.105938002
vn -0.601735 0.332314 0.458843
vt 0.774711430 0.105874002
vn -0.523636 0.563884 0.301322
vt 0.778619051 0.105938002
vn -0.685702 0.304793 0.346364
vt 0.775990188 0.104560003
vn -0.601735 0.332314 0.458843
vt 0.774711430 0.105874002
vn -0.669752 0.380661 0.299174
vt 0.774160743 0.105938002
vn -0.685702 0.304793 0.346364
vt 0.775990188 0.104560003
vn -0.669752 0.380661 0.299174
vt 0.774160743 0.105938002
vn -0.688347 0.297769 0.347273
vt 0.774163067 0.104469001
vn -0.669752 0.380661 0.299174
vt 0.774160743 0.105938002
vn -0.523636 0.563884 0.301322
vt 0.778619051 0.105938002
vn -0.734959 0.372562 0.063306
vt 0.774955094 0.106003001
vn -0.523636 0.563884 0.301322
vt 0.778619051 0.105938002
vn -0.792066 0.232975 0.037355
vt 0.778129637 0.106003001
vn -0.734959 0.372562 0.063306
vt 0.774955094 0.106003001
vn -0.523636 0.563884 0.301322
vt 0.778619051 0.105938002
vn -0.775702 0.260165 0.116612
vt 0.778130352 0.107054003
vn -0.792066 0.232975 0.037355
vt 0.778129637 0.106003001
vn -0.669752 0.380661 0.299174
vt 0.774160743 0.105938002
vn -0.734959 0.372562 0.063306
vt 0.774955094 0.106003001
vn -0.775702 0.260165 0.116612
vt 0.778130352 0.107054003
vn -0.523636 0.563884 0.301322
vt 0.778619051 0.105938002
vn -0.154463 0.748264 0.315041
vt 0.778605521 0.107407004
vn -0.775702 0.260165 0.116612
vt 0.778130352 0.107054003
vn -0.669752 0.380661 0.299174
vt 0.774160743 0.105938002
vn -0.775702 0.260165 0.116612
vt 0.778130352 0.107054003
vn -0.154463 0.748264 0.315041
vt 0.778605521 0.107407004
vn -0.000000 -0.825702 -0.035702
vt 0.096922219 0.516044021
vn -0.000000 -0.825702 -0.035702
vt 0.095294237 0.509904981
vn -0.000000 -0.825702 -0.035702
vt 0.097674608 0.509950995
vn -0.000000 -0.825702 -0.035702
vt 0.098203957 0.516007006
vn -0.000000 -0.825702 -0.035702
vt 0.096922219 0.516044021
vn -0.000000 -0.825702 -0.035702
vt 0.097674608 0.509950995
vn -0.000000 -0.825702 -0.035702
vt 0.100054979 0.509997010
vn -0.000000 -0.825702 -0.035702
vt 0.098203957 0.516007006
vn -0.000000 -0.825702 -0.035702
vt 0.097674608 0.509950995
vn -0.000000 -0.825702 -0.035702
vt 0.100054979 0.509997010
vn -0.000000 -0.825702 -0.035702
vt 0.099424660 0.515971005
vn -0.000000 -0.825702 -0.035702
vt 0.098203957 0.516007006
vn -0.000000 -0.825702 -0.035702
vt 0.100054979 0.509997010
vn -0.000000 -0.825702 -0.035702
vt 0.100706398 0.515935004
vn -0.000000 -0.825702 -0.035702
vt 0.099424660 0.515971005
vn -0.000000 -0.825702 -0.035702
vt 0.100054979 0.509997010
vn -0.000000 -0.825702 -0.035702
vt 0.102435350 0.510043025
vn -0.000000 -0.825702 -0.035702
vt 0.100706398 0.515935004
v 0.283295 3.488216 30.238083
vn 0.050248 0.563388 0.602562
vt 0.718443453 0.115277998
v 0.748057 4.102658 29.486610
vn 0.222562 0.543140 0.581735
vt 0.713925481 0.117885001
v 0.288139 4.314389 29.464878
vn 0.098843 0.560331 0.599339
vt 0.712889016 0.115299001
v -0.288140 4.314294 29.464764
vn -0.096281 0.560496 0.599669
vt 0.712889016 0.112132996
vn 0.050248 0.563388 0.602562
vt 0.718443453 0.115277998
vn 0.098843 0.560331 0.599339
vt 0.712889016 0.115299001
vn -0.096281 0.560496 0.599669
vt 0.712889016 0.112132996
v -0.283658 3.487872 30.237669
vn -0.051322 0.563306 0.602562
vt 0.718443453 0.112144999
vn 0.050248 0.563388 0.602562
vt 0.718443453 0.115277998
vn -0.096281 0.560496 0.599669
vt 0.712889016 0.112132996
v -0.769048 4.098100 29.488594
vn -0.215785 0.544297 0.583223
vt 0.713925481 0.109429002
vn -0.051322 0.563306 0.602562
vt 0.718443453 0.112144999
vn 0.517355 0.250909 0.593636
vt 0.718194246 0.119138002
vn 0.508926 0.308512 0.573388
vt 0.713740289 0.118400000
vn 0.519669 0.215950 0.605207
vt 0.718744695 0.115496002
vn 0.517355 0.250909 0.593636
vt 0.718194246 0.119138002
vn 0.519669 0.215950 0.605207
vt 0.718744695 0.115496002
vn 0.521488 0.173884 0.617107
vt 0.723187447 0.119643003
vn 0.519669 0.215950 0.605207
vt 0.718744695 0.115496002
vn 0.519752 0.172645 0.618926
vt 0.725024223 0.115603998
vn 0.521488 0.173884 0.617107
vt 0.723187447 0.119643003
vn -0.470992 0.190992 0.651736
vt 0.725024700 0.111824997
vn -0.504711 0.235372 0.610661
vt 0.718805969 0.111931004
vn -0.491570 0.203636 0.632397
vt 0.723191321 0.107789002
vn -0.504711 0.235372 0.610661
vt 0.718805969 0.111931004
vn -0.516116 0.263967 0.589008
vt 0.718194246 0.108289003
vn -0.491570 0.203636 0.632397
vt 0.723191321 0.107789002
vn -0.504711 0.235372 0.610661
vt 0.718805969 0.111931004
vn -0.511570 0.294959 0.578264
vt 0.713740051 0.108906001
vn -0.516116 0.263967 0.589008
vt 0.718194246 0.108289003
vn 0.063306 -0.800248 -0.196529
vt 0.774127245 0.113280997
vn -0.014298 -0.804297 -0.189587
vt 0.774127245 0.114749998
vn -0.023967 -0.804463 -0.187934
vt 0.774127245 0.114749998
vn 0.063306 -0.800248 -0.196529
vt 0.774127245 0.113280997
vn 0.066612 -0.799752 -0.197521
vt 0.774127245 0.113280997
vn -0.014298 -0.804297 -0.189587
vt 0.774127245 0.114749998
vn 0.063306 -0.800248 -0.196529
vt 0.774127245 0.113280997
vn 0.230000 -0.765950 -0.208430
vt 0.774127245 0.113280997
vn 0.066612 -0.799752 -0.197521
vt 0.774127245 0.113280997
vn 0.063306 -0.800248 -0.196529
vt 0.774127245 0.113280997
vn 0.235868 -0.764050 -0.208843
vt 0.774127245 0.113280997
vn 0.230000 -0.765950 -0.208430
vt 0.774127245 0.113280997
vn -0.000000 0.000000 0.826446
vt 0.920266509 0.709809005
vn -0.000000 0.000000 0.826446
vt 0.923010588 0.702877998
vn -0.000000 0.000000 0.826446
vt 0.930702865 0.702648997
vn -0.000000 0.000000 0.826446
vt 0.914281189 0.707249999
vn -0.000000 0.000000 0.826446
vt 0.923010588 0.702877998
vn -0.000000 0.000000 0.826446
vt 0.920266509 0.709809005
vn -0.000000 0.000000 0.826446
vt 0.902574837 0.736775994
vn -0.000000 0.000000 0.826446
vt 0.914281189 0.707249999
vn -0.000000 0.000000 0.826446
vt 0.920266509 0.709809005
vn -0.000000 0.000000 0.826446
vt 0.906238973 0.741663992
vn -0.000000 0.000000 0.826446
vt 0.902574837 0.736775994
vn -0.000000 0.000000 0.826446
vt 0.920266509 0.709809005
vn -0.000000 0.000000 0.826446
vt 0.906238973 0.741663992
vn -0.000000 0.000000 0.826446
vt 0.889813900 0.736775994
vn -0.000000 0.000000 0.826446
vt 0.902574837 0.736775994
vn -0.000000 0.000000 0.826446
vt 0.876996279 0.736775994
vn -0.000000 0.000000 0.826446
vt 0.889813900 0.736775994
vn -0.000000 0.000000 0.826446
vt 0.906238973 0.741663992
vn -0.000000 0.000000 0.826446
vt 0.876996279 0.736775994
vn -0.000000 0.000000 0.826446
vt 0.906238973 0.741663992
vn -0.000000 0.000000 0.826446
vt 0.860584676 0.741663992
vn -0.000000 0.000000 0.826446
vt 0.876996279 0.736775994
vn -0.000000 0.000000 0.826446
vt 0.860584676 0.741663992
vn -0.000000 0.000000 0.826446
vt 0.864244759 0.736775994
vn -0.000000 0.000000 0.826446
vt 0.860584676 0.741663992
vn -0.000000 0.000000 0.826446
vt 0.846536040 0.709809005
vn -0.000000 0.000000 0.826446
vt 0.864244759 0.736775994
vn -0.000000 0.000000 0.826446
vt 0.852513850 0.707249999
vn -0.000000 0.000000 0.826446
vt 0.864244759 0.736775994
vn -0.000000 0.000000 0.826446
vt 0.846536040 0.709809005
vn -0.000000 0.000000 0.826446
vt 0.843786955 0.702877998
vn -0.000000 0.000000 0.826446
vt 0.852513850 0.707249999
vn -0.000000 0.000000 0.826446
vt 0.846536040 0.709809005
vn -0.000000 0.000000 0.826446
vt 0.843786955 0.702877998
vn -0.000000 0.000000 0.826446
vt 0.846536040 0.709809005
vn -0.000000 0.000000 0.826446
vt 0.836037338 0.702648997
vn -0.063306 -0.800248 -0.196529
vt 0.769732714 0.113280997
vn 0.023967 -0.804463 -0.187934
vt 0.769732714 0.114749998
vn 0.014298 -0.804297 -0.189587
vt 0.769732714 0.114749998
vn -0.063306 -0.800248 -0.196529
vt 0.769732714 0.113280997
vn 0.014298 -0.804297 -0.189587
vt 0.769732714 0.114749998
vn -0.066612 -0.799752 -0.197521
vt 0.769732714 0.113280997
vn -0.063306 -0.800248 -0.196529
vt 0.769732714 0.113280997
vn -0.066612 -0.799752 -0.197521
vt 0.769732714 0.113280997
vn -0.230000 -0.765950 -0.208430
vt 0.769732714 0.113280997
vn -0.063306 -0.800248 -0.196529
vt 0.769732714 0.113280997
vn -0.230000 -0.765950 -0.208430
vt 0.769732714 0.113280997
vn -0.235868 -0.764050 -0.208843
vt 0.769732714 0.113280997
vn -0.000000 -0.803884 -0.191901
vt 0.771197557 0.114749998
vn -0.000000 -0.803884 -0.191901
vt 0.769732714 0.114749998
vn -0.000000 -0.797107 -0.218264
vt 0.769732714 0.113280997
vn -0.000000 -0.803884 -0.191901
vt 0.771197557 0.114749998
vn -0.000000 -0.797107 -0.218264
vt 0.769732714 0.113280997
v -0.714009 2.166190 17.384079
vn -0.000000 -0.796942 -0.219008
vt 0.771197557 0.113280997
vn -0.000000 -0.797107 -0.218264
vt 0.769732714 0.113280997
vn -0.000000 -0.789008 -0.245868
vt 0.769732714 0.113280997
vn -0.000000 -0.796942 -0.219008
vt 0.771197557 0.113280997
vn -0.000000 -0.803884 -0.191901
vt 0.771197557 0.114749998
vn -0.000000 -0.796942 -0.219008
vt 0.771197557 0.113280997
vn -0.000000 -0.803884 -0.191901
vt 0.772662401 0.114749998
vn -0.000000 -0.796942 -0.219008
vt 0.771197557 0.113280997
vn -0.000000 -0.789008 -0.245868
vt 0.769732714 0.113280997
v -0.397350 5.557478 6.502050
vn -0.000000 -0.789008 -0.245868
vt 0.771197557 0.113280997
vn -0.000000 -0.796942 -0.219008
vt 0.771197557 0.113280997
vn -0.000000 -0.789008 -0.245868
vt 0.771197557 0.113280997
v 0.714677 2.166190 17.384079
vn -0.000000 -0.796942 -0.219008
vt 0.772662401 0.113280997
vn -0.000000 -0.796942 -0.219008
vt 0.771197557 0.113280997
vn -0.000000 -0.796942 -0.219008
vt 0.772662401 0.113280997
vn -0.000000 -0.803884 -0.191901
vt 0.772662401 0.114749998
vn -0.000000 -0.796942 -0.219008
vt 0.772662401 0.113280997
vn -0.000000 -0.789008 -0.245868
vt 0.771197557 0.113280997
v 0.398017 5.557478 6.502050
vn -0.000000 -0.789008 -0.245868
vt 0.772662401 0.113280997
vn -0.000000 -0.796942 -0.219008
vt 0.772662401 0.113280997
vn -0.000000 -0.803884 -0.191901
vt 0.774127245 0.114749998
vn -0.000000 -0.803884 -0.191901
vt 0.772662401 0.114749998
vn -0.000000 -0.796942 -0.219008
vt 0.772662401 0.113280997
vn -0.000000 -0.797107 -0.218264
vt 0.774127245 0.113280997
vn -0.000000 -0.803884 -0.191901
vt 0.774127245 0.114749998
vn -0.000000 -0.796942 -0.219008
vt 0.772662401 0.113280997
vn -0.000000 -0.789008 -0.245868
vt 0.774127245 0.113280997
vn -0.000000 -0.797107 -0.218264
vt 0.774127245 0.113280997
vn -0.000000 -0.796942 -0.219008
vt 0.772662401 0.113280997
vn -0.000000 -0.789008 -0.245868
vt 0.772662401 0.113280997
vn -0.000000 -0.789008 -0.245868
vt 0.774127245 0.113280997
vn -0.021818 0.017355 -0.825950
vt 0.769732714 0.113280997
vn -0.001240 0.047025 -0.825124
vt 0.771197557 0.113280997
vn 0.000000 0.050661 -0.824876
vt 0.769732714 0.113280997
vn -0.011405 0.022314 -0.826033
vt 0.774127245 0.108874999
vn -0.001240 0.047025 -0.825124
vt 0.771197557 0.113280997
vn -0.021818 0.017355 -0.825950
vt 0.769732714 0.113280997
vn -0.011405 0.022314 -0.826033
vt 0.774127245 0.108874999
vn -0.021818 0.017355 -0.825950
vt 0.769732714 0.113280997
vn 0.000000 0.000000 -0.826446
vt 0.774127245 0.108874999
vn 0.001240 0.047025 -0.825124
vt 0.772662401 0.113280997
vn -0.001240 0.047025 -0.825124
vt 0.771197557 0.113280997
vn -0.011405 0.022314 -0.826033
vt 0.774127245 0.108874999
vn -0.011405 0.022314 -0.826033
vt 0.774127245 0.108874999
vn 0.000000 0.000000 -0.826446
vt 0.778582811 0.108874999
vn 0.000000 0.000000 -0.826446
vt 0.778582811 0.113280997
vn 0.011405 0.022314 -0.826033
vt 0.774127245 0.113280997
vn -0.011405 0.022314 -0.826033
vt 0.774127245 0.108874999
vn 0.000000 0.000000 -0.826446
vt 0.778582811 0.113280997
vn 0.011405 0.022314 -0.826033
vt 0.774127245 0.113280997
vn 0.001240 0.047025 -0.825124
vt 0.772662401 0.113280997
vn -0.011405 0.022314 -0.826033
vt 0.774127245 0.108874999
vn 0.011405 0.022314 -0.826033
vt 0.774127245 0.113280997
vn 0.021818 0.017355 -0.825950
vt 0.774127245 0.113280997
vn 0.001240 0.047025 -0.825124
vt 0.772662401 0.113280997
vn 0.021818 0.017355 -0.825950
vt 0.774127245 0.113280997
vn 0.000000 0.050661 -0.824876
vt 0.774127245 0.113280997
vn 0.001240 0.047025 -0.825124
vt 0.772662401 0.113280997
vn 0.011405 0.022314 -0.826033
vt 0.774127245 0.113280997
vn 0.000000 0.000000 -0.826446
vt 0.774127245 0.113280997
vn 0.021818 0.017355 -0.825950
vt 0.774127245 0.113280997
vn -0.271736 0.734545 0.263719
vt 0.710748911 0.111562997
vn -0.350413 0.697190 0.272231
vt 0.710739493 0.107923999
v -0.486714 6.792301 25.516573
vn -0.171901 0.766446 0.257025
vt 0.712582469 0.107923999
vn -0.271736 0.734545 0.263719
vt 0.710748911 0.111562997
vn -0.171901 0.766446 0.257025
vt 0.712582469 0.107923999
v -0.486714 7.359384 23.669140
vn -0.109917 0.787025 0.227107
vt 0.712583601 0.111562997
vn -0.271736 0.734545 0.263719
vt 0.710748911 0.111562997
vn -0.109917 0.787025 0.227107
vt 0.712583601 0.111562997
vn -0.080496 0.795620 0.208678
vt 0.710742712 0.115203001
vn -0.109917 0.787025 0.227107
vt 0.712583601 0.111562997
vn -0.000000 0.784876 0.258678
vt 0.712572396 0.115203001
vn -0.080496 0.795620 0.208678
vt 0.710742712 0.115203001
vn -0.171901 0.766446 0.257025
vt 0.712582469 0.107923999
v 0.487381 6.792301 25.516573
vn 0.171901 0.766446 0.257025
vt 0.714413524 0.107923999
vn -0.109917 0.787025 0.227107
vt 0.712583601 0.111562997
vn -0.109917 0.787025 0.227107
vt 0.712583601 0.111562997
v 0.487381 7.359384 23.669140
vn 0.109917 0.787025 0.227107
vt 0.714414656 0.111562997
vn -0.000000 0.784876 0.258678
vt 0.712572396 0.115203001
vn -0.109917 0.787025 0.227107
vt 0.712583601 0.111562997
vn 0.171901 0.766446 0.257025
vt 0.714413524 0.107923999
vn 0.109917 0.787025 0.227107
vt 0.714414656 0.111562997
vn 0.109917 0.787025 0.227107
vt 0.714414656 0.111562997
vn -0.000000 0.784876 0.258678
vt 0.714403450 0.115203001
vn -0.000000 0.784876 0.258678
vt 0.712572396 0.115203001
vn 0.109917 0.787025 0.227107
vt 0.714414656 0.111562997
vn 0.080496 0.795620 0.208678
vt 0.716174841 0.115203001
vn -0.000000 0.784876 0.258678
vt 0.714403450 0.115203001
vn 0.271736 0.734545 0.263719
vt 0.716181040 0.111562997
vn 0.080496 0.795620 0.208678
vt 0.716174841 0.115203001
vn 0.109917 0.787025 0.227107
vt 0.714414656 0.111562997
vn 0.271736 0.734545 0.263719
vt 0.716181040 0.111562997
vn 0.109917 0.787025 0.227107
vt 0.714414656 0.111562997
vn 0.171901 0.766446 0.257025
vt 0.714413524 0.107923999
vn 0.271736 0.734545 0.263719
vt 0.716181040 0.111562997
vn 0.171901 0.766446 0.257025
vt 0.714413524 0.107923999
vn 0.350413 0.697190 0.272231
vt 0.716171622 0.107923999
vn -0.447686 0.550826 0.423223
vt 0.714467883 0.119878002
vn -0.360661 0.612149 0.422149
vt 0.710676134 0.119231001
vn -0.212645 0.643058 0.473554
vt 0.710750699 0.118322000
vn -0.447686 0.550826 0.423223
vt 0.714467883 0.119878002
vn -0.212645 0.643058 0.473554
vt 0.710750699 0.118322000
v -0.361553 5.778647 27.538485
vn -0.223719 0.662727 0.440165
vt 0.714476168 0.118532002
vn -0.447686 0.550826 0.423223
vt 0.714467883 0.119878002
vn -0.223719 0.662727 0.440165
vt 0.714476168 0.118532002
vn -0.378182 0.633719 0.372066
vt 0.718128383 0.120509997
vn -0.223719 0.662727 0.440165
vt 0.714476168 0.118532002
v -0.474961 6.621154 25.855925
vn -0.169339 0.718678 0.371240
vt 0.718136430 0.118743002
vn -0.378182 0.633719 0.372066
vt 0.718128383 0.120509997
vn -0.212645 0.643058 0.473554
vt 0.710750699 0.118322000
vn 0.212645 0.643058 0.473554
vt 0.710751176 0.117398001
vn -0.223719 0.662727 0.440165
vt 0.714476168 0.118532002
vn -0.223719 0.662727 0.440165
vt 0.714476168 0.118532002
v 0.475628 6.621154 25.855928
vn 0.169339 0.718678 0.371240
vt 0.718136668 0.116976000
vn -0.169339 0.718678 0.371240
vt 0.718136430 0.118743002
vn -0.223719 0.662727 0.440165
vt 0.714476168 0.118532002
v 0.362220 5.778647 27.538485
vn 0.223719 0.662727 0.440165
vt 0.714476168 0.117187001
vn 0.169339 0.718678 0.371240
vt 0.718136668 0.116976000
vn -0.223719 0.662727 0.440165
vt 0.714476168 0.118532002
vn 0.212645 0.643058 0.473554
vt 0.710751176 0.117398001
vn 0.223719 0.662727 0.440165
vt 0.714476168 0.117187001
vn 0.223719 0.662727 0.440165
vt 0.714476168 0.117187001
vn 0.378182 0.633719 0.372066
vt 0.718128383 0.115208998
vn 0.169339 0.718678 0.371240
vt 0.718136668 0.116976000
vn 0.447686 0.550826 0.423223
vt 0.714467645 0.115842000
vn 0.378182 0.633719 0.372066
vt 0.718128383 0.115208998
vn 0.223719 0.662727 0.440165
vt 0.714476168 0.117187001
vn 0.447686 0.550826 0.423223
vt 0.714467645 0.115842000
vn 0.223719 0.662727 0.440165
vt 0.714476168 0.117187001
vn 0.212645 0.643058 0.473554
vt 0.710751176 0.117398001
vn 0.447686 0.550826 0.423223
vt 0.714467645 0.115842000
vn 0.212645 0.643058 0.473554
vt 0.710751176 0.117398001
vn 0.360661 0.612149 0.422149
vt 0.710676610 0.116488002
vn 0.172645 0.396033 0.704545
vt 0.778981626 0.116283998
vn 0.294132 0.694297 0.338264
vt 0.778624117 0.116218999
v 0.578131 6.793750 25.691553
vn 0.217686 0.750579 0.268926
vt 0.780088961 0.116218999
vn 0.217686 0.750579 0.268926
vt 0.780088961 0.116218999
vn 0.294132 0.694297 0.338264
vt 0.778624117 0.116218999
vn 0.281901 0.655620 -0.416777
vt 0.778915524 0.116154999
vn 0.172645 0.396033 0.704545
vt 0.778981626 0.116283998
vn 0.217686 0.750579 0.268926
vt 0.780088961 0.116218999
vn 0.105785 0.531405 0.623967
vt 0.780209661 0.116283998
vn 0.217686 0.750579 0.268926
vt 0.780088961 0.116218999
vn 0.281901 0.655620 -0.416777
vt 0.778915524 0.116154999
vn 0.133802 0.811983 -0.076116
vt 0.780208707 0.116154999
vn 0.217686 0.750579 0.268926
vt 0.780088961 0.116218999
vn 0.133802 0.811983 -0.076116
vt 0.780208707 0.116154999
v -0.577464 6.793750 25.691553
vn -0.217686 0.750496 0.268926
vt 0.781553805 0.116218999
vn 0.217686 0.750579 0.268926
vt 0.780088961 0.116218999
vn -0.217686 0.750496 0.268926
vt 0.781553805 0.116218999
vn 0.105785 0.531405 0.623967
vt 0.780209661 0.116283998
vn 0.133802 0.811983 -0.076116
vt 0.780208707 0.116154999
vn -0.133802 0.811983 -0.076116
vt 0.781428993 0.116154999
vn -0.217686 0.750496 0.268926
vt 0.781553805 0.116218999
vn 0.105785 0.531405 0.623967
vt 0.780209661 0.116283998
vn -0.217686 0.750496 0.268926
vt 0.781553805 0.116218999
vn -0.105785 0.531405 0.624050
vt 0.781430125 0.116283998
vn -0.281901 0.655620 -0.416777
vt 0.782638669 0.116154999
vn -0.217686 0.750496 0.268926
vt 0.781553805 0.116218999
vn -0.133802 0.811983 -0.076116
vt 0.781428993 0.116154999
vn -0.281901 0.655620 -0.416777
vt 0.782638669 0.116154999
vn -0.294132 0.694297 0.338264
vt 0.783018649 0.116218999
vn -0.217686 0.750496 0.268926
vt 0.781553805 0.116218999
vn -0.217686 0.750496 0.268926
vt 0.781553805 0.116218999
vn -0.294132 0.694297 0.338264
vt 0.783018649 0.116218999
vn -0.172645 0.396033 0.704545
vt 0.782643735 0.116283998
vn -0.217686 0.750496 0.268926
vt 0.781553805 0.116218999
vn -0.172645 0.396033 0.704545
vt 0.782643735 0.116283998
vn -0.105785 0.531405 0.624050
vt 0.781430125 0.116283998
vn -0.085537 0.473058 0.672231
vt 0.782042086 0.109609999
vn -0.101074 0.538347 0.618843
vt 0.782408059 0.109672002
vn 0.104380 0.538843 0.617934
vt 0.782408059 0.112838000
vn -0.191157 0.537521 0.597934
vt 0.783444762 0.106968999
vn -0.101074 0.538347 0.618843
vt 0.782408059 0.109672002
vn -0.085537 0.473058 0.672231
vt 0.782042086 0.109609999
vn -0.191157 0.537521 0.597934
vt 0.783444762 0.106968999
vn -0.085537 0.473058 0.672231
vt 0.782042086 0.109609999
vn -0.122975 0.382810 0.722066
vt 0.783262074 0.106445000
vn -0.085537 0.473058 0.672231
vt 0.782042086 0.109609999
vn 0.104380 0.538843 0.617934
vt 0.782408059 0.112838000
vn 0.088430 0.472727 0.672066
vt 0.782041848 0.112901002
vn 0.197686 0.536364 0.596859
vt 0.783383727 0.115424000
vn 0.088430 0.472727 0.672066
vt 0.782041848 0.112901002
vn 0.104380 0.538843 0.617934
vt 0.782408059 0.112838000
vn -0.191157 0.537521 0.597934
vt 0.783444762 0.106968999
vn -0.122975 0.382810 0.722066
vt 0.783262074 0.106445000
vn -0.072231 0.412066 0.712727
vt 0.788328707 0.109470002
vn -0.191157 0.537521 0.597934
vt 0.783444762 0.106968999
vn -0.072231 0.412066 0.712727
vt 0.788328707 0.109470002
vn -0.126529 0.486942 0.655702
vt 0.787962258 0.109683998
vn 0.197686 0.536364 0.596859
vt 0.783383727 0.115424000
vn 0.126529 0.384297 0.720661
vt 0.783262074 0.115938999
vn 0.088430 0.472727 0.672066
vt 0.782041848 0.112901002
vn 0.197686 0.536364 0.596859
vt 0.783383727 0.115424000
vn 0.073967 0.410000 0.713719
vt 0.788267672 0.113035001
vn 0.126529 0.384297 0.720661
vt 0.783262074 0.115938999
vn -0.000331 0.386446 0.730496
vt 0.788267195 0.110657997
vn -0.126529 0.486942 0.655702
vt 0.787962258 0.109683998
vn -0.072231 0.412066 0.712727
vt 0.788328707 0.109470002
vn -0.000331 0.386446 0.730496
vt 0.788267195 0.110657997
vn 0.129835 0.484463 0.656859
vt 0.787962258 0.112816997
vn -0.126529 0.486942 0.655702
vt 0.787962258 0.109683998
vn 0.197686 0.536364 0.596859
vt 0.783383727 0.115424000
vn 0.129835 0.484463 0.656859
vt 0.787962258 0.112816997
vn 0.073967 0.410000 0.713719
vt 0.788267672 0.113035001
vn -0.000331 0.386446 0.730496
vt 0.788267195 0.110657997
vn -0.000000 0.382975 0.732397
vt 0.788267195 0.111846998
vn 0.129835 0.484463 0.656859
vt 0.787962258 0.112816997
vn -0.000000 0.382975 0.732397
vt 0.788267195 0.111846998
vn 0.073967 0.410000 0.713719
vt 0.788267672 0.113035001
vn 0.129835 0.484463 0.656859
vt 0.787962258 0.112816997
s off
f 564/2929/2929 565/2930/2930 566/2931/2931
f 567/2932/2932 568/2933/2933 569/2934/2934
f 570/2935/2935 571/2936/2936 572/2937/2937
f 573/2938/2938 574/2939/2939 575/2940/2940
s 128
f 617/3073/3073 623/3074/3074 624/3075/3075
f 617/3076/3076 616/3077/3077 623/3078/3078
f 623/3079/3079 616/3080/3080 625/3081/3081
f 616/3082/3082 618/3083/3083 625/3084/3084
s 129
f 588/3085/3085 626/3086/3086 627/3087/3087
f 588/3088/3088 628/3089/3089 626/3090/3090
f 629/3091/3091 626/3092/3092 628/3093/3093
f 630/3094/3094 629/3095/3095 628/3096/3096
f 630/3097/3097 581/3098/3098 629/3099/3099
f 630/3100/3100 582/3101/3101 581/3102/3102
s 130
f 620/3187/3187 647/3188/3188 648/3189/3189
f 620/3190/3190 648/3191/3191 619/3192/3192
f 648/3193/3193 649/3194/3194 619/3195/3195
f 619/3196/3196 649/3197/3197 621/3198/3198
s 131
f 585/3199/3199 584/3200/3200 650/3201/3201
f 585/3202/3202 650/3203/3203 633/3204/3204
f 650/3205/3205 651/3206/3206 633/3207/3207
f 633/3208/3208 651/3209/3209 632/3210/3210
f 589/3211/3211 632/3212/3212 651/3213/3213
f 589/3214/3214 651/3215/3215 587/3216/3216
s 132
f 656/3235/3235 597/3236/3236 652/3237/3237
f 656/3238/3238 657/3239/3239 597/3240/3240
f 656/3241/3241 658/3242/3242 657/3243/3243
f 657/3244/3244 659/3245/3245 660/3246/3246
f 657/3247/3247 660/3248/3248 565/3249/3249
f 661/3250/3250 565/3251/3251 660/3252/3252
f 662/3253/3253 565/3254/3254 661/3255/3255
f 662/3256/3256 661/3257/3257 663/3258/3258
f 662/3259/3259 663/3260/3260 664/3261/3261
f 663/3262/3262 665/3263/3263 664/3264/3264
f 666/3265/3265 664/3266/3266 665/3267/3267
f 568/3268/3268 664/3269/3269 666/3270/3270
f 568/3271/3271 666/3272/3272 667/3273/3273
f 668/3274/3274 667/3275/3275 669/3276/3276
f 668/3277/3277 568/3278/3278 667/3279/3279
f 668/3280/3280 571/3281/3281 568/3282/3282
f 568/3283/3283 571/3284/3284 569/3285/3285
f 668/3286/3286 572/3287/3287 571/3288/3288
f 668/3289/3289 570/3290/3290 572/3291/3291
f 569/3292/3292 571/3293/3293 570/3294/3294
f 668/3295/3295 569/3296/3296 570/3297/3297
f 593/3298/3298 595/3299/3299 569/3300/3300
f 593/3301/3301 569/3302/3302 600/3303/3303
f 668/3304/3304 600/3305/3305 569/3306/3306
f 668/3307/3307 601/3308/3308 600/3309/3309
f 592/3310/3310 601/3311/3311 668/3312/3312
f 592/3313/3313 594/3314/3314 601/3315/3315
f 670/3316/3316 592/3317/3317 668/3318/3318
f 670/3319/3319 668/3320/3320 671/3321/3321
f 670/3322/3322 655/3323/3323 592/3324/3324
f 603/3325/3325 598/3326/3326 597/3327/3327
f 603/3328/3328 597/3329/3329 657/3330/3330
f 603/3331/3331 657/3332/3332 602/3333/3333
f 564/3334/3334 602/3335/3335 657/3336/3336
f 596/3337/3337 602/3338/3338 564/3339/3339
f 596/3340/3340 564/3341/3341 599/3342/3342
f 564/3343/3343 657/3344/3344 575/3345/3345
f 657/3346/3346 573/3347/3347 575/3348/3348
f 657/3349/3349 574/3350/3350 573/3351/3351
f 564/3352/3352 575/3353/3353 574/3354/3354
f 657/3355/3355 565/3356/3356 574/3357/3357
f 564/3358/3358 574/3359/3359 565/3360/3360
f 660/3535/3535 659/3536/3536 682/3537/3537
f 660/3538/3538 682/3539/3539 683/3540/3540
f 660/3541/3541 683/3542/3542 661/3543/3543
f 683/3544/3544 663/3545/3545 661/3546/3546
f 682/3547/3547 684/3548/3548 683/3549/3549
f 683/3550/3550 685/3551/3551 663/3552/3552
f 683/3553/3553 684/3554/3554 685/3555/3555
f 685/3556/3556 665/3557/3557 663/3558/3558
f 685/3559/3559 666/3560/3560 665/3561/3561
f 667/3562/3562 666/3563/3563 685/3564/3564
f 667/3565/3565 685/3566/3566 684/3567/3567
f 667/3568/3568 684/3569/3569 669/3570/3570
s 133
f 584/3361/3361 582/3362/3362 630/3363/3363
f 650/3364/3364 584/3365/3365 630/3366/3366
f 628/3367/3367 650/3368/3368 630/3369/3369
f 628/3370/3370 651/3371/3371 650/3372/3372
f 628/3373/3373 587/3374/3374 651/3375/3375
f 628/3376/3376 588/3377/3377 587/3378/3378
s 134
f 672/3379/3379 673/3380/3380 674/3381/3381
f 675/3382/3382 672/3383/3383 674/3384/3384
f 675/3385/3385 676/3386/3386 672/3387/3387
f 675/3388/3388 677/3389/3389 676/3390/3390
s 135
f 642/3391/3391 641/3392/3392 611/3393/3393
f 642/3394/3394 611/3395/3395 631/3396/3396
f 611/3397/3397 608/3398/3398 631/3399/3399
s 136
f 605/3400/3400 607/3401/3401 634/3402/3402
f 607/3403/3403 635/3404/3404 634/3405/3405
f 607/3406/3406 636/3407/3407 635/3408/3408
s 137
f 645/3409/3409 647/3410/3410 622/3411/3411
f 645/3412/3412 648/3413/3413 647/3414/3414
f 645/3415/3415 649/3416/3416 648/3417/3417
f 645/3418/3418 644/3419/3419 649/3420/3420
s 138
f 620/3421/3421 622/3422/3422 647/3423/3423
f 567/3424/3424 622/3425/3425 620/3426/3426
f 568/3427/3427 567/3428/3428 620/3429/3429
f 577/3430/3430 568/3431/3431 620/3432/3432
f 577/3433/3433 664/3434/3434 568/3435/3435
f 662/3436/3436 664/3437/3437 577/3438/3438
f 662/3439/3439 577/3440/3440 579/3441/3441
f 662/3442/3442 579/3443/3443 565/3444/3444
f 579/3445/3445 617/3446/3446 565/3447/3447
f 566/3448/3448 565/3449/3449 617/3450/3450
f 583/3451/3451 566/3452/3452 617/3453/3453
f 583/3454/3454 617/3455/3455 624/3456/3456
s 139
f 613/3457/3457 583/3458/3458 624/3459/3459
f 613/3460/3460 624/3461/3461 623/3462/3462
f 613/3463/3463 623/3464/3464 625/3465/3465
f 613/3466/3466 625/3467/3467 615/3468/3468
s 140
f 629/3469/3469 581/3470/3470 612/3471/3471
f 629/3472/3472 612/3473/3473 678/3474/3474
f 612/3475/3475 614/3476/3476 678/3477/3477
f 629/3478/3478 678/3479/3479 626/3480/3480
f 678/3481/3481 614/3482/3482 679/3483/3483
f 678/3484/3484 679/3485/3485 680/3486/3486
f 678/3487/3487 680/3488/3488 626/3489/3489
f 680/3490/3490 679/3491/3491 681/3492/3492
f 680/3493/3493 627/3494/3494 626/3495/3495
f 680/3496/3496 646/3497/3497 627/3498/3498
f 680/3499/3499 643/3500/3500 646/3501/3501
f 680/3502/3502 681/3503/3503 643/3504/3504
s 141
f 615/3505/3505 679/3506/3506 614/3507/3507
f 618/3508/3508 679/3509/3509 615/3510/3510
f 618/3511/3511 615/3512/3512 625/3513/3513
f 681/3514/3514 679/3515/3515 618/3516/3516
f 618/3517/3517 591/3518/3518 590/3519/3519
f 621/3520/3520 618/3521/3521 590/3522/3522
f 621/3523/3523 681/3524/3524 618/3525/3525
f 621/3526/3526 644/3527/3527 681/3528/3528
f 644/3529/3529 643/3530/3530 681/3531/3531
f 621/3532/3532 649/3533/3533 644/3534/3534
s 142
f 656/3571/3571 652/3572/3572 653/3573/3573
f 656/3574/3574 653/3575/3575 686/3576/3576
f 656/3577/3577 686/3578/3578 658/3579/3579
f 686/3580/3580 687/3581/3581 658/3582/3582
f 653/3583/3583 654/3584/3584 686/3585/3585
f 686/3586/3586 688/3587/3587 687/3588/3588
f 686/3589/3589 689/3590/3590 688/3591/3591
f 686/3592/3592 654/3593/3593 689/3594/3594
f 689/3595/3595 671/3596/3596 688/3597/3597
f 670/3598/3598 671/3599/3599 689/3600/3600
f 670/3601/3601 689/3602/3602 654/3603/3603
f 670/3604/3604 654/3605/3605 655/3606/3606
s 143
f 671/3607/3607 668/3608/3608 690/3609/3609
f 690/3610/3610 668/3611/3611 669/3612/3612
f 671/3613/3613 690/3614/3614 688/3615/3615
f 690/3616/3616 669/3617/3617 684/3618/3618
f 690/3619/3619 684/3620/3620 691/3621/3621
f 690/3622/3622 691/3623/3623 688/3624/3624
f 684/3625/3625 682/3626/3626 691/3627/3627
f 688/3628/3628 691/3629/3629 687/3630/3630
f 659/3631/3631 691/3632/3632 682/3633/3633
f 659/3634/3634 657/3635/3635 691/3636/3636
f 691/3637/3637 657/3638/3638 658/3639/3639
f 691/3640/3640 658/3641/3641 687/3642/3642
s 115
f 576/2941/2941 577/2942/2942 578/2943/2943
f 576/2944/2944 579/2945/2945 577/2946/2946
f 590/2965/2965 576/2966/2966 578/2967/2967
f 590/2968/2968 591/2969/2969 576/2970/2970
s 116
f 580/2947/2947 581/2948/2948 582/2949/2949
f 580/2950/2950 583/2951/2951 581/2952/2952
f 580/2953/2953 584/2954/2954 585/2955/2955
f 580/2956/2956 582/2957/2957 584/2958/2958
f 583/3013/3013 612/3014/3014 581/3015/3015
f 583/3016/3016 613/3017/3017 612/3018/3018
f 612/3019/3019 613/3020/3020 614/3021/3021
f 613/3022/3022 615/3023/3023 614/3024/3024
s 117
f 586/2959/2959 587/2960/2960 588/2961/2961
f 586/2962/2962 589/2963/2963 587/2964/2964
f 643/3169/3169 644/3170/3170 645/3171/3171
f 643/3172/3172 645/3173/3173 646/3174/3174
f 645/3175/3175 622/3176/3176 646/3177/3177
f 646/3178/3178 622/3179/3179 627/3180/3180
f 622/3181/3181 586/3182/3182 627/3183/3183
f 586/3184/3184 588/3185/3185 627/3186/3186
s 118
f 592/2971/2971 593/2972/2972 594/2973/2973
f 592/2974/2974 595/2975/2975 593/2976/2976
s 119
f 596/2977/2977 597/2978/2978 598/2979/2979
f 596/2980/2980 599/2981/2981 597/2982/2982
s 120
f 600/2983/2983 594/2984/2984 593/2985/2985
f 600/2986/2986 601/2987/2987 594/2988/2988
s 121
f 598/2989/2989 602/2990/2990 596/2991/2991
f 598/2992/2992 603/2993/2993 602/2994/2994
s 122
f 604/2995/2995 605/2996/2996 606/2997/2997
f 604/2998/2998 607/2999/2999 605/3000/3000
f 608/3001/3001 609/3002/3002 610/3003/3003
f 608/3004/3004 611/3005/3005 609/3006/3006
f 608/3103/3103 589/3104/3104 631/3105/3105
f 608/3106/3106 632/3107/3107 589/3108/3108
f 608/3109/3109 610/3110/3110 632/3111/3111
f 632/3112/3112 610/3113/3113 606/3114/3114
f 633/3115/3115 632/3116/3116 606/3117/3117
f 605/3118/3118 633/3119/3119 606/3120/3120
f 585/3121/3121 633/3122/3122 605/3123/3123
f 634/3124/3124 585/3125/3125 605/3126/3126
f 599/3127/3127 585/3128/3128 634/3129/3129
f 599/3130/3130 634/3131/3131 635/3132/3132
f 636/3133/3133 599/3134/3134 635/3135/3135
f 636/3136/3136 597/3137/3137 599/3138/3138
f 636/3139/3139 637/3140/3140 597/3141/3141
f 636/3142/3142 638/3143/3143 637/3144/3144
f 637/3145/3145 638/3146/3146 639/3147/3147
f 637/3148/3148 639/3149/3149 640/3150/3150
f 641/3151/3151 640/3152/3152 639/3153/3153
f 641/3154/3154 592/3155/3155 640/3156/3156
f 641/3157/3157 595/3158/3158 592/3159/3159
f 641/3160/3160 642/3161/3161 595/3162/3162
f 595/3163/3163 642/3164/3164 631/3165/3165
f 595/3166/3166 631/3167/3167 589/3168/3168
f 652/3217/3217 597/3218/3218 637/3219/3219
f 652/3220/3220 637/3221/3221 653/3222/3222
f 637/3223/3223 640/3224/3224 653/3225/3225
f 653/3226/3226 640/3227/3227 654/3228/3228
f 655/3229/3229 654/3230/3230 640/3231/3231
f 655/3232/3232 640/3233/3233 592/3234/3234
f 638/3643/3643 675/3644/3644 674/3645/3645
f 677/3646/3646 675/3647/3647 638/3648/3648
f 677/3649/3649 638/3650/3650 636/3651/3651
f 638/3652/3652 674/3653/3653 639/3654/3654
f 673/3655/3655 639/3656/3656 674/3657/3657
f 677/3658/3658 636/3659/3659 607/3660/3660
f 677/3661/3661 607/3662/3662 676/3663/3663
f 673/3664/3664 641/3665/3665 639/3666/3666
f 673/3667/3667 611/3668/3668 641/3669/3669
f 604/3670/3670 676/3671/3671 607/3672/3672
f 604/3673/3673 672/3674/3674 676/3675/3675
f 673/3676/3676 672/3677/3677 611/3678/3678
f 604/3679/3679 609/3680/3680 672/3681/3681
f 609/3682/3682 611/3683/3683 672/3684/3684
s 123
f 609/3007/3007 606/3008/3008 610/3009/3009
f 609/3010/3010 604/3011/3011 606/3012/3012
s 124
f 579/3025/3025 616/3026/3026 617/3027/3027
f 579/3028/3028 576/3029/3029 616/3030/3030
f 616/3031/3031 576/3032/3032 618/3033/3033
f 576/3034/3034 591/3035/3035 618/3036/3036
s 125
f 619/3037/3037 577/3038/3038 620/3039/3039
f 619/3040/3040 578/3041/3041 577/3042/3042
f 619/3043/3043 621/3044/3044 578/3045/3045
f 621/3046/3046 590/3047/3047 578/3048/3048
s 126
f 569/3049/3049 622/3050/3050 567/3051/3051
f 569/3052/3052 586/3053/3053 622/3054/3054
f 569/3055/3055 595/3056/3056 586/3057/3057
f 595/3058/3058 589/3059/3059 586/3060/3060
s 127
f 599/3061/3061 580/3062/3062 585/3063/3063
f 599/3064/3064 564/3065/3065 580/3066/3066
f 580/3067/3067 564/3068/3068 583/3069/3069
f 564/3070/3070 566/3071/3071 583/3072/3072
o bombdrop,ox=-0.00,oy=-3.63,oz=13.31,p=base,,e=0
v 0.000000 0.370000 13.310000
v 0.000000 0.370000 17.310000
v 0.000000 2.370000 13.310000
f 692/1/1 693/2/2 694/3/3
o thrust1,ox=-0.00,oy=1.21,oz=-20.57,p=base,,e=0
v 0.000000 5.210000 -20.570002
v 0.000000 5.210000 -16.570002
v 0.000000 7.210000 -20.570002
f 695/1/1 696/2/2 697/3/3
