# Spring Unit export, Created by Beherith mysterme@gmail.com with the help of Muon 
# arguments of an object 'o' piecename:
# Mxyz = midpoint of an s3o
# r = unit radius
# h = height
#			 t1 t2 = textures 1 and 2
# Oxyz = piece offset
# p = parent
o base,ox=0.00,oy=0.00,oz=0.00,p=,mx=0.00,my=6.00,mz=0.00,r=20.00,h=15.00,t1=Arm_color.dds,t2=Arm_other.dds
v -2.255824 5.527493 8.861260
vn -1.308549 0.191172 0.435812
vt 0.418568552 0.864117026
v -4.495964 5.805207 2.013229
vn -1.308549 0.191172 0.435812
vt 0.457933009 0.864117026
v -4.019561 4.516555 4.008817
vn -1.308549 0.191172 0.435812
vt 0.446517587 0.870783985
v -3.092497 9.429018 -2.693755
vn -1.289474 0.499443 -0.162768
vt 0.434073299 0.754469991
v -2.573898 8.684123 -9.089388
vn -1.289474 0.499443 -0.162768
vt 0.441398680 0.754405975
v -4.495964 5.805207 -2.693755
vn -1.289474 0.499443 -0.162768
vt 0.434132755 0.758858979
v 4.495964 5.805207 -2.693755
vn 1.289474 0.499443 -0.162768
vt 0.434132755 0.758879006
v 2.573898 8.684123 -9.089388
vn 1.289474 0.499443 -0.162768
vt 0.441398919 0.754426003
v 3.092497 9.429018 -2.693755
vn 1.289474 0.499443 -0.162768
vt 0.434073776 0.754489005
v 4.495964 5.805207 2.013229
vn 1.308549 0.191172 0.435812
vt 0.457933247 0.864138007
v 2.255824 5.527493 8.861260
vn 1.308549 0.191172 0.435812
vt 0.418568552 0.864138007
v 4.019561 4.516555 4.008817
vn 1.308549 0.191172 0.435812
vt 0.446517825 0.870804012
v -1.672061 8.610493 4.645597
vn -1.236146 -0.508494 -0.390003
vt 0.777393758 0.110228002
v -1.182582 9.383000 3.655678
vn -0.645085 1.231690 0.074770
vt 0.780508637 0.111106999
v -1.184429 9.385175 2.656472
vn -0.806043 1.082707 -0.341827
vt 0.777394235 0.111106999
v 1.184429 9.385175 2.656472
vn 0.806043 1.082707 -0.341827
vt 0.777394235 0.114776000
v 1.182582 9.383000 3.655678
vn 0.645085 1.231690 0.074770
vt 0.780508876 0.114776000
v 1.672061 8.610493 4.645597
vn 1.236146 -0.508494 -0.390003
vt 0.777393758 0.115654998
v -1.629448 5.254943 -7.133590
vn 0.000000 0.000000 -1.392370
vt 0.793193817 0.682087004
v -1.629448 7.512185 -7.133590
vn 0.000000 0.000000 -1.392370
vt 0.793186724 0.714905024
v 1.629448 7.512185 -7.133590
vn 0.000000 0.000000 -1.392370
vt 0.751072466 0.714905024
vn 0.000000 0.000000 -1.392370
vt 0.793193817 0.682087004
vn 0.000000 0.000000 -1.392370
vt 0.751072466 0.714905024
v 1.629448 5.254943 -7.133590
vn 0.000000 0.000000 -1.392370
vt 0.751079559 0.682087004
v -2.013228 3.281099 -5.318963
vn -0.000000 -1.392370 0.000000
vt 0.441794038 0.295664996
v 2.013228 3.281099 -5.318964
vn -0.000000 -1.392370 0.000000
vt 0.441794038 0.280636013
v 2.013228 3.281099 4.969042
vn -0.000000 -1.392370 0.000000
vt 0.453755558 0.280636013
vn -0.000000 -1.392370 0.000000
vt 0.441794038 0.295664996
vn -0.000000 -1.392370 0.000000
vt 0.453755558 0.280636013
v -2.013228 3.281099 4.969042
vn -0.000000 -1.392370 0.000000
vt 0.453755558 0.295664996
v 2.013228 5.004678 6.889099
vn -0.000000 0.838903 1.111250
vt 0.612641096 0.828397989
v 2.013228 7.512185 4.996090
vn -0.000000 0.838903 1.111250
vt 0.616717577 0.828397989
v -2.013228 7.512185 4.996090
vn -0.000000 0.838903 1.111250
vt 0.616717577 0.850991011
vn -0.000000 0.838903 1.111250
vt 0.612641096 0.828397989
vn -0.000000 0.838903 1.111250
vt 0.616717577 0.850991011
v -2.013228 5.004678 6.889099
vn -0.000000 0.838903 1.111250
vt 0.612641096 0.850991011
vn -0.000000 -0.942356 -1.025063
vt 0.231656864 0.484189987
vn -0.000000 -0.942356 -1.025063
vt 0.231656641 0.465209007
vn -0.000000 -0.942356 -1.025063
vt 0.247287378 0.467018008
vn -0.000000 -0.942356 -1.025063
vt 0.231656864 0.484189987
vn -0.000000 -0.942356 -1.025063
vt 0.247287378 0.467018008
vn -0.000000 -0.942356 -1.025063
vt 0.247287378 0.482380986
vn 1.362295 0.000000 -0.288081
vt 0.848474026 0.730693996
vn 1.362295 0.000000 -0.288081
vt 0.858852744 0.740401983
vn 1.362295 0.000000 -0.288081
vt 0.870631158 0.740401983
vn 1.362295 0.000000 -0.288081
vt 0.848474026 0.730693996
vn 1.362295 0.000000 -0.288081
vt 0.870631158 0.740401983
v 2.013228 7.512185 -5.318964
vn 1.362295 0.000000 -0.288081
vt 0.870625436 0.730693996
vn -0.000000 -1.036202 0.930103
vt 0.612696588 0.850964010
vn -0.000000 -1.036202 0.930103
vt 0.612696588 0.828354001
vn -0.000000 -1.036202 0.930103
vt 0.616792381 0.828354001
vn -0.000000 -1.036202 0.930103
vt 0.612696588 0.850964010
vn -0.000000 -1.036202 0.930103
vt 0.616792381 0.828354001
vn -0.000000 -1.036202 0.930103
vt 0.616792619 0.850964010
vn -1.362295 0.000000 -0.288081
vt 0.848595858 0.730693996
v -2.013228 7.512185 -5.318964
vn -1.362295 0.000000 -0.288081
vt 0.870747268 0.730693996
vn -1.362295 0.000000 -0.288081
vt 0.870752990 0.740401983
vn -1.362295 0.000000 -0.288081
vt 0.848595858 0.730693996
vn -1.362295 0.000000 -0.288081
vt 0.870752990 0.740401983
vn -1.362295 0.000000 -0.288081
vt 0.858913541 0.740401983
v -2.817332 3.003294 2.035146
vn -1.392370 0.000000 0.000000
vt 0.243792772 0.466428012
v -2.817332 5.421338 2.035146
vn -1.392370 0.000000 0.000000
vt 0.246666923 0.466428012
v -2.817332 5.421338 -2.801587
vn -1.392370 0.000000 0.000000
vt 0.246671066 0.482726991
vn -1.392370 0.000000 0.000000
vt 0.243792772 0.466428012
vn -1.392370 0.000000 0.000000
vt 0.246671066 0.482726991
v -2.817332 3.003294 -2.801587
vn -1.392370 0.000000 0.000000
vt 0.243793458 0.482726991
vn 0.000000 0.000000 -1.392370
vt 0.754113436 0.714003980
vn 0.000000 0.000000 -1.392370
vt 0.776210487 0.714003980
v 2.817332 5.421338 -2.801587
vn 0.000000 0.000000 -1.392370
vt 0.776210725 0.736087978
vn 0.000000 0.000000 -1.392370
vt 0.754113436 0.714003980
vn 0.000000 0.000000 -1.392370
vt 0.776210725 0.736087978
v 2.817332 3.003294 -2.801587
vn 0.000000 0.000000 -1.392370
vt 0.754113436 0.736087978
vn 1.392370 0.000000 0.000000
vt 0.235919923 0.482726991
vn 1.392370 0.000000 0.000000
vt 0.233060226 0.482726991
v 2.817332 5.421338 2.035146
vn 1.392370 0.000000 0.000000
vt 0.233055860 0.466428012
vn 1.392370 0.000000 0.000000
vt 0.235919923 0.482726991
vn 1.392370 0.000000 0.000000
vt 0.233055860 0.466428012
v 2.817332 3.003294 2.035146
vn 1.392370 0.000000 0.000000
vt 0.235919237 0.466428012
vn -0.000000 0.000000 1.392370
vt 0.840594530 0.701018989
vn -0.000000 0.000000 1.392370
vt 0.867267787 0.701018989
vn -0.000000 0.000000 1.392370
vt 0.867268026 0.727725029
vn -0.000000 0.000000 1.392370
vt 0.840594530 0.701018989
vn -0.000000 0.000000 1.392370
vt 0.867268026 0.727725029
vn -0.000000 0.000000 1.392370
vt 0.840594530 0.727725029
vn -0.000000 -1.392370 0.000000
vt 0.243794829 0.482726991
vn -0.000000 -1.392370 0.000000
vt 0.235921293 0.482726991
vn -0.000000 -1.392370 0.000000
vt 0.235919237 0.466428012
vn -0.000000 -1.392370 0.000000
vt 0.243794829 0.482726991
vn -0.000000 -1.392370 0.000000
vt 0.235919237 0.466428012
vn -0.000000 -1.392370 0.000000
vt 0.243792772 0.466428012
vn -0.000000 1.392370 0.000000
vt 0.234091163 0.465674013
vn -0.000000 1.392370 0.000000
vt 0.245626807 0.465674013
vn -0.000000 1.392370 0.000000
vt 0.245624512 0.484324008
vn -0.000000 1.392370 0.000000
vt 0.234091163 0.465674013
vn -0.000000 1.392370 0.000000
vt 0.245624512 0.484324008
vn -0.000000 1.392370 0.000000
vt 0.234088868 0.484324008
vn -1.298385 0.502924 0.000000
vt 0.445240915 0.751228988
v -3.092497 9.429018 2.013229
vn -1.298385 0.502924 0.000000
vt 0.452017635 0.751228988
vn -1.298385 0.502924 0.000000
vt 0.452017635 0.764219999
vn -1.298385 0.502924 0.000000
vt 0.445240915 0.751228988
vn -1.298385 0.502924 0.000000
vt 0.452017635 0.764219999
vn -1.298385 0.502924 0.000000
vt 0.445240915 0.764219999
vn 1.298385 0.502924 0.000000
vt 0.445240915 0.764219999
vn 1.298385 0.502924 0.000000
vt 0.452017874 0.764219999
v 3.092497 9.429018 2.013229
vn 1.298385 0.502924 0.000000
vt 0.452017874 0.751228988
vn 1.298385 0.502924 0.000000
vt 0.445240915 0.764219999
vn 1.298385 0.502924 0.000000
vt 0.452017874 0.751228988
vn 1.298385 0.502924 0.000000
vt 0.445241153 0.751228988
vn -0.000000 -1.392370 0.000000
vt 0.345114797 0.262656987
vn -0.000000 -1.392370 0.000000
vt 0.345114797 0.297363013
vn -0.000000 -1.392370 0.000000
vt 0.326926082 0.297363013
vn -0.000000 -1.392370 0.000000
vt 0.345114797 0.262656987
vn -0.000000 -1.392370 0.000000
vt 0.326926082 0.297363013
vn -0.000000 -1.392370 0.000000
vt 0.326925874 0.262656987
v 1.943947 5.901411 9.063899
vn -0.000000 0.000000 1.392370
vt 0.799859762 0.293825001
v 1.943947 6.500738 9.063899
vn -0.000000 0.000000 1.392370
vt 0.799860239 0.299587995
v -1.943947 6.500738 9.063899
vn -0.000000 0.000000 1.392370
vt 0.756891489 0.299587995
vn -0.000000 0.000000 1.392370
vt 0.799859762 0.293825001
vn -0.000000 0.000000 1.392370
vt 0.756891489 0.299587995
v -1.943947 5.901411 9.063899
vn -0.000000 0.000000 1.392370
vt 0.756891012 0.293825001
vn 1.271512 0.437900 0.360902
vt 0.492725343 0.774923980
vn 1.257032 0.486773 0.348789
vt 0.480765671 0.773877978
v 2.208734 6.823158 8.835577
vn 1.317321 0.175578 0.415483
vt 0.488761038 0.752774000
vn 1.271512 0.437900 0.360902
vt 0.492725343 0.774923980
vn 1.317321 0.175578 0.415483
vt 0.488761038 0.752774000
vn 1.321638 0.056669 0.434559
vt 0.492786139 0.752672017
vn -0.000000 1.300752 0.496798
vt 0.390500188 0.864293993
vn -0.000000 1.300752 0.496798
vt 0.399350286 0.864293993
v -2.208734 6.823158 8.835577
vn -0.000000 1.300752 0.496798
vt 0.399228424 0.875005007
vn -0.000000 1.300752 0.496798
vt 0.390500188 0.864293993
vn -0.000000 1.300752 0.496798
vt 0.399228424 0.875005007
vn -0.000000 1.300752 0.496798
vt 0.390622467 0.875005007
vn -0.000000 -1.169730 -0.755361
vt 0.326927930 0.262656987
vn -0.000000 -1.169730 -0.755361
vt 0.326927930 0.297363013
vn -0.000000 -1.169730 -0.755361
vt 0.318318069 0.295524001
vn -0.000000 -1.169730 -0.755361
vt 0.326927930 0.262656987
vn -0.000000 -1.169730 -0.755361
vt 0.318318069 0.295524001
vn -0.000000 -1.169730 -0.755361
vt 0.318318069 0.264495999
v 3.724391 6.022915 -3.185768
vn -0.000000 1.392370 0.000000
vt 0.379474610 0.496915996
v -3.724391 6.022915 -3.185768
vn -0.000000 1.392370 0.000000
vt 0.178241700 0.483851999
v -3.724391 6.022915 -2.354604
vn -0.000000 1.392370 0.000000
vt 0.178241014 0.483851999
vn -0.000000 1.392370 0.000000
vt 0.379474610 0.496915996
vn -0.000000 1.392370 0.000000
vt 0.178241014 0.483851999
v 3.724391 6.022915 -2.354604
vn -0.000000 1.392370 0.000000
vt 0.379473925 0.496915996
vn -0.000000 -1.273322 -0.563353
vt 0.178246513 0.483851999
vn -0.000000 -1.273322 -0.563353
vt 0.379479647 0.496915996
vn -0.000000 -1.273322 -0.563353
vt 0.375024796 0.500000000
vn -0.000000 -1.273322 -0.563353
vt 0.178246513 0.483851999
vn -0.000000 -1.273322 -0.563353
vt 0.375024796 0.500000000
vn -0.000000 -1.273322 -0.563353
vt 0.125024781 0.500000000
v 2.075820 7.767419 -8.597375
vn -0.000000 -0.658452 -1.226817
vt 0.109789394 0.186280996
v -2.075820 7.767419 -8.597375
vn -0.000000 -0.658452 -1.226817
vt 0.122911952 0.186280996
vn -0.000000 -0.658452 -1.226817
vt 0.124500476 0.196189001
vn -0.000000 -0.658452 -1.226817
vt 0.109789394 0.186280996
vn -0.000000 -0.658452 -1.226817
vt 0.124500476 0.196189001
vn -0.000000 -0.658452 -1.226817
vt 0.108265124 0.196189001
vn 0.871902 -0.871624 -0.647174
vt 0.105874658 0.185891002
vn 0.902534 -0.838624 -0.648705
vt 0.105757177 0.196354002
vn 0.075745 -1.309802 -0.466444
vt 0.107512966 0.196158007
vn 0.871902 -0.871624 -0.647174
vt 0.105874658 0.185891002
vn 0.075745 -1.309802 -0.466444
vt 0.107512966 0.196158007
vn -0.126427 -1.330549 -0.390421
vt 0.107322522 0.185922995
vn -0.871902 -0.871624 -0.647174
vt 0.105874658 0.185387999
vn 0.126427 -1.330549 -0.390421
vt 0.107322522 0.185413003
vn -0.075745 -1.309802 -0.466444
vt 0.107512966 0.196218997
vn -0.871902 -0.871624 -0.647174
vt 0.105874658 0.185387999
vn -0.075745 -1.309802 -0.466444
vt 0.107512966 0.196218997
vn -0.902534 -0.838624 -0.648705
vt 0.105757177 0.196214005
vn -0.000000 -1.273322 -0.563353
vt 0.333941936 0.264382988
vn -0.000000 -1.273322 -0.563353
vt 0.333941936 0.287753999
v -2.075820 8.417466 -7.766212
vn -0.000000 -1.273322 -0.563353
vt 0.315390229 0.282582015
vn -0.000000 -1.273322 -0.563353
vt 0.333941936 0.264382988
vn -0.000000 -1.273322 -0.563353
vt 0.315390229 0.282582015
v 2.075820 8.417466 -7.766212
vn -0.000000 -1.273322 -0.563353
vt 0.315390229 0.269555986
vn 1.161793 -0.767196 0.017126
vt 0.231342062 0.852236986
vn 1.314119 -0.362434 0.283487
vt 0.225431740 0.842918992
vn 1.311613 -0.378585 0.274158
vt 0.227377072 0.842918992
vn 1.161793 -0.767196 0.017126
vt 0.231342062 0.852236986
vn 1.311613 -0.378585 0.274158
vt 0.227377072 0.842918992
vn 1.146895 -0.789613 0.000000
vt 0.232623562 0.853115022
vn -0.000000 -1.096770 0.857839
vt 0.225425780 0.842918992
vn -0.000000 -1.096770 0.857839
vt 0.225425541 0.835162997
vn -0.000000 -1.096770 0.857839
vt 0.227375463 0.835162997
vn -0.000000 -1.096770 0.857839
vt 0.225425780 0.842918992
vn -0.000000 -1.096770 0.857839
vt 0.227375463 0.835162997
vn -0.000000 -1.096770 0.857839
vt 0.227375463 0.842918992
vn -1.161793 -0.767196 0.017126
vt 0.231342062 0.825845003
vn -1.146895 -0.789613 0.000000
vt 0.232623339 0.824966013
vn -1.311613 -0.378585 0.274158
vt 0.227376834 0.835162997
vn -1.161793 -0.767196 0.017126
vt 0.231342062 0.825845003
vn -1.311613 -0.378585 0.274158
vt 0.227376834 0.835162997
vn -1.314119 -0.362434 0.283487
vt 0.225431740 0.835162997
v -1.067955 8.994341 -9.395246
vn 0.000000 0.000000 -1.392370
vt 0.632258594 0.125498995
v -0.825966 10.462094 -9.395246
vn 0.000000 0.000000 -1.392370
vt 0.645989001 0.125498995
v 0.825966 10.462094 -9.395246
vn 0.000000 0.000000 -1.392370
vt 0.645989001 0.141585007
vn 0.000000 0.000000 -1.392370
vt 0.632258594 0.125498995
vn 0.000000 0.000000 -1.392370
vt 0.645989001 0.141585007
v 1.067955 8.994341 -9.395246
vn 0.000000 0.000000 -1.392370
vt 0.632258356 0.141585007
v 1.124108 8.653755 -4.649240
vn -0.000000 0.579226 1.266221
vt 0.017718552 0.509638011
v 0.825966 10.462094 -5.476521
vn -0.000000 0.579226 1.266221
vt 0.017737826 0.536396027
v -0.825966 10.462094 -5.476521
vn -0.000000 0.579226 1.266221
vt 0.000647982 0.536396027
vn -0.000000 0.579226 1.266221
vt 0.017718552 0.509638011
vn -0.000000 0.579226 1.266221
vt 0.000647982 0.536396027
v -1.124108 8.653755 -4.649240
vn -0.000000 0.579226 1.266221
vt 0.000628708 0.509638011
vn -0.000000 1.392370 0.000000
vt 0.261088669 0.269567996
vn -0.000000 1.392370 0.000000
vt 0.275309861 0.269567996
vn -0.000000 1.392370 0.000000
vt 0.275305957 0.283755004
vn -0.000000 1.392370 0.000000
vt 0.261088669 0.269567996
vn -0.000000 1.392370 0.000000
vt 0.275305957 0.283755004
vn -0.000000 1.392370 0.000000
vt 0.261084765 0.283755004
v 1.124108 8.653755 -9.054659
vn -0.000000 -0.984545 -0.984545
vt 0.168318674 0.110455997
v -1.124108 8.653755 -9.054659
vn -0.000000 -0.984545 -0.984545
vt 0.168318674 0.136834994
vn -0.000000 -0.984545 -0.984545
vt 0.160995364 0.136176005
vn -0.000000 -0.984545 -0.984545
vt 0.168318674 0.110455997
vn -0.000000 -0.984545 -0.984545
vt 0.160995364 0.136176005
vn -0.000000 -0.984545 -0.984545
vt 0.160995364 0.111115001
vn -0.000000 -1.392370 0.000000
vt 0.125031203 0.517940998
vn -0.000000 -1.392370 0.000000
vt 0.375031203 0.517940998
vn -0.000000 -1.392370 0.000000
vt 0.375018358 0.750000000
vn -0.000000 -1.392370 0.000000
vt 0.125031203 0.517940998
vn -0.000000 -1.392370 0.000000
vt 0.375018358 0.750000000
vn -0.000000 -1.392370 0.000000
vt 0.125018358 0.750000000
vn -0.459482 -0.323308 1.274019
vt 0.756888926 0.293825001
vn -0.522835 0.431774 1.216096
vt 0.756888688 0.299587995
vn -0.437761 0.488304 1.228209
vt 0.754264891 0.301849991
vn -0.459482 -0.323308 1.274019
vt 0.756888926 0.293825001
vn -0.437761 0.488304 1.228209
vt 0.754264891 0.301849991
vn -0.389585 -0.371067 1.284183
vt 0.754264176 0.291563004
vn 0.484405 0.451406 1.224868
vt 0.799858153 0.299587995
vn 0.420774 -0.343776 1.281955
vt 0.799857914 0.293825001
vn 0.393623 -0.383737 1.279310
vt 0.802420735 0.291563004
vn 0.484405 0.451406 1.224868
vt 0.799858153 0.299587995
vn 0.393623 -0.383737 1.279310
vt 0.802420735 0.291563004
vn 0.441381 0.502367 1.221248
vt 0.802421629 0.301849991
vn -0.389585 -0.371067 1.284183
vt 0.719529212 0.428876996
vn 0.393623 -0.383737 1.279310
vt 0.639695227 0.428876996
vn 0.420774 -0.343776 1.281955
vt 0.645189345 0.427671999
vn -0.389585 -0.371067 1.284183
vt 0.719529212 0.428876996
vn 0.420774 -0.343776 1.281955
vt 0.645189345 0.427671999
vn -0.459482 -0.323308 1.274019
vt 0.714037001 0.427671999
vn 0.441381 0.502367 1.221248
vt 0.429502785 0.866469979
vn -0.437761 0.488304 1.228209
vt 0.429502785 0.872828007
vn -0.522835 0.431774 1.216096
vt 0.429136574 0.872447014
vn 0.441381 0.502367 1.221248
vt 0.429502785 0.866469979
vn -0.522835 0.431774 1.216096
vt 0.429136574 0.872447014
vn 0.484405 0.451406 1.224868
vt 0.429136574 0.866850972
vn -1.271512 0.437900 0.360902
vt 0.492664069 0.774918973
vn -1.321638 0.056669 0.434559
vt 0.492724895 0.752668023
vn -1.317321 0.175578 0.415483
vt 0.488761038 0.752768993
vn -1.271512 0.437900 0.360902
vt 0.492664069 0.774918973
vn -1.317321 0.175578 0.415483
vt 0.488761038 0.752768993
vn -1.257032 0.486773 0.348789
vt 0.480704397 0.773872972
vn -0.000000 -1.363130 0.284043
vt 0.327597946 0.293110996
vn -0.000000 -1.363130 0.284043
vt 0.310944974 0.287171990
vn -0.000000 -1.363130 0.284043
vt 0.310944974 0.271979004
vn -0.000000 -1.363130 0.284043
vt 0.327597946 0.293110996
vn -0.000000 -1.363130 0.284043
vt 0.310944974 0.271979004
vn -0.000000 -1.363130 0.284043
vt 0.327597708 0.266039997
v 3.234630 4.651097 -5.879816
vn -1.392370 0.000000 0.000000
vt 0.332784772 0.222728997
v 3.234630 3.866940 -10.326993
vn -1.392370 0.000000 0.000000
vt 0.353553712 0.222728997
v 3.234630 2.557996 -10.096189
vn -1.392370 0.000000 0.000000
vt 0.353548437 0.210470006
vn -1.392370 0.000000 0.000000
vt 0.332784772 0.222728997
vn -1.392370 0.000000 0.000000
vt 0.353548437 0.210470006
v 3.234630 3.342153 -5.649014
vn -1.392370 0.000000 0.000000
vt 0.332788467 0.210470006
vn -0.000000 -0.241715 -1.371206
vt 0.215322852 0.823752999
v 4.563767 3.866940 -10.326993
vn -0.000000 -0.241715 -1.371206
vt 0.215322852 0.833396018
v 4.563767 2.557996 -10.096189
vn -0.000000 -0.241715 -1.371206
vt 0.224963427 0.833396018
vn -0.000000 -0.241715 -1.371206
vt 0.215322852 0.823752999
vn -0.000000 -0.241715 -1.371206
vt 0.224963427 0.833396018
vn -0.000000 -0.241715 -1.371206
vt 0.224962503 0.823752999
vn 1.392370 0.000000 0.000000
vt 0.441758007 0.873302996
v 4.563767 4.651097 -5.879816
vn 1.392370 0.000000 0.000000
vt 0.420149952 0.873302996
v 4.563767 3.342153 -5.649014
vn 1.392370 0.000000 0.000000
vt 0.420148343 0.866069019
vn 1.392370 0.000000 0.000000
vt 0.441758007 0.873302996
vn 1.392370 0.000000 0.000000
vt 0.420148343 0.866069019
vn 1.392370 0.000000 0.000000
vt 0.441756397 0.866069019
v 4.563767 5.043960 -1.753971
vn -0.000000 0.589947 1.261209
vt 0.406894088 0.250000000
v 3.234630 5.043960 -1.753971
vn -0.000000 0.589947 1.261209
vt 0.406883746 0.500000000
v 3.234629 3.149356 -1.419901
vn -0.000000 -0.122946 1.386940
vt 0.593100429 0.500000000
vn -0.000000 0.589947 1.261209
vt 0.406894088 0.250000000
vn -0.000000 -0.122946 1.386940
vt 0.593100429 0.500000000
v 4.563767 3.149356 -1.419901
vn -0.000000 -0.122946 1.386940
vt 0.593106627 0.250000000
v -3.234631 4.651098 -5.879815
vn 1.392370 0.000000 0.000000
vt 0.332785010 0.222783998
v -3.234631 3.342154 -5.649013
vn 1.392370 0.000000 0.000000
vt 0.332788467 0.210525006
v -3.234631 2.557997 -10.096189
vn 1.392370 0.000000 0.000000
vt 0.353548437 0.210525006
vn 1.392370 0.000000 0.000000
vt 0.332785010 0.222783998
vn 1.392370 0.000000 0.000000
vt 0.353548437 0.210525006
v -3.234631 3.866941 -10.326992
vn 1.392370 0.000000 0.000000
vt 0.353553712 0.222783998
vn -0.000000 -0.241715 -1.371206
vt 0.234609962 0.823752999
vn -0.000000 -0.241715 -1.371206
vt 0.234606057 0.833396018
v -4.563767 2.557997 -10.096189
vn -0.000000 -0.241715 -1.371206
vt 0.224963427 0.833396018
vn -0.000000 -0.241715 -1.371206
vt 0.234609962 0.823752999
vn -0.000000 -0.241715 -1.371206
vt 0.224963427 0.833396018
v -4.563767 3.866941 -10.326992
vn -0.000000 -0.241715 -1.371206
vt 0.224966407 0.823752999
vn -1.392370 0.000000 0.000000
vt 0.441758007 0.873282015
vn -1.392370 0.000000 0.000000
vt 0.441756159 0.866048992
v -4.563767 3.342154 -5.649013
vn -1.392370 0.000000 0.000000
vt 0.420148343 0.866048992
vn -1.392370 0.000000 0.000000
vt 0.441758007 0.873282015
vn -1.392370 0.000000 0.000000
vt 0.420148343 0.866048992
v -4.563767 4.651098 -5.879815
vn -1.392370 0.000000 0.000000
vt 0.420149714 0.873282015
v -4.563767 5.043961 -1.753970
vn -0.000000 0.589947 1.261209
vt 0.406894088 0.250000000
v -4.563769 3.149359 -1.419901
vn -0.000000 -0.122946 1.386940
vt 0.593106627 0.250000000
v -3.234632 3.149359 -1.419901
vn -0.000000 -0.122946 1.386940
vt 0.593100429 0.500000000
vn -0.000000 0.589947 1.261209
vt 0.406894088 0.250000000
vn -0.000000 -0.122946 1.386940
vt 0.593100429 0.500000000
v -3.234631 5.043961 -1.753970
vn -0.000000 0.589947 1.261209
vt 0.406883746 0.500000000
v -2.985909 4.154177 -0.851409
vn -0.000000 0.241715 1.371206
vt 0.841943502 0.716975987
v -2.985908 5.093794 -1.639841
vn -0.000000 1.308410 0.476191
vt 0.841941416 0.728703976
v -4.749599 5.093794 -1.639841
vn -0.000000 1.308410 0.476191
vt 0.853679001 0.728703976
vn -0.000000 0.241715 1.371206
vt 0.841943502 0.716975987
vn -0.000000 1.308410 0.476191
vt 0.853679001 0.728703976
v -4.749599 4.154178 -0.851409
vn -0.000000 0.241715 1.371206
vt 0.853675783 0.716975987
vn -0.000000 1.308410 0.476191
vt 0.841939807 0.716975987
v -2.985908 4.880800 -2.847789
vn -0.000000 1.066555 -0.895015
vt 0.841939569 0.728703976
v -4.749599 4.880800 -2.847789
vn -0.000000 1.066555 -0.895015
vt 0.853682458 0.728703976
vn -0.000000 1.308410 0.476191
vt 0.841939807 0.716975987
vn -0.000000 1.066555 -0.895015
vt 0.853682458 0.728703976
vn -0.000000 1.308410 0.476191
vt 0.853682876 0.716975987
vn -0.000000 1.066555 -0.895015
vt 0.841941416 0.716975987
v -2.985909 3.728190 -3.267305
vn -0.000000 -0.241715 -1.371206
vt 0.841940761 0.728703976
v -4.749599 3.728190 -3.267305
vn -0.000000 -0.241715 -1.371206
vt 0.853674173 0.728703976
vn -0.000000 1.066555 -0.895015
vt 0.841941416 0.716975987
vn -0.000000 -0.241715 -1.371206
vt 0.853674173 0.728703976
vn -0.000000 1.066555 -0.895015
vt 0.853677630 0.716975987
vn -0.000000 -0.241715 -1.371206
vt 0.841940045 0.716975987
v -2.985909 2.788574 -2.478873
vn -0.000000 -1.308410 -0.476191
vt 0.841941893 0.728703976
v -4.749600 2.788574 -2.478873
vn -0.000000 -1.308410 -0.476191
vt 0.853663862 0.728703976
vn -0.000000 -0.241715 -1.371206
vt 0.841940045 0.716975987
vn -0.000000 -1.308410 -0.476191
vt 0.853663862 0.728703976
vn -0.000000 -0.241715 -1.371206
vt 0.853664339 0.716975987
vn -0.000000 -1.308410 -0.476191
vt 0.841938674 0.716975987
v -2.985909 3.001567 -1.270925
vn -0.000000 -1.066555 0.895015
vt 0.841938674 0.728703976
v -4.749600 3.001567 -1.270925
vn -0.000000 -1.066555 0.895015
vt 0.853657901 0.728703976
vn -0.000000 -1.308410 -0.476191
vt 0.841938674 0.716975987
vn -0.000000 -1.066555 0.895015
vt 0.853657901 0.728703976
vn -0.000000 -1.308410 -0.476191
vt 0.853657663 0.716975987
vn -0.000000 -1.066555 0.895015
vt 0.841942787 0.716975987
vn -0.000000 0.241715 1.371206
vt 0.841940999 0.728703976
vn -0.000000 0.241715 1.371206
vt 0.853666127 0.728703976
vn -0.000000 -1.066555 0.895015
vt 0.841942787 0.716975987
vn -0.000000 0.241715 1.371206
vt 0.853666127 0.728703976
vn -0.000000 -1.066555 0.895015
vt 0.853665948 0.716975987
v 2.229971 4.396092 -7.623075
vn -0.984545 -0.696185 0.696185
vt 0.150420919 0.862807989
v 2.229971 4.813065 -8.040047
vn -0.984545 0.696185 -0.696185
vt 0.159334570 0.862807989
v 2.229971 2.486650 -10.366462
vn -0.984545 0.696185 -0.696185
vt 0.159339622 0.871735990
vn -0.984545 -0.696185 0.696185
vt 0.150420919 0.862807989
vn -0.984545 0.696185 -0.696185
vt 0.159339622 0.871735990
v 2.229971 2.069678 -9.949490
vn -0.984545 -0.696185 0.696185
vt 0.150427341 0.871735990
vn -0.000000 -0.984545 -0.984545
vt 0.151770115 0.860294998
vn -0.000000 -0.984545 -0.984545
vt 0.165932566 0.860294998
v 2.819658 2.486650 -10.366462
vn -0.000000 -0.984545 -0.984545
vt 0.165932566 0.874451995
vn -0.000000 -0.984545 -0.984545
vt 0.151770115 0.860294998
vn -0.000000 -0.984545 -0.984545
vt 0.165932566 0.874451995
v 2.819658 2.069678 -9.949490
vn -0.000000 -0.984545 -0.984545
vt 0.151770115 0.874451995
vn 0.984545 -0.696185 0.696185
vt 0.150426656 0.862807989
vn 0.984545 0.696185 -0.696185
vt 0.159338936 0.862807989
v 2.819658 4.813065 -8.040047
vn 0.984545 0.696185 -0.696185
vt 0.159343973 0.871735990
vn 0.984545 -0.696185 0.696185
vt 0.150426656 0.862807989
vn 0.984545 0.696185 -0.696185
vt 0.159343973 0.871735990
v 2.819658 4.396092 -7.623075
vn 0.984545 -0.696185 0.696185
vt 0.150427803 0.871735990
vn -0.984545 -0.696185 0.696185
vt 0.150413111 0.862807989
vn 0.984545 -0.696185 0.696185
vt 0.159324467 0.862807989
vn 0.984545 -0.696185 0.696185
vt 0.159321949 0.871735990
vn -0.984545 -0.696185 0.696185
vt 0.150413111 0.862807989
vn 0.984545 -0.696185 0.696185
vt 0.159321949 0.871735990
vn -0.984545 -0.696185 0.696185
vt 0.150409669 0.871735990
vn 0.984545 0.696185 -0.696185
vt 0.150445461 0.862807989
vn -0.984545 0.696185 -0.696185
vt 0.159357280 0.862807989
vn -0.984545 0.696185 -0.696185
vt 0.159352005 0.871735990
vn 0.984545 0.696185 -0.696185
vt 0.150445461 0.862807989
vn -0.984545 0.696185 -0.696185
vt 0.159352005 0.871735990
vn 0.984545 0.696185 -0.696185
vt 0.150442481 0.871735990
v 2.095397 7.224453 -4.604397
vn -0.984545 -0.696185 0.696185
vt 0.871905565 0.531262994
v 2.095397 7.831741 -5.211686
vn -0.984545 0.696185 -0.696185
vt 0.871905565 0.511676013
v 2.095397 4.776215 -8.267212
vn -0.984545 0.696185 -0.696185
vt 0.703585982 0.511676013
vn -0.984545 -0.696185 0.696185
vt 0.871905565 0.531262994
vn -0.984545 0.696185 -0.696185
vt 0.703585982 0.511676013
v 2.095397 4.168926 -7.659924
vn -0.984545 -0.696185 0.696185
vt 0.703583241 0.531262994
vn -0.000000 -0.984545 -0.984545
vt 0.375028670 0.250000000
vn -0.000000 -0.984545 -0.984545
vt 0.625037611 0.250000000
v 2.954232 4.776215 -8.267212
vn -0.000000 -0.984545 -0.984545
vt 0.625036955 0.500000000
vn -0.000000 -0.984545 -0.984545
vt 0.375028670 0.250000000
vn -0.000000 -0.984545 -0.984545
vt 0.625036955 0.500000000
v 2.954232 4.168926 -7.659924
vn -0.000000 -0.984545 -0.984545
vt 0.375023186 0.500000000
vn 0.984545 -0.696185 0.696185
vt 0.871917963 0.531262994
vn 0.984545 0.696185 -0.696185
vt 0.871930122 0.511676013
v 2.954232 7.831741 -5.211686
vn 0.984545 0.696185 -0.696185
vt 0.703576088 0.511676013
vn 0.984545 -0.696185 0.696185
vt 0.871917963 0.531262994
vn 0.984545 0.696185 -0.696185
vt 0.703576088 0.511676013
v 2.954232 7.224453 -4.604397
vn 0.984545 -0.696185 0.696185
vt 0.703570604 0.531262994
vn -0.984545 -0.696185 0.696185
vt 0.871906459 0.531262994
vn 0.984545 -0.696185 0.696185
vt 0.871906042 0.511676013
vn 0.984545 -0.696185 0.696185
vt 0.703570604 0.511676013
vn -0.984545 -0.696185 0.696185
vt 0.871906459 0.531262994
vn 0.984545 -0.696185 0.696185
vt 0.703570604 0.511676013
vn -0.984545 -0.696185 0.696185
vt 0.703570604 0.531262994
vn 0.984545 0.696185 -0.696185
vt 0.871940672 0.531262994
vn -0.984545 0.696185 -0.696185
vt 0.871939540 0.511676013
vn -0.984545 0.696185 -0.696185
vt 0.703570604 0.511676013
vn 0.984545 0.696185 -0.696185
vt 0.871940672 0.531262994
vn -0.984545 0.696185 -0.696185
vt 0.703570604 0.511676013
vn 0.984545 0.696185 -0.696185
vt 0.703573585 0.531262994
v -2.095397 7.224453 -4.604397
vn 0.984545 -0.696185 0.696185
vt 0.871905804 0.531262994
v -2.095397 4.168926 -7.659924
vn 0.984545 -0.696185 0.696185
vt 0.703583241 0.531262994
v -2.095397 4.776215 -8.267212
vn 0.984545 0.696185 -0.696185
vt 0.703585744 0.511676013
vn 0.984545 -0.696185 0.696185
vt 0.871905804 0.531262994
vn 0.984545 0.696185 -0.696185
vt 0.703585744 0.511676013
v -2.095397 7.831741 -5.211685
vn 0.984545 0.696185 -0.696185
vt 0.871905565 0.511676013
vn -0.000000 -0.984545 -0.984545
vt 0.375028461 0.250000000
v -2.954232 4.168926 -7.659924
vn -0.000000 -0.984545 -0.984545
vt 0.375023186 0.500000000
v -2.954232 4.776215 -8.267212
vn -0.000000 -0.984545 -0.984545
vt 0.625036955 0.500000000
vn -0.000000 -0.984545 -0.984545
vt 0.375028461 0.250000000
vn -0.000000 -0.984545 -0.984545
vt 0.625036955 0.500000000
vn -0.000000 -0.984545 -0.984545
vt 0.625037611 0.250000000
vn -0.984545 -0.696185 0.696185
vt 0.871917725 0.531262994
v -2.954232 7.224453 -4.604397
vn -0.984545 -0.696185 0.696185
vt 0.703570604 0.531262994
v -2.954232 7.831741 -5.211685
vn -0.984545 0.696185 -0.696185
vt 0.703576088 0.511676013
vn -0.984545 -0.696185 0.696185
vt 0.871917725 0.531262994
vn -0.984545 0.696185 -0.696185
vt 0.703576088 0.511676013
vn -0.984545 0.696185 -0.696185
vt 0.871929884 0.511676013
vn 0.984545 -0.696185 0.696185
vt 0.871906459 0.531262994
vn 0.984545 -0.696185 0.696185
vt 0.703570604 0.531262994
vn -0.984545 -0.696185 0.696185
vt 0.703570604 0.511676013
vn 0.984545 -0.696185 0.696185
vt 0.871906459 0.531262994
vn -0.984545 -0.696185 0.696185
vt 0.703570604 0.511676013
vn -0.984545 -0.696185 0.696185
vt 0.871906042 0.511676013
vn -0.984545 0.696185 -0.696185
vt 0.871940434 0.531262994
vn -0.984545 0.696185 -0.696185
vt 0.703573585 0.531262994
vn 0.984545 0.696185 -0.696185
vt 0.703570604 0.511676013
vn -0.984545 0.696185 -0.696185
vt 0.871940434 0.531262994
vn 0.984545 0.696185 -0.696185
vt 0.703570604 0.511676013
vn 0.984545 0.696185 -0.696185
vt 0.871939540 0.511676013
v -2.229971 4.396093 -7.623075
vn 0.984545 -0.696185 0.696185
vt 0.150420919 0.862807989
v -2.229971 2.069678 -9.949490
vn 0.984545 -0.696185 0.696185
vt 0.150427341 0.871735990
v -2.229971 2.486650 -10.366462
vn 0.984545 0.696185 -0.696185
vt 0.159339622 0.871735990
vn 0.984545 -0.696185 0.696185
vt 0.150420919 0.862807989
vn 0.984545 0.696185 -0.696185
vt 0.159339622 0.871735990
v -2.229971 4.813065 -8.040048
vn 0.984545 0.696185 -0.696185
vt 0.159334570 0.862807989
vn -0.000000 -0.984545 -0.984545
vt 0.151770115 0.860294998
v -2.819659 2.069678 -9.949490
vn -0.000000 -0.984545 -0.984545
vt 0.151770115 0.874451995
v -2.819659 2.486650 -10.366462
vn -0.000000 -0.984545 -0.984545
vt 0.165932566 0.874451995
vn -0.000000 -0.984545 -0.984545
vt 0.151770115 0.860294998
vn -0.000000 -0.984545 -0.984545
vt 0.165932566 0.874451995
vn -0.000000 -0.984545 -0.984545
vt 0.165932566 0.860294998
vn -0.984545 -0.696185 0.696185
vt 0.150426418 0.862807989
v -2.819659 4.396093 -7.623075
vn -0.984545 -0.696185 0.696185
vt 0.150427565 0.871735990
v -2.819659 4.813065 -8.040048
vn -0.984545 0.696185 -0.696185
vt 0.159343749 0.871735990
vn -0.984545 -0.696185 0.696185
vt 0.150426418 0.862807989
vn -0.984545 0.696185 -0.696185
vt 0.159343749 0.871735990
vn -0.984545 0.696185 -0.696185
vt 0.159338698 0.862807989
vn 0.984545 -0.696185 0.696185
vt 0.150413111 0.862807989
vn 0.984545 -0.696185 0.696185
vt 0.150409669 0.871735990
vn -0.984545 -0.696185 0.696185
vt 0.159321949 0.871735990
vn 0.984545 -0.696185 0.696185
vt 0.150413111 0.862807989
vn -0.984545 -0.696185 0.696185
vt 0.159321949 0.871735990
vn -0.984545 -0.696185 0.696185
vt 0.159324467 0.862807989
vn -0.984545 0.696185 -0.696185
vt 0.150445238 0.862807989
vn -0.984545 0.696185 -0.696185
vt 0.150442258 0.871735990
vn 0.984545 0.696185 -0.696185
vt 0.159352005 0.871735990
vn -0.984545 0.696185 -0.696185
vt 0.150445238 0.862807989
vn 0.984545 0.696185 -0.696185
vt 0.159352005 0.871735990
vn 0.984545 0.696185 -0.696185
vt 0.159357280 0.862807989
v 4.563767 2.664116 1.567118
vn -0.000000 -0.361877 -1.344472
vt 0.406889021 0.250000000
v 3.234631 2.664116 1.567118
vn -0.909218 -0.274158 -1.018240
vt 0.406884670 0.500000000
v 3.234631 4.587947 1.567118
vn -0.909218 0.274158 -1.018240
vt 0.593102455 0.500000000
vn -0.000000 -0.361877 -1.344472
vt 0.406889021 0.250000000
vn -0.909218 0.274158 -1.018240
vt 0.593102455 0.500000000
v 4.563767 4.587947 1.567118
vn 0.000000 0.361877 -1.344472
vt 0.593110025 0.250000000
v 3.234631 2.334565 1.758404
vn -0.000000 -1.206628 -0.694793
vt 0.849146128 0.727131009
vn -0.909218 -0.274158 -1.018240
vt 0.851708651 0.727131009
vn -0.000000 -0.361877 -1.344472
vt 0.851711214 0.718155980
vn -0.000000 -1.206628 -0.694793
vt 0.849146128 0.727131009
vn -0.000000 -0.361877 -1.344472
vt 0.851711214 0.718155980
v 4.563767 2.334565 1.758404
vn -0.000000 -1.206628 -0.694793
vt 0.849148154 0.718155980
v 4.563767 4.917497 1.758404
vn 0.000000 1.206628 -0.694793
vt 0.849157572 0.727132976
vn 0.000000 0.361877 -1.344472
vt 0.849157095 0.729705989
vn -0.909218 0.274158 -1.018240
vt 0.858117819 0.729705989
vn 0.000000 1.206628 -0.694793
vt 0.849157572 0.727132976
vn -0.909218 0.274158 -1.018240
vt 0.858117819 0.729705989
v 3.234631 4.917497 1.758404
vn -0.849624 0.956001 -0.550404
vt 0.858117342 0.727132976
v 3.607093 2.334565 7.755821
vn 1.388611 0.000000 0.102200
vt 0.391213775 0.874594986
v 3.758477 2.334565 5.698501
vn 1.370788 0.000000 0.243804
vt 0.398844540 0.874594986
v 3.758477 3.663702 5.698501
vn 1.367864 0.000000 0.259955
vt 0.398846149 0.864669025
vn 1.388611 0.000000 0.102200
vt 0.391213775 0.874594986
vn 1.367864 0.000000 0.259955
vt 0.398846149 0.864669025
v 3.607093 3.663702 7.755821
vn 1.388611 0.000000 0.102200
vt 0.391215861 0.864669025
v 2.429340 3.663702 5.698501
vn -0.000000 1.365776 0.270816
vt 0.337791741 0.363604993
v 2.580724 3.663702 7.755821
vn -0.000000 1.392370 0.000000
vt 0.351289213 0.363593996
vn -0.000000 1.392370 0.000000
vt 0.351302981 0.351646990
vn -0.000000 1.365776 0.270816
vt 0.337791741 0.363604993
vn -0.000000 1.392370 0.000000
vt 0.351302981 0.351646990
vn -0.000000 1.355472 0.318157
vt 0.337810546 0.351635993
v 2.985910 3.632371 0.832777
vn 0.000000 0.000000 -1.392370
vt 0.848169088 0.706342995
v 2.985909 4.694624 1.446067
vn 0.000000 1.205792 -0.696185
vt 0.848168373 0.712908030
v 4.749600 4.694624 1.446067
vn 0.000000 1.205792 -0.696185
vt 0.854713380 0.712908030
vn 0.000000 0.000000 -1.392370
vt 0.848169088 0.706342995
vn 0.000000 1.205792 -0.696185
vt 0.854713380 0.712908030
v 4.749600 3.632373 0.832777
vn 0.000000 0.000000 -1.392370
vt 0.854711115 0.706342995
vn 0.000000 1.205792 -0.696185
vt 0.848167002 0.706342995
v 2.985909 4.694624 2.672649
vn -0.000000 1.205792 0.696185
vt 0.848163128 0.712908030
v 4.749600 4.694624 2.672649
vn -0.000000 1.205792 0.696185
vt 0.854721427 0.712908030
vn 0.000000 1.205792 -0.696185
vt 0.848167002 0.706342995
vn -0.000000 1.205792 0.696185
vt 0.854721427 0.712908030
vn 0.000000 1.205792 -0.696185
vt 0.854718864 0.706342995
vn -0.000000 1.205792 0.696185
vt 0.848163605 0.706342995
v 2.985910 3.632371 3.285940
vn -0.000000 0.000000 1.392370
vt 0.848164260 0.712908030
v 4.749600 3.632373 3.285940
vn -0.000000 0.000000 1.392370
vt 0.854717255 0.712908030
vn -0.000000 1.205792 0.696185
vt 0.848163605 0.706342995
vn -0.000000 0.000000 1.392370
vt 0.854717255 0.712908030
vn -0.000000 1.205792 0.696185
vt 0.854718864 0.706342995
vn -0.000000 0.000000 1.392370
vt 0.848164260 0.706342995
v 2.985910 2.570120 2.672649
vn -0.000000 -1.205792 0.696185
vt 0.848166347 0.712908030
v 4.749600 2.570120 2.672649
vn -0.000000 -1.205792 0.696185
vt 0.854703963 0.712908030
vn -0.000000 0.000000 1.392370
vt 0.848164260 0.706342995
vn -0.000000 -1.205792 0.696185
vt 0.854703963 0.712908030
vn -0.000000 0.000000 1.392370
vt 0.854705572 0.706342995
vn -0.000000 -1.205792 0.696185
vt 0.848164022 0.706342995
v 2.985910 2.570120 1.446067
vn -0.000000 -1.205792 -0.696185
vt 0.848164499 0.712908030
v 4.749600 2.570120 1.446067
vn -0.000000 -1.205792 -0.696185
vt 0.854695261 0.712908030
vn -0.000000 -1.205792 0.696185
vt 0.848164022 0.706342995
vn -0.000000 -1.205792 -0.696185
vt 0.854695261 0.712908030
vn -0.000000 -1.205792 0.696185
vt 0.854695261 0.706342995
vn -0.000000 -1.205792 -0.696185
vt 0.848169744 0.706342995
vn 0.000000 0.000000 -1.392370
vt 0.848165631 0.712908030
vn 0.000000 0.000000 -1.392370
vt 0.854701459 0.712908030
vn -0.000000 -1.205792 -0.696185
vt 0.848169744 0.706342995
vn 0.000000 0.000000 -1.392370
vt 0.854701459 0.712908030
vn -0.000000 -1.205792 -0.696185
vt 0.854703069 0.706342995
v -4.563767 2.664116 1.567117
vn -0.000000 -0.361877 -1.344472
vt 0.406889260 0.250000000
v -4.563767 4.587947 1.567117
vn 0.000000 0.361877 -1.344472
vt 0.593110025 0.250000000
v -3.234631 4.587947 1.567117
vn 0.909218 0.274158 -1.018240
vt 0.593102276 0.500000000
vn -0.000000 -0.361877 -1.344472
vt 0.406889260 0.250000000
vn 0.909218 0.274158 -1.018240
vt 0.593102276 0.500000000
v -3.234631 2.664116 1.567117
vn 0.909218 -0.274158 -1.018240
vt 0.406884670 0.500000000
v -3.234631 2.334565 1.758403
vn 0.849624 -0.956001 -0.550404
vt 0.854334116 0.722368002
v -4.563767 2.334565 1.758403
vn -0.000000 -1.206628 -0.694793
vt 0.843044639 0.722368002
vn -0.000000 -0.361877 -1.344472
vt 0.843044400 0.719134986
vn 0.849624 -0.956001 -0.550404
vt 0.854334116 0.722368002
vn -0.000000 -0.361877 -1.344472
vt 0.843044400 0.719134986
vn 0.909218 -0.274158 -1.018240
vt 0.854332924 0.719134986
v -4.563767 4.917498 1.758403
vn 0.000000 1.206628 -0.694793
vt 0.843053818 0.733649015
v -3.234631 4.917498 1.758403
vn 0.000000 1.206628 -0.694793
vt 0.843041658 0.722370982
vn 0.909218 0.274158 -1.018240
vt 0.846276999 0.722370982
vn 0.000000 1.206628 -0.694793
vt 0.843053818 0.733649015
vn 0.909218 0.274158 -1.018240
vt 0.846276999 0.722370982
vn 0.000000 0.361877 -1.344472
vt 0.846288264 0.733649015
v -3.607093 2.334565 7.755821
vn -1.388611 0.000000 0.102200
vt 0.391213775 0.874559999
v -3.607093 3.663702 7.755821
vn -1.388611 0.000000 0.102200
vt 0.391215622 0.864633977
v -3.758476 3.663702 5.698501
vn -1.367864 0.000000 0.259955
vt 0.398845941 0.864633977
vn -1.388611 0.000000 0.102200
vt 0.391213775 0.874559999
vn -1.367864 0.000000 0.259955
vt 0.398845941 0.864633977
v -3.758476 2.334565 5.698501
vn -1.370788 0.000000 0.243804
vt 0.398844540 0.874559999
v -2.429340 3.663702 5.698501
vn -0.000000 1.365776 0.270816
vt 0.337791741 0.363557994
vn -0.000000 1.355472 0.318157
vt 0.337810308 0.351359010
vn -0.000000 1.392370 0.000000
vt 0.351302743 0.351411998
vn -0.000000 1.365776 0.270816
vt 0.337791741 0.363557994
vn -0.000000 1.392370 0.000000
vt 0.351302743 0.351411998
v -2.580723 3.663702 7.755821
vn -0.000000 1.392370 0.000000
vt 0.351289213 0.363505006
v -6.421047 2.975262 8.776431
vn 0.000000 0.000000 -1.392370
vt 0.772183299 0.095803998
v -3.175129 2.975262 8.776431
vn 0.000000 0.000000 -1.392370
vt 0.787006557 0.095803998
v -3.175129 2.508260 9.046055
vn -0.000000 -1.205792 -0.696185
vt 0.787006795 0.110593997
vn 0.000000 0.000000 -1.392370
vt 0.772183299 0.095803998
vn -0.000000 -1.205792 -0.696185
vt 0.787006795 0.110593997
v -6.421047 2.508260 9.046055
vn -0.000000 -1.205792 -0.696185
vt 0.772183299 0.110593997
vn -0.000000 -1.205792 -0.696185
vt 0.772180080 0.095803998
vn -0.000000 -1.205792 -0.696185
vt 0.787008405 0.095803998
v -3.175129 2.508262 9.585300
vn -0.000000 -1.205792 0.696185
vt 0.787011862 0.110593997
vn -0.000000 -1.205792 -0.696185
vt 0.772180080 0.095803998
vn -0.000000 -1.205792 0.696185
vt 0.787011862 0.110593997
v -6.421047 2.508260 9.585300
vn -0.000000 -1.205792 0.696185
vt 0.772181213 0.110593997
vn -0.000000 -1.205792 0.696185
vt 0.772198200 0.095803998
vn -0.000000 -1.205792 0.696185
vt 0.787018955 0.095803998
v -3.175129 2.975262 9.854922
vn -0.000000 0.000000 1.392370
vt 0.787022889 0.110593997
vn -0.000000 -1.205792 0.696185
vt 0.772198200 0.095803998
vn -0.000000 0.000000 1.392370
vt 0.787022889 0.110593997
v -6.421047 2.975262 9.854922
vn -0.000000 0.000000 1.392370
vt 0.772200048 0.110593997
vn -0.000000 0.000000 1.392370
vt 0.772214055 0.095803998
vn -0.000000 0.000000 1.392370
vt 0.787024677 0.095803998
v -3.175129 3.442262 9.585300
vn -0.000000 1.205792 0.696185
vt 0.787032485 0.110593997
vn -0.000000 0.000000 1.392370
vt 0.772214055 0.095803998
vn -0.000000 1.205792 0.696185
vt 0.787032485 0.110593997
v -6.421047 3.442262 9.585300
vn -0.000000 1.205792 0.696185
vt 0.772214293 0.110593997
vn -0.000000 1.205792 0.696185
vt 0.772211313 0.095803998
vn -0.000000 1.205792 0.696185
vt 0.787035048 0.095803998
v -3.175129 3.442262 9.046055
vn 0.000000 1.205792 -0.696185
vt 0.787029982 0.110593997
vn -0.000000 1.205792 0.696185
vt 0.772211313 0.095803998
vn 0.000000 1.205792 -0.696185
vt 0.787029982 0.110593997
v -6.421047 3.442262 9.046055
vn 0.000000 1.205792 -0.696185
vt 0.772210836 0.110593997
vn 0.000000 1.205792 -0.696185
vt 0.772198677 0.095803998
vn 0.000000 1.205792 -0.696185
vt 0.787018955 0.095803998
vn 0.000000 0.000000 -1.392370
vt 0.787007749 0.110593997
vn 0.000000 1.205792 -0.696185
vt 0.772198677 0.095803998
vn 0.000000 0.000000 -1.392370
vt 0.787007749 0.110593997
vn 0.000000 0.000000 -1.392370
vt 0.772197962 0.110593997
v 6.421047 2.975262 8.776431
vn 0.000000 0.000000 -1.392370
vt 0.772671580 0.106656000
v 6.421047 2.508260 9.046055
vn -0.000000 -1.205792 -0.696185
vt 0.772671819 0.118234001
v 3.175130 2.508260 9.046055
vn -0.000000 -1.205792 -0.696185
vt 0.784260213 0.118234001
vn 0.000000 0.000000 -1.392370
vt 0.772671580 0.106656000
vn -0.000000 -1.205792 -0.696185
vt 0.784260213 0.118234001
v 3.175130 2.975262 8.776431
vn 0.000000 0.000000 -1.392370
vt 0.784259975 0.106656000
vn -0.000000 -1.205792 -0.696185
vt 0.772668362 0.106656000
v 6.421047 2.508260 9.585300
vn -0.000000 -1.205792 0.696185
vt 0.772669494 0.118234001
v 3.175130 2.508262 9.585300
vn -0.000000 -1.205792 0.696185
vt 0.784265280 0.118234001
vn -0.000000 -1.205792 -0.696185
vt 0.772668362 0.106656000
vn -0.000000 -1.205792 0.696185
vt 0.784265280 0.118234001
vn -0.000000 -1.205792 -0.696185
vt 0.784261823 0.106656000
vn -0.000000 -1.205792 0.696185
vt 0.772686481 0.106656000
v 6.421047 2.975262 9.854922
vn -0.000000 0.000000 1.392370
vt 0.772688329 0.118234001
v 3.175130 2.975262 9.854922
vn -0.000000 0.000000 1.392370
vt 0.784276068 0.118234001
vn -0.000000 -1.205792 0.696185
vt 0.772686481 0.106656000
vn -0.000000 0.000000 1.392370
vt 0.784276068 0.118234001
vn -0.000000 -1.205792 0.696185
vt 0.784272373 0.106656000
vn -0.000000 0.000000 1.392370
vt 0.772702575 0.106656000
v 6.421047 3.442262 9.585300
vn -0.000000 1.205792 0.696185
vt 0.772702575 0.118234001
v 3.175130 3.442262 9.585300
vn -0.000000 1.205792 0.696185
vt 0.784285903 0.118234001
vn -0.000000 0.000000 1.392370
vt 0.772702575 0.106656000
vn -0.000000 1.205792 0.696185
vt 0.784285903 0.118234001
vn -0.000000 0.000000 1.392370
vt 0.784278095 0.106656000
vn -0.000000 1.205792 0.696185
vt 0.772699594 0.106656000
v 6.421047 3.442262 9.046055
vn 0.000000 1.205792 -0.696185
vt 0.772699118 0.118234001
v 3.175130 3.442262 9.046055
vn 0.000000 1.205792 -0.696185
vt 0.784283638 0.118234001
vn -0.000000 1.205792 0.696185
vt 0.772699594 0.106656000
vn 0.000000 1.205792 -0.696185
vt 0.784283638 0.118234001
vn -0.000000 1.205792 0.696185
vt 0.784288466 0.106656000
vn 0.000000 1.205792 -0.696185
vt 0.772686720 0.106656000
vn 0.000000 0.000000 -1.392370
vt 0.772686243 0.118234001
vn 0.000000 0.000000 -1.392370
vt 0.784261167 0.118234001
vn 0.000000 1.205792 -0.696185
vt 0.772686720 0.106656000
vn 0.000000 0.000000 -1.392370
vt 0.784261167 0.118234001
vn 0.000000 1.205792 -0.696185
vt 0.784272373 0.106656000
vn -0.806043 1.082707 -0.341827
vt 0.530087352 0.299607992
vn -0.645085 1.231690 0.074770
vt 0.530087829 0.293089986
vn 0.645085 1.231690 0.074770
vt 0.540646911 0.293089986
vn -0.806043 1.082707 -0.341827
vt 0.530087352 0.299607992
vn 0.645085 1.231690 0.074770
vt 0.540646911 0.293089986
vn 0.806043 1.082707 -0.341827
vt 0.540646434 0.299607992
v -1.182582 7.125930 8.458395
vn -0.817739 0.595934 0.956419
vt 0.716112614 0.107049003
v -1.182582 8.159958 7.493036
vn -0.737260 0.896269 0.769145
vt 0.719290376 0.107049003
v -1.702873 8.201089 5.697069
vn -1.350738 0.260234 0.215817
vt 0.716113091 0.108280003
vn -0.737260 0.896269 0.769145
vt 0.719290376 0.107049003
v -1.182582 8.931745 6.274834
vn -0.681983 1.082011 0.550265
vt 0.719291747 0.108280003
vn -1.350738 0.260234 0.215817
vt 0.716113091 0.108280003
vn -0.817739 0.595934 0.956419
vt 0.776227474 0.106661998
vn -1.350738 0.260234 0.215817
vt 0.776224911 0.107892998
v -1.702873 7.975449 5.518641
vn -0.995544 -0.932192 -0.280284
vt 0.775668740 0.107892998
vn -0.817739 0.595934 0.956419
vt 0.776227474 0.106661998
vn -0.995544 -0.932192 -0.280284
vt 0.775668740 0.107892998
v -1.182582 6.850530 8.574598
vn -0.703982 -0.818435 0.879421
vt 0.775673985 0.106661998
v 1.182582 6.850530 8.574598
vn 0.703982 -0.818435 0.879421
vt 0.783010364 0.111858003
v 1.182582 7.125930 8.458395
vn 0.817739 0.595934 0.956419
vt 0.783564031 0.111858003
vn -0.817739 0.595934 0.956419
vt 0.783564031 0.115526997
vn 0.703982 -0.818435 0.879421
vt 0.783010364 0.111858003
vn -0.817739 0.595934 0.956419
vt 0.783564031 0.115526997
vn -0.703982 -0.818435 0.879421
vt 0.783010364 0.115526997
v 1.702873 7.975449 5.518641
vn 0.995544 -0.932192 -0.280284
vt 0.775668740 0.116439998
v 1.702873 8.201089 5.697069
vn 1.350738 0.260234 0.215817
vt 0.776225150 0.116439998
vn 0.817739 0.595934 0.956419
vt 0.776227474 0.117670998
vn 0.995544 -0.932192 -0.280284
vt 0.775668740 0.116439998
vn 0.817739 0.595934 0.956419
vt 0.776227474 0.117670998
vn 0.703982 -0.818435 0.879421
vt 0.775673985 0.117670998
v -1.180736 9.207428 2.354073
vn -0.695906 -0.095795 -1.202172
vt 0.783003986 0.104517996
vn -0.806043 1.082707 -0.341827
vt 0.783560872 0.104517996
vn 0.806043 1.082707 -0.341827
vt 0.783560872 0.108188003
vn -0.695906 -0.095795 -1.202172
vt 0.783003986 0.104517996
vn 0.806043 1.082707 -0.341827
vt 0.783560872 0.108188003
v 1.180736 9.207428 2.354073
vn 0.695906 -0.095795 -1.202172
vt 0.783004165 0.108188003
v -1.182582 9.044507 5.985229
vn -0.657756 1.181426 0.332080
vt 0.719293118 0.109503999
vn -0.645085 1.231690 0.074770
vt 0.719291985 0.110719003
vn -1.236146 -0.508494 -0.390003
vt 0.716115832 0.109839998
vn -0.657756 1.181426 0.332080
vt 0.719293118 0.109503999
vn -1.236146 -0.508494 -0.390003
vt 0.716115832 0.109839998
v -1.701026 8.313573 5.407693
vn -1.342384 0.362295 0.072821
vt 0.716114938 0.109503999
vn -0.000000 1.392370 0.000000
vt 0.891558886 0.711308002
vn -0.000000 1.392370 0.000000
vt 0.798480272 0.747649014
vn -0.000000 1.392370 0.000000
vt 0.798480272 0.711308002
vn -0.000000 1.392370 0.000000
vt 0.891558886 0.711308002
vn -0.000000 1.392370 0.000000
vt 0.891558886 0.747649014
vn -0.000000 1.392370 0.000000
vt 0.798480272 0.747649014
vn -0.000000 1.392370 0.000000
vt 0.891558886 0.711308002
vn -0.000000 1.392370 0.000000
vt 0.907977819 0.714771986
vn -0.000000 1.392370 0.000000
vt 0.891558886 0.747649014
vn -0.000000 1.392370 0.000000
vt 0.891558886 0.747649014
vn -0.000000 1.392370 0.000000
vt 0.907977819 0.714771986
vn -0.000000 1.392370 0.000000
vt 0.907977819 0.744184971
vn 1.392370 0.000000 0.000000
vt 0.848469436 0.676846981
vn 1.392370 0.000000 0.000000
vt 0.848472893 0.730693996
vn 1.392370 0.000000 0.000000
vt 0.870624542 0.730693996
vn 1.392370 0.000000 0.000000
vt 0.848469436 0.676846981
vn 1.392370 0.000000 0.000000
vt 0.870624542 0.730693996
vn 1.392370 0.000000 0.000000
vt 0.870623827 0.676705003
vn 1.392370 0.000000 0.000000
vt 0.848469436 0.676846981
vn 1.392370 0.000000 0.000000
vt 0.870623827 0.676705003
vn 1.392370 0.000000 0.000000
vt 0.857508600 0.666796982
vn -1.392370 0.000000 0.000000
vt 0.848591506 0.676846981
vn -1.392370 0.000000 0.000000
vt 0.857630670 0.666796982
vn -1.392370 0.000000 0.000000
vt 0.870745897 0.676705003
vn -1.392370 0.000000 0.000000
vt 0.848591506 0.676846981
vn -1.392370 0.000000 0.000000
vt 0.870745897 0.676705003
vn -1.392370 0.000000 0.000000
vt 0.870746613 0.730693996
vn -1.392370 0.000000 0.000000
vt 0.848591506 0.676846981
vn -1.392370 0.000000 0.000000
vt 0.870746613 0.730693996
vn -1.392370 0.000000 0.000000
vt 0.848594487 0.730693996
v -0.497774 9.232167 -6.977269
vn -0.984545 0.000000 0.984545
vt 0.226519823 0.834631979
v -0.497774 12.276611 -6.977269
vn -0.984545 0.000000 0.984545
vt 0.229632616 0.834631979
v -0.497774 12.276611 -7.972818
vn -0.984545 0.000000 -0.984545
vt 0.229632616 0.837724984
vn -0.984545 0.000000 0.984545
vt 0.226519823 0.834631979
vn -0.984545 0.000000 -0.984545
vt 0.229632616 0.837724984
v -0.497774 9.232167 -7.972818
vn -0.984545 0.000000 -0.984545
vt 0.226519823 0.837724984
vn -0.984545 0.000000 -0.984545
vt 0.229632616 0.837724984
v 0.497774 12.276611 -7.972818
vn 0.984545 0.000000 -0.984545
vt 0.229632616 0.840817988
vn -0.984545 0.000000 -0.984545
vt 0.226519823 0.837724984
vn -0.984545 0.000000 -0.984545
vt 0.226519823 0.837724984
vn 0.984545 0.000000 -0.984545
vt 0.229632616 0.840817988
v 0.497774 9.232167 -7.972818
vn 0.984545 0.000000 -0.984545
vt 0.226519823 0.840817988
vn 0.984545 0.000000 -0.984545
vt 0.229632616 0.840817988
v 0.497774 12.276611 -6.977269
vn 0.984545 0.000000 0.984545
vt 0.229632616 0.843912005
vn 0.984545 0.000000 -0.984545
vt 0.226519823 0.840817988
vn 0.984545 0.000000 -0.984545
vt 0.226519823 0.840817988
vn 0.984545 0.000000 0.984545
vt 0.229632616 0.843912005
v 0.497774 9.232167 -6.977269
vn 0.984545 0.000000 0.984545
vt 0.226519823 0.843912005
vn 0.984545 0.000000 0.984545
vt 0.229632616 0.843912005
vn -0.984545 0.000000 0.984545
vt 0.229632616 0.847005010
vn 0.984545 0.000000 0.984545
vt 0.226519823 0.843912005
vn 0.984545 0.000000 0.984545
vt 0.226519823 0.843912005
vn -0.984545 0.000000 0.984545
vt 0.229632616 0.847005010
vn -0.984545 0.000000 0.984545
vt 0.226519823 0.847005010
vn 0.000000 1.390142 -0.078530
vt 0.304802239 0.751349986
vn -0.000000 1.392370 0.000000
vt 0.294369340 0.766529024
vn -0.000000 1.392370 0.000000
vt 0.294369340 0.751349986
vn 0.000000 1.390142 -0.078530
vt 0.304802239 0.751349986
vn 0.000000 1.390142 -0.078530
vt 0.304802001 0.766529024
vn -0.000000 1.392370 0.000000
vt 0.294369340 0.766529024
vn 0.000000 1.390142 -0.078530
vt 0.304802239 0.751349986
vn 0.000000 1.383041 -0.161097
vt 0.319081485 0.751263976
vn 0.000000 1.390142 -0.078530
vt 0.304802001 0.766529024
vn 0.000000 1.390142 -0.078530
vt 0.304802001 0.766529024
vn 0.000000 1.383041 -0.161097
vt 0.319081485 0.751263976
vn 0.000000 1.383041 -0.161097
vt 0.319081485 0.766614974
vn -1.373851 0.226539 0.000000
vt 0.260272264 0.279641986
vn -1.373851 0.226539 0.000000
vt 0.260300040 0.299214989
vn -1.373851 0.226539 0.000000
vt 0.277881145 0.299214989
vn -1.373851 0.226539 0.000000
vt 0.260272264 0.279641986
vn -1.373851 0.226539 0.000000
vt 0.277881145 0.299214989
vn -1.373851 0.226539 0.000000
vt 0.277880907 0.283329010
vn -1.373851 0.226539 0.000000
vt 0.260272264 0.279641986
vn -1.373851 0.226539 0.000000
vt 0.277880907 0.283329010
vn -1.373851 0.226539 0.000000
vt 0.276596427 0.279641986
vn 1.373851 0.226539 -0.000000
vt 0.276596427 0.279641986
vn 1.373851 0.226539 -0.000000
vt 0.277819872 0.283329010
vn 1.373851 0.226539 -0.000000
vt 0.277820110 0.299214989
vn 1.373851 0.226539 -0.000000
vt 0.276596427 0.279641986
vn 1.373851 0.226539 -0.000000
vt 0.277820110 0.299214989
vn 1.373851 0.226539 -0.000000
vt 0.260239005 0.299214989
vn 1.373851 0.226539 -0.000000
vt 0.276596427 0.279641986
vn 1.373851 0.226539 -0.000000
vt 0.260239005 0.299214989
vn 1.373851 0.226539 -0.000000
vt 0.260211229 0.279641986
vn 1.392370 0.000000 0.000000
vt 0.348128468 0.346545011
v 4.563767 2.596205 -2.659170
vn 1.392370 0.000000 0.000000
vt 0.345436275 0.341767013
vn 1.392370 0.000000 0.000000
vt 0.346723050 0.346545011
vn 1.392370 0.000000 0.000000
vt 0.348128468 0.346545011
v 4.563767 5.139897 -3.107693
vn 1.392370 0.000000 0.000000
vt 0.348127782 0.341767013
vn 1.392370 0.000000 0.000000
vt 0.345436275 0.341767013
vn 1.392370 0.000000 0.000000
vt 0.348127782 0.341767013
v 4.563767 2.791596 -1.551054
vn 1.392370 0.000000 0.000000
vt 0.345432132 0.342945009
vn 1.392370 0.000000 0.000000
vt 0.345436275 0.341767013
vn 1.392370 0.000000 0.000000
vt 0.348127782 0.341767013
vn 1.392370 0.000000 0.000000
vt 0.345731109 0.343145013
vn 1.392370 0.000000 0.000000
vt 0.345432132 0.342945009
vn 1.392370 0.000000 0.000000
vt 0.348127782 0.341767013
vn 1.392370 0.000000 0.000000
vt 0.347760886 0.343145013
vn 1.392370 0.000000 0.000000
vt 0.345731109 0.343145013
vn 1.392370 0.000000 0.000000
vt 0.348127782 0.341767013
v 4.563767 5.335288 -1.999576
vn 1.392370 0.000000 0.000000
vt 0.348128021 0.342945009
vn 1.392370 0.000000 0.000000
vt 0.347760886 0.343145013
vn 0.000000 1.371206 -0.241715
vt 0.369859725 0.351669014
vn 0.000000 1.371206 -0.241715
vt 0.338250190 0.351669014
vn 0.000000 1.371206 -0.241715
vt 0.338248819 0.363380998
vn 0.000000 1.371206 -0.241715
vt 0.369859725 0.351669014
vn 0.000000 1.371206 -0.241715
vt 0.338248819 0.363380998
vn 0.000000 1.371206 -0.241715
vt 0.369849652 0.363380998
vn 0.000000 1.371206 -0.241715
vt 0.369859725 0.351669014
vn 0.000000 1.371206 -0.241715
vt 0.369849652 0.363380998
vn 0.000000 1.371206 -0.241715
vt 0.389509380 0.351669014
vn 0.000000 1.371206 -0.241715
vt 0.369849652 0.363380998
v 3.234630 5.139897 -3.107693
vn 0.000000 1.371206 -0.241715
vt 0.389491946 0.363380998
vn 0.000000 1.371206 -0.241715
vt 0.389509380 0.351669014
vn 0.000000 1.371206 -0.241715
vt 0.389509380 0.351669014
vn 0.000000 1.371206 -0.241715
vt 0.389491946 0.363380998
vn -0.000000 1.308967 0.474659
vt 0.397380859 0.351669014
vn 0.000000 1.371206 -0.241715
vt 0.389491946 0.363380998
v 3.234630 5.335288 -1.999576
vn -0.000000 1.308967 0.474659
vt 0.397359967 0.363380998
vn -0.000000 1.308967 0.474659
vt 0.397380859 0.351669014
vn -0.000000 1.308967 0.474659
vt 0.397359967 0.363380998
vn -0.000000 0.589947 1.261209
vt 0.400062263 0.351669014
vn -0.000000 1.308967 0.474659
vt 0.397380859 0.351669014
vn -0.000000 1.308967 0.474659
vt 0.397359967 0.363380998
vn -0.000000 0.589947 1.261209
vt 0.400047809 0.363380998
vn -0.000000 0.589947 1.261209
vt 0.400062263 0.351669014
vn -0.000000 -1.391535 -0.048733
vt 0.369833112 0.351799995
vn -0.000000 -1.371206 0.241715
vt 0.338219881 0.351799995
vn -0.000000 -1.371206 0.241715
vt 0.338220358 0.363512993
vn -0.000000 -1.391535 -0.048733
vt 0.369833112 0.351799995
vn -0.000000 -1.371206 0.241715
vt 0.338220358 0.363512993
vn -0.000000 -1.391535 -0.048733
vt 0.369834036 0.363512993
vn -0.000000 -1.391535 -0.048733
vt 0.369833112 0.351799995
vn -0.000000 -1.391535 -0.048733
vt 0.369834036 0.363512993
v 3.234629 2.596205 -2.659170
vn -0.000000 -1.391535 -0.048733
vt 0.391378999 0.351799995
vn -0.000000 -1.391535 -0.048733
vt 0.369834036 0.363512993
vn -0.000000 -1.391535 -0.048733
vt 0.391378313 0.363512993
vn -0.000000 -1.391535 -0.048733
vt 0.391378999 0.351799995
vn -0.000000 -1.391535 -0.048733
vt 0.391378999 0.351799995
vn -0.000000 -1.391535 -0.048733
vt 0.391378313 0.363512993
v 3.234629 2.791596 -1.551054
vn -0.000000 -1.067669 0.893762
vt 0.399251610 0.351799995
vn -0.000000 -1.391535 -0.048733
vt 0.391378313 0.363512993
vn -0.000000 -1.067669 0.893762
vt 0.399253905 0.363512993
vn -0.000000 -1.067669 0.893762
vt 0.399251610 0.351799995
vn -0.000000 -1.067669 0.893762
vt 0.399253905 0.363512993
vn -0.000000 -0.122946 1.386940
vt 0.401938081 0.351799995
vn -0.000000 -1.067669 0.893762
vt 0.399251610 0.351799995
vn -0.000000 -1.067669 0.893762
vt 0.399253905 0.363512993
vn -0.000000 -0.122946 1.386940
vt 0.401943117 0.363512993
vn -0.000000 -0.122946 1.386940
vt 0.401938081 0.351799995
vn -1.392370 0.000000 0.000000
vt 0.346454591 0.344175994
vn -1.392370 0.000000 0.000000
vt 0.346456647 0.342317998
vn -1.392370 0.000000 0.000000
vt 0.345605850 0.342317998
vn -1.392370 0.000000 0.000000
vt 0.346454591 0.344175994
vn -1.392370 0.000000 0.000000
vt 0.345605850 0.342317998
vn -1.392370 0.000000 0.000000
vt 0.344810784 0.344175994
vn -1.392370 0.000000 0.000000
vt 0.346454591 0.344175994
vn -1.392370 0.000000 0.000000
vt 0.344810784 0.344175994
vn -1.392370 0.000000 0.000000
vt 0.346454144 0.344918013
vn -1.392370 0.000000 0.000000
vt 0.344810784 0.344175994
vn -1.392370 0.000000 0.000000
vt 0.346270800 0.345043987
vn -1.392370 0.000000 0.000000
vt 0.346454144 0.344918013
vn -1.392370 0.000000 0.000000
vt 0.344810784 0.344175994
vn -1.392370 0.000000 0.000000
vt 0.344989300 0.345043987
vn -1.392370 0.000000 0.000000
vt 0.346270800 0.345043987
vn -1.392370 0.000000 0.000000
vt 0.344810784 0.344175994
vn -1.392370 0.000000 0.000000
vt 0.344809383 0.344918013
vn -1.392370 0.000000 0.000000
vt 0.344989300 0.345043987
v 2.985909 4.154177 -0.851409
vn -0.000000 0.241715 1.371206
vt 0.858545065 0.716275990
v 4.749599 4.154178 -0.851409
vn -0.000000 0.241715 1.371206
vt 0.858558834 0.724394023
v 4.749599 5.093794 -1.639841
vn -0.000000 1.308410 0.476191
vt 0.855879009 0.724394023
vn -0.000000 0.241715 1.371206
vt 0.858545065 0.716275990
vn -0.000000 1.308410 0.476191
vt 0.855879009 0.724394023
v 2.985908 5.093794 -1.639841
vn -0.000000 1.308410 0.476191
vt 0.855856299 0.716275990
vn -0.000000 1.308410 0.476191
vt 0.855879009 0.724394023
v 4.749599 4.880800 -2.847789
vn -0.000000 1.066555 -0.895015
vt 0.853194177 0.724394023
vn -0.000000 1.308410 0.476191
vt 0.855856299 0.716275990
vn -0.000000 1.308410 0.476191
vt 0.855856299 0.716275990
vn -0.000000 1.066555 -0.895015
vt 0.853194177 0.724394023
v 2.985908 4.880800 -2.847789
vn -0.000000 1.066555 -0.895015
vt 0.853171647 0.716275990
vn -0.000000 1.066555 -0.895015
vt 0.853194177 0.724394023
v 4.749599 3.728190 -3.267305
vn -0.000000 -0.241715 -1.371206
vt 0.850436568 0.724394023
vn -0.000000 1.066555 -0.895015
vt 0.853171647 0.716275990
vn -0.000000 1.066555 -0.895015
vt 0.853171647 0.716275990
vn -0.000000 -0.241715 -1.371206
vt 0.850436568 0.724394023
v 2.985909 3.728190 -3.267305
vn -0.000000 -0.241715 -1.371206
vt 0.850424409 0.716275990
vn -0.000000 -0.241715 -1.371206
vt 0.850436568 0.724394023
v 4.749600 2.788574 -2.478873
vn -0.000000 -1.308410 -0.476191
vt 0.847740710 0.724394023
vn -0.000000 -0.241715 -1.371206
vt 0.850424409 0.716275990
vn -0.000000 -0.241715 -1.371206
vt 0.850424409 0.716275990
vn -0.000000 -1.308410 -0.476191
vt 0.847740710 0.724394023
v 2.985909 2.788574 -2.478873
vn -0.000000 -1.308410 -0.476191
vt 0.847737730 0.716275990
vn -0.000000 -1.308410 -0.476191
vt 0.847740710 0.724394023
v 4.749600 3.001567 -1.270925
vn -0.000000 -1.066555 0.895015
vt 0.845053971 0.724394023
vn -0.000000 -1.308410 -0.476191
vt 0.847737730 0.716275990
vn -0.000000 -1.308410 -0.476191
vt 0.847737730 0.716275990
vn -0.000000 -1.066555 0.895015
vt 0.845053971 0.724394023
v 2.985909 3.001567 -1.270925
vn -0.000000 -1.066555 0.895015
vt 0.845053971 0.716275990
vn -0.000000 -1.066555 0.895015
vt 0.845053971 0.724394023
vn -0.000000 0.241715 1.371206
vt 0.842313588 0.724394023
vn -0.000000 -1.066555 0.895015
vt 0.845053971 0.716275990
vn -0.000000 -1.066555 0.895015
vt 0.845053971 0.716275990
vn -0.000000 0.241715 1.371206
vt 0.842313588 0.724394023
vn -0.000000 0.241715 1.371206
vt 0.842307210 0.716275990
vn -1.392370 0.000000 0.000000
vt 0.348128229 0.346545011
vn -1.392370 0.000000 0.000000
vt 0.346723050 0.346545011
v -4.563769 2.596207 -2.659170
vn -1.392370 0.000000 0.000000
vt 0.345436275 0.341767013
vn -1.392370 0.000000 0.000000
vt 0.348128229 0.346545011
vn -1.392370 0.000000 0.000000
vt 0.345436275 0.341767013
v -4.563767 5.139899 -3.107691
vn -1.392370 0.000000 0.000000
vt 0.348127782 0.341767013
vn -1.392370 0.000000 0.000000
vt 0.345436275 0.341767013
v -4.563769 2.791597 -1.551054
vn -1.392370 0.000000 0.000000
vt 0.345432371 0.342945009
vn -1.392370 0.000000 0.000000
vt 0.348127782 0.341767013
vn -1.392370 0.000000 0.000000
vt 0.348127782 0.341767013
vn -1.392370 0.000000 0.000000
vt 0.345432371 0.342945009
vn -1.392370 0.000000 0.000000
vt 0.345731109 0.343145013
vn -1.392370 0.000000 0.000000
vt 0.348127782 0.341767013
vn -1.392370 0.000000 0.000000
vt 0.345731109 0.343145013
vn -1.392370 0.000000 0.000000
vt 0.347760886 0.343145013
vn -1.392370 0.000000 0.000000
vt 0.348127782 0.341767013
vn -1.392370 0.000000 0.000000
vt 0.347760886 0.343145013
v -4.563767 5.335289 -1.999576
vn -1.392370 0.000000 0.000000
vt 0.348128021 0.342945009
vn 0.000000 1.371206 -0.241715
vt 0.369859725 0.351718992
vn 0.000000 1.371206 -0.241715
vt 0.338248819 0.363431007
vn 0.000000 1.371206 -0.241715
vt 0.338250190 0.351718992
vn 0.000000 1.371206 -0.241715
vt 0.369859725 0.351718992
vn 0.000000 1.371206 -0.241715
vt 0.369849652 0.363431007
vn 0.000000 1.371206 -0.241715
vt 0.338248819 0.363431007
vn 0.000000 1.371206 -0.241715
vt 0.369859725 0.351718992
vn 0.000000 1.371206 -0.241715
vt 0.389509380 0.351718992
vn 0.000000 1.371206 -0.241715
vt 0.369849652 0.363431007
vn 0.000000 1.371206 -0.241715
vt 0.369849652 0.363431007
vn 0.000000 1.371206 -0.241715
vt 0.389509380 0.351718992
v -3.234631 5.139898 -3.107691
vn 0.000000 1.371206 -0.241715
vt 0.389491946 0.363431007
vn 0.000000 1.371206 -0.241715
vt 0.389509380 0.351718992
vn -0.000000 1.308967 0.474659
vt 0.397380859 0.351718992
vn 0.000000 1.371206 -0.241715
vt 0.389491946 0.363431007
vn 0.000000 1.371206 -0.241715
vt 0.389491946 0.363431007
vn -0.000000 1.308967 0.474659
vt 0.397380859 0.351718992
v -3.234631 5.335289 -1.999576
vn -0.000000 1.308967 0.474659
vt 0.397359967 0.363431007
vn -0.000000 1.308967 0.474659
vt 0.397380859 0.351718992
vn -0.000000 0.589947 1.261209
vt 0.400062263 0.351718992
vn -0.000000 1.308967 0.474659
vt 0.397359967 0.363431007
vn -0.000000 1.308967 0.474659
vt 0.397359967 0.363431007
vn -0.000000 0.589947 1.261209
vt 0.400062263 0.351718992
vn -0.000000 0.589947 1.261209
vt 0.400047809 0.363431007
vn -0.000000 -1.391535 -0.048733
vt 0.369833112 0.351850003
vn -0.000000 -1.371206 0.241715
vt 0.338220358 0.363561988
vn -0.000000 -1.371206 0.241715
vt 0.338219881 0.351850003
vn -0.000000 -1.391535 -0.048733
vt 0.369833112 0.351850003
vn -0.000000 -1.391535 -0.048733
vt 0.369834036 0.363563001
vn -0.000000 -1.371206 0.241715
vt 0.338220358 0.363561988
vn -0.000000 -1.391535 -0.048733
vt 0.369833112 0.351850003
v -3.234632 2.596207 -2.659170
vn -0.000000 -1.391535 -0.048733
vt 0.391378999 0.351850003
vn -0.000000 -1.391535 -0.048733
vt 0.369834036 0.363563001
vn -0.000000 -1.391535 -0.048733
vt 0.369834036 0.363563001
vn -0.000000 -1.391535 -0.048733
vt 0.391378999 0.351850003
vn -0.000000 -1.391535 -0.048733
vt 0.391378313 0.363563001
vn -0.000000 -1.391535 -0.048733
vt 0.391378999 0.351850003
v -3.234632 2.791597 -1.551054
vn -0.000000 -1.067669 0.893762
vt 0.399251610 0.351850003
vn -0.000000 -1.391535 -0.048733
vt 0.391378313 0.363563001
vn -0.000000 -1.391535 -0.048733
vt 0.391378313 0.363563001
vn -0.000000 -1.067669 0.893762
vt 0.399251610 0.351850003
vn -0.000000 -1.067669 0.893762
vt 0.399253905 0.363563001
vn -0.000000 -1.067669 0.893762
vt 0.399251610 0.351850003
vn -0.000000 -0.122946 1.386940
vt 0.401938081 0.351850003
vn -0.000000 -1.067669 0.893762
vt 0.399253905 0.363563001
vn -0.000000 -1.067669 0.893762
vt 0.399253905 0.363563001
vn -0.000000 -0.122946 1.386940
vt 0.401938081 0.351850003
vn -0.000000 -0.122946 1.386940
vt 0.401943117 0.363563001
vn 1.392370 0.000000 0.000000
vt 0.348163575 0.344175994
vn 1.392370 0.000000 0.000000
vt 0.347314835 0.342317998
vn 1.392370 0.000000 0.000000
vt 0.348165870 0.342317998
vn 1.392370 0.000000 0.000000
vt 0.348163575 0.344175994
vn 1.392370 0.000000 0.000000
vt 0.346458495 0.344175994
vn 1.392370 0.000000 0.000000
vt 0.347314835 0.342317998
vn 1.392370 0.000000 0.000000
vt 0.348163575 0.344175994
vn 1.392370 0.000000 0.000000
vt 0.348163337 0.344918013
vn 1.392370 0.000000 0.000000
vt 0.346458495 0.344175994
vn 1.392370 0.000000 0.000000
vt 0.346458495 0.344175994
vn 1.392370 0.000000 0.000000
vt 0.348163337 0.344918013
vn 1.392370 0.000000 0.000000
vt 0.347980022 0.345043987
vn 1.392370 0.000000 0.000000
vt 0.346458495 0.344175994
vn 1.392370 0.000000 0.000000
vt 0.347980022 0.345043987
vn 1.392370 0.000000 0.000000
vt 0.346698493 0.345043987
vn 1.392370 0.000000 0.000000
vt 0.346458495 0.344175994
vn 1.392370 0.000000 0.000000
vt 0.346698493 0.345043987
vn 1.392370 0.000000 0.000000
vt 0.346457332 0.344918013
v 4.995996 3.768916 -3.036332
vn -0.000000 -0.241715 -1.371206
vt 0.236794144 0.823490977
v -4.995996 3.768916 -3.036332
vn -0.000000 -0.241715 -1.371206
vt 0.236793920 0.834084988
v -4.995996 4.729427 -2.686735
vn -0.000000 1.066555 -0.895015
vt 0.233259395 0.834084988
vn -0.000000 -0.241715 -1.371206
vt 0.236794144 0.823490977
vn -0.000000 1.066555 -0.895015
vt 0.233259395 0.834084988
v 4.995996 4.729427 -2.686735
vn -0.000000 1.066555 -0.895015
vt 0.233261675 0.823490977
vn -0.000000 1.066555 -0.895015
vt 0.233259395 0.834084988
v -4.995996 4.906921 -1.680112
vn -0.000000 1.308410 0.476191
vt 0.229721412 0.834084988
vn -0.000000 1.066555 -0.895015
vt 0.233261675 0.823490977
vn -0.000000 1.066555 -0.895015
vt 0.233261675 0.823490977
vn -0.000000 1.308410 0.476191
vt 0.229721412 0.834084988
v 4.995996 4.906920 -1.680112
vn -0.000000 1.308410 0.476191
vt 0.229720265 0.823490977
vn -0.000000 1.308410 0.476191
vt 0.229721412 0.834084988
v -4.995996 4.123906 -1.023084
vn -0.000000 0.241715 1.371206
vt 0.226233691 0.834084988
vn -0.000000 1.308410 0.476191
vt 0.229720265 0.823490977
vn -0.000000 1.308410 0.476191
vt 0.229720265 0.823490977
vn -0.000000 0.241715 1.371206
vt 0.226233691 0.834084988
v 4.995996 4.123906 -1.023084
vn -0.000000 0.241715 1.371206
vt 0.226229563 0.823490977
vn -0.000000 0.241715 1.371206
vt 0.226233691 0.834084988
v -4.995997 3.163398 -1.372682
vn -0.000000 -1.066555 0.895015
vt 0.222681716 0.834084988
vn -0.000000 0.241715 1.371206
vt 0.226229563 0.823490977
vn -0.000000 0.241715 1.371206
vt 0.226229563 0.823490977
vn -0.000000 -1.066555 0.895015
vt 0.222681716 0.834084988
v 4.995996 3.163398 -1.372682
vn -0.000000 -1.066555 0.895015
vt 0.222678512 0.823490977
vn -0.000000 -1.066555 0.895015
vt 0.222681716 0.834084988
v -4.995997 2.985903 -2.379304
vn -0.000000 -1.308410 -0.476191
vt 0.219136864 0.834084988
vn -0.000000 -1.066555 0.895015
vt 0.222678512 0.823490977
vn -0.000000 -1.066555 0.895015
vt 0.222678512 0.823490977
vn -0.000000 -1.308410 -0.476191
vt 0.219136864 0.834084988
v 4.995996 2.985903 -2.379304
vn -0.000000 -1.308410 -0.476191
vt 0.219140068 0.823490977
vn -0.000000 -1.308410 -0.476191
vt 0.219136864 0.834084988
vn -0.000000 -0.241715 -1.371206
vt 0.215603471 0.834084988
vn -0.000000 -1.308410 -0.476191
vt 0.219140068 0.823490977
vn -0.000000 -1.308410 -0.476191
vt 0.219140068 0.823490977
vn -0.000000 -0.241715 -1.371206
vt 0.215603471 0.834084988
vn -0.000000 -0.241715 -1.371206
vt 0.215603471 0.823490977
vn 1.370788 0.000000 0.243804
vt 0.359355271 0.339989007
v 4.563767 4.917497 2.883614
vn 1.382623 0.000000 0.164717
vt 0.353560150 0.345090985
vn 1.367864 0.000000 0.259955
vt 0.359356880 0.342613995
vn 1.370788 0.000000 0.243804
vt 0.359355271 0.339989007
v 4.563767 2.334565 2.883614
vn 1.378864 0.000000 0.193400
vt 0.353554875 0.339989007
vn 1.382623 0.000000 0.164717
vt 0.353560150 0.345090985
vn 1.378864 0.000000 0.193400
vt 0.353554875 0.339989007
vn 1.392370 0.000000 0.000000
vt 0.351362407 0.345090985
vn 1.382623 0.000000 0.164717
vt 0.353560150 0.345090985
vn 1.378864 0.000000 0.193400
vt 0.353554875 0.339989007
vn 1.392370 0.000000 0.000000
vt 0.350994140 0.344440013
vn 1.392370 0.000000 0.000000
vt 0.351362407 0.345090985
vn 1.378864 0.000000 0.193400
vt 0.353554875 0.339989007
vn 1.392370 0.000000 0.000000
vt 0.350981742 0.340640008
vn 1.392370 0.000000 0.000000
vt 0.350994140 0.344440013
vn 1.378864 0.000000 0.193400
vt 0.353554875 0.339989007
vn 1.392370 0.000000 0.000000
vt 0.351353914 0.339989007
vn 1.392370 0.000000 0.000000
vt 0.350981742 0.340640008
vn -0.000000 1.392370 0.000000
vt 0.389192045 0.351370007
v 3.455709 3.663702 9.813142
vn -0.000000 1.294904 0.511696
vt 0.375663817 0.363752991
vn -0.000000 1.392370 0.000000
vt 0.389205813 0.363317013
vn -0.000000 1.392370 0.000000
vt 0.389192045 0.351370007
v 2.732106 3.663702 9.813142
vn -0.000000 1.294904 0.511696
vt 0.375664502 0.351413995
vn -0.000000 1.294904 0.511696
vt 0.375663817 0.363752991
vn -0.000000 1.294904 0.511696
vt 0.375664502 0.351413995
v 3.426192 3.262562 10.214282
vn -0.000000 0.541493 1.282791
vt 0.371945709 0.363669008
vn -0.000000 1.294904 0.511696
vt 0.375663817 0.363752991
vn -0.000000 1.294904 0.511696
vt 0.375664502 0.351413995
v 2.761624 3.262562 10.214282
vn -0.000000 0.541493 1.282791
vt 0.371945709 0.351442993
vn -0.000000 0.541493 1.282791
vt 0.371945709 0.363669008
v 2.761624 2.735705 10.214282
vn -0.000000 -0.541493 1.282791
vt 0.368454784 0.351442993
vn -0.000000 0.541493 1.282791
vt 0.371945709 0.363669008
vn -0.000000 0.541493 1.282791
vt 0.371945709 0.351442993
vn -0.000000 -0.541493 1.282791
vt 0.368454784 0.351442993
v 3.426192 2.735705 10.214282
vn -0.000000 -0.541493 1.282791
vt 0.368454784 0.363669008
vn -0.000000 0.541493 1.282791
vt 0.371945709 0.363669008
v 3.455709 2.334565 9.813142
vn -0.000000 -1.294904 0.511696
vt 0.364714205 0.363624007
vn -0.000000 -0.541493 1.282791
vt 0.368454784 0.363669008
vn -0.000000 -0.541493 1.282791
vt 0.368454784 0.351442993
vn -0.000000 -1.294904 0.511696
vt 0.364714205 0.363624007
vn -0.000000 -0.541493 1.282791
vt 0.368454784 0.351442993
v 2.732106 2.334565 9.813142
vn -0.000000 -1.294904 0.511696
vt 0.364711225 0.351489007
vn -0.000000 -1.392370 0.000000
vt 0.351218790 0.363537997
vn -0.000000 -1.294904 0.511696
vt 0.364714205 0.363624007
vn -0.000000 -1.294904 0.511696
vt 0.364711225 0.351489007
vn -0.000000 -1.392370 0.000000
vt 0.351218790 0.363537997
vn -0.000000 -1.294904 0.511696
vt 0.364711225 0.351489007
v 2.580724 2.334565 7.755821
vn -0.000000 -1.392370 0.000000
vt 0.351218790 0.351292014
vn -0.000000 -1.392370 0.000000
vt 0.351218790 0.363537997
vn -0.000000 -1.392370 0.000000
vt 0.351218790 0.351292014
vn -0.000000 -1.392370 0.000000
vt 0.337728620 0.363328993
vn -0.000000 -1.392370 0.000000
vt 0.351218790 0.351292014
v 2.429340 2.334565 5.698501
vn -0.000000 -1.392370 0.000000
vt 0.337728620 0.351359010
vn -0.000000 -1.392370 0.000000
vt 0.337728620 0.363328993
v 3.234631 4.917497 2.883614
vn -0.000000 1.357143 0.311334
vt 0.362751424 0.342797011
vn -0.000000 1.365776 0.270816
vt 0.361354977 0.346597999
vn -0.000000 1.355472 0.318157
vt 0.366925001 0.346354991
vn -0.000000 1.357143 0.311334
vt 0.362751424 0.342797011
vn -0.000000 1.355472 0.318157
vt 0.366925001 0.346354991
vn -0.000000 1.367168 0.263854
vt 0.368270993 0.342554003
vn -0.000000 1.357143 0.311334
vt 0.362751424 0.342797011
vn -0.000000 1.367168 0.263854
vt 0.368270993 0.342554003
vn -0.849624 0.956001 -0.550404
vt 0.362022221 0.341461986
vn -0.000000 1.367168 0.263854
vt 0.368270993 0.342554003
vn 0.000000 1.206628 -0.694793
vt 0.367534220 0.341219991
vn -0.849624 0.956001 -0.550404
vt 0.362022221 0.341461986
vn -0.000000 -1.392370 0.000000
vt 0.369161040 0.342653006
vn -0.000000 -1.392370 0.000000
vt 0.366598248 0.346091002
vn -0.000000 -1.392370 0.000000
vt 0.361044049 0.346204013
vn -0.000000 -1.392370 0.000000
vt 0.369161040 0.342653006
vn -0.000000 -1.392370 0.000000
vt 0.361044049 0.346204013
v 3.234631 2.334565 2.883614
vn -0.000000 -1.392370 0.000000
vt 0.363545805 0.342767000
vn -0.000000 -1.392370 0.000000
vt 0.369161040 0.342653006
vn -0.000000 -1.392370 0.000000
vt 0.363545805 0.342767000
vn -0.000000 -1.206628 -0.694793
vt 0.368794620 0.341307014
vn -0.000000 -1.392370 0.000000
vt 0.363545805 0.342767000
vn -0.000000 -1.206628 -0.694793
vt 0.363240421 0.341421008
vn -0.000000 -1.206628 -0.694793
vt 0.368794620 0.341307014
vn -1.378864 0.000000 -0.193400
vt 0.836326897 0.726460993
vn -1.384990 0.000000 -0.142579
vt 0.836328268 0.712899029
vn -1.381927 0.000000 -0.170705
vt 0.842490315 0.712899029
vn -1.378864 0.000000 -0.193400
vt 0.836326897 0.726460993
vn -1.381927 0.000000 -0.170705
vt 0.842490315 0.712899029
vn -1.382623 0.000000 -0.164717
vt 0.848285198 0.726460993
vn -1.378864 0.000000 -0.193400
vt 0.836326897 0.726460993
vn -1.382623 0.000000 -0.164717
vt 0.848285198 0.726460993
vn -1.392370 0.000000 0.000000
vt 0.836326659 0.731673002
vn -1.382623 0.000000 -0.164717
vt 0.848285198 0.726460993
vn -0.909218 -0.274158 -1.018240
vt 0.837850690 0.732559025
vn -1.392370 0.000000 0.000000
vt 0.836326659 0.731673002
vn -1.382623 0.000000 -0.164717
vt 0.848285198 0.726460993
vn -0.909218 0.274158 -1.018240
vt 0.846759081 0.732559025
vn -0.909218 -0.274158 -1.018240
vt 0.837850690 0.732559025
vn -1.382623 0.000000 -0.164717
vt 0.848285198 0.726460993
vn -0.849624 0.956001 -0.550404
vt 0.848284960 0.731673002
vn -0.909218 0.274158 -1.018240
vt 0.846759081 0.732559025
vn -1.388611 0.000000 0.102200
vt 0.456268549 0.170196995
vn -1.381927 0.000000 -0.170705
vt 0.456262797 0.158105999
vn -1.384990 0.000000 -0.142579
vt 0.442348868 0.158105999
vn -1.388611 0.000000 0.102200
vt 0.442353427 0.170196995
vn -1.388611 0.000000 0.102200
vt 0.456268549 0.170196995
vn -1.384990 0.000000 -0.142579
vt 0.442348868 0.158105999
vn -1.388611 0.000000 0.102200
vt 0.442353427 0.170196995
vn -1.388611 0.000000 0.102200
vt 0.456276804 0.182286993
vn -1.388611 0.000000 0.102200
vt 0.456268549 0.170196995
vn -1.388611 0.000000 0.102200
vt 0.442353427 0.170196995
vn -1.388611 0.000000 0.102200
vt 0.452065825 0.184643999
vn -1.388611 0.000000 0.102200
vt 0.456276804 0.182286993
vn -1.388611 0.000000 0.102200
vt 0.442353427 0.170196995
vn -1.388611 0.000000 0.102200
vt 0.446572214 0.184643999
vn -1.388611 0.000000 0.102200
vt 0.452065825 0.184643999
vn -1.388611 0.000000 0.102200
vt 0.442353427 0.170196995
vn -1.388611 0.000000 0.102200
vt 0.442359179 0.182286993
vn -1.388611 0.000000 0.102200
vt 0.446572214 0.184643999
v 4.995997 3.632371 1.037206
vn 0.000000 0.000000 -1.392370
vt 0.167640403 0.859692991
v -4.995996 3.632373 1.037206
vn 0.000000 0.000000 -1.392370
vt 0.167640164 0.874732018
v -4.995996 4.517582 1.548281
vn 0.000000 1.205792 -0.696185
vt 0.162640572 0.874732018
vn 0.000000 0.000000 -1.392370
vt 0.167640403 0.859692991
vn 0.000000 1.205792 -0.696185
vt 0.162640572 0.874732018
v 4.995997 4.517582 1.548281
vn 0.000000 1.205792 -0.696185
vt 0.162643313 0.859692991
vn 0.000000 1.205792 -0.696185
vt 0.162640572 0.874732018
v -4.995996 4.517582 2.570433
vn -0.000000 1.205792 0.696185
vt 0.157579228 0.874732018
vn 0.000000 1.205792 -0.696185
vt 0.162643313 0.859692991
vn 0.000000 1.205792 -0.696185
vt 0.162643313 0.859692991
vn -0.000000 1.205792 0.696185
vt 0.157579228 0.874732018
v 4.995997 4.517582 2.570433
vn -0.000000 1.205792 0.696185
vt 0.157578543 0.859692991
vn -0.000000 1.205792 0.696185
vt 0.157579228 0.874732018
v -4.995996 3.632373 3.081509
vn -0.000000 0.000000 1.392370
vt 0.152566329 0.874732018
vn -0.000000 1.205792 0.696185
vt 0.157578543 0.859692991
vn -0.000000 1.205792 0.696185
vt 0.157578543 0.859692991
vn -0.000000 0.000000 1.392370
vt 0.152566329 0.874732018
v 4.995997 3.632371 3.081509
vn -0.000000 0.000000 1.392370
vt 0.152561739 0.859692991
vn -0.000000 0.000000 1.392370
vt 0.152566329 0.874732018
v -4.995996 2.747163 2.570433
vn -0.000000 -1.205792 0.696185
vt 0.147547677 0.874732018
vn -0.000000 0.000000 1.392370
vt 0.152561739 0.859692991
vn -0.000000 0.000000 1.392370
vt 0.152561739 0.859692991
vn -0.000000 -1.205792 0.696185
vt 0.147547677 0.874732018
v 4.995997 2.747163 2.570433
vn -0.000000 -1.205792 0.696185
vt 0.147543773 0.859692991
vn -0.000000 -1.205792 0.696185
vt 0.147547677 0.874732018
v -4.995996 2.747163 1.548281
vn -0.000000 -1.205792 -0.696185
vt 0.142538890 0.874732018
vn -0.000000 -1.205792 0.696185
vt 0.147543773 0.859692991
vn -0.000000 -1.205792 0.696185
vt 0.147543773 0.859692991
vn -0.000000 -1.205792 -0.696185
vt 0.142538890 0.874732018
v 4.995997 2.747163 1.548281
vn -0.000000 -1.205792 -0.696185
vt 0.142541870 0.859692991
vn -0.000000 -1.205792 -0.696185
vt 0.142538890 0.874732018
vn 0.000000 0.000000 -1.392370
vt 0.137539506 0.874732018
vn -0.000000 -1.205792 -0.696185
vt 0.142541870 0.859692991
vn -0.000000 -1.205792 -0.696185
vt 0.142541870 0.859692991
vn 0.000000 0.000000 -1.392370
vt 0.137539506 0.874732018
vn 0.000000 0.000000 -1.392370
vt 0.137539506 0.859692991
vn -1.370788 0.000000 0.243804
vt 0.359477341 0.339839995
vn -1.367864 0.000000 0.259955
vt 0.359478951 0.343553007
v -4.563767 4.917498 2.883612
vn -1.382623 0.000000 0.164717
vt 0.351301849 0.347054988
vn -1.370788 0.000000 0.243804
vt 0.359477341 0.339839995
vn -1.382623 0.000000 0.164717
vt 0.351301849 0.347054988
v -4.563767 2.334565 2.883612
vn -1.378864 0.000000 0.193400
vt 0.351296574 0.339839995
vn -1.382623 0.000000 0.164717
vt 0.351301849 0.347054988
vn -1.392370 0.000000 0.000000
vt 0.348127335 0.347054988
vn -1.378864 0.000000 0.193400
vt 0.351296574 0.339839995
vn -1.378864 0.000000 0.193400
vt 0.351296574 0.339839995
vn -1.392370 0.000000 0.000000
vt 0.348127335 0.347054988
vn -1.392370 0.000000 0.000000
vt 0.347575933 0.346134990
vn -1.378864 0.000000 0.193400
vt 0.351296574 0.339839995
vn -1.392370 0.000000 0.000000
vt 0.347575933 0.346134990
vn -1.392370 0.000000 0.000000
vt 0.347563773 0.340761006
vn -1.378864 0.000000 0.193400
vt 0.351296574 0.339839995
vn -1.392370 0.000000 0.000000
vt 0.347563773 0.340761006
vn -1.392370 0.000000 0.000000
vt 0.348119050 0.339839995
vn -0.000000 1.392370 0.000000
vt 0.389192045 0.351460010
vn -0.000000 1.392370 0.000000
vt 0.389205575 0.363552004
v -3.455709 3.663702 9.813142
vn -0.000000 1.294904 0.511696
vt 0.375663817 0.363613993
vn -0.000000 1.392370 0.000000
vt 0.389192045 0.351460010
vn -0.000000 1.294904 0.511696
vt 0.375663817 0.363613993
v -2.732106 3.663702 9.813142
vn -0.000000 1.294904 0.511696
vt 0.375664264 0.351397991
vn -0.000000 1.294904 0.511696
vt 0.375663817 0.363613993
v -3.426192 3.262562 10.214282
vn -0.000000 0.541493 1.282791
vt 0.371945709 0.363617986
vn -0.000000 1.294904 0.511696
vt 0.375664264 0.351397991
vn -0.000000 1.294904 0.511696
vt 0.375664264 0.351397991
vn -0.000000 0.541493 1.282791
vt 0.371945709 0.363617986
v -2.761624 3.262562 10.214282
vn -0.000000 0.541493 1.282791
vt 0.371945709 0.351393998
v -2.761624 2.735705 10.214282
vn -0.000000 -0.541493 1.282791
vt 0.368454784 0.351393998
vn -0.000000 0.541493 1.282791
vt 0.371945709 0.351393998
vn -0.000000 0.541493 1.282791
vt 0.371945709 0.363617986
vn -0.000000 -0.541493 1.282791
vt 0.368454784 0.351393998
vn -0.000000 0.541493 1.282791
vt 0.371945709 0.363617986
v -3.426192 2.735705 10.214282
vn -0.000000 -0.541493 1.282791
vt 0.368454784 0.363617986
v -3.455709 2.334565 9.813142
vn -0.000000 -1.294904 0.511696
vt 0.364714205 0.363613993
vn -0.000000 -0.541493 1.282791
vt 0.368454784 0.351393998
vn -0.000000 -0.541493 1.282791
vt 0.368454784 0.363617986
v -2.732106 2.334565 9.813142
vn -0.000000 -1.294904 0.511696
vt 0.364711225 0.351397991
vn -0.000000 -0.541493 1.282791
vt 0.368454784 0.351393998
vn -0.000000 -1.294904 0.511696
vt 0.364714205 0.363613993
vn -0.000000 -1.392370 0.000000
vt 0.351218790 0.363552004
vn -0.000000 -1.294904 0.511696
vt 0.364711225 0.351397991
vn -0.000000 -1.294904 0.511696
vt 0.364714205 0.363613993
vn -0.000000 -1.392370 0.000000
vt 0.351218790 0.363552004
v -2.580723 2.334565 7.755821
vn -0.000000 -1.392370 0.000000
vt 0.351218790 0.351460010
vn -0.000000 -1.294904 0.511696
vt 0.364711225 0.351397991
vn -0.000000 -1.392370 0.000000
vt 0.351218790 0.363552004
vn -0.000000 -1.392370 0.000000
vt 0.337728620 0.363604993
vn -0.000000 -1.392370 0.000000
vt 0.351218790 0.351460010
vn -0.000000 -1.392370 0.000000
vt 0.351218790 0.351460010
vn -0.000000 -1.392370 0.000000
vt 0.337728620 0.363604993
v -2.429340 2.334565 5.698501
vn -0.000000 -1.392370 0.000000
vt 0.337728620 0.351406991
v -3.234631 4.917498 2.883612
vn -0.000000 1.357143 0.311334
vt 0.361774862 0.341706991
vn -0.000000 1.355472 0.318157
vt 0.364056349 0.345755011
vn -0.000000 1.365776 0.270816
vt 0.357570797 0.345717013
vn -0.000000 1.357143 0.311334
vt 0.361774862 0.341706991
vn -0.000000 1.367168 0.263854
vt 0.368270993 0.341744989
vn -0.000000 1.355472 0.318157
vt 0.364056349 0.345755011
vn -0.000000 1.357143 0.311334
vt 0.361774862 0.341706991
vn 0.000000 1.206628 -0.694793
vt 0.361900151 0.340234011
vn -0.000000 1.367168 0.263854
vt 0.368270993 0.341744989
vn -0.000000 1.367168 0.263854
vt 0.368270993 0.341744989
vn 0.000000 1.206628 -0.694793
vt 0.361900151 0.340234011
vn 0.000000 1.206628 -0.694793
vt 0.368388474 0.340272009
vn -0.000000 -1.392370 0.000000
vt 0.369649321 0.341921985
vn -0.000000 -1.392370 0.000000
vt 0.357931256 0.345299989
vn -0.000000 -1.392370 0.000000
vt 0.364339948 0.345479012
vn -0.000000 -1.392370 0.000000
vt 0.369649321 0.341921985
v -3.234631 2.334565 2.883612
vn 0.927875 -1.029936 -0.130047
vt 0.363240629 0.341742992
vn -0.000000 -1.392370 0.000000
vt 0.357931256 0.345299989
vn -0.000000 -1.392370 0.000000
vt 0.369649321 0.341921985
vn -0.000000 -1.206628 -0.694793
vt 0.370259464 0.340456992
vn 0.927875 -1.029936 -0.130047
vt 0.363240629 0.341742992
vn 0.927875 -1.029936 -0.130047
vt 0.363240629 0.341742992
vn -0.000000 -1.206628 -0.694793
vt 0.370259464 0.340456992
vn 0.849624 -0.956001 -0.550404
vt 0.363789737 0.340278000
vn 0.927875 -1.029936 -0.130047
vt 0.836021483 0.731876016
vn 1.381927 0.000000 -0.170705
vt 0.844687760 0.712698996
vn 1.384990 0.000000 -0.142579
vt 0.836023092 0.712698996
vn 0.927875 -1.029936 -0.130047
vt 0.836021483 0.731876016
vn 1.382623 0.000000 -0.164717
vt 0.852923870 0.731876016
vn 1.381927 0.000000 -0.170705
vt 0.844687760 0.712698996
vn 0.927875 -1.029936 -0.130047
vt 0.836021483 0.731876016
vn 0.849624 -0.956001 -0.550404
vt 0.836021483 0.739246011
vn 1.382623 0.000000 -0.164717
vt 0.852923870 0.731876016
vn 1.382623 0.000000 -0.164717
vt 0.852923870 0.731876016
vn 0.849624 -0.956001 -0.550404
vt 0.836021483 0.739246011
vn 0.909218 -0.274158 -1.018240
vt 0.838155866 0.740499020
vn 1.382623 0.000000 -0.164717
vt 0.852923870 0.731876016
vn 0.909218 -0.274158 -1.018240
vt 0.838155866 0.740499020
vn 0.909218 0.274158 -1.018240
vt 0.850726366 0.740499020
vn 1.382623 0.000000 -0.164717
vt 0.852923870 0.731876016
vn 0.909218 0.274158 -1.018240
vt 0.850726366 0.740499020
vn 1.392370 0.000000 0.000000
vt 0.852923632 0.739246011
vn 1.388611 0.000000 0.102200
vt 0.456207722 0.170202002
vn 1.384990 0.000000 -0.142579
vt 0.442287832 0.158111006
vn 1.381927 0.000000 -0.170705
vt 0.456202000 0.158111006
vn 1.388611 0.000000 0.102200
vt 0.442292184 0.170202002
vn 1.384990 0.000000 -0.142579
vt 0.442287832 0.158111006
vn 1.388611 0.000000 0.102200
vt 0.456207722 0.170202002
vn 1.388611 0.000000 0.102200
vt 0.442292184 0.170202002
vn 1.388611 0.000000 0.102200
vt 0.456207722 0.170202002
vn 1.388611 0.000000 0.102200
vt 0.456215769 0.182291999
vn 1.388611 0.000000 0.102200
vt 0.442292184 0.170202002
vn 1.388611 0.000000 0.102200
vt 0.456215769 0.182291999
vn 1.388611 0.000000 0.102200
vt 0.452005029 0.184649006
vn 1.388611 0.000000 0.102200
vt 0.442292184 0.170202002
vn 1.388611 0.000000 0.102200
vt 0.452005029 0.184649006
vn 1.388611 0.000000 0.102200
vt 0.446511179 0.184649006
vn 1.388611 0.000000 0.102200
vt 0.442292184 0.170202002
vn 1.388611 0.000000 0.102200
vt 0.446511179 0.184649006
vn 1.388611 0.000000 0.102200
vt 0.442298144 0.182291999
v -2.985909 3.632371 0.832777
vn 0.000000 0.000000 -1.392370
vt 0.854455709 0.712469995
v -4.749599 3.632373 0.832777
vn 0.000000 0.000000 -1.392370
vt 0.854466975 0.705757022
v -4.749599 4.694624 1.446067
vn 0.000000 1.205792 -0.696185
vt 0.856730282 0.705757022
vn 0.000000 0.000000 -1.392370
vt 0.854455709 0.712469995
vn 0.000000 1.205792 -0.696185
vt 0.856730282 0.705757022
v -2.985908 4.694624 1.446067
vn 0.000000 1.205792 -0.696185
vt 0.856712878 0.712469995
vn 0.000000 1.205792 -0.696185
vt 0.856730282 0.705757022
v -4.749599 4.694624 2.672649
vn -0.000000 1.205792 0.696185
vt 0.858994305 0.705757022
vn 0.000000 1.205792 -0.696185
vt 0.856712878 0.712469995
vn 0.000000 1.205792 -0.696185
vt 0.856712878 0.712469995
vn -0.000000 1.205792 0.696185
vt 0.858994305 0.705757022
v -2.985908 4.694624 2.672649
vn -0.000000 1.205792 0.696185
vt 0.858966589 0.712469995
vn -0.000000 1.205792 0.696185
vt 0.858994305 0.705757022
v -4.749599 3.632373 3.285940
vn -0.000000 0.000000 1.392370
vt 0.861183822 0.705757022
vn -0.000000 1.205792 0.696185
vt 0.858966589 0.712469995
vn -0.000000 1.205792 0.696185
vt 0.858966589 0.712469995
vn -0.000000 0.000000 1.392370
vt 0.861183822 0.705757022
v -2.985909 3.632371 3.285940
vn -0.000000 0.000000 1.392370
vt 0.861164749 0.712469995
vn -0.000000 0.000000 1.392370
vt 0.861183822 0.705757022
v -4.749600 2.570120 2.672649
vn -0.000000 -1.205792 0.696185
vt 0.863428533 0.705757022
vn -0.000000 0.000000 1.392370
vt 0.861164749 0.712469995
vn -0.000000 0.000000 1.392370
vt 0.861164749 0.712469995
vn -0.000000 -1.205792 0.696185
vt 0.863428533 0.705757022
v -2.985909 2.570120 2.672649
vn -0.000000 -1.205792 0.696185
vt 0.863423765 0.712469995
vn -0.000000 -1.205792 0.696185
vt 0.863428533 0.705757022
v -4.749600 2.570120 1.446067
vn -0.000000 -1.205792 -0.696185
vt 0.865683436 0.705757022
vn -0.000000 -1.205792 0.696185
vt 0.863423765 0.712469995
vn -0.000000 -1.205792 0.696185
vt 0.863423765 0.712469995
vn -0.000000 -1.205792 -0.696185
vt 0.865683436 0.705757022
v -2.985909 2.570120 1.446067
vn -0.000000 -1.205792 -0.696185
vt 0.865684807 0.712469995
vn -0.000000 -1.205792 -0.696185
vt 0.865683436 0.705757022
vn 0.000000 0.000000 -1.392370
vt 0.867885292 0.705757022
vn -0.000000 -1.205792 -0.696185
vt 0.865684807 0.712469995
vn -0.000000 -1.205792 -0.696185
vt 0.865684807 0.712469995
vn 0.000000 0.000000 -1.392370
vt 0.867885292 0.705757022
vn 0.000000 0.000000 -1.392370
vt 0.867879987 0.712469995
vn 0.817739 0.595934 0.956419
vt 0.716122985 0.118058003
vn -0.737260 0.896269 0.769145
vt 0.719297707 0.121728003
vn -0.817739 0.595934 0.956419
vt 0.716123641 0.121728003
v 1.182582 8.159958 7.493036
vn 0.737260 0.896269 0.769145
vt 0.719297230 0.118058003
vn -0.737260 0.896269 0.769145
vt 0.719297707 0.121728003
vn 0.817739 0.595934 0.956419
vt 0.716122985 0.118058003
vn 1.350738 0.260234 0.215817
vt 0.716113329 0.116827004
vn 0.737260 0.896269 0.769145
vt 0.719297230 0.118058003
vn 0.817739 0.595934 0.956419
vt 0.716122985 0.118058003
vn 1.350738 0.260234 0.215817
vt 0.716113329 0.116827004
v 1.182582 8.931745 6.274834
vn 0.681983 1.082011 0.550265
vt 0.719297707 0.116827004
vn 0.737260 0.896269 0.769145
vt 0.719297230 0.118058003
vn 0.681983 1.082011 0.550265
vt 0.719297707 0.116827004
vn -0.737260 0.896269 0.769145
vt 0.722959816 0.118058003
vn 0.737260 0.896269 0.769145
vt 0.719297230 0.118058003
vn 0.681983 1.082011 0.550265
vt 0.719297707 0.116827004
vn -0.681983 1.082011 0.550265
vt 0.722959816 0.116827004
vn -0.737260 0.896269 0.769145
vt 0.722959816 0.118058003
vn -0.995544 -0.932192 -0.280284
vt 0.711871386 0.116827004
vn 0.703982 -0.818435 0.879421
vt 0.715594769 0.118058003
vn -0.703982 -0.818435 0.879421
vt 0.711871624 0.118058003
vn -0.995544 -0.932192 -0.280284
vt 0.711871386 0.116827004
vn 0.995544 -0.932192 -0.280284
vt 0.715594530 0.116827004
vn 0.703982 -0.818435 0.879421
vt 0.715594769 0.118058003
vn -0.995544 -0.932192 -0.280284
vt 0.711871386 0.116827004
v -1.704257 8.088420 5.228861
vn -1.032164 -0.827068 -0.435116
vt 0.711871386 0.115603998
vn 0.995544 -0.932192 -0.280284
vt 0.715594530 0.116827004
vn 0.995544 -0.932192 -0.280284
vt 0.715594530 0.116827004
vn -1.032164 -0.827068 -0.435116
vt 0.711871386 0.115603998
v 1.704257 8.088420 5.228861
vn 1.032164 -0.827068 -0.435116
vt 0.715594530 0.115603998
vn -0.695906 -0.095795 -1.202172
vt 0.711871386 0.114389002
vn 1.032164 -0.827068 -0.435116
vt 0.715594530 0.115603998
vn -1.032164 -0.827068 -0.435116
vt 0.711871386 0.115603998
vn -0.695906 -0.095795 -1.202172
vt 0.711871386 0.114389002
vn 0.695906 -0.095795 -1.202172
vt 0.715594530 0.114389002
vn 1.032164 -0.827068 -0.435116
vt 0.715594530 0.115603998
vn 0.645085 1.231690 0.074770
vt 0.719297051 0.114389002
vn -0.645085 1.231690 0.074770
vt 0.722959161 0.114389002
vn -0.657756 1.181426 0.332080
vt 0.722959578 0.115603998
vn 0.645085 1.231690 0.074770
vt 0.719297051 0.114389002
vn -0.657756 1.181426 0.332080
vt 0.722959578 0.115603998
v 1.182582 9.044507 5.985229
vn 0.657756 1.181426 0.332080
vt 0.719297230 0.115603998
vn 0.645085 1.231690 0.074770
vt 0.719297051 0.114389002
vn 0.657756 1.181426 0.332080
vt 0.719297230 0.115603998
vn 1.236146 -0.508494 -0.390003
vt 0.716116071 0.115267001
vn 0.657756 1.181426 0.332080
vt 0.719297230 0.115603998
v 1.701026 8.313573 5.407693
vn 1.342384 0.362295 0.072821
vt 0.716115177 0.115603998
vn 1.236146 -0.508494 -0.390003
vt 0.716116071 0.115267001
vn 0.657756 1.181426 0.332080
vt 0.778196633 0.114441000
vn -0.657756 1.181426 0.332080
vt 0.781858742 0.114441000
vn -0.681983 1.082011 0.550265
vt 0.781858742 0.115665004
vn 0.657756 1.181426 0.332080
vt 0.778196633 0.114441000
vn -0.681983 1.082011 0.550265
vt 0.781858742 0.115665004
vn 0.681983 1.082011 0.550265
vt 0.778195977 0.115665004
vn 0.657756 1.181426 0.332080
vt 0.778196633 0.114441000
vn 0.681983 1.082011 0.550265
vt 0.778195977 0.115665004
vn 1.342384 0.362295 0.072821
vt 0.775074184 0.114441000
vn 0.681983 1.082011 0.550265
vt 0.778195977 0.115665004
vn 1.350738 0.260234 0.215817
vt 0.775072157 0.115665004
vn 1.342384 0.362295 0.072821
vt 0.775074184 0.114441000
vn 1.342384 0.362295 0.072821
vt 0.775074184 0.114441000
vn 1.350738 0.260234 0.215817
vt 0.775072157 0.115665004
vn 1.032164 -0.827068 -0.435116
vt 0.774508595 0.114441000
vn 1.350738 0.260234 0.215817
vt 0.775072157 0.115665004
vn 0.995544 -0.932192 -0.280284
vt 0.774508357 0.115665004
vn 1.032164 -0.827068 -0.435116
vt 0.774508595 0.114441000
vn -1.350738 0.260234 0.215817
vt 0.775074005 0.107118003
vn -0.681983 1.082011 0.550265
vt 0.778191149 0.107118003
vn -0.657756 1.181426 0.332080
vt 0.778190911 0.108341001
vn -1.350738 0.260234 0.215817
vt 0.775074005 0.107118003
vn -0.657756 1.181426 0.332080
vt 0.778190911 0.108341001
vn -1.342384 0.362295 0.072821
vt 0.775072157 0.108341001
vn -1.350738 0.260234 0.215817
vt 0.775074005 0.107118003
vn -1.342384 0.362295 0.072821
vt 0.775072157 0.108341001
vn -0.995544 -0.932192 -0.280284
vt 0.774508357 0.107118003
vn -1.342384 0.362295 0.072821
vt 0.775072157 0.108341001
vn -1.032164 -0.827068 -0.435116
vt 0.774508595 0.108341001
vn -0.995544 -0.932192 -0.280284
vt 0.774508357 0.107118003
vn 0.806043 1.082707 -0.341827
vt 0.776221454 0.114000998
vn 1.236146 -0.508494 -0.390003
vt 0.776202917 0.114880003
vn 1.342384 0.362295 0.072821
vt 0.776224017 0.115216002
vn 0.806043 1.082707 -0.341827
vt 0.776221454 0.114000998
vn 1.342384 0.362295 0.072821
vt 0.776224017 0.115216002
vn 0.695906 -0.095795 -1.202172
vt 0.775670767 0.114000998
vn 1.342384 0.362295 0.072821
vt 0.776224017 0.115216002
vn 1.032164 -0.827068 -0.435116
vt 0.775668979 0.115216002
vn 0.695906 -0.095795 -1.202172
vt 0.775670767 0.114000998
vn -1.342384 0.362295 0.072821
vt 0.776219904 0.109116003
vn -1.236146 -0.508494 -0.390003
vt 0.776202917 0.109453000
vn -0.806043 1.082707 -0.341827
vt 0.776224256 0.110330999
vn -1.342384 0.362295 0.072821
vt 0.776219904 0.109116003
vn -0.806043 1.082707 -0.341827
vt 0.776224256 0.110330999
vn -1.032164 -0.827068 -0.435116
vt 0.775669634 0.109116003
vn -0.806043 1.082707 -0.341827
vt 0.776224256 0.110330999
vn -0.695906 -0.095795 -1.202172
vt 0.775671244 0.110330999
vn -1.032164 -0.827068 -0.435116
vt 0.775669634 0.109116003
vn 1.392370 0.000000 0.000000
vt 0.847639501 0.724647999
vn 1.392370 0.000000 0.000000
vt 0.843973935 0.726756990
vn 1.392370 0.000000 0.000000
vt 0.840309560 0.724647999
vn 1.392370 0.000000 0.000000
vt 0.847639501 0.724647999
vn 1.392370 0.000000 0.000000
vt 0.840309560 0.724647999
vn 1.392370 0.000000 0.000000
vt 0.840309560 0.720430017
vn 1.392370 0.000000 0.000000
vt 0.847639501 0.724647999
vn 1.392370 0.000000 0.000000
vt 0.840309560 0.720430017
vn 1.392370 0.000000 0.000000
vt 0.843973517 0.718320012
vn 1.392370 0.000000 0.000000
vt 0.847639501 0.724647999
vn 1.392370 0.000000 0.000000
vt 0.843973517 0.718320012
vn 1.392370 0.000000 0.000000
vt 0.847639024 0.720430017
vn -1.392370 0.000000 0.000000
vt 0.852740526 0.726756990
vn -1.392370 0.000000 0.000000
vt 0.856402636 0.724647999
vn -1.392370 0.000000 0.000000
vt 0.856403112 0.720430017
vn -1.392370 0.000000 0.000000
vt 0.852740526 0.726756990
vn -1.392370 0.000000 0.000000
vt 0.856403112 0.720430017
vn -1.392370 0.000000 0.000000
vt 0.852741659 0.718320012
vn -1.392370 0.000000 0.000000
vt 0.852740526 0.726756990
vn -1.392370 0.000000 0.000000
vt 0.852741659 0.718320012
vn -1.392370 0.000000 0.000000
vt 0.849082530 0.720430017
vn -1.392370 0.000000 0.000000
vt 0.852740526 0.726756990
vn -1.392370 0.000000 0.000000
vt 0.849082530 0.720430017
vn -1.392370 0.000000 0.000000
vt 0.849080920 0.724647999
vn -1.392370 0.000000 0.000000
vt 0.493391216 0.682685018
vn -1.392370 0.000000 0.000000
vt 0.493390530 0.691483021
vn -1.392370 0.000000 0.000000
vt 0.485760212 0.695882022
vn -1.392370 0.000000 0.000000
vt 0.493391216 0.682685018
vn -1.392370 0.000000 0.000000
vt 0.485760212 0.695882022
vn -1.392370 0.000000 0.000000
vt 0.478130817 0.691483021
vn -1.392370 0.000000 0.000000
vt 0.493391216 0.682685018
vn -1.392370 0.000000 0.000000
vt 0.478130817 0.691483021
vn -1.392370 0.000000 0.000000
vt 0.478131741 0.682685018
vn -1.392370 0.000000 0.000000
vt 0.493391216 0.682685018
vn -1.392370 0.000000 0.000000
vt 0.478131741 0.682685018
vn -1.392370 0.000000 0.000000
vt 0.485762060 0.678285003
vn 1.392370 0.000000 0.000000
vt 0.493390530 0.682685018
vn 1.392370 0.000000 0.000000
vt 0.493391454 0.691483021
vn 1.392370 0.000000 0.000000
vt 0.485762060 0.695882022
vn 1.392370 0.000000 0.000000
vt 0.493390530 0.682685018
vn 1.392370 0.000000 0.000000
vt 0.485762060 0.695882022
vn 1.392370 0.000000 0.000000
vt 0.478131980 0.691483021
vn 1.392370 0.000000 0.000000
vt 0.493390530 0.682685018
vn 1.392370 0.000000 0.000000
vt 0.478131980 0.691483021
vn 1.392370 0.000000 0.000000
vt 0.478131056 0.682685018
vn 1.392370 0.000000 0.000000
vt 0.493390530 0.682685018
vn 1.392370 0.000000 0.000000
vt 0.478131056 0.682685018
vn 1.392370 0.000000 0.000000
vt 0.485760450 0.678285003
vn -1.392370 0.000000 0.000000
vt 0.856550634 0.726534009
vn -1.392370 0.000000 0.000000
vt 0.850934684 0.726534009
vn -1.392370 0.000000 0.000000
vt 0.848123670 0.731406987
vn -1.392370 0.000000 0.000000
vt 0.856550634 0.726534009
vn -1.392370 0.000000 0.000000
vt 0.848123670 0.731406987
vn -1.392370 0.000000 0.000000
vt 0.850929677 0.736279011
vn -1.392370 0.000000 0.000000
vt 0.856550634 0.726534009
vn -1.392370 0.000000 0.000000
vt 0.850929677 0.736279011
vn -1.392370 0.000000 0.000000
vt 0.856544673 0.736279011
vn -1.392370 0.000000 0.000000
vt 0.856550634 0.726534009
vn -1.392370 0.000000 0.000000
vt 0.856544673 0.736279011
vn -1.392370 0.000000 0.000000
vt 0.859354794 0.731406987
vn 1.392370 0.000000 0.000000
vt 0.859332323 0.719685972
vn 1.392370 0.000000 0.000000
vt 0.856527209 0.724557996
vn 1.392370 0.000000 0.000000
vt 0.850913584 0.724557996
vn 1.392370 0.000000 0.000000
vt 0.859332323 0.719685972
vn 1.392370 0.000000 0.000000
vt 0.850913584 0.724557996
vn 1.392370 0.000000 0.000000
vt 0.848102987 0.719685972
vn 1.392370 0.000000 0.000000
vt 0.859332323 0.719685972
vn 1.392370 0.000000 0.000000
vt 0.848102987 0.719685972
vn 1.392370 0.000000 0.000000
vt 0.850909948 0.714814007
vn 1.392370 0.000000 0.000000
vt 0.859332323 0.719685972
vn 1.392370 0.000000 0.000000
vt 0.850909948 0.714814007
vn 1.392370 0.000000 0.000000
vt 0.856524706 0.714814007
vn 1.388611 0.000000 0.102200
vt 0.333349466 0.223718002
vn 1.388611 0.000000 0.102200
vt 0.343789458 0.223718002
vn 1.388611 0.000000 0.102200
vt 0.343791544 0.210097000
vn 1.388611 0.000000 0.102200
vt 0.333349466 0.223718002
vn 1.388611 0.000000 0.102200
vt 0.343791544 0.210097000
vn 1.388611 0.000000 0.102200
vt 0.333359569 0.210097000
vn 1.388611 0.000000 0.102200
vt 0.333349466 0.223718002
vn 1.388611 0.000000 0.102200
vt 0.333359569 0.210097000
vn 1.388611 0.000000 0.102200
vt 0.331342876 0.214208007
vn 1.388611 0.000000 0.102200
vt 0.333349466 0.223718002
vn 1.388611 0.000000 0.102200
vt 0.331342876 0.214208007
vn 1.388611 0.000000 0.102200
vt 0.331338972 0.219606996
vn -1.392370 0.000000 0.000000
vt 0.486005753 0.677689016
vn -1.392370 0.000000 0.000000
vt 0.494122714 0.682374001
vn -1.392370 0.000000 0.000000
vt 0.494121820 0.691744030
vn -1.392370 0.000000 0.000000
vt 0.486005753 0.677689016
vn -1.392370 0.000000 0.000000
vt 0.494121820 0.691744030
vn -1.392370 0.000000 0.000000
vt 0.486004144 0.696429014
vn -1.392370 0.000000 0.000000
vt 0.486005753 0.677689016
vn -1.392370 0.000000 0.000000
vt 0.486004144 0.696429014
vn -1.392370 0.000000 0.000000
vt 0.477887362 0.691744030
vn -1.392370 0.000000 0.000000
vt 0.486005753 0.677689016
vn -1.392370 0.000000 0.000000
vt 0.477887362 0.691744030
vn -1.392370 0.000000 0.000000
vt 0.477888077 0.682374001
vn 1.392370 0.000000 0.000000
vt 0.486127108 0.696429014
vn 1.392370 0.000000 0.000000
vt 0.478010356 0.691744030
vn 1.392370 0.000000 0.000000
vt 0.478010356 0.682374001
vn 1.392370 0.000000 0.000000
vt 0.486127108 0.696429014
vn 1.392370 0.000000 0.000000
vt 0.478010356 0.682374001
vn 1.392370 0.000000 0.000000
vt 0.486127347 0.677689016
vn 1.392370 0.000000 0.000000
vt 0.486127108 0.696429014
vn 1.392370 0.000000 0.000000
vt 0.486127347 0.677689016
vn 1.392370 0.000000 0.000000
vt 0.494183064 0.682374001
vn 1.392370 0.000000 0.000000
vt 0.486127108 0.696429014
vn 1.392370 0.000000 0.000000
vt 0.494183064 0.682374001
vn 1.392370 0.000000 0.000000
vt 0.494182855 0.691744030
vn 1.392370 0.000000 0.000000
vt 0.849653184 0.718445003
vn 1.392370 0.000000 0.000000
vt 0.849653423 0.715825021
vn 1.392370 0.000000 0.000000
vt 0.847391665 0.714514971
vn 1.392370 0.000000 0.000000
vt 0.849653184 0.718445003
vn 1.392370 0.000000 0.000000
vt 0.847391665 0.714514971
vn 1.392370 0.000000 0.000000
vt 0.845131099 0.715825021
vn 1.392370 0.000000 0.000000
vt 0.849653184 0.718445003
vn 1.392370 0.000000 0.000000
vt 0.845131099 0.715825021
vn 1.392370 0.000000 0.000000
vt 0.845130861 0.718445003
vn 1.392370 0.000000 0.000000
vt 0.849653184 0.718445003
vn 1.392370 0.000000 0.000000
vt 0.845130861 0.718445003
vn 1.392370 0.000000 0.000000
vt 0.847391248 0.719754994
vn -1.392370 0.000000 0.000000
vt 0.852862597 0.719754994
vn -1.392370 0.000000 0.000000
vt 0.850547135 0.718445003
vn -1.392370 0.000000 0.000000
vt 0.850547612 0.715825021
vn -1.392370 0.000000 0.000000
vt 0.852862597 0.719754994
vn -1.392370 0.000000 0.000000
vt 0.850547612 0.715825021
vn -1.392370 0.000000 0.000000
vt 0.852863491 0.714514971
vn -1.392370 0.000000 0.000000
vt 0.852862597 0.719754994
vn -1.392370 0.000000 0.000000
vt 0.852863491 0.714514971
vn -1.392370 0.000000 0.000000
vt 0.855121136 0.715825021
vn -1.392370 0.000000 0.000000
vt 0.852862597 0.719754994
vn -1.392370 0.000000 0.000000
vt 0.855121136 0.715825021
vn -1.392370 0.000000 0.000000
vt 0.855120897 0.718445003
vn -1.388611 0.000000 0.102200
vt 0.333349228 0.223669007
vn -1.388611 0.000000 0.102200
vt 0.331338972 0.219558999
vn -1.388611 0.000000 0.102200
vt 0.331342667 0.214159995
vn -1.388611 0.000000 0.102200
vt 0.333349228 0.223669007
vn -1.388611 0.000000 0.102200
vt 0.331342667 0.214159995
vn -1.388611 0.000000 0.102200
vt 0.333359569 0.210049003
vn -1.388611 0.000000 0.102200
vt 0.333349228 0.223669007
vn -1.388611 0.000000 0.102200
vt 0.333359569 0.210049003
vn -1.388611 0.000000 0.102200
vt 0.343791306 0.210049003
vn -1.388611 0.000000 0.102200
vt 0.333349228 0.223669007
vn -1.388611 0.000000 0.102200
vt 0.343791306 0.210049003
vn -1.388611 0.000000 0.102200
vt 0.343789458 0.223669007
vn -1.392370 0.000000 0.000000
vt 0.849591911 0.718914986
vn -1.392370 0.000000 0.000000
vt 0.846170545 0.720866978
vn -1.392370 0.000000 0.000000
vt 0.842811525 0.718914986
vn -1.392370 0.000000 0.000000
vt 0.849591911 0.718914986
vn -1.392370 0.000000 0.000000
vt 0.842811525 0.718914986
vn -1.392370 0.000000 0.000000
vt 0.842811763 0.715013027
vn -1.392370 0.000000 0.000000
vt 0.849591911 0.718914986
vn -1.392370 0.000000 0.000000
vt 0.842811763 0.715013027
vn -1.392370 0.000000 0.000000
vt 0.846170783 0.713060975
vn -1.392370 0.000000 0.000000
vt 0.849591911 0.718914986
vn -1.392370 0.000000 0.000000
vt 0.846170783 0.713060975
vn -1.392370 0.000000 0.000000
vt 0.849592149 0.715013027
vn 1.392370 0.000000 0.000000
vt 0.854327440 0.720866978
vn 1.392370 0.000000 0.000000
vt 0.857684374 0.718914986
vn 1.392370 0.000000 0.000000
vt 0.857684612 0.715013027
vn 1.392370 0.000000 0.000000
vt 0.854327440 0.720866978
vn 1.392370 0.000000 0.000000
vt 0.857684612 0.715013027
vn 1.392370 0.000000 0.000000
vt 0.854328334 0.713060975
vn 1.392370 0.000000 0.000000
vt 0.854327440 0.720866978
vn 1.392370 0.000000 0.000000
vt 0.854328334 0.713060975
vn 1.392370 0.000000 0.000000
vt 0.850913823 0.715013027
vn 1.392370 0.000000 0.000000
vt 0.854327440 0.720866978
vn 1.392370 0.000000 0.000000
vt 0.850913823 0.715013027
vn 1.392370 0.000000 0.000000
vt 0.850913346 0.718914986
v -3.383539 3.725101 8.351215
vn -0.558480 1.054581 0.717488
vt 0.704819083 0.527939975
v -3.249334 4.146554 2.453926
vn -0.718741 1.140769 -0.347675
vt 0.873126268 0.524266005
v -3.383539 3.725101 1.938970
vn -0.558480 1.054581 -0.717488
vt 0.887835741 0.527939975
vn -0.558480 1.054581 0.717488
vt 0.704819083 0.527939975
v -3.249334 4.146554 7.836259
vn -0.718741 1.140769 0.347675
vt 0.719532669 0.524266005
vn -0.718741 1.140769 -0.347675
vt 0.873126268 0.524266005
vn -0.718741 1.140769 0.347675
vt 0.719532669 0.524266005
vn -0.558480 1.054581 0.717488
vt 0.703663290 0.526103020
v -2.713597 3.725101 8.351215
vn 0.558480 1.054581 0.717488
vt 0.703663051 0.516933978
vn -0.718741 1.140769 0.347675
vt 0.719532669 0.524266005
vn 0.558480 1.054581 0.717488
vt 0.703663051 0.516933978
v -2.847801 4.146554 7.836259
vn 0.718741 1.140769 0.347675
vt 0.719518006 0.518770993
vn -0.718741 1.140769 0.347675
vt 0.719532669 0.524266005
v -2.847801 4.146554 2.453926
vn 0.718741 1.140769 -0.347675
vt 0.873126507 0.518770993
vn -0.718741 1.140769 -0.347675
vt 0.873126268 0.524266005
vn -0.718741 1.140769 0.347675
vt 0.719532669 0.524266005
vn 0.718741 1.140769 0.347675
vt 0.719518006 0.518770993
vn 0.718741 1.140769 -0.347675
vt 0.873126507 0.518770993
vn -0.718741 1.140769 -0.347675
vt 0.873126268 0.524266005
vn 0.718741 1.140769 -0.347675
vt 0.873126507 0.518770993
vn -0.558480 1.054581 -0.717488
vt 0.888995409 0.526103020
vn -0.558480 1.054581 -0.717488
vt 0.888995409 0.526103020
vn 0.718741 1.140769 -0.347675
vt 0.873126507 0.518770993
v -2.713597 3.725101 1.938970
vn 0.558480 1.054581 -0.717488
vt 0.888995409 0.516933978
vn 0.718741 1.140769 -0.347675
vt 0.873126507 0.518770993
vn 0.718741 1.140769 0.347675
vt 0.719518006 0.518770993
vn 0.558480 1.054581 -0.717488
vt 0.887835741 0.515097022
vn 0.558480 1.054581 -0.717488
vt 0.887835741 0.515097022
vn 0.718741 1.140769 0.347675
vt 0.719518006 0.518770993
vn 0.558480 1.054581 0.717488
vt 0.704807341 0.515097022
v 3.383539 3.725101 8.351215
vn 0.558480 1.054581 0.717488
vt 0.704819083 0.527939975
v 3.383539 3.725101 1.938970
vn 0.558480 1.054581 -0.717488
vt 0.887835741 0.527939975
v 3.249334 4.146554 2.453926
vn 0.718741 1.140769 -0.347675
vt 0.873126268 0.524266005
vn 0.558480 1.054581 0.717488
vt 0.704819083 0.527939975
vn 0.718741 1.140769 -0.347675
vt 0.873126268 0.524266005
v 3.249334 4.146554 7.836259
vn 0.718741 1.140769 0.347675
vt 0.719532907 0.524266005
vn 0.718741 1.140769 0.347675
vt 0.719532907 0.524266005
v 2.713597 3.725101 8.351215
vn -0.558480 1.054581 0.717488
vt 0.703663290 0.516933978
vn 0.558480 1.054581 0.717488
vt 0.703663528 0.526103020
vn 0.718741 1.140769 0.347675
vt 0.719532907 0.524266005
v 2.847801 4.146554 7.836259
vn -0.718741 1.140769 0.347675
vt 0.719518006 0.518770993
vn -0.558480 1.054581 0.717488
vt 0.703663290 0.516933978
vn 0.718741 1.140769 -0.347675
vt 0.873126268 0.524266005
v 2.847801 4.146554 2.453926
vn -0.718741 1.140769 -0.347675
vt 0.873126268 0.518770993
vn 0.718741 1.140769 0.347675
vt 0.719532907 0.524266005
vn 0.718741 1.140769 0.347675
vt 0.719532907 0.524266005
vn -0.718741 1.140769 -0.347675
vt 0.873126268 0.518770993
vn -0.718741 1.140769 0.347675
vt 0.719518006 0.518770993
vn 0.718741 1.140769 -0.347675
vt 0.873126268 0.524266005
vn 0.558480 1.054581 -0.717488
vt 0.888995409 0.526103020
vn -0.718741 1.140769 -0.347675
vt 0.873126268 0.518770993
vn 0.558480 1.054581 -0.717488
vt 0.888995409 0.526103020
v 2.713597 3.725101 1.938970
vn -0.558480 1.054581 -0.717488
vt 0.888995409 0.516933978
vn -0.718741 1.140769 -0.347675
vt 0.873126268 0.518770993
vn -0.718741 1.140769 -0.347675
vt 0.873126268 0.518770993
vn -0.558480 1.054581 -0.717488
vt 0.887835741 0.515097022
vn -0.718741 1.140769 0.347675
vt 0.719518006 0.518770993
vn -0.558480 1.054581 -0.717488
vt 0.887835741 0.515097022
vn -0.558480 1.054581 0.717488
vt 0.704807341 0.515097022
vn -0.718741 1.140769 0.347675
vt 0.719518006 0.518770993
s off
f 1/1/1 2/2/2 3/3/3
f 4/4/4 5/5/5 6/6/6
f 7/7/7 8/8/8 9/9/9
f 10/10/10 11/11/11 12/12/12
s 1
f 13/13/13 14/14/14 15/15/15
f 16/16/16 17/17/17 18/18/18
f 15/631/631 14/632/632 17/633/633
f 15/634/634 17/635/635 16/636/636
f 199/637/637 200/638/638 201/639/639
f 200/640/640 202/641/641 201/642/642
f 199/643/643 201/644/644 203/645/645
f 199/646/646 203/647/647 204/648/648
f 205/649/649 206/650/650 199/651/651
f 205/652/652 199/653/653 204/654/654
f 207/655/655 208/656/656 206/657/657
f 207/658/658 206/659/659 205/660/660
f 209/661/661 15/662/662 16/663/663
f 209/664/664 16/665/665 210/666/666
f 211/667/667 14/668/668 13/669/669
f 211/670/670 13/671/671 212/672/672
f 206/1297/1297 200/1298/1298 199/1299/1299
f 313/1300/1300 200/1301/1301 206/1302/1302
f 208/1303/1303 313/1304/1304 206/1305/1305
f 208/1306/1306 314/1307/1307 313/1308/1308
f 314/1309/1309 200/1310/1310 313/1311/1311
f 314/1312/1312 202/1313/1313 200/1314/1314
f 203/1315/1315 205/1316/1316 204/1317/1317
f 203/1318/1318 207/1319/1319 205/1320/1320
f 203/1321/1321 315/1322/1322 207/1323/1323
f 207/1324/1324 315/1325/1325 316/1326/1326
f 209/1327/1327 316/1328/1328 315/1329/1329
f 209/1330/1330 210/1331/1331 316/1332/1332
f 17/1333/1333 14/1334/1334 211/1335/1335
f 17/1336/1336 211/1337/1337 317/1338/1338
f 17/1339/1339 317/1340/1340 18/1341/1341
f 317/1342/1342 318/1343/1343 18/1344/1344
f 317/1345/1345 211/1346/1346 202/1347/1347
f 317/1348/1348 202/1349/1349 314/1350/1350
f 317/1351/1351 314/1352/1352 318/1353/1353
f 314/1354/1354 208/1355/1355 318/1356/1356
f 318/1357/1357 208/1358/1358 316/1359/1359
f 208/1360/1360 207/1361/1361 316/1362/1362
f 201/1363/1363 202/1364/1364 211/1365/1365
f 201/1366/1366 211/1367/1367 212/1368/1368
f 201/1369/1369 212/1370/1370 203/1371/1371
f 212/1372/1372 315/1373/1373 203/1374/1374
f 16/1375/1375 18/1376/1376 318/1377/1377
f 16/1378/1378 318/1379/1379 210/1380/1380
f 318/1381/1381 316/1382/1382 210/1383/1383
f 212/1384/1384 13/1385/1385 15/1386/1386
f 212/1387/1387 15/1388/1388 315/1389/1389
f 15/1390/1390 209/1391/1391 315/1392/1392
s 2
f 19/19/19 20/20/20 21/21/21
f 19/22/22 21/23/23 22/24/24
s 3
f 23/25/25 24/26/26 25/27/27
f 23/28/28 25/29/29 26/30/30
s 4
f 27/31/31 28/32/32 29/33/33
f 27/34/34 29/35/35 30/36/36
s 5
f 24/37/37 23/38/38 19/39/39
f 24/40/40 19/41/41 22/42/42
s 6
f 24/43/43 22/44/44 21/45/45
f 24/46/46 21/47/47 31/48/48
s 7
f 26/49/49 25/50/50 27/51/51
f 26/52/52 27/53/53 30/54/54
s 8
f 23/55/55 32/56/56 20/57/57
f 23/58/58 20/59/59 19/60/60
s 9
f 33/61/61 34/62/62 35/63/63
f 33/64/64 35/65/65 36/66/66
s 10
f 36/67/67 35/68/68 37/69/69
f 36/70/70 37/71/71 38/72/72
s 11
f 38/73/73 37/74/74 39/75/75
f 38/76/76 39/77/77 40/78/78
s 12
f 40/79/79 39/80/80 34/81/81
f 40/82/82 34/83/83 33/84/84
s 13
f 36/85/85 38/86/86 40/87/87
f 36/88/88 40/89/89 33/90/90
s 14
f 37/91/91 35/92/92 34/93/93
f 37/94/94 34/95/95 39/96/96
s 15
f 2/97/97 41/98/98 4/99/99
f 2/100/100 4/101/101 6/102/102
s 16
f 7/103/103 9/104/104 42/105/105
f 7/106/106 42/107/107 10/108/108
s 17
f 6/109/109 7/110/110 10/111/111
f 6/112/112 10/113/113 2/114/114
s 18
f 43/115/115 44/116/116 45/117/117
f 43/118/118 45/119/119 46/120/120
s 19
f 10/121/121 42/122/122 47/123/123
f 10/124/124 47/125/125 11/126/126
s 20
f 42/127/127 41/128/128 48/129/129
f 42/130/130 48/131/131 47/132/132
s 21
f 2/133/133 10/134/134 12/135/135
f 2/136/136 12/137/137 3/138/138
s 22
f 49/139/139 50/140/140 51/141/141
f 49/142/142 51/143/143 52/144/144
s 23
f 50/145/145 49/146/146 7/147/147
f 50/148/148 7/149/149 6/150/150
s 24
f 53/151/151 54/152/152 5/153/153
f 53/154/154 5/155/155 8/156/156
s 25
f 53/157/157 8/158/158 7/159/159
f 53/160/160 7/161/161 49/162/162
s 26
f 54/163/163 50/164/164 6/165/165
f 54/166/166 6/167/167 5/168/168
s 27
f 52/169/169 51/170/170 55/171/171
f 52/172/172 55/173/173 56/174/174
s 28
f 50/175/175 54/176/176 55/177/177
f 50/178/178 55/179/179 51/180/180
s 29
f 54/181/181 53/182/182 56/183/183
f 54/184/184 56/185/185 55/186/186
s 30
f 49/187/187 52/188/188 56/189/189
f 49/190/190 56/191/191 53/192/192
s 31
f 57/193/193 58/194/194 59/195/195
f 57/196/196 59/197/197 60/198/198
s 32
f 61/199/199 62/200/200 63/201/201
f 61/202/202 63/203/203 64/204/204
s 33
f 59/205/205 58/206/206 63/207/207
f 59/208/208 63/209/209 62/210/210
s 34
f 65/211/211 66/212/212 57/213/213
f 65/214/214 57/215/215 60/216/216
s 35
f 66/217/217 65/218/218 61/219/219
f 66/220/220 61/221/221 64/222/222
s 36
f 46/223/223 45/224/224 48/225/225
f 46/226/226 48/227/227 1/228/228
f 44/229/229 43/230/230 11/231/231
f 44/232/232 11/233/233 47/234/234
f 1/235/235 11/236/236 43/237/237
f 1/238/238 43/239/239 46/240/240
f 47/241/241 48/242/242 45/243/243
f 47/244/244 45/245/245 44/246/246
s 37
f 2/247/247 1/248/248 48/249/249
f 2/250/250 48/251/251 41/252/252
s 38
f 12/253/253 11/254/254 1/255/255
f 12/256/256 1/257/257 3/258/258
s 39
f 67/259/259 68/260/260 69/261/261
f 67/262/262 69/263/263 70/264/264
f 225/823/823 67/824/824 70/825/825
f 225/826/826 70/827/827 227/828/828
f 225/829/829 227/830/830 226/831/831
f 227/832/832 76/833/833 226/834/834
f 227/835/835 77/836/836 76/837/837
f 227/838/838 228/839/839 77/840/840
s 40
f 68/265/265 71/266/266 72/267/267
f 68/268/268 72/269/269 69/270/270
s 41
f 71/271/271 73/272/272 74/273/273
f 71/274/274 74/275/275 72/276/276
f 73/757/757 221/758/758 74/759/759
f 73/760/760 222/761/761 221/762/762
f 222/763/763 223/764/764 221/765/765
f 222/766/766 78/767/767 223/768/768
f 222/769/769 75/770/770 78/771/771
f 222/772/772 224/773/773 75/774/774
s 42
f 75/277/277 76/278/278 77/279/279
f 75/280/280 77/281/281 78/282/282
f 73/775/775 71/776/776 68/777/777
f 73/778/778 68/779/779 67/780/780
f 73/781/781 67/782/782 222/783/783
f 67/784/784 225/785/785 222/786/786
f 222/787/787 225/788/788 224/789/789
f 225/790/790 226/791/791 224/792/792
f 226/793/793 75/794/794 224/795/795
f 226/796/796 76/797/797 75/798/798
f 70/799/799 69/800/800 72/801/801
f 70/802/802 72/803/803 74/804/804
f 70/805/805 74/806/806 227/807/807
f 74/808/808 221/809/809 227/810/810
f 227/811/811 221/812/812 228/813/813
f 221/814/814 223/815/815 228/816/816
f 223/817/817 77/818/818 228/819/819
f 223/820/820 78/821/821 77/822/822
s 43
f 79/283/283 80/284/284 81/285/285
f 79/286/286 81/287/287 82/288/288
f 245/943/943 80/944/944 79/945/945
f 245/946/946 247/947/947 80/948/948
f 245/949/949 246/950/950 247/951/951
f 247/952/952 246/953/953 90/954/954
f 247/955/955 90/956/956 89/957/957
f 247/958/958 89/959/959 248/960/960
s 44
f 82/289/289 81/290/290 83/291/291
f 82/292/292 83/293/293 84/294/294
s 45
f 84/295/295 83/296/296 85/297/297
f 84/298/298 85/299/299 86/300/300
f 86/877/877 85/878/878 241/879/879
f 86/880/880 241/881/881 242/882/882
f 241/883/883 243/884/884 242/885/885
f 242/886/886 243/887/887 88/888/888
f 242/889/889 88/890/890 87/891/891
f 242/892/892 87/893/893 244/894/894
s 46
f 87/301/301 88/302/302 89/303/303
f 87/304/304 89/305/305 90/306/306
f 86/895/895 82/896/896 84/897/897
f 86/898/898 79/899/899 82/900/900
f 86/901/901 242/902/902 79/903/903
f 79/904/904 242/905/905 245/906/906
f 242/907/907 244/908/908 245/909/909
f 245/910/910 244/911/911 246/912/912
f 244/913/913 87/914/914 246/915/915
f 246/916/916 87/917/917 90/918/918
f 80/919/919 83/920/920 81/921/921
f 80/922/922 85/923/923 83/924/924
f 80/925/925 247/926/926 85/927/927
f 85/928/928 247/929/929 241/930/930
f 247/931/931 248/932/932 241/933/933
f 241/934/934 248/935/935 243/936/936
f 248/937/937 89/938/938 243/939/939
f 243/940/940 89/941/941 88/942/942
s 47
f 91/307/307 92/308/308 93/309/309
f 91/310/310 93/311/311 94/312/312
f 92/313/313 95/314/314 96/315/315
f 92/316/316 96/317/317 93/318/318
f 95/319/319 97/320/320 98/321/321
f 95/322/322 98/323/323 96/324/324
f 97/325/325 99/326/326 100/327/327
f 97/328/328 100/329/329 98/330/330
f 99/331/331 101/332/332 102/333/333
f 99/334/334 102/335/335 100/336/336
f 101/337/337 91/338/338 94/339/339
f 101/340/340 94/341/341 102/342/342
s 48
f 103/343/343 104/344/344 105/345/345
f 103/346/346 105/347/347 106/348/348
f 108/355/355 107/356/356 109/357/357
f 108/358/358 109/359/359 110/360/360
f 106/361/361 108/362/362 110/363/363
f 106/364/364 110/365/365 103/366/366
f 107/367/367 105/368/368 104/369/369
f 107/370/370 104/371/371 109/372/372
s 49
f 106/349/349 105/350/350 107/351/351
f 106/352/352 107/353/353 108/354/354
s 50
f 111/373/373 112/374/374 113/375/375
f 111/376/376 113/377/377 114/378/378
f 116/385/385 115/386/386 117/387/387
f 116/388/388 117/389/389 118/390/390
f 114/391/391 116/392/392 118/393/393
f 114/394/394 118/395/395 111/396/396
f 115/397/397 113/398/398 112/399/399
f 115/400/400 112/401/401 117/402/402
s 51
f 114/379/379 113/380/380 115/381/381
f 114/382/382 115/383/383 116/384/384
s 52
f 119/403/403 120/404/404 121/405/405
f 119/406/406 121/407/407 122/408/408
f 123/415/415 125/416/416 126/417/417
f 123/418/418 126/419/419 124/420/420
f 120/421/421 119/422/422 125/423/423
f 120/424/424 125/425/425 123/426/426
f 124/427/427 126/428/428 122/429/429
f 124/430/430 122/431/431 121/432/432
s 53
f 120/409/409 123/410/410 124/411/411
f 120/412/412 124/413/413 121/414/414
s 54
f 127/433/433 128/434/434 129/435/435
f 127/436/436 129/437/437 130/438/438
f 131/445/445 133/446/446 134/447/447
f 131/448/448 134/449/449 132/450/450
f 128/451/451 127/452/452 133/453/453
f 128/454/454 133/455/455 131/456/456
f 132/457/457 134/458/458 130/459/459
f 132/460/460 130/461/461 129/462/462
s 55
f 128/439/439 131/440/440 132/441/441
f 128/442/442 132/443/443 129/444/444
s 56
f 135/463/463 136/464/464 137/465/465
f 135/466/466 137/467/467 138/468/468
f 139/469/469 136/470/470 135/471/471
f 139/472/472 135/473/473 140/474/474
f 141/475/475 138/476/476 137/477/477
f 141/478/478 137/479/479 142/480/480
f 147/487/487 148/488/488 146/489/489
f 147/490/490 146/491/491 145/492/492
f 148/1015/1015 263/1016/1016 146/1017/1017
f 148/1018/1018 264/1019/1019 263/1020/1020
f 264/1021/1021 265/1022/1022 263/1023/1023
f 264/1024/1024 266/1025/1025 265/1026/1026
f 267/1027/1027 265/1028/1028 266/1029/1029
f 267/1030/1030 268/1031/1031 265/1032/1032
f 269/1033/1033 268/1034/1034 267/1035/1035
f 269/1036/1036 267/1037/1037 270/1038/1038
f 143/1039/1039 269/1040/1040 270/1041/1041
f 143/1042/1042 270/1043/1043 271/1044/1044
f 143/1045/1045 271/1046/1046 144/1047/1047
f 271/1048/1048 272/1049/1049 144/1050/1050
f 273/1051/1051 147/1052/1052 145/1053/1053
f 273/1054/1054 145/1055/1055 261/1056/1056
f 273/1057/1057 261/1058/1058 142/1059/1059
f 261/1060/1060 141/1061/1061 142/1062/1062
f 262/1063/1063 144/1064/1064 272/1065/1065
f 262/1066/1066 272/1067/1067 274/1068/1068
f 262/1069/1069 274/1070/1070 140/1071/1071
f 274/1072/1072 139/1073/1073 140/1074/1074
f 274/1075/1075 272/1076/1076 147/1077/1077
f 274/1078/1078 147/1079/1079 273/1080/1080
f 274/1081/1081 273/1082/1082 139/1083/1083
f 273/1084/1084 136/1085/1085 139/1086/1086
f 273/1087/1087 137/1088/1088 136/1089/1089
f 273/1090/1090 142/1091/1091 137/1092/1092
f 148/1093/1093 147/1094/1094 272/1095/1095
f 271/1096/1096 148/1097/1097 272/1098/1098
f 271/1099/1099 264/1100/1100 148/1101/1101
f 271/1102/1102 266/1103/1103 264/1104/1104
f 271/1105/1105 267/1106/1106 266/1107/1107
f 271/1108/1108 270/1109/1109 267/1110/1110
s 57
f 143/481/481 144/482/482 145/483/483
f 143/484/484 145/485/485 146/486/486
f 144/997/997 261/998/998 145/999/999
f 144/1000/1000 262/1001/1001 261/1002/1002
f 262/1003/1003 141/1004/1004 261/1005/1005
f 262/1006/1006 138/1007/1007 141/1008/1008
f 262/1009/1009 135/1010/1010 138/1011/1011
f 262/1012/1012 140/1013/1013 135/1014/1014
f 269/1465/1465 143/1466/1466 146/1467/1467
f 269/1468/1468 146/1469/1469 263/1470/1470
f 269/1471/1471 263/1472/1472 265/1473/1473
f 269/1474/1474 265/1475/1475 268/1476/1476
s 58
f 149/493/493 150/494/494 151/495/495
f 149/496/496 151/497/497 152/498/498
f 150/499/499 153/500/500 154/501/501
f 150/502/502 154/503/503 151/504/504
f 153/505/505 155/506/506 156/507/507
f 153/508/508 156/509/509 154/510/510
f 155/511/511 157/512/512 158/513/513
f 155/514/514 158/515/515 156/516/516
f 157/517/517 159/518/518 160/519/519
f 157/520/520 160/521/521 158/522/522
f 159/523/523 149/524/524 152/525/525
f 159/526/526 152/527/527 160/528/528
s 59
f 161/529/529 162/530/530 163/531/531
f 161/532/532 163/533/533 164/534/534
f 165/535/535 166/536/536 161/537/537
f 165/538/538 161/539/539 164/540/540
f 167/541/541 168/542/542 163/543/543
f 167/544/544 163/545/545 162/546/546
f 173/553/553 171/554/554 170/555/555
f 173/556/556 170/557/557 174/558/558
f 174/1165/1165 170/1166/1166 289/1167/1167
f 174/1168/1168 289/1169/1169 290/1170/1170
f 289/1171/1171 291/1172/1172 290/1173/1173
f 290/1174/1174 291/1175/1175 292/1176/1176
f 293/1177/1177 292/1178/1178 291/1179/1179
f 293/1180/1180 291/1181/1181 294/1182/1182
f 295/1183/1183 293/1184/1184 294/1185/1185
f 296/1186/1186 293/1187/1187 295/1188/1188
f 169/1189/1189 296/1190/1190 295/1191/1191
f 169/1192/1192 297/1193/1193 296/1194/1194
f 169/1195/1195 172/1196/1196 297/1197/1197
f 297/1198/1198 172/1199/1199 298/1200/1200
f 299/1201/1201 171/1202/1202 173/1203/1203
f 299/1204/1204 287/1205/1205 171/1206/1206
f 299/1207/1207 168/1208/1208 287/1209/1209
f 287/1210/1210 168/1211/1211 167/1212/1212
f 288/1213/1213 298/1214/1214 172/1215/1215
f 288/1216/1216 300/1217/1217 298/1218/1218
f 288/1219/1219 166/1220/1220 300/1221/1221
f 300/1222/1222 166/1223/1223 165/1224/1224
f 300/1225/1225 173/1226/1226 298/1227/1227
f 300/1228/1228 299/1229/1229 173/1230/1230
f 300/1231/1231 165/1232/1232 299/1233/1233
f 299/1234/1234 165/1235/1235 164/1236/1236
f 299/1237/1237 164/1238/1238 163/1239/1239
f 299/1240/1240 163/1241/1241 168/1242/1242
f 174/1243/1243 298/1244/1244 173/1245/1245
f 297/1246/1246 298/1247/1247 174/1248/1248
f 297/1249/1249 174/1250/1250 290/1251/1251
f 297/1252/1252 290/1253/1253 292/1254/1254
f 297/1255/1255 292/1256/1256 293/1257/1257
f 297/1258/1258 293/1259/1259 296/1260/1260
s 60
f 169/547/547 170/548/548 171/549/549
f 169/550/550 171/551/551 172/552/552
f 172/1147/1147 171/1148/1148 287/1149/1149
f 172/1150/1150 287/1151/1151 288/1152/1152
f 287/1153/1153 167/1154/1154 288/1155/1155
f 288/1156/1156 167/1157/1157 162/1158/1158
f 288/1159/1159 162/1160/1160 161/1161/1161
f 288/1162/1162 161/1163/1163 166/1164/1164
f 295/1525/1525 294/1526/1526 291/1527/1527
f 295/1528/1528 291/1529/1529 289/1530/1530
f 295/1531/1531 289/1532/1532 170/1533/1533
f 295/1534/1534 170/1535/1535 169/1536/1536
s 61
f 175/559/559 176/560/560 177/561/561
f 175/562/562 177/563/563 178/564/564
f 178/565/565 177/566/566 179/567/567
f 178/568/568 179/569/569 180/570/570
f 180/571/571 179/572/572 181/573/573
f 180/574/574 181/575/575 182/576/576
f 182/577/577 181/578/578 183/579/579
f 182/580/580 183/581/581 184/582/582
f 184/583/583 183/584/584 185/585/585
f 184/586/586 185/587/587 186/588/588
f 186/589/589 185/590/590 176/591/591
f 186/592/592 176/593/593 175/594/594
s 62
f 187/595/595 188/596/596 189/597/597
f 187/598/598 189/599/599 190/600/600
f 188/601/601 191/602/602 192/603/603
f 188/604/604 192/605/605 189/606/606
f 191/607/607 193/608/608 194/609/609
f 191/610/610 194/611/611 192/612/612
f 193/613/613 195/614/614 196/615/615
f 193/616/616 196/617/617 194/618/618
f 195/619/619 197/620/620 198/621/621
f 195/622/622 198/623/623 196/624/624
f 197/625/625 187/626/626 190/627/627
f 197/628/628 190/629/629 198/630/630
s 63
f 31/673/673 29/674/674 28/675/675
f 31/676/676 32/677/677 29/678/678
f 31/679/679 21/680/680 32/681/681
f 32/682/682 21/683/683 20/684/684
s 64
f 25/685/685 24/686/686 31/687/687
f 25/688/688 31/689/689 28/690/690
f 25/691/691 28/692/692 27/693/693
s 65
f 26/694/694 30/695/695 29/696/696
f 26/697/697 29/698/698 32/699/699
f 26/700/700 32/701/701 23/702/702
s 66
f 213/703/703 214/704/704 215/705/705
f 213/706/706 215/707/707 216/708/708
f 215/709/709 217/710/710 216/711/711
f 216/712/712 217/713/713 218/714/714
f 217/715/715 219/716/716 218/717/717
f 218/718/718 219/719/719 220/720/720
f 219/721/721 214/722/722 220/723/723
f 220/724/724 214/725/725 213/726/726
s 67
f 9/727/727 41/728/728 42/729/729
f 9/730/730 4/731/731 41/732/732
f 9/733/733 8/734/734 4/735/735
f 4/736/736 8/737/737 5/738/738
s 68
f 64/739/739 63/740/740 58/741/741
f 64/742/742 58/743/743 57/744/744
f 64/745/745 57/746/746 66/747/747
s 69
f 65/748/748 60/749/749 59/750/750
f 65/751/751 59/752/752 62/753/753
f 65/754/754 62/755/755 61/756/756
s 70
f 229/841/841 230/842/842 231/843/843
f 229/844/844 231/845/845 232/846/846
f 231/847/847 233/848/848 232/849/849
f 232/850/850 233/851/851 234/852/852
f 233/853/853 235/854/854 234/855/855
f 234/856/856 235/857/857 236/858/858
f 235/859/859 237/860/860 236/861/861
f 236/862/862 237/863/863 238/864/864
f 237/865/865 239/866/866 238/867/867
f 238/868/868 239/869/869 240/870/870
f 239/871/871 230/872/872 240/873/873
f 240/874/874 230/875/875 229/876/876
s 71
f 249/961/961 250/962/962 251/963/963
f 249/964/964 251/965/965 252/966/966
f 251/967/967 253/968/968 252/969/969
f 252/970/970 253/971/971 254/972/972
f 253/973/973 255/974/974 254/975/975
f 254/976/976 255/977/977 256/978/978
f 255/979/979 257/980/980 256/981/981
f 256/982/982 257/983/983 258/984/984
f 257/985/985 259/986/986 258/987/987
f 258/988/988 259/989/989 260/990/990
f 259/991/991 250/992/992 260/993/993
f 260/994/994 250/995/995 249/996/996
s 72
f 275/1111/1111 276/1112/1112 277/1113/1113
f 275/1114/1114 277/1115/1115 278/1116/1116
f 277/1117/1117 279/1118/1118 278/1119/1119
f 278/1120/1120 279/1121/1121 280/1122/1122
f 279/1123/1123 281/1124/1124 280/1125/1125
f 280/1126/1126 281/1127/1127 282/1128/1128
f 281/1129/1129 283/1130/1130 282/1131/1131
f 282/1132/1132 283/1133/1133 284/1134/1134
f 283/1135/1135 285/1136/1136 284/1137/1137
f 284/1138/1138 285/1139/1139 286/1140/1140
f 285/1141/1141 276/1142/1142 286/1143/1143
f 286/1144/1144 276/1145/1145 275/1146/1146
s 73
f 301/1261/1261 302/1262/1262 303/1263/1263
f 301/1264/1264 303/1265/1265 304/1266/1266
f 303/1267/1267 305/1268/1268 304/1269/1269
f 304/1270/1270 305/1271/1271 306/1272/1272
f 305/1273/1273 307/1274/1274 306/1275/1275
f 306/1276/1276 307/1277/1277 308/1278/1278
f 307/1279/1279 309/1280/1280 308/1281/1281
f 308/1282/1282 309/1283/1283 310/1284/1284
f 309/1285/1285 311/1286/1286 310/1287/1287
f 310/1288/1288 311/1289/1289 312/1290/1290
f 311/1291/1291 302/1292/1292 312/1293/1293
f 312/1294/1294 302/1295/1295 301/1296/1296
s 74
f 231/1393/1393 230/1394/1394 239/1395/1395
f 231/1396/1396 239/1397/1397 237/1398/1398
f 231/1399/1399 237/1400/1400 235/1401/1401
f 231/1402/1402 235/1403/1403 233/1404/1404
s 75
f 229/1405/1405 232/1406/1406 234/1407/1407
f 229/1408/1408 234/1409/1409 236/1410/1410
f 229/1411/1411 236/1412/1412 238/1413/1413
f 229/1414/1414 238/1415/1415 240/1416/1416
s 76
f 251/1417/1417 250/1418/1418 259/1419/1419
f 251/1420/1420 259/1421/1421 257/1422/1422
f 251/1423/1423 257/1424/1424 255/1425/1425
f 251/1426/1426 255/1427/1427 253/1428/1428
s 77
f 249/1429/1429 252/1430/1430 254/1431/1431
f 249/1432/1432 254/1433/1433 256/1434/1434
f 249/1435/1435 256/1436/1436 258/1437/1437
f 249/1438/1438 258/1439/1439 260/1440/1440
s 78
f 93/1441/1441 96/1442/1442 98/1443/1443
f 93/1444/1444 98/1445/1445 100/1446/1446
f 93/1447/1447 100/1448/1448 102/1449/1449
f 93/1450/1450 102/1451/1451 94/1452/1452
s 79
f 91/1453/1453 101/1454/1454 99/1455/1455
f 91/1456/1456 99/1457/1457 97/1458/1458
f 91/1459/1459 97/1460/1460 95/1461/1461
f 91/1462/1462 95/1463/1463 92/1464/1464
s 80
f 277/1477/1477 276/1478/1478 285/1479/1479
f 277/1480/1480 285/1481/1481 283/1482/1482
f 277/1483/1483 283/1484/1484 281/1485/1485
f 277/1486/1486 281/1487/1487 279/1488/1488
s 81
f 275/1489/1489 278/1490/1490 280/1491/1491
f 275/1492/1492 280/1493/1493 282/1494/1494
f 275/1495/1495 282/1496/1496 284/1497/1497
f 275/1498/1498 284/1499/1499 286/1500/1500
s 82
f 151/1501/1501 154/1502/1502 156/1503/1503
f 151/1504/1504 156/1505/1505 158/1506/1506
f 151/1507/1507 158/1508/1508 160/1509/1509
f 151/1510/1510 160/1511/1511 152/1512/1512
s 83
f 149/1513/1513 159/1514/1514 157/1515/1515
f 149/1516/1516 157/1517/1517 155/1518/1518
f 149/1519/1519 155/1520/1520 153/1521/1521
f 149/1522/1522 153/1523/1523 150/1524/1524
s 84
f 303/1537/1537 302/1538/1538 311/1539/1539
f 303/1540/1540 311/1541/1541 309/1542/1542
f 303/1543/1543 309/1544/1544 307/1545/1545
f 303/1546/1546 307/1547/1547 305/1548/1548
s 85
f 301/1549/1549 304/1550/1550 306/1551/1551
f 301/1552/1552 306/1553/1553 308/1554/1554
f 301/1555/1555 308/1556/1556 310/1557/1557
f 301/1558/1558 310/1559/1559 312/1560/1560
s 86
f 319/1561/1561 320/1562/1562 321/1563/1563
f 319/1564/1564 322/1565/1565 320/1566/1566
f 322/1567/1567 319/1568/1568 323/1569/1569
f 322/1570/1570 323/1571/1571 324/1572/1572
f 322/1573/1573 325/1574/1574 320/1575/1575
f 322/1576/1576 324/1577/1577 325/1578/1578
f 320/1579/1579 325/1580/1580 321/1581/1581
f 321/1582/1582 325/1583/1583 326/1584/1584
f 325/1585/1585 324/1586/1586 326/1587/1587
f 326/1588/1588 324/1589/1589 323/1590/1590
s 87
f 327/1591/1591 328/1592/1592 329/1593/1593
f 327/1594/1594 329/1595/1595 330/1596/1596
f 330/1597/1597 331/1598/1598 327/1599/1599
f 330/1600/1600 332/1601/1601 331/1602/1602
f 329/1603/1603 333/1604/1604 330/1605/1605
f 330/1606/1606 333/1607/1607 332/1608/1608
f 329/1609/1609 328/1610/1610 333/1611/1611
f 328/1612/1612 334/1613/1613 333/1614/1614
f 333/1615/1615 334/1616/1616 332/1617/1617
f 334/1618/1618 331/1619/1619 332/1620/1620
o bwheel,ox=-0.00,oy=3.22,oz=-9.31,p=base,
v -8.713522 4.131446 -7.734725
vn -1.392370 0.000000 0.000000
vt 0.711395264 0.665318012
v -8.713522 4.799636 -8.402914
vn -1.392370 0.000000 0.000000
vt 0.706756592 0.662622988
v -8.713522 3.218683 -9.315678
vn -1.392370 0.000000 0.000000
vt 0.714092731 0.655259013
vn -1.392370 0.000000 0.000000
vt 0.706756592 0.662622988
v -8.713522 5.044210 -9.315677
vn -1.392370 0.000000 0.000000
vt 0.704071045 0.657953978
vn -1.392370 0.000000 0.000000
vt 0.714092731 0.655259013
vn -1.392370 0.000000 0.000000
vt 0.704071045 0.657953978
v -8.713522 4.799635 -10.228441
vn -1.392370 0.000000 0.000000
vt 0.704070807 0.652562976
vn -1.392370 0.000000 0.000000
vt 0.714092731 0.655259013
vn -1.392370 0.000000 0.000000
vt 0.704070807 0.652562976
v -8.713522 4.131446 -10.896630
vn -1.392370 0.000000 0.000000
vt 0.706756115 0.647894025
vn -1.392370 0.000000 0.000000
vt 0.714092731 0.655259013
vn -1.392370 0.000000 0.000000
vt 0.706756115 0.647894025
v -8.713522 3.218683 -11.141203
vn -1.392370 0.000000 0.000000
vt 0.711394787 0.645199001
vn -1.392370 0.000000 0.000000
vt 0.714092731 0.655259013
vn -1.392370 0.000000 0.000000
vt 0.711394787 0.645199001
v -8.713522 2.305919 -10.896630
vn -1.392370 0.000000 0.000000
vt 0.716826916 0.645199001
vn -1.392370 0.000000 0.000000
vt 0.714092731 0.655259013
vn -1.392370 0.000000 0.000000
vt 0.716826916 0.645199001
v -8.713522 1.637730 -10.228443
vn -1.392370 0.000000 0.000000
vt 0.721465588 0.647894025
vn -1.392370 0.000000 0.000000
vt 0.714092731 0.655259013
vn -1.392370 0.000000 0.000000
vt 0.721465588 0.647894025
v -8.713522 1.393156 -9.315678
vn -1.392370 0.000000 0.000000
vt 0.724151611 0.652562976
vn -1.392370 0.000000 0.000000
vt 0.714092731 0.655259013
vn -1.392370 0.000000 0.000000
vt 0.724151611 0.652562976
v -8.713522 1.637729 -8.402915
vn -1.392370 0.000000 0.000000
vt 0.724151611 0.657953978
vn -1.392370 0.000000 0.000000
vt 0.714092731 0.655259013
vn -1.392370 0.000000 0.000000
vt 0.724151611 0.657953978
v -8.713522 2.305918 -7.734726
vn -1.392370 0.000000 0.000000
vt 0.721466064 0.662622988
vn -1.392370 0.000000 0.000000
vt 0.714092731 0.655259013
vn -1.392370 0.000000 0.000000
vt 0.721466064 0.662622988
v -8.713522 3.218683 -7.490151
vn -1.392370 0.000000 0.000000
vt 0.716827393 0.665318012
vn -1.392370 0.000000 0.000000
vt 0.714092731 0.655259013
vn -1.392370 0.000000 0.000000
vt 0.716827393 0.665318012
vn -1.392370 0.000000 0.000000
vt 0.711395264 0.665318012
vn -1.392370 0.000000 0.000000
vt 0.714092731 0.655259013
v 8.713521 4.131446 -7.734724
vn 1.392370 0.000000 0.000000
vt 0.711394787 0.665318012
v 8.713521 3.218683 -9.315676
vn 1.392370 0.000000 0.000000
vt 0.714092255 0.655259013
v 8.713521 4.799636 -8.402914
vn 1.392370 0.000000 0.000000
vt 0.706755698 0.662622988
vn 1.392370 0.000000 0.000000
vt 0.706755698 0.662622988
vn 1.392370 0.000000 0.000000
vt 0.714092255 0.655259013
v 8.713521 5.044210 -9.315676
vn 1.392370 0.000000 0.000000
vt 0.704069912 0.657953978
vn 1.392370 0.000000 0.000000
vt 0.704069912 0.657953978
vn 1.392370 0.000000 0.000000
vt 0.714092255 0.655259013
v 8.713521 4.799635 -10.228440
vn 1.392370 0.000000 0.000000
vt 0.704069912 0.652562976
vn 1.392370 0.000000 0.000000
vt 0.704069912 0.652562976
vn 1.392370 0.000000 0.000000
vt 0.714092255 0.655259013
v 8.713521 4.131446 -10.896629
vn 1.392370 0.000000 0.000000
vt 0.706755877 0.647894025
vn 1.392370 0.000000 0.000000
vt 0.706755877 0.647894025
vn 1.392370 0.000000 0.000000
vt 0.714092255 0.655259013
v 8.713521 3.218683 -11.141203
vn 1.392370 0.000000 0.000000
vt 0.711395264 0.645199001
vn 1.392370 0.000000 0.000000
vt 0.711395264 0.645199001
vn 1.392370 0.000000 0.000000
vt 0.714092255 0.655259013
v 8.713521 2.305919 -10.896628
vn 1.392370 0.000000 0.000000
vt 0.716827393 0.645199001
vn 1.392370 0.000000 0.000000
vt 0.716827393 0.645199001
vn 1.392370 0.000000 0.000000
vt 0.714092255 0.655259013
v 8.713521 1.637730 -10.228441
vn 1.392370 0.000000 0.000000
vt 0.721466064 0.647894025
vn 1.392370 0.000000 0.000000
vt 0.721466064 0.647894025
vn 1.392370 0.000000 0.000000
vt 0.714092255 0.655259013
v 8.713521 1.393156 -9.315678
vn 1.392370 0.000000 0.000000
vt 0.724151611 0.652562976
vn 1.392370 0.000000 0.000000
vt 0.724151611 0.652562976
vn 1.392370 0.000000 0.000000
vt 0.714092255 0.655259013
v 8.713521 1.637729 -8.402914
vn 1.392370 0.000000 0.000000
vt 0.724151611 0.657953978
vn 1.392370 0.000000 0.000000
vt 0.724151611 0.657953978
vn 1.392370 0.000000 0.000000
vt 0.714092255 0.655259013
v 8.713521 2.305918 -7.734725
vn 1.392370 0.000000 0.000000
vt 0.721466064 0.662622988
vn 1.392370 0.000000 0.000000
vt 0.721466064 0.662622988
vn 1.392370 0.000000 0.000000
vt 0.714092255 0.655259013
v 8.713521 3.218683 -7.490150
vn 1.392370 0.000000 0.000000
vt 0.716827393 0.665318012
vn 1.392370 0.000000 0.000000
vt 0.716827393 0.665318012
vn 1.392370 0.000000 0.000000
vt 0.714092255 0.655259013
vn 1.392370 0.000000 0.000000
vt 0.711394787 0.665318012
v -5.448947 3.218683 -5.807829
vn -0.000000 0.000000 1.392370
vt 0.802854359 0.511259019
v -5.448947 4.972607 -6.277792
vn -0.000000 0.696185 1.205792
vt 0.795469582 0.511259019
v -9.509957 4.972607 -6.277792
vn -0.000000 0.696185 1.205792
vt 0.803587019 0.531381011
vn -0.000000 0.000000 1.392370
vt 0.802854359 0.511259019
vn -0.000000 0.696185 1.205792
vt 0.803587019 0.531381011
v -9.509957 3.218683 -5.807829
vn -0.000000 0.000000 1.392370
vt 0.811032176 0.531381011
vn -0.000000 0.696185 1.205792
vt 0.795469582 0.511259019
v -5.448946 6.256566 -7.561753
vn -0.000000 1.205792 0.696185
vt 0.788023293 0.511259019
v -9.509957 6.256566 -7.561753
vn -0.000000 1.205792 0.696185
vt 0.796140969 0.531381011
vn -0.000000 0.696185 1.205792
vt 0.795469582 0.511259019
vn -0.000000 1.205792 0.696185
vt 0.796140969 0.531381011
vn -0.000000 0.696185 1.205792
vt 0.803587019 0.531381011
vn -0.000000 1.205792 0.696185
vt 0.788023293 0.511259019
v -5.448946 6.726527 -9.315677
vn 0.000000 1.392370 -0.000000
vt 0.780577242 0.511259019
v -9.509957 6.726528 -9.315677
vn 0.000000 1.392370 -0.000000
vt 0.788694918 0.531381011
vn -0.000000 1.205792 0.696185
vt 0.788023293 0.511259019
vn 0.000000 1.392370 -0.000000
vt 0.788694918 0.531381011
vn -0.000000 1.205792 0.696185
vt 0.796140969 0.531381011
vn 0.000000 1.392370 -0.000000
vt 0.780577242 0.511259019
v -5.448946 6.256566 -11.069602
vn 0.000000 1.205792 -0.696185
vt 0.773130953 0.511259019
v -9.509957 6.256566 -11.069602
vn 0.000000 1.205792 -0.696185
vt 0.781248629 0.531381011
vn 0.000000 1.392370 -0.000000
vt 0.780577242 0.511259019
vn 0.000000 1.205792 -0.696185
vt 0.781248629 0.531381011
vn 0.000000 1.392370 -0.000000
vt 0.788694918 0.531381011
vn 0.000000 1.205792 -0.696185
vt 0.773130953 0.511259019
v -5.448947 4.972607 -12.353563
vn 0.000000 0.696185 -1.205792
vt 0.765684664 0.511259019
v -9.509957 4.972607 -12.353563
vn 0.000000 0.696185 -1.205792
vt 0.773863375 0.531381011
vn 0.000000 1.205792 -0.696185
vt 0.773130953 0.511259019
vn 0.000000 0.696185 -1.205792
vt 0.773863375 0.531381011
vn 0.000000 1.205792 -0.696185
vt 0.781248629 0.531381011
vn 0.000000 0.696185 -1.205792
vt 0.765684664 0.511259019
v -5.448947 3.218683 -12.823525
vn 0.000000 0.000000 -1.392370
vt 0.758238137 0.511259019
v -9.509957 3.218683 -12.823525
vn 0.000000 0.000000 -1.392370
vt 0.766417086 0.531381011
vn 0.000000 0.696185 -1.205792
vt 0.765684664 0.511259019
vn 0.000000 0.000000 -1.392370
vt 0.766417086 0.531381011
vn 0.000000 0.696185 -1.205792
vt 0.773863375 0.531381011
vn 0.000000 0.000000 -1.392370
vt 0.758238137 0.511259019
v -5.448947 1.464759 -12.353563
vn -0.000000 -0.696185 -1.205792
vt 0.750850379 0.511259019
v -9.509957 1.464759 -12.353563
vn -0.000000 -0.696185 -1.205792
vt 0.758968711 0.531381011
vn 0.000000 0.000000 -1.392370
vt 0.758238137 0.511259019
vn -0.000000 -0.696185 -1.205792
vt 0.758968711 0.531381011
vn 0.000000 0.000000 -1.392370
vt 0.766417086 0.531381011
vn -0.000000 -0.696185 -1.205792
vt 0.750850379 0.511259019
v -5.448947 0.180796 -11.069603
vn -0.000000 -1.205792 -0.696185
vt 0.743402898 0.511259019
v -9.509957 0.180796 -11.069603
vn -0.000000 -1.205792 -0.696185
vt 0.751521051 0.531381011
vn -0.000000 -0.696185 -1.205792
vt 0.750850379 0.511259019
vn -0.000000 -1.205792 -0.696185
vt 0.751521051 0.531381011
vn -0.000000 -0.696185 -1.205792
vt 0.758968711 0.531381011
vn -0.000000 -1.205792 -0.696185
vt 0.743402898 0.511259019
v -5.448947 -0.289167 -9.315679
vn -0.000000 -1.392370 0.000000
vt 0.735956192 0.511259019
v -9.509957 -0.289166 -9.315679
vn -0.000000 -1.392370 0.000000
vt 0.744074106 0.531381011
vn -0.000000 -1.205792 -0.696185
vt 0.743402898 0.511259019
vn -0.000000 -1.392370 0.000000
vt 0.744074106 0.531381011
vn -0.000000 -1.205792 -0.696185
vt 0.751521051 0.531381011
vn -0.000000 -1.392370 0.000000
vt 0.735956192 0.511259019
v -5.448947 0.180795 -7.561755
vn -0.000000 -1.205792 0.696185
vt 0.728509903 0.511259019
v -9.509957 0.180795 -7.561755
vn -0.000000 -1.205792 0.696185
vt 0.736627817 0.531381011
vn -0.000000 -1.392370 0.000000
vt 0.735956192 0.511259019
vn -0.000000 -1.205792 0.696185
vt 0.736627817 0.531381011
vn -0.000000 -1.392370 0.000000
vt 0.744074106 0.531381011
vn -0.000000 -1.205792 0.696185
vt 0.817743719 0.511259019
v -5.448947 1.464756 -6.277793
vn -0.000000 -0.696185 1.205792
vt 0.810298145 0.511259019
v -9.509957 1.464756 -6.277793
vn -0.000000 -0.696185 1.205792
vt 0.818476617 0.531381011
vn -0.000000 -1.205792 0.696185
vt 0.817743719 0.511259019
vn -0.000000 -0.696185 1.205792
vt 0.818476617 0.531381011
vn -0.000000 -1.205792 0.696185
vt 0.825861394 0.531381011
vn -0.000000 -0.696185 1.205792
vt 0.810298145 0.511259019
vn -0.000000 0.000000 1.392370
vt 0.802854359 0.511259019
vn -0.000000 0.000000 1.392370
vt 0.811032176 0.531381011
vn -0.000000 -0.696185 1.205792
vt 0.810298145 0.511259019
vn -0.000000 0.000000 1.392370
vt 0.811032176 0.531381011
vn -0.000000 -0.696185 1.205792
vt 0.818476617 0.531381011
v -9.912601 3.218683 -11.141203
vn -0.000000 0.000000 1.392370
vt 0.814857423 0.509889007
vn -0.000000 0.000000 1.392370
vt 0.814847350 0.501869023
vn -0.000000 -0.696185 1.205792
vt 0.806851745 0.501869023
vn -0.000000 0.000000 1.392370
vt 0.814857423 0.509889007
vn -0.000000 -0.696185 1.205792
vt 0.806851745 0.501869023
v -9.912601 4.131446 -10.896630
vn -0.000000 -0.696185 1.205792
vt 0.806861818 0.509889007
v -9.912601 3.218683 -7.490151
vn -1.354080 0.000000 0.324144
vt 0.700559258 0.508324981
vn -1.354080 0.000000 0.324144
vt 0.700559258 0.514545023
vn -1.354080 0.162072 0.280702
vt 0.838620782 0.514545023
vn -1.354080 0.000000 0.324144
vt 0.700559258 0.508324981
vn -1.354080 0.162072 0.280702
vt 0.838620782 0.514545023
v -9.912601 4.131446 -7.734725
vn -1.354080 0.162072 0.280702
vt 0.838620782 0.508324981
vn -1.354080 0.162072 0.280702
vt 0.700559437 0.508324981
vn -1.354080 0.162072 0.280702
vt 0.700559437 0.514545023
vn -1.354080 0.280702 0.162072
vt 0.838620961 0.514545023
vn -1.354080 0.162072 0.280702
vt 0.700559437 0.508324981
vn -1.354080 0.280702 0.162072
vt 0.838620961 0.514545023
v -9.912601 4.799636 -8.402914
vn -1.354080 0.280702 0.162072
vt 0.838620961 0.508324981
vn -1.354080 0.280702 0.162072
vt 0.700559676 0.508324981
vn -1.354080 0.280702 0.162072
vt 0.700559676 0.514545023
vn -1.354080 0.324144 0.000000
vt 0.838621199 0.514545023
vn -1.354080 0.280702 0.162072
vt 0.700559676 0.508324981
vn -1.354080 0.324144 0.000000
vt 0.838621199 0.514545023
v -9.912601 5.044210 -9.315677
vn -1.354080 0.324144 0.000000
vt 0.838621199 0.508324981
vn -1.354080 0.324144 0.000000
vt 0.700559676 0.508324981
vn -1.354080 0.324144 0.000000
vt 0.700559676 0.514545023
vn -1.354080 0.280702 -0.162072
vt 0.838621199 0.514545023
vn -1.354080 0.324144 0.000000
vt 0.700559676 0.508324981
vn -1.354080 0.280702 -0.162072
vt 0.838621199 0.514545023
v -9.912601 4.799635 -10.228441
vn -1.354080 0.280702 -0.162072
vt 0.838621199 0.508324981
vn -1.354080 0.280702 -0.162072
vt 0.700559437 0.508324981
vn -1.354080 0.280702 -0.162072
vt 0.700559676 0.514545023
vn -1.354080 0.162072 -0.280702
vt 0.838621199 0.514545023
vn -1.354080 0.280702 -0.162072
vt 0.700559437 0.508324981
vn -1.354080 0.162072 -0.280702
vt 0.838621199 0.514545023
vn -1.354080 0.162072 -0.280702
vt 0.838621199 0.508324981
vn -1.354080 0.162072 -0.280702
vt 0.700559437 0.508324981
vn -1.354080 0.162072 -0.280702
vt 0.700559437 0.514545023
vn -1.354080 0.000000 -0.324144
vt 0.838620961 0.514545023
vn -1.354080 0.162072 -0.280702
vt 0.700559437 0.508324981
vn -1.354080 0.000000 -0.324144
vt 0.838620961 0.514545023
vn -1.354080 0.000000 -0.324144
vt 0.838620961 0.508324981
vn -1.354080 0.000000 -0.324144
vt 0.700559258 0.508324981
vn -1.354080 0.000000 -0.324144
vt 0.700559258 0.514545023
vn -1.354080 -0.162072 -0.280702
vt 0.838620782 0.514545023
vn -1.354080 0.000000 -0.324144
vt 0.700559258 0.508324981
vn -1.354080 -0.162072 -0.280702
vt 0.838620782 0.514545023
v -9.912601 2.305919 -10.896630
vn -1.354080 -0.162072 -0.280702
vt 0.838620782 0.508324981
vn -1.354080 -0.162072 -0.280702
vt 0.700559020 0.508324981
vn -1.354080 -0.162072 -0.280702
vt 0.700559020 0.514545023
vn -1.354080 -0.280702 -0.162072
vt 0.838620543 0.514545023
vn -1.354080 -0.162072 -0.280702
vt 0.700559020 0.508324981
vn -1.354080 -0.280702 -0.162072
vt 0.838620543 0.514545023
v -9.912601 1.637730 -10.228443
vn -1.354080 -0.280702 -0.162072
vt 0.838620543 0.508324981
vn -1.354080 -0.280702 -0.162072
vt 0.700558782 0.508324981
vn -1.354080 -0.280702 -0.162072
vt 0.700558782 0.514545023
vn -1.354080 -0.324144 0.000000
vt 0.838620305 0.514545023
vn -1.354080 -0.280702 -0.162072
vt 0.700558782 0.508324981
vn -1.354080 -0.324144 0.000000
vt 0.838620305 0.514545023
v -9.912601 1.393156 -9.315678
vn -1.354080 -0.324144 0.000000
vt 0.838620305 0.508324981
vn -1.354080 -0.324144 0.000000
vt 0.700558543 0.508324981
vn -1.354080 -0.324144 0.000000
vt 0.700558543 0.514545023
vn -1.354080 -0.280702 0.162072
vt 0.838620067 0.514545023
vn -1.354080 -0.324144 0.000000
vt 0.700558543 0.508324981
vn -1.354080 -0.280702 0.162072
vt 0.838620067 0.514545023
v -9.912601 1.637729 -8.402915
vn -1.354080 -0.280702 0.162072
vt 0.838620305 0.508324981
vn -1.354080 -0.280702 0.162072
vt 0.700558782 0.508324981
vn -1.354080 -0.280702 0.162072
vt 0.700558782 0.514545023
vn -1.354080 -0.162072 0.280702
vt 0.838620305 0.514545023
vn -1.354080 -0.280702 0.162072
vt 0.700558782 0.508324981
vn -1.354080 -0.162072 0.280702
vt 0.838620305 0.514545023
v -9.912601 2.305918 -7.734726
vn -1.354080 -0.162072 0.280702
vt 0.838620305 0.508324981
vn -1.354080 -0.162072 0.280702
vt 0.700559020 0.508324981
vn -1.354080 -0.162072 0.280702
vt 0.700559020 0.514545023
vn -1.354080 0.000000 0.324144
vt 0.838620543 0.514545023
vn -1.354080 -0.162072 0.280702
vt 0.700559020 0.508324981
vn -1.354080 0.000000 0.324144
vt 0.838620543 0.514545023
vn -1.354080 0.000000 0.324144
vt 0.838620543 0.508324981
vn -0.000000 -1.392370 0.000000
vt 0.168353319 0.682594001
vn -0.000000 -1.205792 -0.696185
vt 0.167498827 0.682594001
v -4.628866 1.637730 -10.228443
vn -0.000000 -1.205792 -0.696185
vt 0.167524979 0.681719005
vn -0.000000 -1.392370 0.000000
vt 0.168353319 0.682594001
vn -0.000000 -1.205792 -0.696185
vt 0.167524979 0.681719005
v -4.628866 1.393156 -9.315678
vn -0.000000 -1.392370 0.000000
vt 0.168379247 0.681719005
vn -0.000000 -1.392370 0.000000
vt 0.814857423 0.509889007
vn -0.000000 -1.392370 0.000000
vt 0.814847589 0.501869023
vn -0.000000 -1.205792 -0.696185
vt 0.806851983 0.501869023
vn -0.000000 -1.392370 0.000000
vt 0.814857423 0.509889007
vn -0.000000 -1.205792 -0.696185
vt 0.806851983 0.501869023
vn -0.000000 -1.205792 -0.696185
vt 0.806861818 0.509889007
vn 0.000000 1.205792 -0.696185
vt 0.814858317 0.509889007
vn 0.000000 1.205792 -0.696185
vt 0.814847589 0.501869023
vn 0.000000 1.392370 -0.000000
vt 0.806851983 0.501869023
vn 0.000000 1.205792 -0.696185
vt 0.814858317 0.509889007
vn 0.000000 1.392370 -0.000000
vt 0.806851983 0.501869023
vn 0.000000 1.392370 -0.000000
vt 0.806862712 0.509889007
vn -0.000000 0.696185 1.205792
vt 0.814858139 0.509889007
vn -0.000000 0.696185 1.205792
vt 0.814847350 0.501869023
vn -0.000000 0.000000 1.392370
vt 0.806851745 0.501869023
vn -0.000000 0.696185 1.205792
vt 0.814858139 0.509889007
vn -0.000000 0.000000 1.392370
vt 0.806851745 0.501869023
vn -0.000000 0.000000 1.392370
vt 0.806862533 0.509889007
vn -0.000000 -1.205792 0.696185
vt 0.814857185 0.509889007
vn -0.000000 -1.205792 0.696185
vt 0.814847350 0.501869023
vn -0.000000 -1.392370 0.000000
vt 0.806851983 0.501869023
vn -0.000000 -1.205792 0.696185
vt 0.814857185 0.509889007
vn -0.000000 -1.392370 0.000000
vt 0.806851983 0.501869023
vn -0.000000 -1.392370 0.000000
vt 0.806861579 0.509889007
vn 0.000000 0.696185 -1.205792
vt 0.814858317 0.509889007
vn 0.000000 0.696185 -1.205792
vt 0.814847589 0.501869023
vn 0.000000 1.205792 -0.696185
vt 0.806851983 0.501869023
vn 0.000000 0.696185 -1.205792
vt 0.814858317 0.509889007
vn 0.000000 1.205792 -0.696185
vt 0.806851983 0.501869023
vn 0.000000 1.205792 -0.696185
vt 0.806862950 0.509889007
vn -0.000000 -0.696185 -1.205792
vt 0.814858139 0.509889007
vn -0.000000 -0.696185 -1.205792
vt 0.814847767 0.501869023
vn 0.000000 0.000000 -1.392370
vt 0.806851983 0.501869023
vn -0.000000 -0.696185 -1.205792
vt 0.814858139 0.509889007
vn 0.000000 0.000000 -1.392370
vt 0.806851983 0.501869023
vn 0.000000 0.000000 -1.392370
vt 0.806862295 0.509889007
vn -0.000000 1.205792 0.696185
vt 0.814858139 0.509889007
vn -0.000000 1.205792 0.696185
vt 0.814847350 0.501869023
vn -0.000000 0.696185 1.205792
vt 0.806851745 0.501869023
vn -0.000000 1.205792 0.696185
vt 0.814858139 0.509889007
vn -0.000000 0.696185 1.205792
vt 0.806851745 0.501869023
vn -0.000000 0.696185 1.205792
vt 0.806862533 0.509889007
vn -0.000000 -0.696185 1.205792
vt 0.814857185 0.509889007
vn -0.000000 -0.696185 1.205792
vt 0.814847350 0.501869023
vn -0.000000 -1.205792 0.696185
vt 0.806851745 0.501869023
vn -0.000000 -0.696185 1.205792
vt 0.814857185 0.509889007
vn -0.000000 -1.205792 0.696185
vt 0.806851745 0.501869023
vn -0.000000 -1.205792 0.696185
vt 0.806861579 0.509889007
vn 0.000000 0.000000 -1.392370
vt 0.814858317 0.509889007
vn 0.000000 0.000000 -1.392370
vt 0.814847589 0.501869023
vn 0.000000 0.696185 -1.205792
vt 0.806851983 0.501869023
vn 0.000000 0.000000 -1.392370
vt 0.814858317 0.509889007
vn 0.000000 0.696185 -1.205792
vt 0.806851983 0.501869023
vn 0.000000 0.696185 -1.205792
vt 0.806862712 0.509889007
vn -0.000000 -1.205792 -0.696185
vt 0.814857423 0.509889007
vn -0.000000 -1.205792 -0.696185
vt 0.814847589 0.501869023
vn -0.000000 -0.696185 -1.205792
vt 0.806851983 0.501869023
vn -0.000000 -1.205792 -0.696185
vt 0.814857423 0.509889007
vn -0.000000 -0.696185 -1.205792
vt 0.806851983 0.501869023
vn -0.000000 -0.696185 -1.205792
vt 0.806861818 0.509889007
vn 0.000000 1.392370 -0.000000
vt 0.814858317 0.509889007
vn 0.000000 1.392370 -0.000000
vt 0.814847589 0.501869023
vn -0.000000 1.205792 0.696185
vt 0.806851745 0.501869023
vn 0.000000 1.392370 -0.000000
vt 0.814858317 0.509889007
vn -0.000000 1.205792 0.696185
vt 0.806851745 0.501869023
vn -0.000000 1.205792 0.696185
vt 0.806862533 0.509889007
v -4.628866 2.871362 -9.917253
vn -0.000000 -0.696185 -1.205792
vt 0.769508064 0.110377997
v -4.628866 3.218683 -10.010317
vn 0.000000 0.000000 -1.392370
vt 0.779639900 0.110377997
v -2.401227 3.218683 -10.010317
vn 0.000000 0.000000 -1.392370
vt 0.779655516 0.120509997
vn -0.000000 -0.696185 -1.205792
vt 0.769508064 0.110377997
vn 0.000000 0.000000 -1.392370
vt 0.779655516 0.120509997
v -2.401227 2.871362 -9.917253
vn -0.000000 -0.696185 -1.205792
vt 0.769523680 0.120509997
vn 0.000000 0.000000 -1.392370
vt 0.168353319 0.682594001
vn 0.000000 0.696185 -1.205792
vt 0.167498827 0.682594001
v -4.628866 4.131446 -10.896630
vn 0.000000 0.696185 -1.205792
vt 0.167528883 0.681719005
vn 0.000000 0.000000 -1.392370
vt 0.168353319 0.682594001
vn 0.000000 0.696185 -1.205792
vt 0.167528883 0.681719005
v -4.628866 3.218683 -11.141203
vn 0.000000 0.000000 -1.392370
vt 0.168383151 0.681719005
vn 0.000000 1.392370 -0.000000
vt 0.168353319 0.682594001
vn -0.000000 1.205792 0.696185
vt 0.167498827 0.682594001
v -4.628866 4.799636 -8.402914
vn -0.000000 1.205792 0.696185
vt 0.167528659 0.681719005
vn 0.000000 1.392370 -0.000000
vt 0.168353319 0.682594001
vn -0.000000 1.205792 0.696185
vt 0.167528659 0.681719005
v -4.628866 5.044210 -9.315677
vn 0.000000 1.392370 -0.000000
vt 0.168383151 0.681719005
vn -0.000000 -1.205792 0.696185
vt 0.168353319 0.682594001
vn -0.000000 -1.392370 0.000000
vt 0.167498827 0.682594001
vn -0.000000 -1.392370 0.000000
vt 0.167524755 0.681719005
vn -0.000000 -1.205792 0.696185
vt 0.168353319 0.682594001
vn -0.000000 -1.392370 0.000000
vt 0.167524755 0.681719005
v -4.628866 1.637729 -8.402915
vn -0.000000 -1.205792 0.696185
vt 0.168379247 0.681719005
vn -0.000000 -0.696185 -1.205792
vt 0.168353319 0.682594001
vn 0.000000 0.000000 -1.392370
vt 0.167498827 0.682594001
vn 0.000000 0.000000 -1.392370
vt 0.167527735 0.681719005
vn -0.000000 -0.696185 -1.205792
vt 0.168353319 0.682594001
vn 0.000000 0.000000 -1.392370
vt 0.167527735 0.681719005
v -4.628866 2.305919 -10.896630
vn -0.000000 -0.696185 -1.205792
vt 0.168382227 0.681719005
vn 0.000000 1.205792 -0.696185
vt 0.168353319 0.682594001
vn 0.000000 1.392370 -0.000000
vt 0.167498827 0.682594001
vn 0.000000 1.392370 -0.000000
vt 0.167528659 0.681719005
vn 0.000000 1.205792 -0.696185
vt 0.168353319 0.682594001
vn 0.000000 1.392370 -0.000000
vt 0.167528659 0.681719005
v -4.628866 4.799635 -10.228441
vn 0.000000 1.205792 -0.696185
vt 0.168383151 0.681719005
vn -0.000000 -0.696185 1.205792
vt 0.168353319 0.682594001
vn -0.000000 -1.205792 0.696185
vt 0.167498827 0.682594001
vn -0.000000 -1.205792 0.696185
vt 0.167524979 0.681719005
vn -0.000000 -0.696185 1.205792
vt 0.168353319 0.682594001
vn -0.000000 -1.205792 0.696185
vt 0.167524979 0.681719005
v -4.628866 2.305918 -7.734726
vn -0.000000 -0.696185 1.205792
vt 0.168379933 0.681719005
vn -0.000000 0.696185 1.205792
vt 0.168353319 0.682594001
vn -0.000000 0.000000 1.392370
vt 0.167498827 0.682594001
v -4.628866 3.218683 -7.490151
vn -0.000000 0.000000 1.392370
vt 0.167528659 0.681719005
vn -0.000000 0.696185 1.205792
vt 0.168353319 0.682594001
vn -0.000000 0.000000 1.392370
vt 0.167528659 0.681719005
v -4.628866 4.131446 -7.734725
vn -0.000000 0.696185 1.205792
vt 0.168383151 0.681719005
vn -0.000000 -1.205792 -0.696185
vt 0.168353319 0.682594001
vn -0.000000 -0.696185 -1.205792
vt 0.167498827 0.682594001
vn -0.000000 -0.696185 -1.205792
vt 0.167525679 0.681719005
vn -0.000000 -1.205792 -0.696185
vt 0.168353319 0.682594001
vn -0.000000 -0.696185 -1.205792
vt 0.167525679 0.681719005
vn -0.000000 -1.205792 -0.696185
vt 0.168380171 0.681719005
vn 0.000000 0.696185 -1.205792
vt 0.168353319 0.682594001
vn 0.000000 1.205792 -0.696185
vt 0.167498827 0.682594001
vn 0.000000 1.205792 -0.696185
vt 0.167528659 0.681719005
vn 0.000000 0.696185 -1.205792
vt 0.168353319 0.682594001
vn 0.000000 1.205792 -0.696185
vt 0.167528659 0.681719005
vn 0.000000 0.696185 -1.205792
vt 0.168383151 0.681719005
vn -0.000000 0.000000 1.392370
vt 0.168353319 0.682594001
vn -0.000000 -0.696185 1.205792
vt 0.167498827 0.682594001
vn -0.000000 -0.696185 1.205792
vt 0.167526364 0.681719005
vn -0.000000 0.000000 1.392370
vt 0.168353319 0.682594001
vn -0.000000 -0.696185 1.205792
vt 0.167526364 0.681719005
vn -0.000000 0.000000 1.392370
vt 0.168381080 0.681719005
vn -0.000000 1.205792 0.696185
vt 0.168353319 0.682594001
vn -0.000000 0.696185 1.205792
vt 0.167498827 0.682594001
vn -0.000000 0.696185 1.205792
vt 0.167528659 0.681719005
vn -0.000000 1.205792 0.696185
vt 0.168353319 0.682594001
vn -0.000000 0.696185 1.205792
vt 0.167528659 0.681719005
vn -0.000000 1.205792 0.696185
vt 0.168383151 0.681719005
vn 1.356029 0.000000 0.315789
vt 0.871209383 0.513463020
v -4.632047 3.218683 -9.315678
vn 1.392370 0.000000 0.000000
vt 0.725787401 0.501972020
vn 1.356029 0.157895 0.273461
vt 0.725701809 0.513453007
vn 1.356029 0.157895 0.273461
vt 0.871209860 0.513463020
vn 1.392370 0.000000 0.000000
vt 0.725787401 0.501972020
vn 1.356029 0.273461 0.157895
vt 0.725702047 0.513453007
vn 1.356029 0.273461 0.157895
vt 0.871210098 0.513463020
vn 1.392370 0.000000 0.000000
vt 0.725787401 0.501972020
vn 1.356029 0.315789 -0.000000
vt 0.725702703 0.513453007
vn 1.356029 0.315789 -0.000000
vt 0.871210515 0.513463020
vn 1.392370 0.000000 0.000000
vt 0.725787401 0.501972020
vn 1.356029 0.273461 -0.157895
vt 0.725702286 0.513453007
vn 1.356029 0.273461 -0.157895
vt 0.871210098 0.513463020
vn 1.392370 0.000000 0.000000
vt 0.725787401 0.501972020
vn 1.356029 0.157895 -0.273461
vt 0.725702047 0.513453007
vn 1.356029 0.157895 -0.273461
vt 0.871209621 0.513463020
vn 1.392370 0.000000 0.000000
vt 0.725787401 0.501972020
vn 1.356029 0.000000 -0.315789
vt 0.725701809 0.513453007
vn 1.356029 0.000000 -0.315789
vt 0.871209383 0.513463020
vn 1.392370 0.000000 0.000000
vt 0.725787401 0.501972020
vn 1.356029 -0.157895 -0.273461
vt 0.725701332 0.513453007
vn 1.356029 -0.157895 -0.273461
vt 0.871208727 0.513463020
vn 1.392370 0.000000 0.000000
vt 0.725787401 0.501972020
vn 1.356029 -0.273461 -0.157895
vt 0.725700915 0.513453007
vn 1.356029 -0.273461 -0.157895
vt 0.871208489 0.513463020
vn 1.392370 0.000000 0.000000
vt 0.725787401 0.501972020
vn 1.356029 -0.315789 0.000000
vt 0.725700676 0.513453007
vn 1.356029 -0.315789 0.000000
vt 0.871208489 0.513463020
vn 1.392370 0.000000 0.000000
vt 0.725787401 0.501972020
vn 1.356029 -0.273461 0.157895
vt 0.725700676 0.513453007
vn 1.356029 -0.273461 0.157895
vt 0.871208727 0.513463020
vn 1.392370 0.000000 0.000000
vt 0.725787401 0.501972020
vn 1.356029 -0.157895 0.273461
vt 0.725700915 0.513453007
vn 1.356029 -0.157895 0.273461
vt 0.871208966 0.513463020
vn 1.392370 0.000000 0.000000
vt 0.725787401 0.501972020
vn 1.356029 0.000000 0.315789
vt 0.725701332 0.513453007
v -4.628866 3.218683 -8.621037
vn 1.392370 0.000000 0.000000
vt 0.167642236 0.688374996
v -4.628866 3.566004 -8.714101
vn 1.392370 0.000000 0.000000
vt 0.165202200 0.688374996
vn 1.392370 0.000000 0.000000
vt 0.163197681 0.680962980
vn 1.392370 0.000000 0.000000
vt 0.167642236 0.688374996
vn 1.392370 0.000000 0.000000
vt 0.163197681 0.680962980
vn 1.392370 0.000000 0.000000
vt 0.169606373 0.680962980
vn 1.392370 0.000000 0.000000
vt 0.165202200 0.688374996
v -4.628866 3.820260 -8.968357
vn 1.392370 0.000000 0.000000
vt 0.163066208 0.689594984
vn 1.392370 0.000000 0.000000
vt 0.157643706 0.684168994
vn 1.392370 0.000000 0.000000
vt 0.165202200 0.688374996
vn 1.392370 0.000000 0.000000
vt 0.157643706 0.684168994
vn 1.392370 0.000000 0.000000
vt 0.163197681 0.680962980
vn 1.392370 0.000000 0.000000
vt 0.163066208 0.689594984
v -4.628866 3.913323 -9.315677
vn 1.392370 0.000000 0.000000
vt 0.161845505 0.691708028
vn 1.392370 0.000000 0.000000
vt 0.154471263 0.689722002
vn 1.392370 0.000000 0.000000
vt 0.163066208 0.689594984
vn 1.392370 0.000000 0.000000
vt 0.154471263 0.689722002
vn 1.392370 0.000000 0.000000
vt 0.157643706 0.684168994
vn 1.392370 0.000000 0.000000
vt 0.161845505 0.691708028
v -4.628866 3.820260 -9.662998
vn 1.392370 0.000000 0.000000
vt 0.161845505 0.694148004
vn 1.392370 0.000000 0.000000
vt 0.154470339 0.696134984
vn 1.392370 0.000000 0.000000
vt 0.161845505 0.691708028
vn 1.392370 0.000000 0.000000
vt 0.154470339 0.696134984
vn 1.392370 0.000000 0.000000
vt 0.154471263 0.689722002
vn 1.392370 0.000000 0.000000
vt 0.161845505 0.694148004
v -4.628866 3.566004 -9.917254
vn 1.392370 0.000000 0.000000
vt 0.163066208 0.696262002
vn 1.392370 0.000000 0.000000
vt 0.157643706 0.701687992
vn 1.392370 0.000000 0.000000
vt 0.161845505 0.694148004
vn 1.392370 0.000000 0.000000
vt 0.157643706 0.701687992
vn 1.392370 0.000000 0.000000
vt 0.154470339 0.696134984
vn 1.392370 0.000000 0.000000
vt 0.163066208 0.696262002
vn 1.392370 0.000000 0.000000
vt 0.165201053 0.697481990
vn 1.392370 0.000000 0.000000
vt 0.163197681 0.704894006
vn 1.392370 0.000000 0.000000
vt 0.163066208 0.696262002
vn 1.392370 0.000000 0.000000
vt 0.163197681 0.704894006
vn 1.392370 0.000000 0.000000
vt 0.157643706 0.701687992
vn 1.392370 0.000000 0.000000
vt 0.165201053 0.697481990
vn 1.392370 0.000000 0.000000
vt 0.167642459 0.697481990
vn 1.392370 0.000000 0.000000
vt 0.169606373 0.704894006
vn 1.392370 0.000000 0.000000
vt 0.165201053 0.697481990
vn 1.392370 0.000000 0.000000
vt 0.169606373 0.704894006
vn 1.392370 0.000000 0.000000
vt 0.163197681 0.704894006
vn 1.392370 0.000000 0.000000
vt 0.167642459 0.697481990
v -4.628866 2.617106 -9.662998
vn 1.392370 0.000000 0.000000
vt 0.169717431 0.696262002
vn 1.392370 0.000000 0.000000
vt 0.175160572 0.701687992
vn 1.392370 0.000000 0.000000
vt 0.167642459 0.697481990
vn 1.392370 0.000000 0.000000
vt 0.175160572 0.701687992
vn 1.392370 0.000000 0.000000
vt 0.169606373 0.704894006
vn 1.392370 0.000000 0.000000
vt 0.169717431 0.696262002
v -4.628866 2.524042 -9.315678
vn 1.392370 0.000000 0.000000
vt 0.170938134 0.694148004
vn 1.392370 0.000000 0.000000
vt 0.178395435 0.696134984
vn 1.392370 0.000000 0.000000
vt 0.169717431 0.696262002
vn 1.392370 0.000000 0.000000
vt 0.178395435 0.696134984
vn 1.392370 0.000000 0.000000
vt 0.175160572 0.701687992
vn 1.392370 0.000000 0.000000
vt 0.170938134 0.694148004
v -4.628866 2.617106 -8.968357
vn 1.392370 0.000000 0.000000
vt 0.170938134 0.691708028
vn 1.392370 0.000000 0.000000
vt 0.178395435 0.689722002
vn 1.392370 0.000000 0.000000
vt 0.170938134 0.694148004
vn 1.392370 0.000000 0.000000
vt 0.178395435 0.689722002
vn 1.392370 0.000000 0.000000
vt 0.178395435 0.696134984
vn 1.392370 0.000000 0.000000
vt 0.170938134 0.691708028
v -4.628866 2.871362 -8.714101
vn 1.392370 0.000000 0.000000
vt 0.169717431 0.689594984
vn 1.392370 0.000000 0.000000
vt 0.175160572 0.684168994
vn 1.392370 0.000000 0.000000
vt 0.170938134 0.691708028
vn 1.392370 0.000000 0.000000
vt 0.175160572 0.684168994
vn 1.392370 0.000000 0.000000
vt 0.178395435 0.689722002
vn 1.392370 0.000000 0.000000
vt 0.169717431 0.689594984
vn 1.392370 0.000000 0.000000
vt 0.167642236 0.688374996
vn 1.392370 0.000000 0.000000
vt 0.169606373 0.680962980
vn 1.392370 0.000000 0.000000
vt 0.169717431 0.689594984
vn 1.392370 0.000000 0.000000
vt 0.169606373 0.680962980
vn 1.392370 0.000000 0.000000
vt 0.175160572 0.684168994
v -2.401227 3.566004 -8.714101
vn 1.392370 0.000000 0.000000
vt 0.169303492 0.704748988
v -2.401227 3.218683 -8.621037
vn 1.392370 0.000000 0.000000
vt 0.162772730 0.704748988
v -2.401227 2.871362 -8.714101
vn 1.392370 0.000000 0.000000
vt 0.157157272 0.701502025
vn 1.392370 0.000000 0.000000
vt 0.169303492 0.704748988
vn 1.392370 0.000000 0.000000
vt 0.157157272 0.701502025
v -2.401227 2.617106 -8.968357
vn 1.392370 0.000000 0.000000
vt 0.153922409 0.695878029
vn 1.392370 0.000000 0.000000
vt 0.169303492 0.704748988
vn 1.392370 0.000000 0.000000
vt 0.153922409 0.695878029
v -2.401227 2.524042 -9.315678
vn 1.392370 0.000000 0.000000
vt 0.153922632 0.689383984
vn 1.392370 0.000000 0.000000
vt 0.169303492 0.704748988
vn 1.392370 0.000000 0.000000
vt 0.153922632 0.689383984
v -2.401227 2.617106 -9.662998
vn 1.392370 0.000000 0.000000
vt 0.157157496 0.683759987
vn 1.392370 0.000000 0.000000
vt 0.169303492 0.704748988
vn 1.392370 0.000000 0.000000
vt 0.157157496 0.683759987
vn 1.392370 0.000000 0.000000
vt 0.162772730 0.680513024
vn 1.392370 0.000000 0.000000
vt 0.169303492 0.704748988
vn 1.392370 0.000000 0.000000
vt 0.162772730 0.680513024
vn 1.392370 0.000000 0.000000
vt 0.169303492 0.680513024
vn 1.392370 0.000000 0.000000
vt 0.169303492 0.704748988
vn 1.392370 0.000000 0.000000
vt 0.169303492 0.680513024
v -2.401227 3.566004 -9.917254
vn 1.392370 0.000000 0.000000
vt 0.174918726 0.683759987
vn 1.392370 0.000000 0.000000
vt 0.169303492 0.704748988
vn 1.392370 0.000000 0.000000
vt 0.174918726 0.683759987
v -2.401227 3.820260 -9.662998
vn 1.392370 0.000000 0.000000
vt 0.178153589 0.689383984
vn 1.392370 0.000000 0.000000
vt 0.169303492 0.704748988
vn 1.392370 0.000000 0.000000
vt 0.178153589 0.689383984
v -2.401227 3.913323 -9.315677
vn 1.392370 0.000000 0.000000
vt 0.178153589 0.695878029
vn 1.392370 0.000000 0.000000
vt 0.169303492 0.704748988
vn 1.392370 0.000000 0.000000
vt 0.178153589 0.695878029
v -2.401227 3.820260 -8.968357
vn 1.392370 0.000000 0.000000
vt 0.174918726 0.701502025
vn 0.000000 1.205792 -0.696185
vt 0.769508779 0.110377997
vn 0.000000 1.392370 -0.000000
vt 0.779640615 0.110377997
vn 0.000000 1.392370 -0.000000
vt 0.779656649 0.120509997
vn 0.000000 1.205792 -0.696185
vt 0.769508779 0.110377997
vn 0.000000 1.392370 -0.000000
vt 0.779656649 0.120509997
vn 0.000000 1.205792 -0.696185
vt 0.769524813 0.120509997
vn -0.000000 -0.696185 1.205792
vt 0.769506693 0.110377997
vn -0.000000 -1.205792 0.696185
vt 0.779638529 0.110377997
vn -0.000000 -1.205792 0.696185
vt 0.779653192 0.120509997
vn -0.000000 -0.696185 1.205792
vt 0.769506693 0.110377997
vn -0.000000 -1.205792 0.696185
vt 0.779653192 0.120509997
vn -0.000000 -0.696185 1.205792
vt 0.769521356 0.120509997
vn -0.000000 0.696185 1.205792
vt 0.769508779 0.110377997
vn -0.000000 0.000000 1.392370
vt 0.779640615 0.110377997
vn -0.000000 0.000000 1.392370
vt 0.779656649 0.120509997
vn -0.000000 0.696185 1.205792
vt 0.769508779 0.110377997
vn -0.000000 0.000000 1.392370
vt 0.779656649 0.120509997
vn -0.000000 0.696185 1.205792
vt 0.769524813 0.120509997
vn -0.000000 -1.205792 -0.696185
vt 0.769506931 0.110377997
vn -0.000000 -0.696185 -1.205792
vt 0.779638767 0.110377997
vn -0.000000 -0.696185 -1.205792
vt 0.779653668 0.120509997
vn -0.000000 -1.205792 -0.696185
vt 0.769506931 0.110377997
vn -0.000000 -0.696185 -1.205792
vt 0.779653668 0.120509997
vn -0.000000 -1.205792 -0.696185
vt 0.769521832 0.120509997
vn 0.000000 0.696185 -1.205792
vt 0.769508779 0.110377997
vn 0.000000 1.205792 -0.696185
vt 0.779640615 0.110377997
vn 0.000000 1.205792 -0.696185
vt 0.779656649 0.120509997
vn 0.000000 0.696185 -1.205792
vt 0.769508779 0.110377997
vn 0.000000 1.205792 -0.696185
vt 0.779656649 0.120509997
vn 0.000000 0.696185 -1.205792
vt 0.769524813 0.120509997
vn -0.000000 0.000000 1.392370
vt 0.769507408 0.110377997
vn -0.000000 -0.696185 1.205792
vt 0.779639244 0.110377997
vn -0.000000 -0.696185 1.205792
vt 0.779654384 0.120509997
vn -0.000000 0.000000 1.392370
vt 0.769507408 0.110377997
vn -0.000000 -0.696185 1.205792
vt 0.779654384 0.120509997
vn -0.000000 0.000000 1.392370
vt 0.769522548 0.120509997
vn -0.000000 1.205792 0.696185
vt 0.769508779 0.110377997
vn -0.000000 0.696185 1.205792
vt 0.779640615 0.110377997
vn -0.000000 0.696185 1.205792
vt 0.779656649 0.120509997
vn -0.000000 1.205792 0.696185
vt 0.769508779 0.110377997
vn -0.000000 0.696185 1.205792
vt 0.779656649 0.120509997
vn -0.000000 1.205792 0.696185
vt 0.769524813 0.120509997
vn -0.000000 -1.392370 0.000000
vt 0.769506454 0.110377997
vn -0.000000 -1.205792 -0.696185
vt 0.779638290 0.110377997
vn -0.000000 -1.205792 -0.696185
vt 0.779652774 0.120509997
vn -0.000000 -1.392370 0.000000
vt 0.769506454 0.110377997
vn -0.000000 -1.205792 -0.696185
vt 0.779652774 0.120509997
vn -0.000000 -1.392370 0.000000
vt 0.769520938 0.120509997
vn 0.000000 0.000000 -1.392370
vt 0.769509017 0.110377997
vn 0.000000 0.696185 -1.205792
vt 0.779640853 0.110377997
vn 0.000000 0.696185 -1.205792
vt 0.779656649 0.120509997
vn 0.000000 0.000000 -1.392370
vt 0.769509017 0.110377997
vn 0.000000 0.696185 -1.205792
vt 0.779656649 0.120509997
vn 0.000000 0.000000 -1.392370
vt 0.769524813 0.120509997
vn 0.000000 1.392370 -0.000000
vt 0.769508779 0.110377997
vn -0.000000 1.205792 0.696185
vt 0.779640615 0.110377997
vn -0.000000 1.205792 0.696185
vt 0.779656649 0.120509997
vn 0.000000 1.392370 -0.000000
vt 0.769508779 0.110377997
vn -0.000000 1.205792 0.696185
vt 0.779656649 0.120509997
vn 0.000000 1.392370 -0.000000
vt 0.769524813 0.120509997
vn -0.000000 -1.205792 0.696185
vt 0.769506216 0.110377997
vn -0.000000 -1.392370 0.000000
vt 0.779638052 0.110377997
vn -0.000000 -1.392370 0.000000
vt 0.779652774 0.120509997
vn -0.000000 -1.205792 0.696185
vt 0.769506216 0.110377997
vn -0.000000 -1.392370 0.000000
vt 0.779652774 0.120509997
vn -0.000000 -1.205792 0.696185
vt 0.769520938 0.120509997
v 5.448946 3.218683 -5.807828
vn -0.000000 0.000000 1.392370
vt 0.802854598 0.511259019
v 9.509955 3.218683 -5.807828
vn -0.000000 0.000000 1.392370
vt 0.811032176 0.531381011
v 9.509955 4.972607 -6.277790
vn -0.000000 0.696185 1.205792
vt 0.803587258 0.531381011
vn -0.000000 0.000000 1.392370
vt 0.802854598 0.511259019
vn -0.000000 0.696185 1.205792
vt 0.803587258 0.531381011
v 5.448946 4.972607 -6.277790
vn -0.000000 0.696185 1.205792
vt 0.795469582 0.511259019
vn -0.000000 0.696185 1.205792
vt 0.795469582 0.511259019
vn -0.000000 0.696185 1.205792
vt 0.803587258 0.531381011
v 9.509955 6.256566 -7.561752
vn -0.000000 1.205792 0.696185
vt 0.796140969 0.531381011
vn -0.000000 0.696185 1.205792
vt 0.795469582 0.511259019
vn -0.000000 1.205792 0.696185
vt 0.796140969 0.531381011
v 5.448946 6.256566 -7.561752
vn -0.000000 1.205792 0.696185
vt 0.788023293 0.511259019
vn -0.000000 1.205792 0.696185
vt 0.788023293 0.511259019
vn -0.000000 1.205792 0.696185
vt 0.796140969 0.531381011
v 9.509955 6.726528 -9.315676
vn 0.000000 1.392370 -0.000000
vt 0.788694918 0.531381011
vn -0.000000 1.205792 0.696185
vt 0.788023293 0.511259019
vn 0.000000 1.392370 -0.000000
vt 0.788694918 0.531381011
v 5.448946 6.726527 -9.315676
vn 0.000000 1.392370 -0.000000
vt 0.780577242 0.511259019
vn 0.000000 1.392370 -0.000000
vt 0.780577242 0.511259019
vn 0.000000 1.392370 -0.000000
vt 0.788694918 0.531381011
v 9.509955 6.256566 -11.069600
vn 0.000000 1.205792 -0.696185
vt 0.781248629 0.531381011
vn 0.000000 1.392370 -0.000000
vt 0.780577242 0.511259019
vn 0.000000 1.205792 -0.696185
vt 0.781248629 0.531381011
v 5.448946 6.256566 -11.069600
vn 0.000000 1.205792 -0.696185
vt 0.773130953 0.511259019
vn 0.000000 1.205792 -0.696185
vt 0.773130953 0.511259019
vn 0.000000 1.205792 -0.696185
vt 0.781248629 0.531381011
v 9.509955 4.972607 -12.353563
vn 0.000000 0.696185 -1.205792
vt 0.773863375 0.531381011
vn 0.000000 1.205792 -0.696185
vt 0.773130953 0.511259019
vn 0.000000 0.696185 -1.205792
vt 0.773863375 0.531381011
v 5.448946 4.972607 -12.353563
vn 0.000000 0.696185 -1.205792
vt 0.765684664 0.511259019
vn 0.000000 0.696185 -1.205792
vt 0.765684664 0.511259019
vn 0.000000 0.696185 -1.205792
vt 0.773863375 0.531381011
v 9.509955 3.218683 -12.823525
vn 0.000000 0.000000 -1.392370
vt 0.766417086 0.531381011
vn 0.000000 0.696185 -1.205792
vt 0.765684664 0.511259019
vn 0.000000 0.000000 -1.392370
vt 0.766417086 0.531381011
v 5.448946 3.218683 -12.823525
vn 0.000000 0.000000 -1.392370
vt 0.758238137 0.511259019
vn 0.000000 0.000000 -1.392370
vt 0.758238137 0.511259019
vn 0.000000 0.000000 -1.392370
vt 0.766417086 0.531381011
v 9.509955 1.464759 -12.353563
vn -0.000000 -0.696185 -1.205792
vt 0.758968472 0.531381011
vn 0.000000 0.000000 -1.392370
vt 0.758238137 0.511259019
vn -0.000000 -0.696185 -1.205792
vt 0.758968472 0.531381011
v 5.448946 1.464759 -12.353563
vn -0.000000 -0.696185 -1.205792
vt 0.750850141 0.511259019
vn -0.000000 -0.696185 -1.205792
vt 0.750850141 0.511259019
vn -0.000000 -0.696185 -1.205792
vt 0.758968472 0.531381011
v 9.509955 0.180796 -11.069602
vn -0.000000 -1.205792 -0.696185
vt 0.751520574 0.531381011
vn -0.000000 -0.696185 -1.205792
vt 0.750850141 0.511259019
vn -0.000000 -1.205792 -0.696185
vt 0.751520574 0.531381011
v 5.448946 0.180796 -11.069602
vn -0.000000 -1.205792 -0.696185
vt 0.743402719 0.511259019
vn -0.000000 -1.205792 -0.696185
vt 0.743402719 0.511259019
vn -0.000000 -1.205792 -0.696185
vt 0.751520574 0.531381011
v 9.509955 -0.289166 -9.315678
vn -0.000000 -1.392370 0.000000
vt 0.744073391 0.531381011
vn -0.000000 -1.205792 -0.696185
vt 0.743402719 0.511259019
vn -0.000000 -1.392370 0.000000
vt 0.744073391 0.531381011
v 5.448946 -0.289167 -9.315678
vn -0.000000 -1.392370 0.000000
vt 0.735955954 0.511259019
vn -0.000000 -1.392370 0.000000
vt 0.735955954 0.511259019
vn -0.000000 -1.392370 0.000000
vt 0.744073391 0.531381011
v 9.509955 0.180795 -7.561754
vn -0.000000 -1.205792 0.696185
vt 0.736627102 0.531381011
vn -0.000000 -1.392370 0.000000
vt 0.735955954 0.511259019
vn -0.000000 -1.205792 0.696185
vt 0.736627102 0.531381011
v 5.448946 0.180795 -7.561754
vn -0.000000 -1.205792 0.696185
vt 0.728509665 0.511259019
vn -0.000000 -1.205792 0.696185
vt 0.817743540 0.511259019
vn -0.000000 -1.205792 0.696185
vt 0.825861216 0.531381011
v 9.509955 1.464756 -6.277792
vn -0.000000 -0.696185 1.205792
vt 0.818476140 0.531381011
vn -0.000000 -1.205792 0.696185
vt 0.817743540 0.511259019
vn -0.000000 -0.696185 1.205792
vt 0.818476140 0.531381011
v 5.448946 1.464756 -6.277792
vn -0.000000 -0.696185 1.205792
vt 0.810298145 0.511259019
vn -0.000000 -0.696185 1.205792
vt 0.810298145 0.511259019
vn -0.000000 -0.696185 1.205792
vt 0.818476140 0.531381011
vn -0.000000 0.000000 1.392370
vt 0.811032176 0.531381011
vn -0.000000 -0.696185 1.205792
vt 0.810298145 0.511259019
vn -0.000000 0.000000 1.392370
vt 0.811032176 0.531381011
vn -0.000000 0.000000 1.392370
vt 0.802854598 0.511259019
v 9.912601 3.218683 -11.141203
vn -0.000000 0.000000 1.392370
vt 0.814856708 0.509889007
v 9.912601 4.131446 -10.896629
vn -0.000000 -0.696185 1.205792
vt 0.806861103 0.509889007
vn -0.000000 -0.696185 1.205792
vt 0.806851506 0.501869023
vn -0.000000 0.000000 1.392370
vt 0.814856708 0.509889007
vn -0.000000 -0.696185 1.205792
vt 0.806851506 0.501869023
vn -0.000000 0.000000 1.392370
vt 0.814847589 0.501869023
v 9.912601 3.218683 -7.490150
vn 1.354080 0.000000 0.324144
vt 0.700558543 0.508324981
v 9.912601 4.131446 -7.734724
vn 1.354080 0.162072 0.280702
vt 0.838620067 0.508324981
vn 1.354080 0.162072 0.280702
vt 0.838620067 0.514545023
vn 1.354080 0.000000 0.324144
vt 0.700558543 0.508324981
vn 1.354080 0.162072 0.280702
vt 0.838620067 0.514545023
vn 1.354080 0.000000 0.324144
vt 0.700558543 0.514545023
vn 1.354080 0.162072 0.280702
vt 0.700559020 0.508324981
v 9.912601 4.799636 -8.402914
vn 1.354080 0.280702 0.162072
vt 0.838620543 0.508324981
vn 1.354080 0.280702 0.162072
vt 0.838620543 0.514545023
vn 1.354080 0.162072 0.280702
vt 0.700559020 0.508324981
vn 1.354080 0.280702 0.162072
vt 0.838620543 0.514545023
vn 1.354080 0.162072 0.280702
vt 0.700559020 0.514545023
vn 1.354080 0.280702 0.162072
vt 0.700559020 0.508324981
v 9.912601 5.044210 -9.315676
vn 1.354080 0.324144 -0.000000
vt 0.838620543 0.508324981
vn 1.354080 0.324144 -0.000000
vt 0.838620782 0.514545023
vn 1.354080 0.280702 0.162072
vt 0.700559020 0.508324981
vn 1.354080 0.324144 -0.000000
vt 0.838620782 0.514545023
vn 1.354080 0.280702 0.162072
vt 0.700559258 0.514545023
vn 1.354080 0.324144 -0.000000
vt 0.700559020 0.508324981
v 9.912601 4.799635 -10.228440
vn 1.354080 0.280702 -0.162072
vt 0.838620782 0.508324981
vn 1.354080 0.280702 -0.162072
vt 0.838620782 0.514545023
vn 1.354080 0.324144 -0.000000
vt 0.700559020 0.508324981
vn 1.354080 0.280702 -0.162072
vt 0.838620782 0.514545023
vn 1.354080 0.324144 -0.000000
vt 0.700559258 0.514545023
vn 1.354080 0.280702 -0.162072
vt 0.700559020 0.508324981
vn 1.354080 0.162072 -0.280702
vt 0.838620543 0.508324981
vn 1.354080 0.162072 -0.280702
vt 0.838620543 0.514545023
vn 1.354080 0.280702 -0.162072
vt 0.700559020 0.508324981
vn 1.354080 0.162072 -0.280702
vt 0.838620543 0.514545023
vn 1.354080 0.280702 -0.162072
vt 0.700559020 0.514545023
vn 1.354080 0.162072 -0.280702
vt 0.700558782 0.508324981
vn 1.354080 0.000000 -0.324144
vt 0.838620305 0.508324981
vn 1.354080 0.000000 -0.324144
vt 0.838620305 0.514545023
vn 1.354080 0.162072 -0.280702
vt 0.700558782 0.508324981
vn 1.354080 0.000000 -0.324144
vt 0.838620305 0.514545023
vn 1.354080 0.162072 -0.280702
vt 0.700558782 0.514545023
vn 1.354080 0.000000 -0.324144
vt 0.700558543 0.508324981
v 9.912601 2.305919 -10.896628
vn 1.354080 -0.162072 -0.280702
vt 0.838619828 0.508324981
vn 1.354080 -0.162072 -0.280702
vt 0.838619828 0.514545023
vn 1.354080 0.000000 -0.324144
vt 0.700558543 0.508324981
vn 1.354080 -0.162072 -0.280702
vt 0.838619828 0.514545023
vn 1.354080 0.000000 -0.324144
vt 0.700558543 0.514545023
vn 1.354080 -0.162072 -0.280702
vt 0.700557828 0.508324981
v 9.912601 1.637730 -10.228441
vn 1.354080 -0.280702 -0.162072
vt 0.838619590 0.508324981
vn 1.354080 -0.280702 -0.162072
vt 0.838619351 0.514545023
vn 1.354080 -0.162072 -0.280702
vt 0.700557828 0.508324981
vn 1.354080 -0.280702 -0.162072
vt 0.838619351 0.514545023
vn 1.354080 -0.162072 -0.280702
vt 0.700557828 0.514545023
vn 1.354080 -0.280702 -0.162072
vt 0.700557828 0.508324981
v 9.912601 1.393156 -9.315678
vn 1.354080 -0.324144 0.000000
vt 0.838619173 0.508324981
vn 1.354080 -0.324144 0.000000
vt 0.838619173 0.514545023
vn 1.354080 -0.280702 -0.162072
vt 0.700557828 0.508324981
vn 1.354080 -0.324144 0.000000
vt 0.838619173 0.514545023
vn 1.354080 -0.280702 -0.162072
vt 0.700557649 0.514545023
vn 1.354080 -0.324144 0.000000
vt 0.700557649 0.508324981
v 9.912601 1.637729 -8.402914
vn 1.354080 -0.280702 0.162072
vt 0.838619173 0.508324981
vn 1.354080 -0.280702 0.162072
vt 0.838619173 0.514545023
vn 1.354080 -0.324144 0.000000
vt 0.700557649 0.508324981
vn 1.354080 -0.280702 0.162072
vt 0.838619173 0.514545023
vn 1.354080 -0.324144 0.000000
vt 0.700557649 0.514545023
vn 1.354080 -0.280702 0.162072
vt 0.700557828 0.508324981
v 9.912601 2.305918 -7.734725
vn 1.354080 -0.162072 0.280702
vt 0.838619351 0.508324981
vn 1.354080 -0.162072 0.280702
vt 0.838619351 0.514545023
vn 1.354080 -0.280702 0.162072
vt 0.700557828 0.508324981
vn 1.354080 -0.162072 0.280702
vt 0.838619351 0.514545023
vn 1.354080 -0.280702 0.162072
vt 0.700557649 0.514545023
vn 1.354080 -0.162072 0.280702
vt 0.700558066 0.508324981
vn 1.354080 0.000000 0.324144
vt 0.838619828 0.508324981
vn 1.354080 0.000000 0.324144
vt 0.838619828 0.514545023
vn 1.354080 -0.162072 0.280702
vt 0.700558066 0.508324981
vn 1.354080 0.000000 0.324144
vt 0.838619828 0.514545023
vn 1.354080 -0.162072 0.280702
vt 0.700558066 0.514545023
vn -0.000000 -1.392370 0.000000
vt 0.168353319 0.682594001
v 4.628863 1.393156 -9.315677
vn -0.000000 -1.392370 0.000000
vt 0.168379933 0.681719005
v 4.628863 1.637730 -10.228441
vn -0.000000 -1.205792 -0.696185
vt 0.167525679 0.681719005
vn -0.000000 -1.392370 0.000000
vt 0.168353319 0.682594001
vn -0.000000 -1.205792 -0.696185
vt 0.167525679 0.681719005
vn -0.000000 -1.205792 -0.696185
vt 0.167498827 0.682594001
vn -0.000000 -1.392370 0.000000
vt 0.814856052 0.509889007
vn -0.000000 -1.205792 -0.696185
vt 0.806860447 0.509889007
vn -0.000000 -1.205792 -0.696185
vt 0.806850791 0.501869023
vn -0.000000 -1.392370 0.000000
vt 0.814856052 0.509889007
vn -0.000000 -1.205792 -0.696185
vt 0.806850791 0.501869023
vn -0.000000 -1.392370 0.000000
vt 0.814846158 0.501869023
vn 0.000000 1.205792 -0.696185
vt 0.814858317 0.509889007
vn 0.000000 1.392370 -0.000000
vt 0.806862712 0.509889007
vn 0.000000 1.392370 -0.000000
vt 0.806851983 0.501869023
vn 0.000000 1.205792 -0.696185
vt 0.814858317 0.509889007
vn 0.000000 1.392370 -0.000000
vt 0.806851983 0.501869023
vn 0.000000 1.205792 -0.696185
vt 0.814847589 0.501869023
vn -0.000000 0.696185 1.205792
vt 0.814858317 0.509889007
vn -0.000000 0.000000 1.392370
vt 0.806862712 0.509889007
vn -0.000000 0.000000 1.392370
vt 0.806851983 0.501869023
vn -0.000000 0.696185 1.205792
vt 0.814858317 0.509889007
vn -0.000000 0.000000 1.392370
vt 0.806851983 0.501869023
vn -0.000000 0.696185 1.205792
vt 0.814847589 0.501869023
vn -0.000000 -1.205792 0.696185
vt 0.814856052 0.509889007
vn -0.000000 -1.392370 0.000000
vt 0.806860209 0.509889007
vn -0.000000 -1.392370 0.000000
vt 0.806850553 0.501869023
vn -0.000000 -1.205792 0.696185
vt 0.814856052 0.509889007
vn -0.000000 -1.392370 0.000000
vt 0.806850553 0.501869023
vn -0.000000 -1.205792 0.696185
vt 0.814846158 0.501869023
vn 0.000000 0.696185 -1.205792
vt 0.814858317 0.509889007
vn 0.000000 1.205792 -0.696185
vt 0.806862712 0.509889007
vn 0.000000 1.205792 -0.696185
vt 0.806851983 0.501869023
vn 0.000000 0.696185 -1.205792
vt 0.814858317 0.509889007
vn 0.000000 1.205792 -0.696185
vt 0.806851983 0.501869023
vn 0.000000 0.696185 -1.205792
vt 0.814847589 0.501869023
vn -0.000000 -0.696185 -1.205792
vt 0.814857662 0.509889007
vn 0.000000 0.000000 -1.392370
vt 0.806861818 0.509889007
vn 0.000000 0.000000 -1.392370
vt 0.806852162 0.501869023
vn -0.000000 -0.696185 -1.205792
vt 0.814857662 0.509889007
vn 0.000000 0.000000 -1.392370
vt 0.806852162 0.501869023
vn -0.000000 -0.696185 -1.205792
vt 0.814847350 0.501869023
vn -0.000000 1.205792 0.696185
vt 0.814858317 0.509889007
vn -0.000000 0.696185 1.205792
vt 0.806862712 0.509889007
vn -0.000000 0.696185 1.205792
vt 0.806851983 0.501869023
vn -0.000000 1.205792 0.696185
vt 0.814858317 0.509889007
vn -0.000000 0.696185 1.205792
vt 0.806851983 0.501869023
vn -0.000000 1.205792 0.696185
vt 0.814847589 0.501869023
vn -0.000000 -0.696185 1.205792
vt 0.814856291 0.509889007
vn -0.000000 -1.205792 0.696185
vt 0.806860685 0.509889007
vn -0.000000 -1.205792 0.696185
vt 0.806850791 0.501869023
vn -0.000000 -0.696185 1.205792
vt 0.814856291 0.509889007
vn -0.000000 -1.205792 0.696185
vt 0.806850791 0.501869023
vn -0.000000 -0.696185 1.205792
vt 0.814846873 0.501869023
vn 0.000000 0.000000 -1.392370
vt 0.814858317 0.509889007
vn 0.000000 0.696185 -1.205792
vt 0.806862950 0.509889007
vn 0.000000 0.696185 -1.205792
vt 0.806851983 0.501869023
vn 0.000000 0.000000 -1.392370
vt 0.814858317 0.509889007
vn 0.000000 0.696185 -1.205792
vt 0.806851983 0.501869023
vn 0.000000 0.000000 -1.392370
vt 0.814847767 0.501869023
vn -0.000000 -1.205792 -0.696185
vt 0.814856529 0.509889007
vn -0.000000 -0.696185 -1.205792
vt 0.806860924 0.509889007
vn -0.000000 -0.696185 -1.205792
vt 0.806851745 0.501869023
vn -0.000000 -1.205792 -0.696185
vt 0.814856529 0.509889007
vn -0.000000 -0.696185 -1.205792
vt 0.806851745 0.501869023
vn -0.000000 -1.205792 -0.696185
vt 0.814846635 0.501869023
vn 0.000000 1.392370 -0.000000
vt 0.814858317 0.509889007
vn -0.000000 1.205792 0.696185
vt 0.806862712 0.509889007
vn -0.000000 1.205792 0.696185
vt 0.806851983 0.501869023
vn 0.000000 1.392370 -0.000000
vt 0.814858317 0.509889007
vn -0.000000 1.205792 0.696185
vt 0.806851983 0.501869023
vn 0.000000 1.392370 -0.000000
vt 0.814847589 0.501869023
v 4.628864 2.871362 -9.917253
vn -0.000000 -0.696185 -1.205792
vt 0.781776369 0.112838998
v 2.401225 2.871362 -9.917253
vn -0.000000 -0.696185 -1.205792
vt 0.781791985 0.122970998
v 2.401225 3.218683 -10.010317
vn 0.000000 0.000000 -1.392370
vt 0.791923583 0.122970998
vn -0.000000 -0.696185 -1.205792
vt 0.781776369 0.112838998
vn 0.000000 0.000000 -1.392370
vt 0.791923583 0.122970998
v 4.628864 3.218683 -10.010317
vn 0.000000 0.000000 -1.392370
vt 0.791908205 0.112838998
vn 0.000000 0.000000 -1.392370
vt 0.168353319 0.682594001
v 4.628863 3.218683 -11.141203
vn 0.000000 0.000000 -1.392370
vt 0.168383151 0.681719005
v 4.628863 4.131446 -10.896629
vn 0.000000 0.696185 -1.205792
vt 0.167528659 0.681719005
vn 0.000000 0.000000 -1.392370
vt 0.168353319 0.682594001
vn 0.000000 0.696185 -1.205792
vt 0.167528659 0.681719005
vn 0.000000 0.696185 -1.205792
vt 0.167498827 0.682594001
vn 0.000000 1.392370 -0.000000
vt 0.168353319 0.682594001
v 4.628863 5.044210 -9.315676
vn 0.000000 1.392370 -0.000000
vt 0.168383151 0.681719005
v 4.628863 4.799636 -8.402914
vn -0.000000 1.205792 0.696185
vt 0.167528659 0.681719005
vn 0.000000 1.392370 -0.000000
vt 0.168353319 0.682594001
vn -0.000000 1.205792 0.696185
vt 0.167528659 0.681719005
vn -0.000000 1.205792 0.696185
vt 0.167498827 0.682594001
vn -0.000000 -1.205792 0.696185
vt 0.168353319 0.682594001
v 4.628863 1.637729 -8.402914
vn -0.000000 -1.205792 0.696185
vt 0.168379933 0.681719005
vn -0.000000 -1.392370 0.000000
vt 0.167525440 0.681719005
vn -0.000000 -1.205792 0.696185
vt 0.168353319 0.682594001
vn -0.000000 -1.392370 0.000000
vt 0.167525440 0.681719005
vn -0.000000 -1.392370 0.000000
vt 0.167498827 0.682594001
vn -0.000000 -0.696185 -1.205792
vt 0.168353319 0.682594001
v 4.628863 2.305919 -10.896628
vn -0.000000 -0.696185 -1.205792
vt 0.168382451 0.681719005
vn 0.000000 0.000000 -1.392370
vt 0.167527959 0.681719005
vn -0.000000 -0.696185 -1.205792
vt 0.168353319 0.682594001
vn 0.000000 0.000000 -1.392370
vt 0.167527959 0.681719005
vn 0.000000 0.000000 -1.392370
vt 0.167498827 0.682594001
vn 0.000000 1.205792 -0.696185
vt 0.168353319 0.682594001
v 4.628863 4.799635 -10.228440
vn 0.000000 1.205792 -0.696185
vt 0.168383151 0.681719005
vn 0.000000 1.392370 -0.000000
vt 0.167528659 0.681719005
vn 0.000000 1.205792 -0.696185
vt 0.168353319 0.682594001
vn 0.000000 1.392370 -0.000000
vt 0.167528659 0.681719005
vn 0.000000 1.392370 -0.000000
vt 0.167498827 0.682594001
vn -0.000000 -0.696185 1.205792
vt 0.168353319 0.682594001
v 4.628863 2.305918 -7.734725
vn -0.000000 -0.696185 1.205792
vt 0.168380618 0.681719005
vn -0.000000 -1.205792 0.696185
vt 0.167525679 0.681719005
vn -0.000000 -0.696185 1.205792
vt 0.168353319 0.682594001
vn -0.000000 -1.205792 0.696185
vt 0.167525679 0.681719005
vn -0.000000 -1.205792 0.696185
vt 0.167498827 0.682594001
vn -0.000000 0.696185 1.205792
vt 0.168353319 0.682594001
v 4.628863 4.131446 -7.734724
vn -0.000000 0.696185 1.205792
vt 0.168383151 0.681719005
v 4.628863 3.218683 -7.490150
vn -0.000000 0.000000 1.392370
vt 0.167528421 0.681719005
vn -0.000000 0.696185 1.205792
vt 0.168353319 0.682594001
vn -0.000000 0.000000 1.392370
vt 0.167528421 0.681719005
vn -0.000000 0.000000 1.392370
vt 0.167498827 0.682594001
vn -0.000000 -1.205792 -0.696185
vt 0.168353319 0.682594001
vn -0.000000 -1.205792 -0.696185
vt 0.168380618 0.681719005
vn -0.000000 -0.696185 -1.205792
vt 0.167526588 0.681719005
vn -0.000000 -1.205792 -0.696185
vt 0.168353319 0.682594001
vn -0.000000 -0.696185 -1.205792
vt 0.167526588 0.681719005
vn -0.000000 -0.696185 -1.205792
vt 0.167498827 0.682594001
vn 0.000000 0.696185 -1.205792
vt 0.168353319 0.682594001
vn 0.000000 0.696185 -1.205792
vt 0.168383151 0.681719005
vn 0.000000 1.205792 -0.696185
vt 0.167528659 0.681719005
vn 0.000000 0.696185 -1.205792
vt 0.168353319 0.682594001
vn 0.000000 1.205792 -0.696185
vt 0.167528659 0.681719005
vn 0.000000 1.205792 -0.696185
vt 0.167498827 0.682594001
vn -0.000000 0.000000 1.392370
vt 0.168353319 0.682594001
vn -0.000000 0.000000 1.392370
vt 0.168381542 0.681719005
vn -0.000000 -0.696185 1.205792
vt 0.167526811 0.681719005
vn -0.000000 0.000000 1.392370
vt 0.168353319 0.682594001
vn -0.000000 -0.696185 1.205792
vt 0.167526811 0.681719005
vn -0.000000 -0.696185 1.205792
vt 0.167498827 0.682594001
vn -0.000000 1.205792 0.696185
vt 0.168353319 0.682594001
vn -0.000000 1.205792 0.696185
vt 0.168383151 0.681719005
vn -0.000000 0.696185 1.205792
vt 0.167528659 0.681719005
vn -0.000000 1.205792 0.696185
vt 0.168353319 0.682594001
vn -0.000000 0.696185 1.205792
vt 0.167528659 0.681719005
vn -0.000000 0.696185 1.205792
vt 0.167498827 0.682594001
vn -1.356029 0.000000 0.315789
vt 0.871209860 0.513463020
vn -1.356029 0.157895 0.273461
vt 0.725702286 0.513453007
v 4.632045 3.218683 -9.315676
vn -1.392370 0.000000 0.000000
vt 0.725787401 0.501972020
vn -1.356029 0.157895 0.273461
vt 0.871210337 0.513463020
vn -1.356029 0.273461 0.157895
vt 0.725702524 0.513453007
vn -1.392370 0.000000 0.000000
vt 0.725787401 0.501972020
vn -1.356029 0.273461 0.157895
vt 0.871210337 0.513463020
vn -1.356029 0.315789 0.000000
vt 0.725702941 0.513453007
vn -1.392370 0.000000 0.000000
vt 0.725787401 0.501972020
vn -1.356029 0.315789 0.000000
vt 0.871210754 0.513463020
vn -1.356029 0.273461 -0.157895
vt 0.725702703 0.513453007
vn -1.392370 0.000000 0.000000
vt 0.725787401 0.501972020
vn -1.356029 0.273461 -0.157895
vt 0.871210515 0.513463020
vn -1.356029 0.157895 -0.273461
vt 0.725702703 0.513453007
vn -1.392370 0.000000 0.000000
vt 0.725787401 0.501972020
vn -1.356029 0.157895 -0.273461
vt 0.871210337 0.513463020
vn -1.356029 0.000000 -0.315789
vt 0.725702524 0.513453007
vn -1.392370 0.000000 0.000000
vt 0.725787401 0.501972020
vn -1.356029 0.000000 -0.315789
vt 0.871210098 0.513463020
vn -1.356029 -0.157895 -0.273461
vt 0.725702286 0.513453007
vn -1.392370 0.000000 0.000000
vt 0.725787401 0.501972020
vn -1.356029 -0.157895 -0.273461
vt 0.871209860 0.513463020
vn -1.356029 -0.273461 -0.157895
vt 0.725701809 0.513453007
vn -1.392370 0.000000 0.000000
vt 0.725787401 0.501972020
vn -1.356029 -0.273461 -0.157895
vt 0.871209383 0.513463020
vn -1.356029 -0.315789 0.000000
vt 0.725701332 0.513453007
vn -1.392370 0.000000 0.000000
vt 0.725787401 0.501972020
vn -1.356029 -0.315789 0.000000
vt 0.871209145 0.513463020
vn -1.356029 -0.273461 0.157895
vt 0.725701332 0.513453007
vn -1.392370 0.000000 0.000000
vt 0.725787401 0.501972020
vn -1.356029 -0.273461 0.157895
vt 0.871209383 0.513463020
vn -1.356029 -0.157895 0.273461
vt 0.725701571 0.513453007
vn -1.392370 0.000000 0.000000
vt 0.725787401 0.501972020
vn -1.356029 -0.157895 0.273461
vt 0.871209621 0.513463020
vn -1.356029 0.000000 0.315789
vt 0.725701809 0.513453007
vn -1.392370 0.000000 0.000000
vt 0.725787401 0.501972020
v 4.628864 3.218683 -8.621036
vn -1.392370 0.000000 0.000000
vt 0.167642921 0.688374996
vn -1.392370 0.000000 0.000000
vt 0.169606835 0.680962980
vn -1.392370 0.000000 0.000000
vt 0.163198367 0.680962980
vn -1.392370 0.000000 0.000000
vt 0.167642921 0.688374996
vn -1.392370 0.000000 0.000000
vt 0.163198367 0.680962980
v 4.628864 3.566004 -8.714100
vn -1.392370 0.000000 0.000000
vt 0.165201977 0.688374996
vn -1.392370 0.000000 0.000000
vt 0.165201977 0.688374996
vn -1.392370 0.000000 0.000000
vt 0.163198367 0.680962980
vn -1.392370 0.000000 0.000000
vt 0.157644168 0.684168994
vn -1.392370 0.000000 0.000000
vt 0.165201977 0.688374996
vn -1.392370 0.000000 0.000000
vt 0.157644168 0.684168994
v 4.628864 3.820260 -8.968356
vn -1.392370 0.000000 0.000000
vt 0.163065970 0.689594984
vn -1.392370 0.000000 0.000000
vt 0.163065970 0.689594984
vn -1.392370 0.000000 0.000000
vt 0.157644168 0.684168994
vn -1.392370 0.000000 0.000000
vt 0.154471025 0.689722002
vn -1.392370 0.000000 0.000000
vt 0.163065970 0.689594984
vn -1.392370 0.000000 0.000000
vt 0.154471025 0.689722002
v 4.628864 3.913323 -9.315676
vn -1.392370 0.000000 0.000000
vt 0.161845267 0.691708028
vn -1.392370 0.000000 0.000000
vt 0.161845267 0.691708028
vn -1.392370 0.000000 0.000000
vt 0.154471025 0.689722002
vn -1.392370 0.000000 0.000000
vt 0.154470578 0.696134984
vn -1.392370 0.000000 0.000000
vt 0.161845267 0.691708028
vn -1.392370 0.000000 0.000000
vt 0.154470578 0.696134984
v 4.628864 3.820260 -9.662997
vn -1.392370 0.000000 0.000000
vt 0.161845505 0.694148004
vn -1.392370 0.000000 0.000000
vt 0.161845505 0.694148004
vn -1.392370 0.000000 0.000000
vt 0.154470578 0.696134984
vn -1.392370 0.000000 0.000000
vt 0.157644168 0.701687992
vn -1.392370 0.000000 0.000000
vt 0.161845505 0.694148004
vn -1.392370 0.000000 0.000000
vt 0.157644168 0.701687992
v 4.628864 3.566004 -9.917253
vn -1.392370 0.000000 0.000000
vt 0.163066208 0.696262002
vn -1.392370 0.000000 0.000000
vt 0.163066208 0.696262002
vn -1.392370 0.000000 0.000000
vt 0.157644168 0.701687992
vn -1.392370 0.000000 0.000000
vt 0.163198367 0.704894006
vn -1.392370 0.000000 0.000000
vt 0.163066208 0.696262002
vn -1.392370 0.000000 0.000000
vt 0.163198367 0.704894006
vn -1.392370 0.000000 0.000000
vt 0.165201753 0.697481990
vn -1.392370 0.000000 0.000000
vt 0.165201753 0.697481990
vn -1.392370 0.000000 0.000000
vt 0.163198367 0.704894006
vn -1.392370 0.000000 0.000000
vt 0.169607058 0.704894006
vn -1.392370 0.000000 0.000000
vt 0.165201753 0.697481990
vn -1.392370 0.000000 0.000000
vt 0.169607058 0.704894006
vn -1.392370 0.000000 0.000000
vt 0.167643160 0.697481990
vn -1.392370 0.000000 0.000000
vt 0.167643160 0.697481990
vn -1.392370 0.000000 0.000000
vt 0.169607058 0.704894006
vn -1.392370 0.000000 0.000000
vt 0.175161034 0.701687992
vn -1.392370 0.000000 0.000000
vt 0.167643160 0.697481990
vn -1.392370 0.000000 0.000000
vt 0.175161034 0.701687992
v 4.628864 2.617106 -9.662997
vn -1.392370 0.000000 0.000000
vt 0.169718355 0.696262002
vn -1.392370 0.000000 0.000000
vt 0.169718355 0.696262002
vn -1.392370 0.000000 0.000000
vt 0.175161034 0.701687992
vn -1.392370 0.000000 0.000000
vt 0.178395897 0.696134984
vn -1.392370 0.000000 0.000000
vt 0.169718355 0.696262002
vn -1.392370 0.000000 0.000000
vt 0.178395897 0.696134984
v 4.628864 2.524042 -9.315677
vn -1.392370 0.000000 0.000000
vt 0.170938820 0.694148004
vn -1.392370 0.000000 0.000000
vt 0.170938820 0.694148004
vn -1.392370 0.000000 0.000000
vt 0.178395897 0.696134984
vn -1.392370 0.000000 0.000000
vt 0.178395897 0.689722002
vn -1.392370 0.000000 0.000000
vt 0.170938820 0.694148004
vn -1.392370 0.000000 0.000000
vt 0.178395897 0.689722002
v 4.628864 2.617106 -8.968356
vn -1.392370 0.000000 0.000000
vt 0.170938820 0.691708028
vn -1.392370 0.000000 0.000000
vt 0.170938820 0.691708028
vn -1.392370 0.000000 0.000000
vt 0.178395897 0.689722002
vn -1.392370 0.000000 0.000000
vt 0.175161257 0.684168994
vn -1.392370 0.000000 0.000000
vt 0.170938820 0.691708028
vn -1.392370 0.000000 0.000000
vt 0.175161257 0.684168994
v 4.628864 2.871362 -8.714101
vn -1.392370 0.000000 0.000000
vt 0.169717893 0.689594984
vn -1.392370 0.000000 0.000000
vt 0.169717893 0.689594984
vn -1.392370 0.000000 0.000000
vt 0.175161257 0.684168994
vn -1.392370 0.000000 0.000000
vt 0.169606835 0.680962980
vn -1.392370 0.000000 0.000000
vt 0.169717893 0.689594984
vn -1.392370 0.000000 0.000000
vt 0.169606835 0.680962980
vn -1.392370 0.000000 0.000000
vt 0.167642921 0.688374996
v 2.401225 3.566004 -8.714100
vn -1.392370 0.000000 0.000000
vt 0.178154051 0.689375997
v 2.401225 3.820260 -8.968356
vn -1.392370 0.000000 0.000000
vt 0.174919188 0.683752000
v 2.401225 3.913323 -9.315676
vn -1.392370 0.000000 0.000000
vt 0.169304177 0.680504978
vn -1.392370 0.000000 0.000000
vt 0.178154051 0.689375997
vn -1.392370 0.000000 0.000000
vt 0.169304177 0.680504978
v 2.401225 3.820260 -9.662997
vn -1.392370 0.000000 0.000000
vt 0.162773415 0.680504978
vn -1.392370 0.000000 0.000000
vt 0.178154051 0.689375997
vn -1.392370 0.000000 0.000000
vt 0.162773415 0.680504978
v 2.401225 3.566004 -9.917253
vn -1.392370 0.000000 0.000000
vt 0.157158181 0.683752000
vn -1.392370 0.000000 0.000000
vt 0.178154051 0.689375997
vn -1.392370 0.000000 0.000000
vt 0.157158181 0.683752000
vn -1.392370 0.000000 0.000000
vt 0.153923318 0.689375997
vn -1.392370 0.000000 0.000000
vt 0.178154051 0.689375997
vn -1.392370 0.000000 0.000000
vt 0.153923318 0.689375997
vn -1.392370 0.000000 0.000000
vt 0.153923318 0.695869982
vn -1.392370 0.000000 0.000000
vt 0.178154051 0.689375997
vn -1.392370 0.000000 0.000000
vt 0.153923318 0.695869982
v 2.401225 2.617106 -9.662998
vn -1.392370 0.000000 0.000000
vt 0.157158181 0.701493979
vn -1.392370 0.000000 0.000000
vt 0.178154051 0.689375997
vn -1.392370 0.000000 0.000000
vt 0.157158181 0.701493979
v 2.401225 2.524042 -9.315677
vn -1.392370 0.000000 0.000000
vt 0.162773192 0.704741001
vn -1.392370 0.000000 0.000000
vt 0.178154051 0.689375997
vn -1.392370 0.000000 0.000000
vt 0.162773192 0.704741001
v 2.401225 2.617106 -8.968356
vn -1.392370 0.000000 0.000000
vt 0.169303954 0.704741001
vn -1.392370 0.000000 0.000000
vt 0.178154051 0.689375997
vn -1.392370 0.000000 0.000000
vt 0.169303954 0.704741001
v 2.401225 2.871362 -8.714101
vn -1.392370 0.000000 0.000000
vt 0.174919412 0.701493979
vn -1.392370 0.000000 0.000000
vt 0.178154051 0.689375997
vn -1.392370 0.000000 0.000000
vt 0.174919412 0.701493979
v 2.401225 3.218683 -8.621036
vn -1.392370 0.000000 0.000000
vt 0.178154051 0.695869982
vn 0.000000 1.205792 -0.696185
vt 0.781776845 0.112838998
vn 0.000000 1.205792 -0.696185
vt 0.781792879 0.122970998
vn 0.000000 1.392370 -0.000000
vt 0.791924715 0.122970998
vn 0.000000 1.205792 -0.696185
vt 0.781776845 0.112838998
vn 0.000000 1.392370 -0.000000
vt 0.791924715 0.122970998
vn 0.000000 1.392370 -0.000000
vt 0.791908681 0.112838998
vn -0.000000 -0.696185 1.205792
vt 0.781775475 0.112838998
vn -0.000000 -0.696185 1.205792
vt 0.781789422 0.122970998
vn -0.000000 -1.205792 0.696185
vt 0.791921079 0.122970998
vn -0.000000 -0.696185 1.205792
vt 0.781775475 0.112838998
vn -0.000000 -1.205792 0.696185
vt 0.791921079 0.122970998
vn -0.000000 -1.205792 0.696185
vt 0.791907310 0.112838998
vn -0.000000 0.696185 1.205792
vt 0.781776845 0.112838998
vn -0.000000 0.696185 1.205792
vt 0.781792641 0.122970998
vn -0.000000 0.000000 1.392370
vt 0.791924477 0.122970998
vn -0.000000 0.696185 1.205792
vt 0.781776845 0.112838998
vn -0.000000 0.000000 1.392370
vt 0.791924477 0.122970998
vn -0.000000 0.000000 1.392370
vt 0.791908681 0.112838998
vn -0.000000 -1.205792 -0.696185
vt 0.781775653 0.112838998
vn -0.000000 -1.205792 -0.696185
vt 0.781789899 0.122970998
vn -0.000000 -0.696185 -1.205792
vt 0.791921735 0.122970998
vn -0.000000 -1.205792 -0.696185
vt 0.781775653 0.112838998
vn -0.000000 -0.696185 -1.205792
vt 0.791921735 0.122970998
vn -0.000000 -0.696185 -1.205792
vt 0.791907489 0.112838998
vn 0.000000 0.696185 -1.205792
vt 0.781777084 0.112838998
vn 0.000000 0.696185 -1.205792
vt 0.781792879 0.122970998
vn 0.000000 1.205792 -0.696185
vt 0.791924715 0.122970998
vn 0.000000 0.696185 -1.205792
vt 0.781777084 0.112838998
vn 0.000000 1.205792 -0.696185
vt 0.791924715 0.122970998
vn 0.000000 1.205792 -0.696185
vt 0.791908681 0.112838998
vn -0.000000 0.000000 1.392370
vt 0.781775892 0.112838998
vn -0.000000 0.000000 1.392370
vt 0.781790614 0.122970998
vn -0.000000 -0.696185 1.205792
vt 0.791922212 0.122970998
vn -0.000000 0.000000 1.392370
vt 0.781775892 0.112838998
vn -0.000000 -0.696185 1.205792
vt 0.791922212 0.122970998
vn -0.000000 -0.696185 1.205792
vt 0.791907489 0.112838998
vn -0.000000 1.205792 0.696185
vt 0.781776845 0.112838998
vn -0.000000 1.205792 0.696185
vt 0.781792879 0.122970998
vn -0.000000 0.696185 1.205792
vt 0.791924715 0.122970998
vn -0.000000 1.205792 0.696185
vt 0.781776845 0.112838998
vn -0.000000 0.696185 1.205792
vt 0.791924715 0.122970998
vn -0.000000 0.696185 1.205792
vt 0.791908681 0.112838998
vn -0.000000 -1.392370 0.000000
vt 0.781775236 0.112838998
vn -0.000000 -1.392370 0.000000
vt 0.781789005 0.122970998
vn -0.000000 -1.205792 -0.696185
vt 0.791920841 0.122970998
vn -0.000000 -1.392370 0.000000
vt 0.781775236 0.112838998
vn -0.000000 -1.205792 -0.696185
vt 0.791920841 0.122970998
vn -0.000000 -1.205792 -0.696185
vt 0.791907310 0.112838998
vn 0.000000 0.000000 -1.392370
vt 0.781776845 0.112838998
vn 0.000000 0.000000 -1.392370
vt 0.781792879 0.122970998
vn 0.000000 0.696185 -1.205792
vt 0.791924715 0.122970998
vn 0.000000 0.000000 -1.392370
vt 0.781776845 0.112838998
vn 0.000000 0.696185 -1.205792
vt 0.791924715 0.122970998
vn 0.000000 0.696185 -1.205792
vt 0.791908920 0.112838998
vn 0.000000 1.392370 -0.000000
vt 0.781776845 0.112838998
vn 0.000000 1.392370 -0.000000
vt 0.781792879 0.122970998
vn -0.000000 1.205792 0.696185
vt 0.791924715 0.122970998
vn 0.000000 1.392370 -0.000000
vt 0.781776845 0.112838998
vn -0.000000 1.205792 0.696185
vt 0.791924715 0.122970998
vn -0.000000 1.205792 0.696185
vt 0.791908681 0.112838998
vn -0.000000 -1.205792 0.696185
vt 0.781775236 0.112838998
vn -0.000000 -1.205792 0.696185
vt 0.781789005 0.122970998
vn -0.000000 -1.392370 0.000000
vt 0.791920602 0.122970998
vn -0.000000 -1.205792 0.696185
vt 0.781775236 0.112838998
vn -0.000000 -1.392370 0.000000
vt 0.791920602 0.122970998
vn -0.000000 -1.392370 0.000000
vt 0.791907072 0.112838998
s 96
f 414/2023/2023 415/2024/2024 412/2025/2025
f 414/2026/2026 412/2027/2027 411/2028/2028
f 415/2029/2029 416/2030/2030 405/2031/2031
f 415/2032/2032 405/2033/2033 412/2034/2034
f 416/2035/2035 417/2036/2036 406/2037/2037
f 416/2038/2038 406/2039/2039 405/2040/2040
f 417/2041/2041 418/2042/2042 409/2043/2043
f 417/2044/2044 409/2045/2045 406/2046/2046
f 418/2047/2047 419/2048/2048 403/2049/2049
f 418/2050/2050 403/2051/2051 409/2052/2052
f 419/2053/2053 400/2054/2054 404/2055/2055
f 419/2056/2056 404/2057/2057 403/2058/2058
f 400/2059/2059 399/2060/2060 408/2061/2061
f 400/2062/2062 408/2063/2063 404/2064/2064
f 399/2065/2065 420/2066/2066 397/2067/2067
f 399/2068/2068 397/2069/2069 408/2070/2070
f 420/2071/2071 421/2072/2072 398/2073/2073
f 420/2074/2074 398/2075/2075 397/2076/2076
f 421/2077/2077 422/2078/2078 407/2079/2079
f 421/2080/2080 407/2081/2081 398/2082/2082
f 422/2083/2083 423/2084/2084 410/2085/2085
f 422/2086/2086 410/2087/2087 407/2088/2088
f 423/2089/2089 414/2090/2090 411/2091/2091
f 423/2092/2092 411/2093/2093 410/2094/2094
s 97
f 424/2095/2095 425/2096/2096 426/2097/2097
f 424/2098/2098 426/2099/2099 427/2100/2100
f 424/2101/2101 427/2102/2102 428/2103/2103
f 424/2104/2104 428/2105/2105 429/2106/2106
f 424/2107/2107 429/2108/2108 402/2109/2109
f 424/2110/2110 402/2111/2111 401/2112/2112
f 424/2113/2113 401/2114/2114 430/2115/2115
f 424/2116/2116 430/2117/2117 431/2118/2118
f 424/2119/2119 431/2120/2120 432/2121/2121
f 424/2122/2122 432/2123/2123 433/2124/2124
s 98
f 434/2191/2191 435/2192/2192 436/2193/2193
f 434/2194/2194 436/2195/2195 437/2196/2196
f 437/2197/2197 436/2198/2198 438/2199/2199
f 437/2200/2200 438/2201/2201 439/2202/2202
f 439/2203/2203 438/2204/2204 440/2205/2205
f 439/2206/2206 440/2207/2207 441/2208/2208
f 441/2209/2209 440/2210/2210 442/2211/2211
f 441/2212/2212 442/2213/2213 443/2214/2214
f 443/2215/2215 442/2216/2216 444/2217/2217
f 443/2218/2218 444/2219/2219 445/2220/2220
f 445/2221/2221 444/2222/2222 446/2223/2223
f 445/2224/2224 446/2225/2225 447/2226/2226
f 447/2227/2227 446/2228/2228 448/2229/2229
f 447/2230/2230 448/2231/2231 449/2232/2232
f 449/2233/2233 448/2234/2234 450/2235/2235
f 449/2236/2236 450/2237/2237 451/2238/2238
f 451/2239/2239 450/2240/2240 452/2241/2241
f 451/2242/2242 452/2243/2243 453/2244/2244
f 453/2245/2245 452/2246/2246 454/2247/2247
f 453/2248/2248 454/2249/2249 455/2250/2250
f 455/2251/2251 454/2252/2252 456/2253/2253
f 455/2254/2254 456/2255/2255 457/2256/2256
f 457/2257/2257 456/2258/2258 435/2259/2259
f 457/2260/2260 435/2261/2261 434/2262/2262
s 99
f 458/2263/2263 459/2264/2264 353/2265/2265
f 458/2266/2266 353/2267/2267 354/2268/2268
f 463/2347/2347 462/2348/2348 350/2349/2349
f 463/2350/2350 350/2351/2351 351/2352/2352
f 468/2353/2353 467/2354/2354 357/2355/2355
f 468/2356/2356 357/2357/2357 358/2358/2358
f 465/2359/2359 458/2360/2360 354/2361/2361
f 465/2362/2362 354/2363/2363 355/2364/2364
f 464/2365/2365 463/2366/2366 351/2367/2367
f 464/2368/2368 351/2369/2369 352/2370/2370
f 469/2371/2371 468/2372/2372 358/2373/2373
f 469/2374/2374 358/2375/2375 359/2376/2376
f 461/2377/2377 460/2378/2378 360/2379/2379
f 461/2380/2380 360/2381/2381 348/2382/2382
f 466/2383/2383 465/2384/2384 355/2385/2385
f 466/2386/2386 355/2387/2387 356/2388/2388
f 459/2389/2389 464/2390/2390 352/2391/2391
f 459/2392/2392 352/2393/2393 353/2394/2394
f 460/2395/2395 469/2396/2396 359/2397/2397
f 460/2398/2398 359/2399/2399 360/2400/2400
f 462/2401/2401 461/2402/2402 348/2403/2403
f 462/2404/2404 348/2405/2405 350/2406/2406
f 467/2407/2407 466/2408/2408 356/2409/2409
f 467/2410/2410 356/2411/2411 357/2412/2412
s 100
f 460/2269/2269 461/2270/2270 436/2271/2271
f 460/2272/2272 436/2273/2273 435/2274/2274
f 461/2275/2275 462/2276/2276 438/2277/2277
f 461/2278/2278 438/2279/2279 436/2280/2280
f 462/2281/2281 463/2282/2282 440/2283/2283
f 462/2284/2284 440/2285/2285 438/2286/2286
f 463/2287/2287 464/2288/2288 442/2289/2289
f 463/2290/2290 442/2291/2291 440/2292/2292
f 464/2293/2293 459/2294/2294 444/2295/2295
f 464/2296/2296 444/2297/2297 442/2298/2298
f 459/2299/2299 458/2300/2300 446/2301/2301
f 459/2302/2302 446/2303/2303 444/2304/2304
f 458/2305/2305 465/2306/2306 448/2307/2307
f 458/2308/2308 448/2309/2309 446/2310/2310
f 465/2311/2311 466/2312/2312 450/2313/2313
f 465/2314/2314 450/2315/2315 448/2316/2316
f 466/2317/2317 467/2318/2318 452/2319/2319
f 466/2320/2320 452/2321/2321 450/2322/2322
f 467/2323/2323 468/2324/2324 454/2325/2325
f 467/2326/2326 454/2327/2327 452/2328/2328
f 468/2329/2329 469/2330/2330 456/2331/2331
f 468/2332/2332 456/2333/2333 454/2334/2334
f 469/2335/2335 460/2336/2336 435/2337/2337
f 469/2338/2338 435/2339/2339 456/2340/2340
s 101
f 357/2341/2341 470/2342/2342 471/2343/2343
f 357/2344/2344 471/2345/2345 356/2346/2346
f 354/2419/2419 476/2420/2420 477/2421/2421
f 354/2422/2422 477/2423/2423 353/2424/2424
f 351/2425/2425 478/2426/2426 479/2427/2427
f 351/2428/2428 479/2429/2429 350/2430/2430
f 358/2431/2431 480/2432/2432 470/2433/2433
f 358/2434/2434 470/2435/2435 357/2436/2436
f 355/2437/2437 481/2438/2438 476/2439/2439
f 355/2440/2440 476/2441/2441 354/2442/2442
f 352/2443/2443 482/2444/2444 478/2445/2445
f 352/2446/2446 478/2447/2447 351/2448/2448
f 359/2449/2449 483/2450/2450 480/2451/2451
f 359/2452/2452 480/2453/2453 358/2454/2454
f 348/2455/2455 484/2456/2456 485/2457/2457
f 348/2458/2458 485/2459/2459 360/2460/2460
f 356/2461/2461 471/2462/2462 481/2463/2463
f 356/2464/2464 481/2465/2465 355/2466/2466
f 353/2467/2467 477/2468/2468 482/2469/2469
f 353/2470/2470 482/2471/2471 352/2472/2472
f 360/2473/2473 485/2474/2474 483/2475/2475
f 360/2476/2476 483/2477/2477 359/2478/2478
f 350/2479/2479 479/2480/2480 484/2481/2481
f 350/2482/2482 484/2483/2483 348/2484/2484
s 102
f 472/2413/2413 473/2414/2414 474/2415/2415
f 472/2416/2416 474/2417/2417 475/2418/2418
f 491/2623/2623 500/2624/2624 499/2625/2625
f 491/2626/2626 499/2627/2627 490/2628/2628
f 496/2629/2629 505/2630/2630 504/2631/2631
f 496/2632/2632 504/2633/2633 495/2634/2634
f 488/2635/2635 497/2636/2636 506/2637/2637
f 488/2638/2638 506/2639/2639 487/2640/2640
f 493/2641/2641 502/2642/2642 473/2643/2643
f 493/2644/2644 473/2645/2645 472/2646/2646
f 492/2647/2647 501/2648/2648 500/2649/2649
f 492/2650/2650 500/2651/2651 491/2652/2652
f 487/2653/2653 506/2654/2654 505/2655/2655
f 487/2656/2656 505/2657/2657 496/2658/2658
f 489/2659/2659 498/2660/2660 497/2661/2661
f 489/2662/2662 497/2663/2663 488/2664/2664
f 494/2665/2665 503/2666/2666 502/2667/2667
f 494/2668/2668 502/2669/2669 493/2670/2670
f 475/2671/2671 474/2672/2672 501/2673/2673
f 475/2674/2674 501/2675/2675 492/2676/2676
f 490/2677/2677 499/2678/2678 498/2679/2679
f 490/2680/2680 498/2681/2681 489/2682/2682
f 495/2683/2683 504/2684/2684 503/2685/2685
f 495/2686/2686 503/2687/2687 494/2688/2688
s 103
f 434/2485/2485 437/2486/2486 486/2487/2487
f 437/2488/2488 439/2489/2489 486/2490/2490
f 439/2491/2491 441/2492/2492 486/2493/2493
f 441/2494/2494 443/2495/2495 486/2496/2496
f 443/2497/2497 445/2498/2498 486/2499/2499
f 445/2500/2500 447/2501/2501 486/2502/2502
f 447/2503/2503 449/2504/2504 486/2505/2505
f 449/2506/2506 451/2507/2507 486/2508/2508
f 451/2509/2509 453/2510/2510 486/2511/2511
f 453/2512/2512 455/2513/2513 486/2514/2514
f 455/2515/2515 457/2516/2516 486/2517/2517
f 457/2518/2518 434/2519/2519 486/2520/2520
s 104
f 487/2521/2521 485/2522/2522 484/2523/2523
f 487/2524/2524 484/2525/2525 488/2526/2526
f 488/2527/2527 484/2528/2528 479/2529/2529
f 488/2530/2530 479/2531/2531 489/2532/2532
f 489/2533/2533 479/2534/2534 478/2535/2535
f 489/2536/2536 478/2537/2537 490/2538/2538
f 490/2539/2539 478/2540/2540 482/2541/2541
f 490/2542/2542 482/2543/2543 491/2544/2544
f 491/2545/2545 482/2546/2546 477/2547/2547
f 491/2548/2548 477/2549/2549 492/2550/2550
f 492/2551/2551 477/2552/2552 476/2553/2553
f 492/2554/2554 476/2555/2555 475/2556/2556
f 475/2557/2557 476/2558/2558 481/2559/2559
f 475/2560/2560 481/2561/2561 472/2562/2562
f 472/2563/2563 481/2564/2564 471/2565/2565
f 472/2566/2566 471/2567/2567 493/2568/2568
f 493/2569/2569 471/2570/2570 470/2571/2571
f 493/2572/2572 470/2573/2573 494/2574/2574
f 494/2575/2575 470/2576/2576 480/2577/2577
f 494/2578/2578 480/2579/2579 495/2580/2580
f 495/2581/2581 480/2582/2582 483/2583/2583
f 495/2584/2584 483/2585/2585 496/2586/2586
f 496/2587/2587 483/2588/2588 485/2589/2589
f 496/2590/2590 485/2591/2591 487/2592/2592
s 105
f 497/2593/2593 498/2594/2594 499/2595/2595
f 497/2596/2596 499/2597/2597 500/2598/2598
f 497/2599/2599 500/2600/2600 501/2601/2601
f 497/2602/2602 501/2603/2603 474/2604/2604
f 497/2605/2605 474/2606/2606 473/2607/2607
f 497/2608/2608 473/2609/2609 502/2610/2610
f 497/2611/2611 502/2612/2612 503/2613/2613
f 497/2614/2614 503/2615/2615 504/2616/2616
f 497/2617/2617 504/2618/2618 505/2619/2619
f 497/2620/2620 505/2621/2621 506/2622/2622
s 88
f 335/1621/1621 336/1622/1622 337/1623/1623
f 336/1624/1624 338/1625/1625 337/1626/1626
f 338/1627/1627 339/1628/1628 337/1629/1629
f 339/1630/1630 340/1631/1631 337/1632/1632
f 340/1633/1633 341/1634/1634 337/1635/1635
f 341/1636/1636 342/1637/1637 337/1638/1638
f 342/1639/1639 343/1640/1640 337/1641/1641
f 343/1642/1642 344/1643/1643 337/1644/1644
f 344/1645/1645 345/1646/1646 337/1647/1647
f 345/1648/1648 346/1649/1649 337/1650/1650
f 346/1651/1651 347/1652/1652 337/1653/1653
f 347/1654/1654 335/1655/1655 337/1656/1656
s 89
f 348/1657/1657 349/1658/1658 350/1659/1659
f 350/1660/1660 349/1661/1661 351/1662/1662
f 351/1663/1663 349/1664/1664 352/1665/1665
f 352/1666/1666 349/1667/1667 353/1668/1668
f 353/1669/1669 349/1670/1670 354/1671/1671
f 354/1672/1672 349/1673/1673 355/1674/1674
f 355/1675/1675 349/1676/1676 356/1677/1677
f 356/1678/1678 349/1679/1679 357/1680/1680
f 357/1681/1681 349/1682/1682 358/1683/1683
f 358/1684/1684 349/1685/1685 359/1686/1686
f 359/1687/1687 349/1688/1688 360/1689/1689
f 360/1690/1690 349/1691/1691 348/1692/1692
s 90
f 361/1693/1693 362/1694/1694 363/1695/1695
f 361/1696/1696 363/1697/1697 364/1698/1698
f 362/1699/1699 365/1700/1700 366/1701/1701
f 362/1702/1702 366/1703/1703 363/1704/1704
f 365/1705/1705 367/1706/1706 368/1707/1707
f 365/1708/1708 368/1709/1709 366/1710/1710
f 367/1711/1711 369/1712/1712 370/1713/1713
f 367/1714/1714 370/1715/1715 368/1716/1716
f 369/1717/1717 371/1718/1718 372/1719/1719
f 369/1720/1720 372/1721/1721 370/1722/1722
f 371/1723/1723 373/1724/1724 374/1725/1725
f 371/1726/1726 374/1727/1727 372/1728/1728
f 373/1729/1729 375/1730/1730 376/1731/1731
f 373/1732/1732 376/1733/1733 374/1734/1734
f 375/1735/1735 377/1736/1736 378/1737/1737
f 375/1738/1738 378/1739/1739 376/1740/1740
f 377/1741/1741 379/1742/1742 380/1743/1743
f 377/1744/1744 380/1745/1745 378/1746/1746
f 379/1747/1747 381/1748/1748 382/1749/1749
f 379/1750/1750 382/1751/1751 380/1752/1752
f 381/1753/1753 383/1754/1754 384/1755/1755
f 381/1756/1756 384/1757/1757 382/1758/1758
f 383/1759/1759 361/1760/1760 364/1761/1761
f 383/1762/1762 364/1763/1763 384/1764/1764
s 91
f 385/1765/1765 341/1766/1766 340/1767/1767
f 385/1768/1768 340/1769/1769 386/1770/1770
f 390/1849/1849 338/1850/1850 336/1851/1851
f 390/1852/1852 336/1853/1853 389/1854/1854
f 395/1855/1855 345/1856/1856 344/1857/1857
f 395/1858/1858 344/1859/1859 394/1860/1860
f 392/1861/1861 342/1862/1862 341/1863/1863
f 392/1864/1864 341/1865/1865 385/1866/1866
f 391/1867/1867 339/1868/1868 338/1869/1869
f 391/1870/1870 338/1871/1871 390/1872/1872
f 396/1873/1873 346/1874/1874 345/1875/1875
f 396/1876/1876 345/1877/1877 395/1878/1878
f 388/1879/1879 335/1880/1880 347/1881/1881
f 388/1882/1882 347/1883/1883 387/1884/1884
f 393/1885/1885 343/1886/1886 342/1887/1887
f 393/1888/1888 342/1889/1889 392/1890/1890
f 386/1891/1891 340/1892/1892 339/1893/1893
f 386/1894/1894 339/1895/1895 391/1896/1896
f 387/1897/1897 347/1898/1898 346/1899/1899
f 387/1900/1900 346/1901/1901 396/1902/1902
f 389/1903/1903 336/1904/1904 335/1905/1905
f 389/1906/1906 335/1907/1907 388/1908/1908
f 394/1909/1909 344/1910/1910 343/1911/1911
f 394/1912/1912 343/1913/1913 393/1914/1914
s 92
f 387/1771/1771 364/1772/1772 363/1773/1773
f 387/1774/1774 363/1775/1775 388/1776/1776
f 388/1777/1777 363/1778/1778 366/1779/1779
f 388/1780/1780 366/1781/1781 389/1782/1782
f 389/1783/1783 366/1784/1784 368/1785/1785
f 389/1786/1786 368/1787/1787 390/1788/1788
f 390/1789/1789 368/1790/1790 370/1791/1791
f 390/1792/1792 370/1793/1793 391/1794/1794
f 391/1795/1795 370/1796/1796 372/1797/1797
f 391/1798/1798 372/1799/1799 386/1800/1800
f 386/1801/1801 372/1802/1802 374/1803/1803
f 386/1804/1804 374/1805/1805 385/1806/1806
f 385/1807/1807 374/1808/1808 376/1809/1809
f 385/1810/1810 376/1811/1811 392/1812/1812
f 392/1813/1813 376/1814/1814 378/1815/1815
f 392/1816/1816 378/1817/1817 393/1818/1818
f 393/1819/1819 378/1820/1820 380/1821/1821
f 393/1822/1822 380/1823/1823 394/1824/1824
f 394/1825/1825 380/1826/1826 382/1827/1827
f 394/1828/1828 382/1829/1829 395/1830/1830
f 395/1831/1831 382/1832/1832 384/1833/1833
f 395/1834/1834 384/1835/1835 396/1836/1836
f 396/1837/1837 384/1838/1838 364/1839/1839
f 396/1840/1840 364/1841/1841 387/1842/1842
s 93
f 344/1843/1843 343/1844/1844 397/1845/1845
f 344/1846/1846 397/1847/1847 398/1848/1848
f 341/1921/1921 340/1922/1922 403/1923/1923
f 341/1924/1924 403/1925/1925 404/1926/1926
f 338/1927/1927 336/1928/1928 405/1929/1929
f 338/1930/1930 405/1931/1931 406/1932/1932
f 345/1933/1933 344/1934/1934 398/1935/1935
f 345/1936/1936 398/1937/1937 407/1938/1938
f 342/1939/1939 341/1940/1940 404/1941/1941
f 342/1942/1942 404/1943/1943 408/1944/1944
f 339/1945/1945 338/1946/1946 406/1947/1947
f 339/1948/1948 406/1949/1949 409/1950/1950
f 346/1951/1951 345/1952/1952 407/1953/1953
f 346/1954/1954 407/1955/1955 410/1956/1956
f 335/1957/1957 347/1958/1958 411/1959/1959
f 335/1960/1960 411/1961/1961 412/1962/1962
f 343/1963/1963 342/1964/1964 408/1965/1965
f 343/1966/1966 408/1967/1967 397/1968/1968
f 340/1969/1969 339/1970/1970 409/1971/1971
f 340/1972/1972 409/1973/1973 403/1974/1974
f 347/1975/1975 346/1976/1976 410/1977/1977
f 347/1978/1978 410/1979/1979 411/1980/1980
f 336/1981/1981 335/1982/1982 412/1983/1983
f 336/1984/1984 412/1985/1985 405/1986/1986
s 94
f 399/1915/1915 400/1916/1916 401/1917/1917
f 399/1918/1918 401/1919/1919 402/1920/1920
f 418/2125/2125 417/2126/2126 432/2127/2127
f 418/2128/2128 432/2129/2129 431/2130/2130
f 423/2131/2131 422/2132/2132 427/2133/2133
f 423/2134/2134 427/2135/2135 426/2136/2136
f 415/2137/2137 414/2138/2138 425/2139/2139
f 415/2140/2140 425/2141/2141 424/2142/2142
f 420/2143/2143 399/2144/2144 402/2145/2145
f 420/2146/2146 402/2147/2147 429/2148/2148
f 419/2149/2149 418/2150/2150 431/2151/2151
f 419/2152/2152 431/2153/2153 430/2154/2154
f 414/2155/2155 423/2156/2156 426/2157/2157
f 414/2158/2158 426/2159/2159 425/2160/2160
f 416/2161/2161 415/2162/2162 424/2163/2163
f 416/2164/2164 424/2165/2165 433/2166/2166
f 421/2167/2167 420/2168/2168 429/2169/2169
f 421/2170/2170 429/2171/2171 428/2172/2172
f 400/2173/2173 419/2174/2174 430/2175/2175
f 400/2176/2176 430/2177/2177 401/2178/2178
f 417/2179/2179 416/2180/2180 433/2181/2181
f 417/2182/2182 433/2183/2183 432/2184/2184
f 422/2185/2185 421/2186/2186 428/2187/2187
f 422/2188/2188 428/2189/2189 427/2190/2190
s 95
f 361/1987/1987 413/1988/1988 362/1989/1989
f 362/1990/1990 413/1991/1991 365/1992/1992
f 365/1993/1993 413/1994/1994 367/1995/1995
f 367/1996/1996 413/1997/1997 369/1998/1998
f 369/1999/1999 413/2000/2000 371/2001/2001
f 371/2002/2002 413/2003/2003 373/2004/2004
f 373/2005/2005 413/2006/2006 375/2007/2007
f 375/2008/2008 413/2009/2009 377/2010/2010
f 377/2011/2011 413/2012/2012 379/2013/2013
f 379/2014/2014 413/2015/2015 381/2016/2016
f 381/2017/2017 413/2018/2018 383/2019/2019
f 383/2020/2020 413/2021/2021 361/2022/2022
o lfwheel,ox=4.67,oy=2.97,oz=9.32,p=base,
v 7.851073 4.527989 10.868402
vn 1.392370 0.000000 0.000000
vt 0.724229157 0.644963026
v 7.851073 1.422534 7.762949
vn 1.392370 0.000000 0.000000
vt 0.703599274 0.665583014
v 7.851073 4.527989 7.762949
vn 1.392370 0.000000 0.000000
vt 0.724229157 0.665583014
vn 0.000000 0.000000 -1.392370
vt 0.375047028 0.250000000
v 4.745622 1.422534 7.762949
vn 0.000000 0.000000 -1.392370
vt 0.375047028 0.500000000
v 4.745622 4.527989 7.762949
vn 0.000000 0.000000 -1.392370
vt 0.625047028 0.500000000
vn 0.000000 0.000000 -1.392370
vt 0.375047028 0.250000000
vn 0.000000 0.000000 -1.392370
vt 0.625047028 0.500000000
vn 0.000000 0.000000 -1.392370
vt 0.625047028 0.250000000
vn -1.392370 0.000000 0.000000
vt 0.724229157 0.644963026
v 4.745622 1.422534 10.868402
vn -1.392370 0.000000 0.000000
vt 0.703599274 0.665583014
v 4.745622 4.527989 10.868402
vn -1.392370 0.000000 0.000000
vt 0.724229157 0.665583014
vn -0.000000 0.000000 1.392370
vt 0.375047028 0.750000000
v 7.851073 1.422534 10.868402
vn -0.000000 0.000000 1.392370
vt 0.375047028 1.000000000
vn -0.000000 0.000000 1.392370
vt 0.625047028 1.000000000
vn -0.000000 0.000000 1.392370
vt 0.375047028 0.750000000
vn -0.000000 0.000000 1.392370
vt 0.625047028 1.000000000
vn -0.000000 0.000000 1.392370
vt 0.625047028 0.750000000
vn -0.000000 -1.392370 0.000000
vt 0.125047043 0.500000000
vn -0.000000 -1.392370 0.000000
vt 0.125047043 0.750000000
vn -0.000000 -1.392370 0.000000
vt 0.375047028 0.750000000
vn -0.000000 -1.392370 0.000000
vt 0.125047043 0.500000000
vn -0.000000 -1.392370 0.000000
vt 0.375047028 0.750000000
vn -0.000000 -1.392370 0.000000
vt 0.375047028 0.500000000
vn -0.000000 1.392370 0.000000
vt 0.625047028 0.500000000
vn -0.000000 1.392370 0.000000
vt 0.625047028 0.750000000
vn -0.000000 1.392370 0.000000
vt 0.875047028 0.750000000
vn -0.000000 1.392370 0.000000
vt 0.625047028 0.500000000
vn -0.000000 1.392370 0.000000
vt 0.875047028 0.750000000
vn -0.000000 1.392370 0.000000
vt 0.875047028 0.500000000
vn 1.392370 0.000000 0.000000
vt 0.703599274 0.644963026
vn 1.392370 0.000000 0.000000
vt 0.703599274 0.665583014
vn 1.392370 0.000000 0.000000
vt 0.724229157 0.644963026
vn -1.392370 0.000000 0.000000
vt 0.703599274 0.644963026
vn -1.392370 0.000000 0.000000
vt 0.703599274 0.665583014
vn -1.392370 0.000000 0.000000
vt 0.724229157 0.644963026
v 4.452437 2.975261 6.126725
vn 0.000000 0.000000 -1.392370
vt 0.839829743 0.531494021
v 4.452437 4.569738 6.553964
vn -0.000000 0.696185 -1.205792
vt 0.830613434 0.531494021
v 8.144260 4.569738 6.553964
vn -0.000000 0.696185 -1.205792
vt 0.819138825 0.511197984
vn 0.000000 0.000000 -1.392370
vt 0.839829743 0.531494021
vn -0.000000 0.696185 -1.205792
vt 0.819138825 0.511197984
v 8.144260 2.975262 6.126725
vn 0.000000 0.000000 -1.392370
vt 0.828355134 0.511197984
vn -0.000000 0.696185 -1.205792
vt 0.830613434 0.531494021
v 4.452436 5.736975 7.721202
vn -0.000000 1.205792 -0.696185
vt 0.821397126 0.531494021
v 8.144260 5.736975 7.721202
vn -0.000000 1.205792 -0.696185
vt 0.809922516 0.511197984
vn -0.000000 0.696185 -1.205792
vt 0.830613434 0.531494021
vn -0.000000 1.205792 -0.696185
vt 0.809922516 0.511197984
vn -0.000000 0.696185 -1.205792
vt 0.819138825 0.511197984
vn -0.000000 1.205792 -0.696185
vt 0.821397126 0.531494021
v 4.452436 6.164212 9.315678
vn -0.000000 1.392370 0.000000
vt 0.812119782 0.531494021
v 8.144260 6.164214 9.315678
vn -0.000000 1.392370 0.000000
vt 0.800645173 0.511197984
vn -0.000000 1.205792 -0.696185
vt 0.821397126 0.531494021
vn -0.000000 1.392370 0.000000
vt 0.800645173 0.511197984
vn -0.000000 1.205792 -0.696185
vt 0.809922516 0.511197984
vn -0.000000 1.392370 0.000000
vt 0.812119782 0.531494021
v 4.452436 5.736975 10.910155
vn -0.000000 1.205792 0.696185
vt 0.802903473 0.531494021
v 8.144260 5.736975 10.910155
vn -0.000000 1.205792 0.696185
vt 0.791428864 0.511197984
vn -0.000000 1.392370 0.000000
vt 0.812119782 0.531494021
vn -0.000000 1.205792 0.696185
vt 0.791428864 0.511197984
vn -0.000000 1.392370 0.000000
vt 0.800645173 0.511197984
vn -0.000000 1.205792 0.696185
vt 0.802903473 0.531494021
v 4.452437 4.569738 12.077392
vn -0.000000 0.696185 1.205792
vt 0.793687165 0.531494021
v 8.144260 4.569738 12.077392
vn -0.000000 0.696185 1.205792
vt 0.782212555 0.511197984
vn -0.000000 1.205792 0.696185
vt 0.802903473 0.531494021
vn -0.000000 0.696185 1.205792
vt 0.782212555 0.511197984
vn -0.000000 1.205792 0.696185
vt 0.791428864 0.511197984
vn -0.000000 0.696185 1.205792
vt 0.793687165 0.531494021
v 4.452437 2.975262 12.504631
vn -0.000000 0.000000 1.392370
vt 0.784470856 0.531494021
v 8.144260 2.975263 12.504631
vn -0.000000 0.000000 1.392370
vt 0.772996247 0.511197984
vn -0.000000 0.696185 1.205792
vt 0.793687165 0.531494021
vn -0.000000 0.000000 1.392370
vt 0.772996247 0.511197984
vn -0.000000 0.696185 1.205792
vt 0.782212555 0.511197984
vn -0.000000 0.000000 1.392370
vt 0.784470856 0.531494021
v 4.452437 1.380786 12.077392
vn -0.000000 -0.696185 1.205792
vt 0.775254548 0.531494021
v 8.144260 1.380786 12.077392
vn -0.000000 -0.696185 1.205792
vt 0.763779938 0.511197984
vn -0.000000 0.000000 1.392370
vt 0.784470856 0.531494021
vn -0.000000 -0.696185 1.205792
vt 0.763779938 0.511197984
vn -0.000000 0.000000 1.392370
vt 0.772996247 0.511197984
vn -0.000000 -0.696185 1.205792
vt 0.775254548 0.531494021
v 4.452437 0.213547 10.910156
vn -0.000000 -1.205792 0.696185
vt 0.766038239 0.531494021
v 8.144260 0.213547 10.910156
vn -0.000000 -1.205792 0.696185
vt 0.754563630 0.511197984
vn -0.000000 -0.696185 1.205792
vt 0.775254548 0.531494021
vn -0.000000 -1.205792 0.696185
vt 0.754563630 0.511197984
vn -0.000000 -0.696185 1.205792
vt 0.763779938 0.511197984
vn -0.000000 -1.205792 0.696185
vt 0.766038239 0.531494021
v 4.452437 -0.213691 9.315679
vn -0.000000 -1.392370 0.000000
vt 0.756821930 0.531494021
v 8.144260 -0.213691 9.315679
vn -0.000000 -1.392370 0.000000
vt 0.745347321 0.511197984
vn -0.000000 -1.205792 0.696185
vt 0.766038239 0.531494021
vn -0.000000 -1.392370 0.000000
vt 0.745347321 0.511197984
vn -0.000000 -1.205792 0.696185
vt 0.754563630 0.511197984
vn -0.000000 -1.392370 0.000000
vt 0.756821930 0.531494021
v 4.452437 0.213546 7.721203
vn -0.000000 -1.205792 -0.696185
vt 0.747605622 0.531494021
v 8.144260 0.213546 7.721203
vn -0.000000 -1.205792 -0.696185
vt 0.736131012 0.511197984
vn -0.000000 -1.392370 0.000000
vt 0.756821930 0.531494021
vn -0.000000 -1.205792 -0.696185
vt 0.736131012 0.511197984
vn -0.000000 -1.392370 0.000000
vt 0.745347321 0.511197984
v 4.085877 1.670587 8.562425
vn -0.000000 1.205792 0.696185
vt 0.748948395 0.510954022
v 8.510820 1.670588 8.562425
vn -0.000000 1.205792 0.696185
vt 0.748948395 0.504670978
v 8.510820 2.222007 8.011006
vn -0.000000 0.696185 1.205792
vt 0.742661774 0.504670978
vn -0.000000 1.205792 0.696185
vt 0.748948395 0.510954022
vn -0.000000 0.696185 1.205792
vt 0.742661774 0.504670978
v 4.085877 2.222007 8.011006
vn -0.000000 0.696185 1.205792
vt 0.742661774 0.510954022
vn -0.000000 -1.205792 -0.696185
vt 0.747605622 0.531494021
v 4.452437 1.380782 6.553965
vn -0.000000 -0.696185 -1.205792
vt 0.738389313 0.531494021
v 8.144260 1.380783 6.553965
vn -0.000000 -0.696185 -1.205792
vt 0.726914704 0.511197984
vn -0.000000 -1.205792 -0.696185
vt 0.747605622 0.531494021
vn -0.000000 -0.696185 -1.205792
vt 0.726914704 0.511197984
vn -0.000000 -1.205792 -0.696185
vt 0.736131012 0.511197984
vn -0.000000 -0.696185 -1.205792
vt 0.738389313 0.531494021
vn 0.000000 0.000000 -1.392370
vt 0.729111969 0.531494021
vn 0.000000 0.000000 -1.392370
vt 0.717637360 0.511197984
vn -0.000000 -0.696185 -1.205792
vt 0.738389313 0.531494021
vn 0.000000 0.000000 -1.392370
vt 0.717637360 0.511197984
vn -0.000000 -0.696185 -1.205792
vt 0.726914704 0.511197984
v 4.085878 3.728515 8.011005
vn -1.360485 0.148148 -0.256753
vt 0.705064118 0.503552020
vn -1.360485 0.148148 -0.256753
vt 0.705064118 0.514181018
vn -1.360485 0.000000 -0.296436
vt 0.849107087 0.514181018
vn -1.360485 0.148148 -0.256753
vt 0.705064118 0.503552020
vn -1.360485 0.000000 -0.296436
vt 0.849107087 0.514181018
v 4.085878 2.975262 7.809171
vn -1.360485 0.000000 -0.296436
vt 0.849107087 0.503552020
v 8.510820 2.975263 7.809171
vn 1.360485 0.000000 -0.296436
vt 0.741990387 0.507284999
vn 1.360485 0.000000 -0.296436
vt 0.741990387 0.513984025
vn 1.360485 0.148148 -0.256753
vt 0.859910309 0.513984025
vn 1.360485 0.000000 -0.296436
vt 0.741990387 0.507284999
vn 1.360485 0.148148 -0.256753
vt 0.859910309 0.513984025
v 8.510820 3.728515 8.011005
vn 1.360485 0.148148 -0.256753
vt 0.859910309 0.507284999
v 4.085877 4.279935 8.562425
vn -1.360485 0.256753 -0.148148
vt 0.705064118 0.503552020
vn -1.360485 0.256753 -0.148148
vt 0.705064118 0.514181018
vn -1.360485 0.148148 -0.256753
vt 0.849107087 0.514181018
vn -1.360485 0.256753 -0.148148
vt 0.705064118 0.503552020
vn -1.360485 0.148148 -0.256753
vt 0.849107087 0.514181018
vn -1.360485 0.148148 -0.256753
vt 0.849107087 0.503552020
vn 1.360485 0.148148 -0.256753
vt 0.741990387 0.507284999
vn 1.360485 0.148148 -0.256753
vt 0.741990387 0.513984025
vn 1.360485 0.256753 -0.148148
vt 0.859910309 0.513984025
vn 1.360485 0.148148 -0.256753
vt 0.741990387 0.507284999
vn 1.360485 0.256753 -0.148148
vt 0.859910309 0.513984025
v 8.510820 4.279935 8.562425
vn 1.360485 0.256753 -0.148148
vt 0.859910309 0.507284999
v 4.085877 4.481768 9.315678
vn -1.360485 0.296436 0.000000
vt 0.705064118 0.503552020
vn -1.360485 0.296436 0.000000
vt 0.705064118 0.514181018
vn -1.360485 0.256753 -0.148148
vt 0.849107087 0.514181018
vn -1.360485 0.296436 0.000000
vt 0.705064118 0.503552020
vn -1.360485 0.256753 -0.148148
vt 0.849107087 0.514181018
vn -1.360485 0.256753 -0.148148
vt 0.849107087 0.503552020
vn 1.360485 0.256753 -0.148148
vt 0.741990387 0.507284999
vn 1.360485 0.256753 -0.148148
vt 0.741990387 0.513984025
vn 1.360485 0.296436 -0.000000
vt 0.859910309 0.513984025
vn 1.360485 0.256753 -0.148148
vt 0.741990387 0.507284999
vn 1.360485 0.296436 -0.000000
vt 0.859910309 0.513984025
v 8.510820 4.481769 9.315678
vn 1.360485 0.296436 -0.000000
vt 0.859910309 0.507284999
v 4.085877 4.279935 10.068931
vn -1.360485 0.256753 0.148148
vt 0.705064118 0.503552020
vn -1.360485 0.256753 0.148148
vt 0.705064118 0.514181018
vn -1.360485 0.296436 0.000000
vt 0.849107087 0.514181018
vn -1.360485 0.256753 0.148148
vt 0.705064118 0.503552020
vn -1.360485 0.296436 0.000000
vt 0.849107087 0.514181018
vn -1.360485 0.296436 0.000000
vt 0.849107087 0.503552020
vn 1.360485 0.296436 -0.000000
vt 0.741990387 0.507284999
vn 1.360485 0.296436 -0.000000
vt 0.741990387 0.513984025
vn 1.360485 0.256753 0.148148
vt 0.859910309 0.513984025
vn 1.360485 0.296436 -0.000000
vt 0.741990387 0.507284999
vn 1.360485 0.256753 0.148148
vt 0.859910309 0.513984025
v 8.510820 4.279935 10.068931
vn 1.360485 0.256753 0.148148
vt 0.859910309 0.507284999
v 4.085878 3.728515 10.620352
vn -1.360485 0.148148 0.256753
vt 0.705064118 0.503552020
vn -1.360485 0.148148 0.256753
vt 0.705064118 0.514181018
vn -1.360485 0.256753 0.148148
vt 0.849107087 0.514181018
vn -1.360485 0.148148 0.256753
vt 0.705064118 0.503552020
vn -1.360485 0.256753 0.148148
vt 0.849107087 0.514181018
vn -1.360485 0.256753 0.148148
vt 0.849107087 0.503552020
vn 1.360485 0.256753 0.148148
vt 0.741990387 0.507284999
vn 1.360485 0.256753 0.148148
vt 0.741990387 0.513984025
vn 1.360485 0.148148 0.256753
vt 0.859910309 0.513984025
vn 1.360485 0.256753 0.148148
vt 0.741990387 0.507284999
vn 1.360485 0.148148 0.256753
vt 0.859910309 0.513984025
v 8.510820 3.728515 10.620352
vn 1.360485 0.148148 0.256753
vt 0.859910309 0.507284999
v 4.085878 2.975262 10.822184
vn -1.360485 0.000000 0.296436
vt 0.705064118 0.503552020
vn -1.360485 0.000000 0.296436
vt 0.705064118 0.514181018
vn -1.360485 0.148148 0.256753
vt 0.849107087 0.514181018
vn -1.360485 0.000000 0.296436
vt 0.705064118 0.503552020
vn -1.360485 0.148148 0.256753
vt 0.849107087 0.514181018
vn -1.360485 0.148148 0.256753
vt 0.849107087 0.503552020
vn 1.360485 0.148148 0.256753
vt 0.741990387 0.507284999
vn 1.360485 0.148148 0.256753
vt 0.741990387 0.513984025
vn 1.360485 0.000000 0.296436
vt 0.859910309 0.513984025
vn 1.360485 0.148148 0.256753
vt 0.741990387 0.507284999
vn 1.360485 0.000000 0.296436
vt 0.859910309 0.513984025
v 8.510820 2.975263 10.822184
vn 1.360485 0.000000 0.296436
vt 0.859910309 0.507284999
v 4.085878 2.222008 10.620352
vn -1.360485 -0.148148 0.256753
vt 0.705064118 0.503552020
vn -1.360485 -0.148148 0.256753
vt 0.705064118 0.514181018
vn -1.360485 0.000000 0.296436
vt 0.849107087 0.514181018
vn -1.360485 -0.148148 0.256753
vt 0.705064118 0.503552020
vn -1.360485 0.000000 0.296436
vt 0.849107087 0.514181018
vn -1.360485 0.000000 0.296436
vt 0.849107087 0.503552020
vn 1.360485 0.000000 0.296436
vt 0.741990387 0.507284999
vn 1.360485 0.000000 0.296436
vt 0.741990387 0.513984025
vn 1.360485 -0.148148 0.256753
vt 0.859910309 0.513984025
vn 1.360485 0.000000 0.296436
vt 0.741990387 0.507284999
vn 1.360485 -0.148148 0.256753
vt 0.859910309 0.513984025
v 8.510820 2.222009 10.620352
vn 1.360485 -0.148148 0.256753
vt 0.859910309 0.507284999
v 4.085877 1.670588 10.068932
vn -1.360485 -0.256753 0.148148
vt 0.705064118 0.503552020
vn -1.360485 -0.256753 0.148148
vt 0.705064118 0.514181018
vn -1.360485 -0.148148 0.256753
vt 0.849107087 0.514181018
vn -1.360485 -0.256753 0.148148
vt 0.705064118 0.503552020
vn -1.360485 -0.148148 0.256753
vt 0.849107087 0.514181018
vn -1.360485 -0.148148 0.256753
vt 0.849107087 0.503552020
vn 1.360485 -0.148148 0.256753
vt 0.741990387 0.507284999
vn 1.360485 -0.148148 0.256753
vt 0.741990387 0.513984025
vn 1.360485 -0.256753 0.148148
vt 0.859910309 0.513984025
vn 1.360485 -0.148148 0.256753
vt 0.741990387 0.507284999
vn 1.360485 -0.256753 0.148148
vt 0.859910309 0.513984025
v 8.510820 1.670589 10.068932
vn 1.360485 -0.256753 0.148148
vt 0.859910309 0.507284999
v 4.085877 1.468754 9.315679
vn -1.360485 -0.296436 0.000000
vt 0.705064118 0.503552020
vn -1.360485 -0.296436 0.000000
vt 0.705064118 0.514181018
vn -1.360485 -0.256753 0.148148
vt 0.849107087 0.514181018
vn -1.360485 -0.296436 0.000000
vt 0.705064118 0.503552020
vn -1.360485 -0.256753 0.148148
vt 0.849107087 0.514181018
vn -1.360485 -0.256753 0.148148
vt 0.849107087 0.503552020
vn 1.360485 -0.256753 0.148148
vt 0.741990387 0.507284999
vn 1.360485 -0.256753 0.148148
vt 0.741990387 0.513984025
vn 1.360485 -0.296436 0.000000
vt 0.859910309 0.513984025
vn 1.360485 -0.256753 0.148148
vt 0.741990387 0.507284999
vn 1.360485 -0.296436 0.000000
vt 0.859910309 0.513984025
v 8.510820 1.468754 9.315679
vn 1.360485 -0.296436 0.000000
vt 0.859910309 0.507284999
vn -1.360485 -0.256753 -0.148148
vt 0.705064118 0.503552020
vn -1.360485 -0.256753 -0.148148
vt 0.705064118 0.514181018
vn -1.360485 -0.296436 0.000000
vt 0.849107087 0.514181018
vn -1.360485 -0.256753 -0.148148
vt 0.705064118 0.503552020
vn -1.360485 -0.296436 0.000000
vt 0.849107087 0.514181018
vn -1.360485 -0.296436 0.000000
vt 0.849107087 0.503552020
vn 1.360485 -0.296436 0.000000
vt 0.741990387 0.507284999
vn 1.360485 -0.296436 0.000000
vt 0.741990387 0.513984025
vn 1.360485 -0.256753 -0.148148
vt 0.859910309 0.513984025
vn 1.360485 -0.296436 0.000000
vt 0.741990387 0.507284999
vn 1.360485 -0.256753 -0.148148
vt 0.859910309 0.513984025
vn 1.360485 -0.256753 -0.148148
vt 0.859910309 0.507284999
vn -1.360485 -0.148148 -0.256753
vt 0.705064118 0.503552020
vn -1.360485 -0.148148 -0.256753
vt 0.705064118 0.514181018
vn -1.360485 -0.256753 -0.148148
vt 0.849107087 0.514181018
vn -1.360485 -0.148148 -0.256753
vt 0.705064118 0.503552020
vn -1.360485 -0.256753 -0.148148
vt 0.849107087 0.514181018
vn -1.360485 -0.256753 -0.148148
vt 0.849107087 0.503552020
vn 1.360485 -0.256753 -0.148148
vt 0.741990387 0.507284999
vn 1.360485 -0.256753 -0.148148
vt 0.741990387 0.513984025
vn 1.360485 -0.148148 -0.256753
vt 0.859910309 0.513984025
vn 1.360485 -0.256753 -0.148148
vt 0.741990387 0.507284999
vn 1.360485 -0.148148 -0.256753
vt 0.859910309 0.513984025
vn 1.360485 -0.148148 -0.256753
vt 0.859910309 0.507284999
vn -1.360485 0.000000 -0.296436
vt 0.705064118 0.503552020
vn -1.360485 0.000000 -0.296436
vt 0.705064118 0.514181018
vn -1.360485 -0.148148 -0.256753
vt 0.849107087 0.514181018
vn -1.360485 0.000000 -0.296436
vt 0.705064118 0.503552020
vn -1.360485 -0.148148 -0.256753
vt 0.849107087 0.514181018
vn -1.360485 -0.148148 -0.256753
vt 0.849107087 0.503552020
vn 1.360485 -0.148148 -0.256753
vt 0.741990387 0.507284999
vn 1.360485 -0.148148 -0.256753
vt 0.741990387 0.513984025
vn 1.360485 0.000000 -0.296436
vt 0.859910309 0.513984025
vn 1.360485 -0.148148 -0.256753
vt 0.741990387 0.507284999
vn 1.360485 0.000000 -0.296436
vt 0.859910309 0.513984025
vn 1.360485 0.000000 -0.296436
vt 0.859910309 0.507284999
vn -0.000000 0.696185 1.205792
vt 0.748948395 0.510954022
vn -0.000000 0.696185 1.205792
vt 0.748948395 0.504670978
vn -0.000000 0.000000 1.392370
vt 0.742661774 0.504670978
vn -0.000000 0.696185 1.205792
vt 0.748948395 0.510954022
vn -0.000000 0.000000 1.392370
vt 0.742661774 0.504670978
vn -0.000000 0.000000 1.392370
vt 0.742661774 0.510954022
vn -0.000000 0.000000 1.392370
vt 0.748948395 0.510954022
vn -0.000000 0.000000 1.392370
vt 0.748948395 0.504670978
vn -0.000000 -0.696185 1.205792
vt 0.742661774 0.504670978
vn -0.000000 0.000000 1.392370
vt 0.748948395 0.510954022
vn -0.000000 -0.696185 1.205792
vt 0.742661774 0.504670978
vn -0.000000 -0.696185 1.205792
vt 0.742661774 0.510954022
vn -0.000000 -0.696185 1.205792
vt 0.748948395 0.510954022
vn -0.000000 -0.696185 1.205792
vt 0.748948395 0.504670978
vn -0.000000 -1.205792 0.696185
vt 0.742661774 0.504670978
vn -0.000000 -0.696185 1.205792
vt 0.748948395 0.510954022
vn -0.000000 -1.205792 0.696185
vt 0.742661774 0.504670978
vn -0.000000 -1.205792 0.696185
vt 0.742661774 0.510954022
vn -0.000000 -1.205792 0.696185
vt 0.748948395 0.510954022
vn -0.000000 -1.205792 0.696185
vt 0.748948395 0.504670978
vn -0.000000 -1.392370 0.000000
vt 0.742661774 0.504670978
vn -0.000000 -1.205792 0.696185
vt 0.748948395 0.510954022
vn -0.000000 -1.392370 0.000000
vt 0.742661774 0.504670978
vn -0.000000 -1.392370 0.000000
vt 0.742661774 0.510954022
vn -0.000000 -1.392370 0.000000
vt 0.748948395 0.510954022
vn -0.000000 -1.392370 0.000000
vt 0.748948395 0.504670978
vn -0.000000 -1.205792 -0.696185
vt 0.742661774 0.504670978
vn -0.000000 -1.392370 0.000000
vt 0.748948395 0.510954022
vn -0.000000 -1.205792 -0.696185
vt 0.742661774 0.504670978
vn -0.000000 -1.205792 -0.696185
vt 0.742661774 0.510954022
vn -0.000000 -1.205792 -0.696185
vt 0.748948395 0.510954022
vn -0.000000 -1.205792 -0.696185
vt 0.748948395 0.504670978
vn -0.000000 -0.696185 -1.205792
vt 0.742661774 0.504670978
vn -0.000000 -1.205792 -0.696185
vt 0.748948395 0.510954022
vn -0.000000 -0.696185 -1.205792
vt 0.742661774 0.504670978
vn -0.000000 -0.696185 -1.205792
vt 0.742661774 0.510954022
vn -0.000000 -0.696185 -1.205792
vt 0.748948395 0.510954022
vn -0.000000 -0.696185 -1.205792
vt 0.748948395 0.504670978
vn 0.000000 0.000000 -1.392370
vt 0.742661774 0.504670978
vn -0.000000 -0.696185 -1.205792
vt 0.748948395 0.510954022
vn 0.000000 0.000000 -1.392370
vt 0.742661774 0.504670978
vn 0.000000 0.000000 -1.392370
vt 0.742661774 0.510954022
vn 0.000000 0.000000 -1.392370
vt 0.748948395 0.510954022
vn 0.000000 0.000000 -1.392370
vt 0.748948395 0.504670978
vn -0.000000 0.696185 -1.205792
vt 0.742661774 0.504670978
vn 0.000000 0.000000 -1.392370
vt 0.748948395 0.510954022
vn -0.000000 0.696185 -1.205792
vt 0.742661774 0.504670978
vn -0.000000 0.696185 -1.205792
vt 0.742661774 0.510954022
vn -0.000000 0.696185 -1.205792
vt 0.748948395 0.510954022
vn -0.000000 0.696185 -1.205792
vt 0.748948395 0.504670978
vn -0.000000 1.205792 -0.696185
vt 0.742661774 0.504670978
vn -0.000000 0.696185 -1.205792
vt 0.748948395 0.510954022
vn -0.000000 1.205792 -0.696185
vt 0.742661774 0.504670978
vn -0.000000 1.205792 -0.696185
vt 0.742661774 0.510954022
vn -0.000000 1.205792 -0.696185
vt 0.748948395 0.510954022
vn -0.000000 1.205792 -0.696185
vt 0.748948395 0.504670978
vn -0.000000 1.392370 0.000000
vt 0.742661774 0.504670978
vn -0.000000 1.205792 -0.696185
vt 0.748948395 0.510954022
vn -0.000000 1.392370 0.000000
vt 0.742661774 0.504670978
vn -0.000000 1.392370 0.000000
vt 0.742661774 0.510954022
vn -0.000000 1.392370 0.000000
vt 0.748948395 0.510954022
vn -0.000000 1.392370 0.000000
vt 0.748948395 0.504670978
vn -0.000000 1.205792 0.696185
vt 0.742661774 0.504670978
vn -0.000000 1.392370 0.000000
vt 0.748948395 0.510954022
vn -0.000000 1.205792 0.696185
vt 0.742661774 0.504670978
vn -0.000000 1.205792 0.696185
vt 0.742661774 0.510954022
s 96
f 543/2803/2803 516/2804/2804 515/2805/2805
f 543/2806/2806 515/2807/2807 544/2808/2808
f 547/2815/2815 519/2816/2816 516/2817/2817
f 547/2818/2818 516/2819/2819 543/2820/2820
f 549/2827/2827 521/2828/2828 519/2829/2829
f 549/2830/2830 519/2831/2831 547/2832/2832
f 551/2839/2839 523/2840/2840 521/2841/2841
f 551/2842/2842 521/2843/2843 549/2844/2844
f 553/2851/2851 525/2852/2852 523/2853/2853
f 553/2854/2854 523/2855/2855 551/2856/2856
f 555/2863/2863 527/2864/2864 525/2865/2865
f 555/2866/2866 525/2867/2867 553/2868/2868
f 557/2875/2875 529/2876/2876 527/2877/2877
f 557/2878/2878 527/2879/2879 555/2880/2880
f 559/2887/2887 531/2888/2888 529/2889/2889
f 559/2890/2890 529/2891/2891 557/2892/2892
f 561/2899/2899 533/2900/2900 531/2901/2901
f 561/2902/2902 531/2903/2903 559/2904/2904
f 537/2911/2911 535/2912/2912 533/2913/2913
f 537/2914/2914 533/2915/2915 561/2916/2916
f 540/2923/2923 541/2924/2924 535/2925/2925
f 540/2926/2926 535/2927/2927 537/2928/2928
f 544/2935/2935 515/2936/2936 541/2937/2937
f 544/2938/2938 541/2939/2939 540/2940/2940
s 97
f 545/2809/2809 518/2810/2810 517/2811/2811
f 545/2812/2812 517/2813/2813 546/2814/2814
f 546/2821/2821 517/2822/2822 520/2823/2823
f 546/2824/2824 520/2825/2825 548/2826/2826
f 548/2833/2833 520/2834/2834 522/2835/2835
f 548/2836/2836 522/2837/2837 550/2838/2838
f 550/2845/2845 522/2846/2846 524/2847/2847
f 550/2848/2848 524/2849/2849 552/2850/2850
f 552/2857/2857 524/2858/2858 526/2859/2859
f 552/2860/2860 526/2861/2861 554/2862/2862
f 554/2869/2869 526/2870/2870 528/2871/2871
f 554/2872/2872 528/2873/2873 556/2874/2874
f 556/2881/2881 528/2882/2882 530/2883/2883
f 556/2884/2884 530/2885/2885 558/2886/2886
f 558/2893/2893 530/2894/2894 532/2895/2895
f 558/2896/2896 532/2897/2897 560/2898/2898
f 560/2905/2905 532/2906/2906 534/2907/2907
f 560/2908/2908 534/2909/2909 562/2910/2910
f 562/2917/2917 534/2918/2918 536/2919/2919
f 562/2920/2920 536/2921/2921 538/2922/2922
f 538/2929/2929 536/2930/2930 542/2931/2931
f 538/2932/2932 542/2933/2933 539/2934/2934
f 539/2941/2941 542/2942/2942 518/2943/2943
f 539/2944/2944 518/2945/2945 545/2946/2946
s 88
f 507/2689/2689 508/2690/2690 509/2691/2691
f 514/2719/2719 508/2720/2720 507/2721/2721
s 89
f 508/2692/2692 510/2693/2693 511/2694/2694
f 508/2695/2695 511/2696/2696 509/2697/2697
s 90
f 511/2698/2698 512/2699/2699 513/2700/2700
f 510/2722/2722 512/2723/2723 511/2724/2724
s 91
f 512/2701/2701 514/2702/2702 507/2703/2703
f 512/2704/2704 507/2705/2705 513/2706/2706
s 92
f 508/2707/2707 514/2708/2708 512/2709/2709
f 508/2710/2710 512/2711/2711 510/2712/2712
s 93
f 511/2713/2713 513/2714/2714 507/2715/2715
f 511/2716/2716 507/2717/2717 509/2718/2718
s 94
f 515/2725/2725 516/2726/2726 517/2727/2727
f 515/2728/2728 517/2729/2729 518/2730/2730
f 516/2731/2731 519/2732/2732 520/2733/2733
f 516/2734/2734 520/2735/2735 517/2736/2736
f 519/2737/2737 521/2738/2738 522/2739/2739
f 519/2740/2740 522/2741/2741 520/2742/2742
f 521/2743/2743 523/2744/2744 524/2745/2745
f 521/2746/2746 524/2747/2747 522/2748/2748
f 523/2749/2749 525/2750/2750 526/2751/2751
f 523/2752/2752 526/2753/2753 524/2754/2754
f 525/2755/2755 527/2756/2756 528/2757/2757
f 525/2758/2758 528/2759/2759 526/2760/2760
f 527/2761/2761 529/2762/2762 530/2763/2763
f 527/2764/2764 530/2765/2765 528/2766/2766
f 529/2767/2767 531/2768/2768 532/2769/2769
f 529/2770/2770 532/2771/2771 530/2772/2772
f 531/2773/2773 533/2774/2774 534/2775/2775
f 531/2776/2776 534/2777/2777 532/2778/2778
f 533/2779/2779 535/2780/2780 536/2781/2781
f 533/2782/2782 536/2783/2783 534/2784/2784
f 535/2791/2791 541/2792/2792 542/2793/2793
f 535/2794/2794 542/2795/2795 536/2796/2796
f 541/2797/2797 515/2798/2798 518/2799/2799
f 541/2800/2800 518/2801/2801 542/2802/2802
s 95
f 537/2785/2785 538/2786/2786 539/2787/2787
f 537/2788/2788 539/2789/2789 540/2790/2790
f 540/2947/2947 539/2948/2948 545/2949/2949
f 540/2950/2950 545/2951/2951 544/2952/2952
f 544/2953/2953 545/2954/2954 546/2955/2955
f 544/2956/2956 546/2957/2957 543/2958/2958
f 543/2959/2959 546/2960/2960 548/2961/2961
f 543/2962/2962 548/2963/2963 547/2964/2964
f 547/2965/2965 548/2966/2966 550/2967/2967
f 547/2968/2968 550/2969/2969 549/2970/2970
f 549/2971/2971 550/2972/2972 552/2973/2973
f 549/2974/2974 552/2975/2975 551/2976/2976
f 551/2977/2977 552/2978/2978 554/2979/2979
f 551/2980/2980 554/2981/2981 553/2982/2982
f 553/2983/2983 554/2984/2984 556/2985/2985
f 553/2986/2986 556/2987/2987 555/2988/2988
f 555/2989/2989 556/2990/2990 558/2991/2991
f 555/2992/2992 558/2993/2993 557/2994/2994
f 557/2995/2995 558/2996/2996 560/2997/2997
f 557/2998/2998 560/2999/2999 559/3000/3000
f 559/3001/3001 560/3002/3002 562/3003/3003
f 559/3004/3004 562/3005/3005 561/3006/3006
f 561/3007/3007 562/3008/3008 538/3009/3009
f 561/3010/3010 538/3011/3011 537/3012/3012
o rfwheel,ox=-4.67,oy=2.97,oz=9.32,p=base,
v -7.851076 4.527988 10.868402
vn -1.392370 0.000000 0.000000
vt 0.724229157 0.644963026
v -7.851076 4.527988 7.762949
vn -1.392370 0.000000 0.000000
vt 0.724229157 0.665583014
v -7.851076 1.422534 7.762949
vn -1.392370 0.000000 0.000000
vt 0.703599274 0.665583014
vn 0.000000 0.000000 -1.392370
vt 0.375047028 0.250000000
vn 0.000000 0.000000 -1.392370
vt 0.625047028 0.250000000
v -4.745622 4.527988 7.762949
vn 0.000000 0.000000 -1.392370
vt 0.625047028 0.500000000
vn 0.000000 0.000000 -1.392370
vt 0.375047028 0.250000000
vn 0.000000 0.000000 -1.392370
vt 0.625047028 0.500000000
v -4.745622 1.422534 7.762949
vn 0.000000 0.000000 -1.392370
vt 0.375047028 0.500000000
vn 1.392370 0.000000 0.000000
vt 0.724229157 0.644963026
v -4.745622 4.527988 10.868402
vn 1.392370 0.000000 0.000000
vt 0.724229157 0.665583014
v -4.745622 1.422534 10.868402
vn 1.392370 0.000000 0.000000
vt 0.703599274 0.665583014
vn -0.000000 0.000000 1.392370
vt 0.375047028 0.750000000
vn -0.000000 0.000000 1.392370
vt 0.625047028 0.750000000
vn -0.000000 0.000000 1.392370
vt 0.625047028 1.000000000
vn -0.000000 0.000000 1.392370
vt 0.375047028 0.750000000
vn -0.000000 0.000000 1.392370
vt 0.625047028 1.000000000
v -7.851076 1.422534 10.868402
vn -0.000000 0.000000 1.392370
vt 0.375047028 1.000000000
vn -0.000000 -1.392370 0.000000
vt 0.125047043 0.500000000
vn -0.000000 -1.392370 0.000000
vt 0.375047028 0.500000000
vn -0.000000 -1.392370 0.000000
vt 0.375047028 0.750000000
vn -0.000000 -1.392370 0.000000
vt 0.125047043 0.500000000
vn -0.000000 -1.392370 0.000000
vt 0.375047028 0.750000000
vn -0.000000 -1.392370 0.000000
vt 0.125047043 0.750000000
vn -0.000000 1.392370 0.000000
vt 0.625047028 0.500000000
vn -0.000000 1.392370 0.000000
vt 0.875047028 0.500000000
vn -0.000000 1.392370 0.000000
vt 0.875047028 0.750000000
vn -0.000000 1.392370 0.000000
vt 0.625047028 0.500000000
vn -0.000000 1.392370 0.000000
vt 0.875047028 0.750000000
vn -0.000000 1.392370 0.000000
vt 0.625047028 0.750000000
vn 1.392370 0.000000 0.000000
vt 0.703599274 0.644963026
vn 1.392370 0.000000 0.000000
vt 0.724229157 0.644963026
vn 1.392370 0.000000 0.000000
vt 0.703599274 0.665583014
vn -1.392370 0.000000 0.000000
vt 0.703599274 0.644963026
vn -1.392370 0.000000 0.000000
vt 0.724229157 0.644963026
vn -1.392370 0.000000 0.000000
vt 0.703599274 0.665583014
v -4.452436 2.975261 6.126725
vn 0.000000 0.000000 -1.392370
vt 0.839829743 0.531494021
v -8.144263 2.975261 6.126725
vn 0.000000 0.000000 -1.392370
vt 0.828355134 0.511197984
v -8.144263 4.569738 6.553964
vn 0.000000 0.696185 -1.205792
vt 0.819138825 0.511197984
vn 0.000000 0.000000 -1.392370
vt 0.839829743 0.531494021
vn 0.000000 0.696185 -1.205792
vt 0.819138825 0.511197984
v -4.452436 4.569737 6.553964
vn 0.000000 0.696185 -1.205792
vt 0.830613434 0.531494021
vn 0.000000 0.696185 -1.205792
vt 0.830613434 0.531494021
vn 0.000000 0.696185 -1.205792
vt 0.819138825 0.511197984
v -8.144263 5.736975 7.721202
vn 0.000000 1.205792 -0.696185
vt 0.809922516 0.511197984
vn 0.000000 0.696185 -1.205792
vt 0.830613434 0.531494021
vn 0.000000 1.205792 -0.696185
vt 0.809922516 0.511197984
v -4.452435 5.736975 7.721202
vn 0.000000 1.205792 -0.696185
vt 0.821397126 0.531494021
vn 0.000000 1.205792 -0.696185
vt 0.821397126 0.531494021
vn 0.000000 1.205792 -0.696185
vt 0.809922516 0.511197984
v -8.144263 6.164215 9.315678
vn -0.000000 1.392370 0.000000
vt 0.800645173 0.511197984
vn 0.000000 1.205792 -0.696185
vt 0.821397126 0.531494021
vn -0.000000 1.392370 0.000000
vt 0.800645173 0.511197984
v -4.452435 6.164213 9.315678
vn -0.000000 1.392370 0.000000
vt 0.812119782 0.531494021
vn -0.000000 1.392370 0.000000
vt 0.812119782 0.531494021
vn -0.000000 1.392370 0.000000
vt 0.800645173 0.511197984
v -8.144263 5.736975 10.910155
vn -0.000000 1.205792 0.696185
vt 0.791428864 0.511197984
vn -0.000000 1.392370 0.000000
vt 0.812119782 0.531494021
vn -0.000000 1.205792 0.696185
vt 0.791428864 0.511197984
v -4.452435 5.736975 10.910155
vn -0.000000 1.205792 0.696185
vt 0.802903473 0.531494021
vn -0.000000 1.205792 0.696185
vt 0.802903473 0.531494021
vn -0.000000 1.205792 0.696185
vt 0.791428864 0.511197984
v -8.144263 4.569738 12.077392
vn -0.000000 0.696185 1.205792
vt 0.782212555 0.511197984
vn -0.000000 1.205792 0.696185
vt 0.802903473 0.531494021
vn -0.000000 0.696185 1.205792
vt 0.782212555 0.511197984
v -4.452436 4.569737 12.077392
vn -0.000000 0.696185 1.205792
vt 0.793687165 0.531494021
vn -0.000000 0.696185 1.205792
vt 0.793687165 0.531494021
vn -0.000000 0.696185 1.205792
vt 0.782212555 0.511197984
v -8.144263 2.975262 12.504631
vn -0.000000 0.000000 1.392370
vt 0.772996247 0.511197984
vn -0.000000 0.696185 1.205792
vt 0.793687165 0.531494021
vn -0.000000 0.000000 1.392370
vt 0.772996247 0.511197984
v -4.452436 2.975261 12.504631
vn -0.000000 0.000000 1.392370
vt 0.784470856 0.531494021
vn -0.000000 0.000000 1.392370
vt 0.784470856 0.531494021
vn -0.000000 0.000000 1.392370
vt 0.772996247 0.511197984
v -8.144263 1.380786 12.077392
vn -0.000000 -0.696185 1.205792
vt 0.763779938 0.511197984
vn -0.000000 0.000000 1.392370
vt 0.784470856 0.531494021
vn -0.000000 -0.696185 1.205792
vt 0.763779938 0.511197984
v -4.452436 1.380786 12.077392
vn -0.000000 -0.696185 1.205792
vt 0.775254548 0.531494021
vn -0.000000 -0.696185 1.205792
vt 0.775254548 0.531494021
vn -0.000000 -0.696185 1.205792
vt 0.763779938 0.511197984
v -8.144263 0.213547 10.910156
vn -0.000000 -1.205792 0.696185
vt 0.754563630 0.511197984
vn -0.000000 -0.696185 1.205792
vt 0.775254548 0.531494021
vn -0.000000 -1.205792 0.696185
vt 0.754563630 0.511197984
v -4.452436 0.213547 10.910156
vn -0.000000 -1.205792 0.696185
vt 0.766038239 0.531494021
vn -0.000000 -1.205792 0.696185
vt 0.766038239 0.531494021
vn -0.000000 -1.205792 0.696185
vt 0.754563630 0.511197984
v -8.144263 -0.213691 9.315679
vn -0.000000 -1.392370 0.000000
vt 0.745347321 0.511197984
vn -0.000000 -1.205792 0.696185
vt 0.766038239 0.531494021
vn -0.000000 -1.392370 0.000000
vt 0.745347321 0.511197984
v -4.452436 -0.213691 9.315679
vn -0.000000 -1.392370 0.000000
vt 0.756821930 0.531494021
vn -0.000000 -1.392370 0.000000
vt 0.756821930 0.531494021
vn -0.000000 -1.392370 0.000000
vt 0.745347321 0.511197984
v -8.144263 0.213546 7.721203
vn -0.000000 -1.205792 -0.696185
vt 0.736131012 0.511197984
vn -0.000000 -1.392370 0.000000
vt 0.756821930 0.531494021
vn -0.000000 -1.205792 -0.696185
vt 0.736131012 0.511197984
v -4.452436 0.213546 7.721203
vn -0.000000 -1.205792 -0.696185
vt 0.747605622 0.531494021
v -4.085876 1.670587 8.562425
vn -0.000000 1.205792 0.696185
vt 0.748948395 0.510954022
v -4.085876 2.222006 8.011006
vn -0.000000 0.696185 1.205792
vt 0.742661774 0.510954022
v -8.510823 2.222007 8.011006
vn -0.000000 0.696185 1.205792
vt 0.742661774 0.504670978
vn -0.000000 1.205792 0.696185
vt 0.748948395 0.510954022
vn -0.000000 0.696185 1.205792
vt 0.742661774 0.504670978
v -8.510823 1.670588 8.562425
vn -0.000000 1.205792 0.696185
vt 0.748948395 0.504670978
vn -0.000000 -1.205792 -0.696185
vt 0.747605622 0.531494021
vn -0.000000 -1.205792 -0.696185
vt 0.736131012 0.511197984
v -8.144263 1.380784 6.553965
vn -0.000000 -0.696185 -1.205792
vt 0.726914704 0.511197984
vn -0.000000 -1.205792 -0.696185
vt 0.747605622 0.531494021
vn -0.000000 -0.696185 -1.205792
vt 0.726914704 0.511197984
v -4.452436 1.380783 6.553965
vn -0.000000 -0.696185 -1.205792
vt 0.738389313 0.531494021
vn -0.000000 -0.696185 -1.205792
vt 0.738389313 0.531494021
vn -0.000000 -0.696185 -1.205792
vt 0.726914704 0.511197984
vn 0.000000 0.000000 -1.392370
vt 0.717637360 0.511197984
vn -0.000000 -0.696185 -1.205792
vt 0.738389313 0.531494021
vn 0.000000 0.000000 -1.392370
vt 0.717637360 0.511197984
vn 0.000000 0.000000 -1.392370
vt 0.729111969 0.531494021
v -4.085877 3.728514 8.011005
vn 1.360485 0.148148 -0.256753
vt 0.705064118 0.503552020
v -4.085877 2.975261 7.809171
vn 1.360485 0.000000 -0.296436
vt 0.849107087 0.503552020
vn 1.360485 0.000000 -0.296436
vt 0.849107087 0.514181018
vn 1.360485 0.148148 -0.256753
vt 0.705064118 0.503552020
vn 1.360485 0.000000 -0.296436
vt 0.849107087 0.514181018
vn 1.360485 0.148148 -0.256753
vt 0.705064118 0.514181018
v -8.510823 2.975262 7.809171
vn -1.360485 0.000000 -0.296436
vt 0.741990387 0.507284999
v -8.510823 3.728514 8.011005
vn -1.360485 0.148148 -0.256753
vt 0.859910309 0.507284999
vn -1.360485 0.148148 -0.256753
vt 0.859910309 0.513984025
vn -1.360485 0.000000 -0.296436
vt 0.741990387 0.507284999
vn -1.360485 0.148148 -0.256753
vt 0.859910309 0.513984025
vn -1.360485 0.000000 -0.296436
vt 0.741990387 0.513984025
v -4.085876 4.279935 8.562425
vn 1.360485 0.256753 -0.148148
vt 0.705064118 0.503552020
vn 1.360485 0.148148 -0.256753
vt 0.849107087 0.503552020
vn 1.360485 0.148148 -0.256753
vt 0.849107087 0.514181018
vn 1.360485 0.256753 -0.148148
vt 0.705064118 0.503552020
vn 1.360485 0.148148 -0.256753
vt 0.849107087 0.514181018
vn 1.360485 0.256753 -0.148148
vt 0.705064118 0.514181018
vn -1.360485 0.148148 -0.256753
vt 0.741990387 0.507284999
v -8.510823 4.279935 8.562425
vn -1.360485 0.256753 -0.148148
vt 0.859910309 0.507284999
vn -1.360485 0.256753 -0.148148
vt 0.859910309 0.513984025
vn -1.360485 0.148148 -0.256753
vt 0.741990387 0.507284999
vn -1.360485 0.256753 -0.148148
vt 0.859910309 0.513984025
vn -1.360485 0.148148 -0.256753
vt 0.741990387 0.513984025
v -4.085876 4.481767 9.315678
vn 1.360485 0.296436 0.000000
vt 0.705064118 0.503552020
vn 1.360485 0.256753 -0.148148
vt 0.849107087 0.503552020
vn 1.360485 0.256753 -0.148148
vt 0.849107087 0.514181018
vn 1.360485 0.296436 0.000000
vt 0.705064118 0.503552020
vn 1.360485 0.256753 -0.148148
vt 0.849107087 0.514181018
vn 1.360485 0.296436 0.000000
vt 0.705064118 0.514181018
vn -1.360485 0.256753 -0.148148
vt 0.741990387 0.507284999
v -8.510823 4.481768 9.315678
vn -1.360485 0.296436 0.000000
vt 0.859910309 0.507284999
vn -1.360485 0.296436 0.000000
vt 0.859910309 0.513984025
vn -1.360485 0.256753 -0.148148
vt 0.741990387 0.507284999
vn -1.360485 0.296436 0.000000
vt 0.859910309 0.513984025
vn -1.360485 0.256753 -0.148148
vt 0.741990387 0.513984025
v -4.085876 4.279934 10.068931
vn 1.360485 0.256753 0.148148
vt 0.705064118 0.503552020
vn 1.360485 0.296436 0.000000
vt 0.849107087 0.503552020
vn 1.360485 0.296436 0.000000
vt 0.849107087 0.514181018
vn 1.360485 0.256753 0.148148
vt 0.705064118 0.503552020
vn 1.360485 0.296436 0.000000
vt 0.849107087 0.514181018
vn 1.360485 0.256753 0.148148
vt 0.705064118 0.514181018
vn -1.360485 0.296436 0.000000
vt 0.741990387 0.507284999
v -8.510823 4.279935 10.068931
vn -1.360485 0.256753 0.148148
vt 0.859910309 0.507284999
vn -1.360485 0.256753 0.148148
vt 0.859910309 0.513984025
vn -1.360485 0.296436 0.000000
vt 0.741990387 0.507284999
vn -1.360485 0.256753 0.148148
vt 0.859910309 0.513984025
vn -1.360485 0.296436 0.000000
vt 0.741990387 0.513984025
v -4.085877 3.728514 10.620352
vn 1.360485 0.148148 0.256753
vt 0.705064118 0.503552020
vn 1.360485 0.256753 0.148148
vt 0.849107087 0.503552020
vn 1.360485 0.256753 0.148148
vt 0.849107087 0.514181018
vn 1.360485 0.148148 0.256753
vt 0.705064118 0.503552020
vn 1.360485 0.256753 0.148148
vt 0.849107087 0.514181018
vn 1.360485 0.148148 0.256753
vt 0.705064118 0.514181018
vn -1.360485 0.256753 0.148148
vt 0.741990387 0.507284999
v -8.510823 3.728514 10.620352
vn -1.360485 0.148148 0.256753
vt 0.859910309 0.507284999
vn -1.360485 0.148148 0.256753
vt 0.859910309 0.513984025
vn -1.360485 0.256753 0.148148
vt 0.741990387 0.507284999
vn -1.360485 0.148148 0.256753
vt 0.859910309 0.513984025
vn -1.360485 0.256753 0.148148
vt 0.741990387 0.513984025
v -4.085877 2.975261 10.822184
vn 1.360485 0.000000 0.296436
vt 0.705064118 0.503552020
vn 1.360485 0.148148 0.256753
vt 0.849107087 0.503552020
vn 1.360485 0.148148 0.256753
vt 0.849107087 0.514181018
vn 1.360485 0.000000 0.296436
vt 0.705064118 0.503552020
vn 1.360485 0.148148 0.256753
vt 0.849107087 0.514181018
vn 1.360485 0.000000 0.296436
vt 0.705064118 0.514181018
vn -1.360485 0.148148 0.256753
vt 0.741990387 0.507284999
v -8.510823 2.975262 10.822184
vn -1.360485 0.000000 0.296436
vt 0.859910309 0.507284999
vn -1.360485 0.000000 0.296436
vt 0.859910309 0.513984025
vn -1.360485 0.148148 0.256753
vt 0.741990387 0.507284999
vn -1.360485 0.000000 0.296436
vt 0.859910309 0.513984025
vn -1.360485 0.148148 0.256753
vt 0.741990387 0.513984025
v -4.085877 2.222007 10.620352
vn 1.360485 -0.148148 0.256753
vt 0.705064118 0.503552020
vn 1.360485 0.000000 0.296436
vt 0.849107087 0.503552020
vn 1.360485 0.000000 0.296436
vt 0.849107087 0.514181018
vn 1.360485 -0.148148 0.256753
vt 0.705064118 0.503552020
vn 1.360485 0.000000 0.296436
vt 0.849107087 0.514181018
vn 1.360485 -0.148148 0.256753
vt 0.705064118 0.514181018
vn -1.360485 0.000000 0.296436
vt 0.741990387 0.507284999
v -8.510823 2.222008 10.620352
vn -1.360485 -0.148148 0.256753
vt 0.859910309 0.507284999
vn -1.360485 -0.148148 0.256753
vt 0.859910309 0.513984025
vn -1.360485 0.000000 0.296436
vt 0.741990387 0.507284999
vn -1.360485 -0.148148 0.256753
vt 0.859910309 0.513984025
vn -1.360485 0.000000 0.296436
vt 0.741990387 0.513984025
v -4.085876 1.670588 10.068932
vn 1.360485 -0.256753 0.148148
vt 0.705064118 0.503552020
vn 1.360485 -0.148148 0.256753
vt 0.849107087 0.503552020
vn 1.360485 -0.148148 0.256753
vt 0.849107087 0.514181018
vn 1.360485 -0.256753 0.148148
vt 0.705064118 0.503552020
vn 1.360485 -0.148148 0.256753
vt 0.849107087 0.514181018
vn 1.360485 -0.256753 0.148148
vt 0.705064118 0.514181018
vn -1.360485 -0.148148 0.256753
vt 0.741990387 0.507284999
v -8.510823 1.670588 10.068932
vn -1.360485 -0.256753 0.148148
vt 0.859910309 0.507284999
vn -1.360485 -0.256753 0.148148
vt 0.859910309 0.513984025
vn -1.360485 -0.148148 0.256753
vt 0.741990387 0.507284999
vn -1.360485 -0.256753 0.148148
vt 0.859910309 0.513984025
vn -1.360485 -0.148148 0.256753
vt 0.741990387 0.513984025
v -4.085876 1.468754 9.315679
vn 1.360485 -0.296436 0.000000
vt 0.705064118 0.503552020
vn 1.360485 -0.256753 0.148148
vt 0.849107087 0.503552020
vn 1.360485 -0.256753 0.148148
vt 0.849107087 0.514181018
vn 1.360485 -0.296436 0.000000
vt 0.705064118 0.503552020
vn 1.360485 -0.256753 0.148148
vt 0.849107087 0.514181018
vn 1.360485 -0.296436 0.000000
vt 0.705064118 0.514181018
vn -1.360485 -0.256753 0.148148
vt 0.741990387 0.507284999
v -8.510823 1.468754 9.315679
vn -1.360485 -0.296436 0.000000
vt 0.859910309 0.507284999
vn -1.360485 -0.296436 0.000000
vt 0.859910309 0.513984025
vn -1.360485 -0.256753 0.148148
vt 0.741990387 0.507284999
vn -1.360485 -0.296436 0.000000
vt 0.859910309 0.513984025
vn -1.360485 -0.256753 0.148148
vt 0.741990387 0.513984025
vn 1.360485 -0.256753 -0.148148
vt 0.705064118 0.503552020
vn 1.360485 -0.296436 0.000000
vt 0.849107087 0.503552020
vn 1.360485 -0.296436 0.000000
vt 0.849107087 0.514181018
vn 1.360485 -0.256753 -0.148148
vt 0.705064118 0.503552020
vn 1.360485 -0.296436 0.000000
vt 0.849107087 0.514181018
vn 1.360485 -0.256753 -0.148148
vt 0.705064118 0.514181018
vn -1.360485 -0.296436 0.000000
vt 0.741990387 0.507284999
vn -1.360485 -0.256753 -0.148148
vt 0.859910309 0.507284999
vn -1.360485 -0.256753 -0.148148
vt 0.859910309 0.513984025
vn -1.360485 -0.296436 0.000000
vt 0.741990387 0.507284999
vn -1.360485 -0.256753 -0.148148
vt 0.859910309 0.513984025
vn -1.360485 -0.296436 0.000000
vt 0.741990387 0.513984025
vn 1.360485 -0.148148 -0.256753
vt 0.705064118 0.503552020
vn 1.360485 -0.256753 -0.148148
vt 0.849107087 0.503552020
vn 1.360485 -0.256753 -0.148148
vt 0.849107087 0.514181018
vn 1.360485 -0.148148 -0.256753
vt 0.705064118 0.503552020
vn 1.360485 -0.256753 -0.148148
vt 0.849107087 0.514181018
vn 1.360485 -0.148148 -0.256753
vt 0.705064118 0.514181018
vn -1.360485 -0.256753 -0.148148
vt 0.741990387 0.507284999
vn -1.360485 -0.148148 -0.256753
vt 0.859910309 0.507284999
vn -1.360485 -0.148148 -0.256753
vt 0.859910309 0.513984025
vn -1.360485 -0.256753 -0.148148
vt 0.741990387 0.507284999
vn -1.360485 -0.148148 -0.256753
vt 0.859910309 0.513984025
vn -1.360485 -0.256753 -0.148148
vt 0.741990387 0.513984025
vn 1.360485 0.000000 -0.296436
vt 0.705064118 0.503552020
vn 1.360485 -0.148148 -0.256753
vt 0.849107087 0.503552020
vn 1.360485 -0.148148 -0.256753
vt 0.849107087 0.514181018
vn 1.360485 0.000000 -0.296436
vt 0.705064118 0.503552020
vn 1.360485 -0.148148 -0.256753
vt 0.849107087 0.514181018
vn 1.360485 0.000000 -0.296436
vt 0.705064118 0.514181018
vn -1.360485 -0.148148 -0.256753
vt 0.741990387 0.507284999
vn -1.360485 0.000000 -0.296436
vt 0.859910309 0.507284999
vn -1.360485 0.000000 -0.296436
vt 0.859910309 0.513984025
vn -1.360485 -0.148148 -0.256753
vt 0.741990387 0.507284999
vn -1.360485 0.000000 -0.296436
vt 0.859910309 0.513984025
vn -1.360485 -0.148148 -0.256753
vt 0.741990387 0.513984025
vn -0.000000 0.696185 1.205792
vt 0.748948395 0.510954022
vn -0.000000 0.000000 1.392370
vt 0.742661774 0.510954022
vn -0.000000 0.000000 1.392370
vt 0.742661774 0.504670978
vn -0.000000 0.696185 1.205792
vt 0.748948395 0.510954022
vn -0.000000 0.000000 1.392370
vt 0.742661774 0.504670978
vn -0.000000 0.696185 1.205792
vt 0.748948395 0.504670978
vn -0.000000 0.000000 1.392370
vt 0.748948395 0.510954022
vn -0.000000 -0.696185 1.205792
vt 0.742661774 0.510954022
vn -0.000000 -0.696185 1.205792
vt 0.742661774 0.504670978
vn -0.000000 0.000000 1.392370
vt 0.748948395 0.510954022
vn -0.000000 -0.696185 1.205792
vt 0.742661774 0.504670978
vn -0.000000 0.000000 1.392370
vt 0.748948395 0.504670978
vn -0.000000 -0.696185 1.205792
vt 0.748948395 0.510954022
vn -0.000000 -1.205792 0.696185
vt 0.742661774 0.510954022
vn -0.000000 -1.205792 0.696185
vt 0.742661774 0.504670978
vn -0.000000 -0.696185 1.205792
vt 0.748948395 0.510954022
vn -0.000000 -1.205792 0.696185
vt 0.742661774 0.504670978
vn -0.000000 -0.696185 1.205792
vt 0.748948395 0.504670978
vn -0.000000 -1.205792 0.696185
vt 0.748948395 0.510954022
vn -0.000000 -1.392370 0.000000
vt 0.742661774 0.510954022
vn -0.000000 -1.392370 0.000000
vt 0.742661774 0.504670978
vn -0.000000 -1.205792 0.696185
vt 0.748948395 0.510954022
vn -0.000000 -1.392370 0.000000
vt 0.742661774 0.504670978
vn -0.000000 -1.205792 0.696185
vt 0.748948395 0.504670978
vn -0.000000 -1.392370 0.000000
vt 0.748948395 0.510954022
vn -0.000000 -1.205792 -0.696185
vt 0.742661774 0.510954022
vn -0.000000 -1.205792 -0.696185
vt 0.742661774 0.504670978
vn -0.000000 -1.392370 0.000000
vt 0.748948395 0.510954022
vn -0.000000 -1.205792 -0.696185
vt 0.742661774 0.504670978
vn -0.000000 -1.392370 0.000000
vt 0.748948395 0.504670978
vn -0.000000 -1.205792 -0.696185
vt 0.748948395 0.510954022
vn -0.000000 -0.696185 -1.205792
vt 0.742661774 0.510954022
vn -0.000000 -0.696185 -1.205792
vt 0.742661774 0.504670978
vn -0.000000 -1.205792 -0.696185
vt 0.748948395 0.510954022
vn -0.000000 -0.696185 -1.205792
vt 0.742661774 0.504670978
vn -0.000000 -1.205792 -0.696185
vt 0.748948395 0.504670978
vn -0.000000 -0.696185 -1.205792
vt 0.748948395 0.510954022
vn 0.000000 0.000000 -1.392370
vt 0.742661774 0.510954022
vn 0.000000 0.000000 -1.392370
vt 0.742661774 0.504670978
vn -0.000000 -0.696185 -1.205792
vt 0.748948395 0.510954022
vn 0.000000 0.000000 -1.392370
vt 0.742661774 0.504670978
vn -0.000000 -0.696185 -1.205792
vt 0.748948395 0.504670978
vn 0.000000 0.000000 -1.392370
vt 0.748948395 0.510954022
vn 0.000000 0.696185 -1.205792
vt 0.742661774 0.510954022
vn 0.000000 0.696185 -1.205792
vt 0.742661774 0.504670978
vn 0.000000 0.000000 -1.392370
vt 0.748948395 0.510954022
vn 0.000000 0.696185 -1.205792
vt 0.742661774 0.504670978
vn 0.000000 0.000000 -1.392370
vt 0.748948395 0.504670978
vn 0.000000 0.696185 -1.205792
vt 0.748948395 0.510954022
vn 0.000000 1.205792 -0.696185
vt 0.742661774 0.510954022
vn 0.000000 1.205792 -0.696185
vt 0.742661774 0.504670978
vn 0.000000 0.696185 -1.205792
vt 0.748948395 0.510954022
vn 0.000000 1.205792 -0.696185
vt 0.742661774 0.504670978
vn 0.000000 0.696185 -1.205792
vt 0.748948395 0.504670978
vn 0.000000 1.205792 -0.696185
vt 0.748948395 0.510954022
vn -0.000000 1.392370 0.000000
vt 0.742661774 0.510954022
vn -0.000000 1.392370 0.000000
vt 0.742661774 0.504670978
vn 0.000000 1.205792 -0.696185
vt 0.748948395 0.510954022
vn -0.000000 1.392370 0.000000
vt 0.742661774 0.504670978
vn 0.000000 1.205792 -0.696185
vt 0.748948395 0.504670978
vn -0.000000 1.392370 0.000000
vt 0.748948395 0.510954022
vn -0.000000 1.205792 0.696185
vt 0.742661774 0.510954022
vn -0.000000 1.205792 0.696185
vt 0.742661774 0.504670978
vn -0.000000 1.392370 0.000000
vt 0.748948395 0.510954022
vn -0.000000 1.205792 0.696185
vt 0.742661774 0.504670978
vn -0.000000 1.392370 0.000000
vt 0.748948395 0.504670978
s 96
f 599/3127/3127 600/3128/3128 571/3129/3129
f 599/3130/3130 571/3131/3131 574/3132/3132
f 603/3139/3139 599/3140/3140 574/3141/3141
f 603/3142/3142 574/3143/3143 576/3144/3144
f 605/3151/3151 603/3152/3152 576/3153/3153
f 605/3154/3154 576/3155/3155 578/3156/3156
f 607/3163/3163 605/3164/3164 578/3165/3165
f 607/3166/3166 578/3167/3167 580/3168/3168
f 609/3175/3175 607/3176/3176 580/3177/3177
f 609/3178/3178 580/3179/3179 582/3180/3180
f 611/3187/3187 609/3188/3188 582/3189/3189
f 611/3190/3190 582/3191/3191 584/3192/3192
f 613/3199/3199 611/3200/3200 584/3201/3201
f 613/3202/3202 584/3203/3203 586/3204/3204
f 615/3211/3211 613/3212/3212 586/3213/3213
f 615/3214/3214 586/3215/3215 588/3216/3216
f 617/3223/3223 615/3224/3224 588/3225/3225
f 617/3226/3226 588/3227/3227 590/3228/3228
f 593/3235/3235 617/3236/3236 590/3237/3237
f 593/3238/3238 590/3239/3239 592/3240/3240
f 594/3247/3247 593/3248/3248 592/3249/3249
f 594/3250/3250 592/3251/3251 598/3252/3252
f 600/3259/3259 594/3260/3260 598/3261/3261
f 600/3262/3262 598/3263/3263 571/3264/3264
s 97
f 601/3133/3133 602/3134/3134 573/3135/3135
f 601/3136/3136 573/3137/3137 572/3138/3138
f 602/3145/3145 604/3146/3146 575/3147/3147
f 602/3148/3148 575/3149/3149 573/3150/3150
f 604/3157/3157 606/3158/3158 577/3159/3159
f 604/3160/3160 577/3161/3161 575/3162/3162
f 606/3169/3169 608/3170/3170 579/3171/3171
f 606/3172/3172 579/3173/3173 577/3174/3174
f 608/3181/3181 610/3182/3182 581/3183/3183
f 608/3184/3184 581/3185/3185 579/3186/3186
f 610/3193/3193 612/3194/3194 583/3195/3195
f 610/3196/3196 583/3197/3197 581/3198/3198
f 612/3205/3205 614/3206/3206 585/3207/3207
f 612/3208/3208 585/3209/3209 583/3210/3210
f 614/3217/3217 616/3218/3218 587/3219/3219
f 614/3220/3220 587/3221/3221 585/3222/3222
f 616/3229/3229 618/3230/3230 589/3231/3231
f 616/3232/3232 589/3233/3233 587/3234/3234
f 618/3241/3241 596/3242/3242 591/3243/3243
f 618/3244/3244 591/3245/3245 589/3246/3246
f 596/3253/3253 595/3254/3254 597/3255/3255
f 596/3256/3256 597/3257/3257 591/3258/3258
f 595/3265/3265 601/3266/3266 572/3267/3267
f 595/3268/3268 572/3269/3269 597/3270/3270
s 88
f 563/3013/3013 564/3014/3014 565/3015/3015
f 570/3046/3046 563/3047/3047 565/3048/3048
s 89
f 565/3016/3016 564/3017/3017 566/3018/3018
f 565/3019/3019 566/3020/3020 567/3021/3021
s 90
f 566/3022/3022 568/3023/3023 569/3024/3024
f 567/3043/3043 566/3044/3044 569/3045/3045
s 91
f 569/3025/3025 568/3026/3026 563/3027/3027
f 569/3028/3028 563/3029/3029 570/3030/3030
s 92
f 565/3031/3031 567/3032/3032 569/3033/3033
f 565/3034/3034 569/3035/3035 570/3036/3036
s 93
f 566/3037/3037 564/3038/3038 563/3039/3039
f 566/3040/3040 563/3041/3041 568/3042/3042
s 94
f 571/3049/3049 572/3050/3050 573/3051/3051
f 571/3052/3052 573/3053/3053 574/3054/3054
f 574/3055/3055 573/3056/3056 575/3057/3057
f 574/3058/3058 575/3059/3059 576/3060/3060
f 576/3061/3061 575/3062/3062 577/3063/3063
f 576/3064/3064 577/3065/3065 578/3066/3066
f 578/3067/3067 577/3068/3068 579/3069/3069
f 578/3070/3070 579/3071/3071 580/3072/3072
f 580/3073/3073 579/3074/3074 581/3075/3075
f 580/3076/3076 581/3077/3077 582/3078/3078
f 582/3079/3079 581/3080/3080 583/3081/3081
f 582/3082/3082 583/3083/3083 584/3084/3084
f 584/3085/3085 583/3086/3086 585/3087/3087
f 584/3088/3088 585/3089/3089 586/3090/3090
f 586/3091/3091 585/3092/3092 587/3093/3093
f 586/3094/3094 587/3095/3095 588/3096/3096
f 588/3097/3097 587/3098/3098 589/3099/3099
f 588/3100/3100 589/3101/3101 590/3102/3102
f 590/3103/3103 589/3104/3104 591/3105/3105
f 590/3106/3106 591/3107/3107 592/3108/3108
f 592/3115/3115 591/3116/3116 597/3117/3117
f 592/3118/3118 597/3119/3119 598/3120/3120
f 598/3121/3121 597/3122/3122 572/3123/3123
f 598/3124/3124 572/3125/3125 571/3126/3126
s 95
f 593/3109/3109 594/3110/3110 595/3111/3111
f 593/3112/3112 595/3113/3113 596/3114/3114
f 594/3271/3271 600/3272/3272 601/3273/3273
f 594/3274/3274 601/3275/3275 595/3276/3276
f 600/3277/3277 599/3278/3278 602/3279/3279
f 600/3280/3280 602/3281/3281 601/3282/3282
f 599/3283/3283 603/3284/3284 604/3285/3285
f 599/3286/3286 604/3287/3287 602/3288/3288
f 603/3289/3289 605/3290/3290 606/3291/3291
f 603/3292/3292 606/3293/3293 604/3294/3294
f 605/3295/3295 607/3296/3296 608/3297/3297
f 605/3298/3298 608/3299/3299 606/3300/3300
f 607/3301/3301 609/3302/3302 610/3303/3303
f 607/3304/3304 610/3305/3305 608/3306/3306
f 609/3307/3307 611/3308/3308 612/3309/3309
f 609/3310/3310 612/3311/3311 610/3312/3312
f 611/3313/3313 613/3314/3314 614/3315/3315
f 611/3316/3316 614/3317/3317 612/3318/3318
f 613/3319/3319 615/3320/3320 616/3321/3321
f 613/3322/3322 616/3323/3323 614/3324/3324
f 615/3325/3325 617/3326/3326 618/3327/3327
f 615/3328/3328 618/3329/3329 616/3330/3330
f 617/3331/3331 593/3332/3332 596/3333/3333
f 617/3334/3334 596/3335/3335 618/3336/3336
o gun,ox=-0.00,oy=12.25,oz=-7.47,p=base,
v 0.276967 12.723818 -9.816642
vn 0.515873 1.286411 0.133250
vt 0.757590830 0.483345002
v 0.276967 12.723818 -10.330249
vn 0.532860 1.286411 0.000000
vt 0.751627743 0.483345002
v -0.265229 12.723818 -10.330249
vn -0.456558 1.286411 0.274715
vt 0.751627743 0.490049005
v 0.211098 11.723389 -4.014133
vn 0.532581 -1.285714 0.045391
vt 0.146748483 0.862205029
v 0.157329 11.853202 0.296313
vn 0.532581 -1.285714 0.045391
vt 0.156888351 0.862205029
v -0.145593 11.853202 0.296313
vn -0.532581 -1.285714 0.045391
vt 0.156888351 0.872339010
vn 0.532581 -1.285714 0.045391
vt 0.778767526 0.126130998
vn -0.532581 -1.285714 0.045391
vt 0.781644225 0.093506001
v -0.199363 11.723389 -4.014133
vn -0.532581 -1.285714 0.045391
vt 0.782063425 0.126130998
v 1.279465 12.097157 -9.796112
vn -0.000000 0.000000 -1.392370
vt 0.478081048 0.683866024
v -1.267729 12.097157 -9.796112
vn -0.000000 0.000000 -1.392370
vt 0.493339837 0.690199018
v -1.267729 13.468169 -9.796112
vn -0.000000 0.000000 -1.392370
vt 0.493279487 0.690446019
vn -0.000000 0.000000 -1.392370
vt 0.478081048 0.683866024
vn -0.000000 0.000000 -1.392370
vt 0.493279487 0.690446019
v 1.279465 13.468169 -9.796112
vn -0.000000 0.000000 -1.392370
vt 0.477959663 0.684113026
v -1.267729 13.468169 -5.882002
vn -0.000000 1.392370 0.000000
vt 0.399282128 0.864462018
v -1.267729 13.468169 -4.063123
vn -0.000000 1.392370 0.000000
vt 0.399288774 0.875002027
v 1.279465 13.468169 -4.063123
vn -0.000000 1.392370 0.000000
vt 0.390682817 0.875002027
vn -0.000000 1.392370 0.000000
vt 0.399282128 0.864462018
vn -0.000000 1.392370 0.000000
vt 0.390682817 0.875002027
v 1.279465 13.468169 -5.882002
vn -0.000000 1.392370 0.000000
vt 0.390676409 0.864462018
v 0.906437 14.368737 -5.882001
vn 0.984545 0.984545 0.000000
vt 0.757989407 0.413327008
vn 1.286411 0.532860 0.000000
vt 0.757989168 0.422486991
vn 1.286411 0.532860 0.000000
vt 0.792657614 0.422486991
vn 0.984545 0.984545 0.000000
vt 0.757989407 0.413327008
vn 1.286411 0.532860 0.000000
vt 0.792657614 0.422486991
v 0.906437 14.368739 -9.796111
vn 0.984545 0.984545 0.000000
vt 0.792657614 0.413327008
vn 0.984545 0.984545 0.000000
vt 0.792600691 0.408452004
v 0.005868 14.741767 -9.796111
vn -0.000000 1.392370 0.000000
vt 0.792600691 0.417613000
v 0.005868 14.741766 -5.882001
vn -0.000000 1.392370 0.000000
vt 0.757993758 0.417613000
vn 0.984545 0.984545 0.000000
vt 0.792600691 0.408452004
vn -0.000000 1.392370 0.000000
vt 0.757993758 0.417613000
vn 0.984545 0.984545 0.000000
vt 0.757993758 0.408452004
v -0.894701 14.368739 -9.796111
vn -0.984545 0.984545 0.000000
vt 0.792600691 0.417613000
v -0.894701 14.368737 -5.882001
vn -0.984545 0.984545 0.000000
vt 0.757993758 0.417613000
vn -0.000000 1.392370 0.000000
vt 0.757993758 0.408452004
vn -0.984545 0.984545 0.000000
vt 0.792600691 0.417613000
vn -0.000000 1.392370 0.000000
vt 0.757993758 0.408452004
vn -0.000000 1.392370 0.000000
vt 0.792600691 0.408452004
vn -0.984545 0.984545 0.000000
vt 0.792657375 0.413327008
vn -1.286411 0.532860 0.000000
vt 0.792657375 0.422486991
vn -1.286411 0.532860 0.000000
vt 0.757988930 0.422486991
vn -0.984545 0.984545 0.000000
vt 0.792657375 0.413327008
vn -1.286411 0.532860 0.000000
vt 0.757988930 0.422486991
vn -0.984545 0.984545 0.000000
vt 0.757989168 0.413327008
v 1.279465 12.097157 -4.063124
vn -0.000000 0.000000 1.392370
vt 0.499306351 0.839143991
vn -0.000000 0.000000 1.392370
vt 0.499315083 0.848280013
vn -0.000000 0.000000 1.392370
vt 0.479295552 0.848280013
vn -0.000000 0.000000 1.392370
vt 0.499306351 0.839143991
vn -0.000000 0.000000 1.392370
vt 0.479295552 0.848280013
v -1.267729 12.097157 -4.063124
vn -0.000000 0.000000 1.392370
vt 0.479286820 0.839143991
v -0.333556 14.410120 -5.882001
vn -0.984545 0.984545 0.000000
vt 0.579400063 0.555451989
v -0.333556 14.410120 -5.542099
vn -0.984545 0.984545 0.000000
vt 0.583003223 0.555451989
v 0.005868 14.550713 -5.542099
vn -0.000000 1.392370 0.000000
vt 0.583003938 0.559574008
vn -0.984545 0.984545 0.000000
vt 0.579400063 0.555451989
vn -0.000000 1.392370 0.000000
vt 0.583003938 0.559574008
v 0.005868 14.550714 -5.882001
vn -0.000000 1.392370 0.000000
vt 0.579401910 0.559574008
v -0.333556 13.731271 -5.882002
vn -0.984545 -0.984545 0.000000
vt 0.579373240 0.555451989
v -0.333556 13.731271 -5.542099
vn -0.984545 -0.984545 0.000000
vt 0.582978010 0.555451989
v -0.474151 14.070696 -5.542099
vn -1.392370 0.000000 0.000000
vt 0.582982361 0.559574008
vn -0.984545 -0.984545 0.000000
vt 0.579373240 0.555451989
vn -1.392370 0.000000 0.000000
vt 0.582982361 0.559574008
v -0.474151 14.070696 -5.882002
vn -1.392370 0.000000 0.000000
vt 0.579374850 0.559574008
vn -1.392370 0.000000 0.000000
vt 0.579381704 0.555451989
vn -1.392370 0.000000 0.000000
vt 0.582992673 0.555451989
vn -0.984545 0.984545 0.000000
vt 0.582996368 0.559574008
vn -1.392370 0.000000 0.000000
vt 0.579381704 0.555451989
vn -0.984545 0.984545 0.000000
vt 0.582996368 0.559574008
vn -0.984545 0.984545 0.000000
vt 0.579393208 0.559574008
v 0.005868 13.590677 -5.882002
vn -0.000000 -1.392370 0.000000
vt 0.579365909 0.555451989
v 0.005868 13.590677 -5.542099
vn -0.000000 -1.392370 0.000000
vt 0.582967639 0.555451989
vn -0.984545 -0.984545 0.000000
vt 0.582969248 0.559574008
vn -0.000000 -1.392370 0.000000
vt 0.579365909 0.555451989
vn -0.984545 -0.984545 0.000000
vt 0.582969248 0.559574008
vn -0.984545 -0.984545 0.000000
vt 0.579366803 0.559574008
v 0.281481 14.346308 -5.542099
vn -0.984545 -0.984545 0.000000
vt 0.769685209 0.499588996
v 0.281481 14.346308 -5.615879
vn -0.984545 -0.984545 0.000000
vt 0.769683838 0.497949988
v 0.395642 14.070696 -5.615879
vn -1.392370 0.000000 0.000000
vt 0.776699185 0.497949988
vn -0.984545 -0.984545 0.000000
vt 0.769685209 0.499588996
vn -1.392370 0.000000 0.000000
vt 0.776699185 0.497949988
v 0.395642 14.070696 -5.542099
vn -1.392370 0.000000 0.000000
vt 0.776700795 0.499588996
v 0.005868 14.460470 -5.542099
vn -0.000000 -1.392370 0.000000
vt 0.769679248 0.499588996
v 0.005868 14.460470 -5.615879
vn -0.000000 -1.392370 0.000000
vt 0.769678771 0.497949988
vn -0.984545 -0.984545 0.000000
vt 0.776695788 0.497949988
vn -0.000000 -1.392370 0.000000
vt 0.769679248 0.499588996
vn -0.984545 -0.984545 0.000000
vt 0.776695788 0.497949988
vn -0.984545 -0.984545 0.000000
vt 0.776696205 0.499588996
v -0.269744 14.346308 -5.542099
vn 0.984545 -0.984545 0.000000
vt 0.769677162 0.499588996
v -0.269744 14.346308 -5.615879
vn 0.984545 -0.984545 0.000000
vt 0.769676745 0.497949988
vn -0.000000 -1.392370 0.000000
vt 0.776697814 0.497949988
vn 0.984545 -0.984545 0.000000
vt 0.769677162 0.499588996
vn -0.000000 -1.392370 0.000000
vt 0.776697814 0.497949988
vn -0.000000 -1.392370 0.000000
vt 0.776698291 0.499588996
v -0.383906 14.070696 -5.542099
vn 1.392370 0.000000 0.000000
vt 0.769681752 0.499588996
v -0.383906 14.070696 -5.615879
vn 1.392370 0.000000 0.000000
vt 0.769680142 0.497949988
vn 0.984545 -0.984545 0.000000
vt 0.776703119 0.497949988
vn 1.392370 0.000000 0.000000
vt 0.769681752 0.499588996
vn 0.984545 -0.984545 0.000000
vt 0.776703119 0.497949988
vn 0.984545 -0.984545 0.000000
vt 0.776704252 0.499588996
v -0.269744 13.795085 -5.542099
vn 0.984545 0.984545 0.000000
vt 0.769687057 0.499588996
v -0.269744 13.795085 -5.615879
vn 0.984545 0.984545 0.000000
vt 0.769684553 0.497949988
vn 1.392370 0.000000 0.000000
vt 0.776707232 0.497949988
vn 0.984545 0.984545 0.000000
vt 0.769687057 0.499588996
vn 1.392370 0.000000 0.000000
vt 0.776707232 0.497949988
vn 1.392370 0.000000 0.000000
vt 0.776709557 0.499588996
v 0.005868 13.680921 -5.542099
vn -0.000000 1.392370 0.000000
vt 0.769692779 0.499588996
v 0.005868 13.680921 -5.615879
vn -0.000000 1.392370 0.000000
vt 0.769689798 0.497949988
vn 0.984545 0.984545 0.000000
vt 0.776709557 0.497949988
vn -0.000000 1.392370 0.000000
vt 0.769692779 0.499588996
vn 0.984545 0.984545 0.000000
vt 0.776709557 0.497949988
vn 0.984545 0.984545 0.000000
vt 0.776712537 0.499588996
v 0.281481 13.795085 -5.542099
vn -0.984545 0.984545 0.000000
vt 0.769693494 0.499588996
v 0.281481 13.795085 -5.615879
vn -0.984545 0.984545 0.000000
vt 0.769690514 0.497949988
vn -0.000000 1.392370 0.000000
vt 0.776708841 0.497949988
vn -0.984545 0.984545 0.000000
vt 0.769693494 0.499588996
vn -0.000000 1.392370 0.000000
vt 0.776708841 0.497949988
vn -0.000000 1.392370 0.000000
vt 0.776711822 0.499588996
vn -1.392370 0.000000 0.000000
vt 0.769690514 0.499588996
vn -1.392370 0.000000 0.000000
vt 0.769687951 0.497949988
vn -0.984545 0.984545 0.000000
vt 0.776703596 0.497949988
vn -1.392370 0.000000 0.000000
vt 0.769690514 0.499588996
vn -0.984545 0.984545 0.000000
vt 0.776703596 0.497949988
vn -0.984545 0.984545 0.000000
vt 0.776706100 0.499588996
vn 0.532860 -1.286411 0.000000
vt 0.757596374 0.483345002
vn 0.532860 -1.286411 0.000000
vt 0.751625478 0.483345002
v 0.660357 13.107208 -10.330249
vn 1.286411 -0.532860 0.000000
vt 0.751626849 0.490049005
vn 0.532860 -1.286411 0.000000
vt 0.757596374 0.483345002
vn 1.286411 -0.532860 0.000000
vt 0.751626849 0.490049005
v 0.660357 13.107208 -9.816642
vn 1.286411 -0.532860 0.000000
vt 0.757602572 0.490049005
v 0.660357 13.649404 -9.816642
vn 1.286411 0.532860 0.000000
vt 0.757607579 0.483345002
v 0.660357 13.649404 -10.330249
vn 1.286411 0.532860 0.000000
vt 0.751638293 0.483345002
v 0.276967 14.032793 -10.330249
vn 0.532860 1.286411 0.000000
vt 0.751638293 0.490049005
vn 1.286411 0.532860 0.000000
vt 0.757607579 0.483345002
vn 0.532860 1.286411 0.000000
vt 0.751638293 0.490049005
v 0.276967 14.032793 -9.816642
vn 0.532860 1.286411 0.000000
vt 0.757607579 0.490049005
vn 1.286411 -0.532860 0.000000
vt 0.757605970 0.483345002
vn 1.286411 -0.532860 0.000000
vt 0.751632571 0.483345002
vn 1.286411 0.532860 0.000000
vt 0.751633704 0.490049005
vn 1.286411 -0.532860 0.000000
vt 0.757605970 0.483345002
vn 1.286411 0.532860 0.000000
vt 0.751633704 0.490049005
vn 1.286411 0.532860 0.000000
vt 0.757606208 0.490049005
v -0.265229 12.723818 -9.816642
vn -0.000000 1.286411 0.532860
vt 0.757590830 0.483345002
vn -0.000000 1.286411 -0.532860
vt 0.751627743 0.490049005
vn -0.000000 1.286411 -0.532860
vt 0.751627743 0.483345002
vn -0.000000 1.286411 0.532860
vt 0.757590830 0.483345002
vn -0.000000 1.286411 0.532860
vt 0.757590830 0.490049005
vn -0.000000 1.286411 -0.532860
vt 0.751627743 0.490049005
v 0.276967 11.411855 -9.816642
vn 0.532860 -1.286411 0.000000
vt 0.757603467 0.483345002
v 0.276967 11.411855 -10.330249
vn 0.532860 -1.286411 0.000000
vt 0.751625717 0.483345002
v 0.660357 11.795246 -10.330249
vn 1.286411 -0.532860 0.000000
vt 0.751627088 0.490049005
vn 0.532860 -1.286411 0.000000
vt 0.757603467 0.483345002
vn 1.286411 -0.532860 0.000000
vt 0.751627088 0.490049005
v 0.660357 11.795246 -9.816642
vn 1.286411 -0.532860 0.000000
vt 0.757603705 0.490049005
v 0.660357 12.337445 -9.816642
vn 1.286411 0.532860 0.000000
vt 0.757604599 0.483345002
v 0.660357 12.337445 -10.330249
vn 1.286411 0.532860 0.000000
vt 0.751633704 0.483345002
vn 0.532860 1.286411 0.000000
vt 0.751629353 0.490049005
vn 1.286411 0.532860 0.000000
vt 0.757604599 0.483345002
vn 0.532860 1.286411 0.000000
vt 0.751629353 0.490049005
vn 0.532860 1.286411 0.000000
vt 0.757597029 0.490049005
vn -0.532860 1.286411 0.000000
vt 0.757597029 0.490049005
vn -0.532860 1.286411 0.000000
vt 0.751629353 0.490049005
v -0.648621 12.337445 -10.330249
vn -1.286411 0.532860 0.000000
vt 0.751633704 0.483345002
vn -0.532860 1.286411 0.000000
vt 0.757597029 0.490049005
vn -1.286411 0.532860 0.000000
vt 0.751633704 0.483345002
v -0.648621 12.337445 -9.816642
vn -1.286411 0.532860 0.000000
vt 0.757604599 0.483345002
vn 1.286411 -0.532860 0.000000
vt 0.757605731 0.483345002
vn 1.286411 -0.532860 0.000000
vt 0.751632333 0.483345002
vn 1.286411 0.532860 0.000000
vt 0.751631916 0.490049005
vn 1.286411 -0.532860 0.000000
vt 0.757605731 0.483345002
vn 1.286411 0.532860 0.000000
vt 0.751631916 0.490049005
vn 1.286411 0.532860 0.000000
vt 0.757605731 0.490049005
v -0.265229 11.411855 -9.816642
vn -0.532860 -1.286411 0.000000
vt 0.757602096 0.483345002
v -0.265229 11.411855 -10.330249
vn -0.532860 -1.286411 0.000000
vt 0.751621783 0.483345002
vn 0.532860 -1.286411 0.000000
vt 0.751621783 0.490049005
vn -0.532860 -1.286411 0.000000
vt 0.757602096 0.483345002
vn 0.532860 -1.286411 0.000000
vt 0.751621783 0.490049005
vn 0.532860 -1.286411 0.000000
vt 0.757602096 0.490049005
v 0.811759 11.879809 -4.132721
vn 0.947090 -0.947090 0.380256
vt 0.491607428 0.532769024
v 0.540981 11.991970 -3.178995
vn 0.947090 -0.947090 0.380256
vt 0.483859181 0.531839013
v 0.227519 11.678509 -3.178995
vn 0.947090 -0.947090 0.380256
vt 0.483858734 0.528159976
vn 0.947090 -0.947090 0.380256
vt 0.491607428 0.532769024
vn 0.947090 -0.947090 0.380256
vt 0.483858734 0.528159976
v 0.339680 11.407731 -4.132721
vn 0.947090 -0.947090 0.380256
vt 0.491603523 0.527230024
v -0.327944 11.407731 -4.132721
vn -0.947090 -0.947090 0.380256
vt 0.491603523 0.532802999
v -0.215782 11.678509 -3.178995
vn -0.947090 -0.947090 0.380256
vt 0.483858496 0.531943023
v -0.529243 11.991970 -3.178995
vn -0.947090 -0.947090 0.380256
vt 0.483798146 0.528264999
vn -0.947090 -0.947090 0.380256
vt 0.491603523 0.532802999
vn -0.947090 -0.947090 0.380256
vt 0.483798146 0.528264999
v -0.800023 11.879809 -4.132721
vn -0.947090 -0.947090 0.380256
vt 0.491607219 0.527263999
v 0.339680 13.019514 -4.132721
vn 0.947090 0.947090 0.380256
vt 0.491614312 0.532802999
v 0.227519 12.748734 -3.178995
vn 0.947090 0.947090 0.380256
vt 0.483878225 0.531943023
v 0.540981 12.435272 -3.178995
vn 0.947090 0.947090 0.380256
vt 0.483816743 0.528264999
vn 0.947090 0.947090 0.380256
vt 0.491614312 0.532802999
vn 0.947090 0.947090 0.380256
vt 0.483816743 0.528264999
v 0.811759 12.547433 -4.132721
vn 0.947090 0.947090 0.380256
vt 0.491614103 0.527263999
vn -0.000000 -0.424534 -1.326093
vt 0.427752733 0.554310977
v 0.339680 11.079425 -4.027610
vn -0.000000 -0.424534 -1.326093
vt 0.446494877 0.554310977
v -0.327944 11.079425 -4.027610
vn -0.000000 -0.424534 -1.326093
vt 0.446494877 0.590783000
vn -0.000000 -0.424534 -1.326093
vt 0.427752733 0.554310977
vn -0.000000 -0.424534 -1.326093
vt 0.446494877 0.590783000
vn -0.000000 -0.424534 -1.326093
vt 0.427752733 0.590783000
vn 0.424534 0.000000 -1.326093
vt 0.446490765 0.590783000
v 1.140065 12.547433 -4.027610
vn 0.424534 0.000000 -1.326093
vt 0.427767873 0.590783000
v 1.140065 11.879809 -4.027610
vn 0.424534 0.000000 -1.326093
vt 0.427769929 0.554310977
vn 0.424534 0.000000 -1.326093
vt 0.446490765 0.590783000
vn 0.424534 0.000000 -1.326093
vt 0.427769929 0.554310977
vn 0.424534 0.000000 -1.326093
vt 0.446494192 0.554310977
vn -0.424534 0.000000 -1.326093
vt 0.427756160 0.554310977
v -1.128327 11.879809 -4.027610
vn -0.424534 0.000000 -1.326093
vt 0.446507514 0.554310977
v -1.128327 12.547433 -4.027610
vn -0.424534 0.000000 -1.326093
vt 0.446505666 0.590783000
vn -0.424534 0.000000 -1.326093
vt 0.427756160 0.554310977
vn -0.424534 0.000000 -1.326093
vt 0.446505666 0.590783000
v -0.800023 12.547433 -4.132721
vn -0.424534 0.000000 -1.326093
vt 0.427752972 0.590783000
vn -0.000000 0.424534 1.326093
vt 0.288242429 0.638158977
v -0.215782 11.350204 -3.073884
vn -0.000000 0.424534 1.326093
vt 0.283854306 0.638158977
v 0.227519 11.350204 -3.073884
vn -0.000000 0.424534 1.326093
vt 0.283854306 0.632489026
vn -0.000000 0.424534 1.326093
vt 0.288242429 0.638158977
vn -0.000000 0.424534 1.326093
vt 0.283854306 0.632489026
vn -0.000000 0.424534 1.326093
vt 0.288242429 0.632489026
vn -0.424534 0.000000 1.326093
vt 0.288240135 0.638158977
v 0.869285 11.991970 -3.073884
vn -0.424534 0.000000 1.326093
vt 0.283851326 0.638158977
v 0.869285 12.435272 -3.073884
vn -0.424534 0.000000 1.326093
vt 0.283853859 0.632489026
vn -0.424534 0.000000 1.326093
vt 0.288240135 0.638158977
vn -0.424534 0.000000 1.326093
vt 0.283853859 0.632489026
vn -0.424534 0.000000 1.326093
vt 0.288244963 0.632489026
v -0.215782 12.748734 -3.178995
vn -1.383598 -0.047758 0.149123
vt 0.489605218 0.534794986
v -0.215782 13.077039 -3.073884
vn -1.383598 -0.047758 0.149123
vt 0.484053314 0.534820974
v -0.327944 13.347816 -4.027610
vn -1.383598 -0.047758 0.149123
vt 0.483988136 0.519491017
vn -1.383598 -0.047758 0.149123
vt 0.489605218 0.534794986
vn -1.383598 -0.047758 0.149123
vt 0.483988136 0.519491017
v -0.327944 13.019514 -4.132721
vn -1.383598 -0.047758 0.149123
vt 0.489533842 0.519465029
v -0.529243 12.435272 -3.178995
vn 0.424534 0.000000 1.326093
vt 0.288244963 0.638158977
v -0.857549 12.435272 -3.073884
vn 0.424534 0.000000 1.326093
vt 0.283854097 0.638158977
v -0.857549 11.991970 -3.073884
vn 0.424534 0.000000 1.326093
vt 0.283851326 0.632489026
vn 0.424534 0.000000 1.326093
vt 0.288244963 0.638158977
vn 0.424534 0.000000 1.326093
vt 0.283851326 0.632489026
vn 0.424534 0.000000 1.326093
vt 0.288240135 0.632489026
vn -1.383598 0.047758 0.149123
vt 0.489529252 0.519465029
vn -1.383598 0.047758 0.149123
vt 0.483983308 0.519491017
vn -1.383598 0.047758 0.149123
vt 0.484049171 0.534820974
vn -1.383598 0.047758 0.149123
vt 0.489529252 0.519465029
vn -1.383598 0.047758 0.149123
vt 0.484049171 0.534820974
vn -1.383598 0.047758 0.149123
vt 0.489598334 0.534794986
vn 0.047758 1.383598 0.149123
vt 0.489596039 0.534803987
vn 0.047758 1.383598 0.149123
vt 0.484052628 0.534812987
vn 0.047758 1.383598 0.149123
vt 0.484059960 0.519482017
vn 0.047758 1.383598 0.149123
vt 0.489596039 0.534803987
vn 0.047758 1.383598 0.149123
vt 0.484059960 0.519482017
vn 0.047758 1.383598 0.149123
vt 0.489608645 0.519473016
vn 0.047758 -1.383598 0.149123
vt 0.489586383 0.519473016
vn 0.047758 -1.383598 0.149123
vt 0.484033585 0.519482017
vn 0.047758 -1.383598 0.149123
vt 0.484033793 0.534812987
vn 0.047758 -1.383598 0.149123
vt 0.489586383 0.519473016
vn 0.047758 -1.383598 0.149123
vt 0.484033793 0.534812987
vn 0.047758 -1.383598 0.149123
vt 0.489585489 0.534803987
vn 1.383598 0.047758 0.149123
vt 0.489598542 0.534794986
vn 1.383598 0.047758 0.149123
vt 0.484049171 0.534820974
vn 1.383598 0.047758 0.149123
vt 0.483983099 0.519491017
vn 1.383598 0.047758 0.149123
vt 0.489598542 0.534794986
vn 1.383598 0.047758 0.149123
vt 0.483983099 0.519491017
vn 1.383598 0.047758 0.149123
vt 0.489529252 0.519465029
v 0.227519 13.077039 -3.073884
vn -0.000000 1.339460 0.380256
vt 0.336912006 0.733860016
v 0.339680 13.347816 -4.027610
vn -0.000000 1.339460 0.380256
vt 0.335080028 0.718477011
vn -0.000000 1.339460 0.380256
vt 0.346005321 0.718477011
vn -0.000000 1.339460 0.380256
vt 0.336912006 0.733860016
vn -0.000000 1.339460 0.380256
vt 0.346005321 0.718477011
vn -0.000000 1.339460 0.380256
vt 0.344175190 0.733860016
vn 1.339460 0.000000 0.380256
vt 0.336900979 0.733860016
vn 1.339460 0.000000 0.380256
vt 0.335069686 0.718477011
vn 1.339460 0.000000 0.380256
vt 0.345995694 0.718477011
vn 1.339460 0.000000 0.380256
vt 0.336900979 0.733860016
vn 1.339460 0.000000 0.380256
vt 0.345995694 0.718477011
vn 1.339460 0.000000 0.380256
vt 0.344164401 0.733860016
vn -0.047758 -1.383598 0.149123
vt 0.489585489 0.534803987
vn -0.047758 -1.383598 0.149123
vt 0.484033793 0.534812987
vn -0.047758 -1.383598 0.149123
vt 0.484033585 0.519482017
vn -0.047758 -1.383598 0.149123
vt 0.489585489 0.534803987
vn -0.047758 -1.383598 0.149123
vt 0.484033585 0.519482017
vn -0.047758 -1.383598 0.149123
vt 0.489586383 0.519473016
vn -0.947090 0.947090 0.380256
vt 0.491614103 0.532769024
vn -0.947090 0.947090 0.380256
vt 0.483877778 0.531839013
vn -0.947090 0.947090 0.380256
vt 0.483878225 0.528159976
vn -0.947090 0.947090 0.380256
vt 0.491614103 0.532769024
vn -0.947090 0.947090 0.380256
vt 0.483878225 0.528159976
vn -0.947090 0.947090 0.380256
vt 0.491614312 0.527230024
vn 0.000000 0.424534 -1.326093
vt 0.446490973 0.590783000
vn 0.000000 0.424534 -1.326093
vt 0.427769721 0.590783000
vn 0.000000 0.424534 -1.326093
vt 0.427769721 0.554310977
vn 0.000000 0.424534 -1.326093
vt 0.446490973 0.590783000
vn 0.000000 0.424534 -1.326093
vt 0.427769721 0.554310977
vn 0.000000 0.424534 -1.326093
vt 0.446490973 0.554310977
vn -0.047758 1.383598 0.149123
vt 0.489608645 0.519473016
vn -0.047758 1.383598 0.149123
vt 0.484059960 0.519482017
vn -0.047758 1.383598 0.149123
vt 0.484052837 0.534812987
vn -0.047758 1.383598 0.149123
vt 0.489608645 0.519473016
vn -0.047758 1.383598 0.149123
vt 0.484052837 0.534812987
vn -0.047758 1.383598 0.149123
vt 0.489596039 0.534803987
vn -0.000000 -0.424534 1.326093
vt 0.288247257 0.638158977
vn -0.000000 -0.424534 1.326093
vt 0.283856392 0.638158977
vn -0.000000 -0.424534 1.326093
vt 0.283856392 0.632489026
vn -0.000000 -0.424534 1.326093
vt 0.288247257 0.638158977
vn -0.000000 -0.424534 1.326093
vt 0.283856392 0.632489026
vn -0.000000 -0.424534 1.326093
vt 0.288247257 0.632489026
vn -1.339460 0.000000 0.380256
vt 0.336901218 0.733860016
vn -1.339460 0.000000 0.380256
vt 0.335070163 0.718477011
vn -1.339460 0.000000 0.380256
vt 0.345994771 0.718477011
vn -1.339460 0.000000 0.380256
vt 0.336901218 0.733860016
vn -1.339460 0.000000 0.380256
vt 0.345994771 0.718477011
vn -1.339460 0.000000 0.380256
vt 0.344163924 0.733860016
vn -0.000000 -1.339460 0.380256
vt 0.336879641 0.733860016
vn -0.000000 -1.339460 0.380256
vt 0.335046977 0.718477011
vn -0.000000 -1.339460 0.380256
vt 0.345972270 0.718477011
vn -0.000000 -1.339460 0.380256
vt 0.336879641 0.733860016
vn -0.000000 -1.339460 0.380256
vt 0.345972270 0.718477011
vn -0.000000 -1.339460 0.380256
vt 0.344142824 0.733860016
vn 1.383598 -0.047758 0.149123
vt 0.489533842 0.519465029
vn 1.383598 -0.047758 0.149123
vt 0.483988136 0.519491017
vn 1.383598 -0.047758 0.149123
vt 0.484053314 0.534820974
vn 1.383598 -0.047758 0.149123
vt 0.489533842 0.519465029
vn 1.383598 -0.047758 0.149123
vt 0.484053314 0.534820974
vn 1.383598 -0.047758 0.149123
vt 0.489605218 0.534794986
vn 0.391674 0.945698 0.943888
vt 0.781668544 0.093506001
vn -0.391674 0.945698 0.943888
vt 0.779227138 0.093506001
v 0.097573 11.997467 0.126952
vn -0.391674 0.945698 0.943888
vt 0.779221356 0.093506001
vn 0.391674 0.945698 0.943888
vt 0.781668544 0.093506001
vn -0.391674 0.945698 0.943888
vt 0.779221356 0.093506001
v -0.085837 11.997467 0.126952
vn 0.391674 0.945698 0.943888
vt 0.781662762 0.093506001
v -0.145593 12.584521 0.296313
vn 0.391813 -0.945698 0.943888
vt 0.781656623 0.093506001
v -0.359789 12.370323 0.296313
vn 0.945698 -0.391674 0.943748
vt 0.779213130 0.093506001
v -0.215525 12.310567 0.126952
vn 0.945698 -0.391674 0.943748
vt 0.779211044 0.093506001
vn 0.391813 -0.945698 0.943888
vt 0.781656623 0.093506001
vn 0.945698 -0.391674 0.943748
vt 0.779211044 0.093506001
v -0.085837 12.440257 0.126952
vn 0.391813 -0.945698 0.943888
vt 0.781655431 0.093506001
vn 0.945698 -0.391674 0.943748
vt 0.781661212 0.093506001
v -0.359789 12.067398 0.296313
vn 0.945698 0.391674 0.943748
vt 0.779217720 0.093506001
v -0.215525 12.127155 0.126952
vn 0.945698 0.391674 0.943748
vt 0.779213786 0.093506001
vn 0.945698 -0.391674 0.943748
vt 0.781661212 0.093506001
vn 0.945698 0.391674 0.943748
vt 0.779213786 0.093506001
vn 0.945698 -0.391674 0.943748
vt 0.781658173 0.093506001
vn 0.945698 0.391674 0.943748
vt 0.781665981 0.093506001
vn 0.391674 0.945698 0.943888
vt 0.779223919 0.093506001
vn 0.391674 0.945698 0.943888
vt 0.779218197 0.093506001
vn 0.945698 0.391674 0.943748
vt 0.781665981 0.093506001
vn 0.391674 0.945698 0.943888
vt 0.779218197 0.093506001
vn 0.945698 0.391674 0.943748
vt 0.781661212 0.093506001
vn -0.391674 0.945698 0.943888
vt 0.781665564 0.093506001
v 0.371527 12.067398 0.296313
vn -0.945698 0.391813 0.943888
vt 0.779224575 0.093506001
v 0.227264 12.127155 0.126952
vn -0.945698 0.391674 0.943888
vt 0.779219806 0.093506001
vn -0.391674 0.945698 0.943888
vt 0.781665564 0.093506001
vn -0.945698 0.391674 0.943888
vt 0.779219806 0.093506001
vn -0.391674 0.945698 0.943888
vt 0.781659782 0.093506001
v 0.371527 12.370323 0.296313
vn 1.285714 0.532581 0.045391
vt 0.146785647 0.862205029
v 0.501340 12.424091 -4.014133
vn 1.285714 0.532581 0.045391
vt 0.156891331 0.862205029
v 0.211098 12.714334 -4.014133
vn 0.532581 1.285714 0.045391
vt 0.156891093 0.872339010
vn 1.285714 0.532581 0.045391
vt 0.146785647 0.862205029
vn 0.532581 1.285714 0.045391
vt 0.156891093 0.872339010
v 0.157329 12.584521 0.296313
vn 0.532581 1.285714 0.045391
vt 0.146785647 0.872339010
vn -0.532581 1.285714 0.045391
vt 0.146785423 0.862205029
v -0.199363 12.714334 -4.014133
vn -0.532581 1.285714 0.045391
vt 0.156891093 0.862205029
v -0.489603 12.424091 -4.014133
vn -1.285714 0.532581 0.045391
vt 0.156891093 0.872339010
vn -0.532581 1.285714 0.045391
vt 0.146785423 0.862205029
vn -1.285714 0.532581 0.045391
vt 0.156891093 0.872339010
vn -1.285714 0.532581 0.045391
vt 0.146785423 0.872339010
vn 0.532581 1.285714 0.045391
vt 0.146787480 0.862205029
vn 0.532581 1.285714 0.045391
vt 0.156886965 0.862205029
vn -0.532581 1.285714 0.045391
vt 0.156886965 0.872339010
vn 0.532581 1.285714 0.045391
vt 0.146787480 0.862205029
vn -0.532581 1.285714 0.045391
vt 0.156886965 0.872339010
vn -0.532581 1.285714 0.045391
vt 0.146787480 0.872339010
vn -1.285714 -0.532581 0.045391
vt 0.146764308 0.862205029
v -0.489603 12.013630 -4.014133
vn -1.285714 -0.532581 0.045391
vt 0.156880319 0.862205029
vn -0.532581 -1.285714 0.045391
vt 0.156882837 0.872339010
vn -1.285714 -0.532581 0.045391
vt 0.146764308 0.862205029
vn -0.532581 -1.285714 0.045391
vt 0.156882837 0.872339010
vn -0.532581 -1.285714 0.045391
vt 0.146763623 0.872339010
vn -1.285714 0.532581 0.045391
vt 0.146776706 0.862205029
vn -1.285714 0.532581 0.045391
vt 0.156886965 0.862205029
vn -1.285714 -0.532581 0.045391
vt 0.156880319 0.872339010
vn -1.285714 0.532581 0.045391
vt 0.146776706 0.862205029
vn -1.285714 -0.532581 0.045391
vt 0.156880319 0.872339010
vn -1.285714 -0.532581 0.045391
vt 0.146776468 0.872339010
vn 0.532581 -1.285714 0.045391
vt 0.146763623 0.862205029
vn 0.532581 -1.285714 0.045391
vt 0.156882837 0.862205029
v 0.501340 12.013630 -4.014133
vn 1.285714 -0.532581 0.045391
vt 0.156880081 0.872339010
vn 0.532581 -1.285714 0.045391
vt 0.146763623 0.862205029
vn 1.285714 -0.532581 0.045391
vt 0.156880081 0.872339010
vn 1.285714 -0.532581 0.045391
vt 0.146764308 0.872339010
vn -0.945698 0.391813 0.943888
vt 0.781659126 0.093506001
vn -0.945698 -0.391674 0.943748
vt 0.779219806 0.093506001
v 0.227264 12.310567 0.126952
vn -0.945698 -0.391674 0.943748
vt 0.779216588 0.093506001
vn -0.945698 0.391813 0.943888
vt 0.781659126 0.093506001
vn -0.945698 -0.391674 0.943748
vt 0.779216588 0.093506001
vn -0.945698 0.391674 0.943888
vt 0.781655192 0.093506001
vn -0.391674 -0.945698 0.943748
vt 0.781652689 0.093506001
vn 0.391813 -0.945698 0.943888
vt 0.779211044 0.093506001
vn 0.391813 -0.945698 0.943888
vt 0.779210627 0.093506001
vn -0.391674 -0.945698 0.943748
vt 0.781652689 0.093506001
vn 0.391813 -0.945698 0.943888
vt 0.779210627 0.093506001
v 0.097573 12.440257 0.126952
vn -0.391674 -0.945698 0.943748
vt 0.781651795 0.093506001
vn -0.945698 -0.391674 0.943748
vt 0.781654775 0.093506001
vn -0.391674 -0.945698 0.943748
vt 0.779215217 0.093506001
vn -0.391674 -0.945698 0.943748
vt 0.779214025 0.093506001
vn -0.945698 -0.391674 0.943748
vt 0.781654775 0.093506001
vn -0.391674 -0.945698 0.943748
vt 0.779214025 0.093506001
vn -0.945698 -0.391674 0.943748
vt 0.781652451 0.093506001
vn 1.285714 -0.532581 0.045391
vt 0.146776706 0.862205029
vn 1.285714 -0.532581 0.045391
vt 0.156880081 0.862205029
vn 1.285714 0.532581 0.045391
vt 0.156887203 0.872339010
vn 1.285714 -0.532581 0.045391
vt 0.146776706 0.862205029
vn 1.285714 0.532581 0.045391
vt 0.156887203 0.872339010
vn 1.285714 0.532581 0.045391
vt 0.146776929 0.872339010
vn -0.000000 0.000000 -1.392370
vt 0.482478082 0.694728971
vn -0.000000 0.000000 -1.392370
vt 0.478022069 0.690277994
vn -0.000000 0.000000 -1.392370
vt 0.478020698 0.683983982
vn -0.000000 0.000000 -1.392370
vt 0.482478082 0.694728971
vn -0.000000 0.000000 -1.392370
vt 0.478020698 0.683983982
vn -0.000000 0.000000 -1.392370
vt 0.493218452 0.690277994
vn -0.000000 0.000000 -1.392370
vt 0.482478082 0.694728971
vn -0.000000 0.000000 -1.392370
vt 0.493218452 0.690277994
vn -0.000000 0.000000 -1.392370
vt 0.488764256 0.694728971
v -0.894701 11.196587 -9.796112
vn -0.000000 0.000000 -1.392370
vt 0.493218213 0.684001982
vn -0.000000 0.000000 -1.392370
vt 0.493217766 0.690297008
vn -0.000000 0.000000 -1.392370
vt 0.478020012 0.684001982
vn -0.000000 0.000000 -1.392370
vt 0.493218213 0.684001982
vn -0.000000 0.000000 -1.392370
vt 0.478020012 0.684001982
v 0.906437 11.196587 -9.796112
vn -0.000000 0.000000 -1.392370
vt 0.482476026 0.679552019
vn -0.000000 0.000000 -1.392370
vt 0.493218213 0.684001982
vn -0.000000 0.000000 -1.392370
vt 0.482476026 0.679552019
v 0.005868 10.823560 -9.796112
vn -0.000000 0.000000 -1.392370
vt 0.488762647 0.679552019
vn -0.000000 0.000000 1.392370
vt 0.305530071 0.806593001
vn -0.000000 0.000000 1.392370
vt 0.305283636 0.799440980
vn -0.000000 0.000000 1.392370
vt 0.310162753 0.794216990
vn -0.000000 0.000000 1.392370
vt 0.305530071 0.806593001
vn -0.000000 0.000000 1.392370
vt 0.310162753 0.794216990
vn -0.000000 0.000000 1.392370
vt 0.317853183 0.811249971
vn -0.000000 0.000000 1.392370
vt 0.305530071 0.806593001
vn -0.000000 0.000000 1.392370
vt 0.317853183 0.811249971
vn -0.000000 0.000000 1.392370
vt 0.310715973 0.811484993
vn -0.000000 0.000000 1.392370
vt 0.318398148 0.810963988
v -0.894701 11.196586 -4.063124
vn -0.000000 0.000000 1.392370
vt 0.311071634 0.811271012
v 0.005868 10.823559 -4.063124
vn -0.000000 0.000000 1.392370
vt 0.305639505 0.806297004
vn -0.000000 0.000000 1.392370
vt 0.318398148 0.810963988
vn -0.000000 0.000000 1.392370
vt 0.305639505 0.806297004
v 0.906437 11.196586 -4.063124
vn -0.000000 0.000000 1.392370
vt 0.305334568 0.798955023
vn -0.000000 0.000000 1.392370
vt 0.318398148 0.810963988
vn -0.000000 0.000000 1.392370
vt 0.305334568 0.798955023
vn -0.000000 0.000000 1.392370
vt 0.310341507 0.793545008
v 0.345292 14.410120 -5.882001
vn 0.984545 0.984545 0.000000
vt 0.579396665 0.559574008
v 0.485886 14.070696 -5.542099
vn 1.392370 0.000000 0.000000
vt 0.582992673 0.555451989
v 0.485886 14.070696 -5.882002
vn 1.392370 0.000000 0.000000
vt 0.579381704 0.555451989
vn 0.984545 0.984545 0.000000
vt 0.579396665 0.559574008
v 0.345292 14.410120 -5.542099
vn 0.984545 0.984545 0.000000
vt 0.583002090 0.559574008
vn 1.392370 0.000000 0.000000
vt 0.582992673 0.555451989
vn 0.984545 0.984545 0.000000
vt 0.579396665 0.559574008
vn -0.000000 1.392370 0.000000
vt 0.579402149 0.555451989
vn 0.984545 0.984545 0.000000
vt 0.583002090 0.559574008
vn 0.984545 0.984545 0.000000
vt 0.583002090 0.559574008
vn -0.000000 1.392370 0.000000
vt 0.579402149 0.555451989
vn -0.000000 1.392370 0.000000
vt 0.583003938 0.555451989
v 0.345292 13.731271 -5.882002
vn 0.984545 -0.984545 0.000000
vt 0.579368651 0.555451989
vn -0.000000 -1.392370 0.000000
vt 0.582967639 0.559574008
vn -0.000000 -1.392370 0.000000
vt 0.579365909 0.559574008
vn 0.984545 -0.984545 0.000000
vt 0.579368651 0.555451989
v 0.345292 13.731271 -5.542099
vn 0.984545 -0.984545 0.000000
vt 0.582975209 0.555451989
vn -0.000000 -1.392370 0.000000
vt 0.582967639 0.559574008
vn 0.984545 -0.984545 0.000000
vt 0.579368651 0.555451989
vn 1.392370 0.000000 0.000000
vt 0.579374850 0.559574008
vn 0.984545 -0.984545 0.000000
vt 0.582975209 0.555451989
vn 0.984545 -0.984545 0.000000
vt 0.582975209 0.555451989
vn 1.392370 0.000000 0.000000
vt 0.579374850 0.559574008
vn 1.392370 0.000000 0.000000
vt 0.582982361 0.559574008
v -0.648621 13.107208 -9.816642
vn -1.286411 -0.532860 0.000000
vt 0.757603705 0.483345002
vn -0.532860 -1.286411 0.000000
vt 0.751625478 0.490049005
vn -0.532860 -1.286411 -0.000278
vt 0.757596374 0.490049005
vn -1.286411 -0.532860 0.000000
vt 0.757603705 0.483345002
v -0.648621 13.107208 -10.330249
vn -1.286411 -0.532860 0.000000
vt 0.751630485 0.483345002
vn -0.532860 -1.286411 0.000000
vt 0.751625478 0.490049005
vn -1.286411 -0.532860 0.000000
vt 0.757603705 0.483345002
v -0.648621 13.649404 -9.816642
vn -1.286411 0.532860 0.000000
vt 0.757605970 0.490049005
vn -1.286411 -0.532860 0.000000
vt 0.751630485 0.483345002
vn -1.286411 -0.532860 0.000000
vt 0.751630485 0.483345002
vn -1.286411 0.532860 0.000000
vt 0.757605970 0.490049005
v -0.648621 13.649404 -10.330249
vn -1.286411 0.532860 0.000000
vt 0.751633704 0.490049005
v -0.265229 14.032793 -9.816642
vn -0.532860 1.286411 0.000000
vt 0.757607818 0.490049005
vn -1.286411 0.532860 0.000000
vt 0.751638293 0.483345002
vn -1.286411 0.532860 0.000000
vt 0.757607579 0.483345002
vn -0.532860 1.286411 0.000000
vt 0.757607818 0.490049005
v -0.265229 14.032793 -10.330249
vn -0.532860 1.286411 0.000000
vt 0.751639903 0.490049005
vn -1.286411 0.532860 0.000000
vt 0.751638293 0.483345002
vn -0.532860 1.286411 0.000000
vt 0.757607818 0.490049005
vn 0.532860 1.286411 0.000000
vt 0.757607818 0.483345002
vn -0.532860 1.286411 0.000000
vt 0.751639903 0.490049005
vn -0.532860 1.286411 0.000000
vt 0.751639903 0.490049005
vn 0.532860 1.286411 0.000000
vt 0.757607818 0.483345002
vn 0.532860 1.286411 0.000000
vt 0.751639485 0.483345002
v -0.648621 11.795246 -9.816642
vn -1.286411 -0.532860 0.000000
vt 0.757604361 0.483345002
vn -0.532860 -1.286411 0.000000
vt 0.751625717 0.490049005
vn -0.532860 -1.286411 0.000000
vt 0.757603467 0.490049005
vn -1.286411 -0.532860 0.000000
vt 0.757604361 0.483345002
v -0.648621 11.795246 -10.330249
vn -1.286411 -0.532860 0.000000
vt 0.751630723 0.483345002
vn -0.532860 -1.286411 0.000000
vt 0.751625717 0.490049005
vn -1.286411 -0.532860 0.000000
vt 0.757604361 0.483345002
vn -1.286411 0.532860 0.000000
vt 0.757605731 0.490049005
vn -1.286411 -0.532860 0.000000
vt 0.751630723 0.483345002
vn -1.286411 -0.532860 0.000000
vt 0.751630723 0.483345002
vn -1.286411 0.532860 0.000000
vt 0.757605731 0.490049005
vn -1.286411 0.532860 0.000000
vt 0.751631916 0.490049005
v 0.005868 10.823560 -5.882002
vn -0.532860 -1.286411 0.000000
vt 0.399255961 0.758225024
vn -0.532860 -1.286411 0.000000
vt 0.407557666 0.758225024
vn -0.532860 -1.286411 0.000000
vt 0.407560199 0.760190010
vn -0.532860 -1.286411 0.000000
vt 0.399255961 0.758225024
vn -0.532860 -1.286411 0.000000
vt 0.407560199 0.760190010
v -0.894701 11.196586 -5.882002
vn -0.532860 -1.286411 0.000000
vt 0.399260104 0.760190010
vn -0.532860 -1.286411 0.000000
vt 0.399255961 0.758225024
vn -0.532860 -1.286411 0.000000
vt 0.399260104 0.760190010
vn -0.532860 -1.286411 0.000000
vt 0.381385297 0.760190010
vn -0.532860 -1.286411 0.000000
vt 0.399255961 0.758225024
vn -0.532860 -1.286411 0.000000
vt 0.381385297 0.760190010
vn -0.532860 -1.286411 0.000000
vt 0.381384611 0.758225024
vn -1.392370 0.000000 0.000000
vt 0.381398827 0.764919996
vn -1.392370 0.000000 0.000000
vt 0.407581538 0.764919996
vn -1.392370 0.000000 0.000000
vt 0.399232090 0.764919996
vn -1.365636 -0.271651 0.000000
vt 0.407579690 0.762156010
vn -1.392370 0.000000 0.000000
vt 0.407581538 0.764919996
vn -1.392370 0.000000 0.000000
vt 0.381398827 0.764919996
v -1.267729 12.097157 -5.882002
vn -1.365636 -0.271651 0.000000
vt 0.399276853 0.762156010
vn -1.365636 -0.271651 0.000000
vt 0.407579690 0.762156010
vn -1.392370 0.000000 0.000000
vt 0.381398827 0.764919996
vn -1.365636 -0.271651 0.000000
vt 0.399276853 0.762156010
vn -1.392370 0.000000 0.000000
vt 0.381398827 0.764919996
vn -1.365636 -0.271651 0.000000
vt 0.381396770 0.762156010
vn -1.365636 -0.271651 0.000000
vt 0.399276853 0.762156010
vn -1.365636 -0.271651 0.000000
vt 0.381396770 0.762156010
vn -1.286411 -0.532860 0.000000
vt 0.381393313 0.760190010
vn -1.365636 -0.271651 0.000000
vt 0.399276853 0.762156010
vn -1.286411 -0.532860 0.000000
vt 0.407572806 0.760190010
vn -1.365636 -0.271651 0.000000
vt 0.407579690 0.762156010
vn -1.365636 -0.271651 0.000000
vt 0.399276853 0.762156010
vn -1.286411 -0.532860 0.000000
vt 0.381393313 0.760190010
vn -1.286411 -0.532860 0.000000
vt 0.399272710 0.760190010
vn -1.365636 -0.271651 0.000000
vt 0.399276853 0.762156010
vn -1.286411 -0.532860 0.000000
vt 0.399272710 0.760190010
vn -1.286411 -0.532860 0.000000
vt 0.407572806 0.760190010
vn -0.000000 0.000000 -1.392370
vt 0.088010401 0.572350979
vn -0.000000 0.000000 -1.392370
vt 0.088010401 0.581239998
vn -0.000000 0.000000 -1.392370
vt 0.081723548 0.587527990
vn -0.000000 0.000000 -1.392370
vt 0.088010401 0.572350979
vn -0.000000 0.000000 -1.392370
vt 0.081723548 0.587527990
vn -0.000000 0.000000 -1.392370
vt 0.072812416 0.587530971
vn -0.000000 0.000000 -1.392370
vt 0.088010401 0.572350979
vn -0.000000 0.000000 -1.392370
vt 0.072812416 0.587530971
vn -0.000000 0.000000 -1.392370
vt 0.066525795 0.581247985
vn -0.000000 0.000000 -1.392370
vt 0.088010401 0.572350979
vn -0.000000 0.000000 -1.392370
vt 0.066525795 0.581247985
vn -0.000000 0.000000 -1.392370
vt 0.066525795 0.572359025
vn -0.000000 0.000000 -1.392370
vt 0.088010401 0.572350979
vn -0.000000 0.000000 -1.392370
vt 0.066525795 0.572359025
vn -0.000000 0.000000 -1.392370
vt 0.072812647 0.566070974
vn -0.000000 0.000000 -1.392370
vt 0.088010401 0.572350979
vn -0.000000 0.000000 -1.392370
vt 0.072812647 0.566070974
vn -0.000000 0.000000 -1.392370
vt 0.081723779 0.566067994
vn -0.000000 0.000000 -1.392370
vt 0.088010170 0.572350979
vn -0.000000 0.000000 -1.392370
vt 0.088010170 0.581239998
vn -0.000000 0.000000 -1.392370
vt 0.081723548 0.587527990
vn -0.000000 0.000000 -1.392370
vt 0.088010170 0.572350979
vn -0.000000 0.000000 -1.392370
vt 0.081723548 0.587527990
vn -0.000000 0.000000 -1.392370
vt 0.072812185 0.587530971
vn -0.000000 0.000000 -1.392370
vt 0.088010170 0.572350979
vn -0.000000 0.000000 -1.392370
vt 0.072812185 0.587530971
vn -0.000000 0.000000 -1.392370
vt 0.066525564 0.581247985
vn -0.000000 0.000000 -1.392370
vt 0.088010170 0.572350979
vn -0.000000 0.000000 -1.392370
vt 0.066525564 0.581247985
vn -0.000000 0.000000 -1.392370
vt 0.066525795 0.572359025
vn -0.000000 0.000000 -1.392370
vt 0.088010170 0.572350979
vn -0.000000 0.000000 -1.392370
vt 0.066525795 0.572359025
vn -0.000000 0.000000 -1.392370
vt 0.072812416 0.566070974
vn -0.000000 0.000000 -1.392370
vt 0.088010170 0.572350979
vn -0.000000 0.000000 -1.392370
vt 0.072812416 0.566070974
vn -0.000000 0.000000 -1.392370
vt 0.081723548 0.566067994
vn -0.000000 0.000000 1.392370
vt 0.966220915 0.661239982
vn -0.000000 0.000000 1.392370
vt 0.969028533 0.661239982
vn -0.000000 0.000000 1.392370
vt 0.971104681 0.663263977
vn -0.000000 0.000000 1.392370
vt 0.966220915 0.661239982
vn -0.000000 0.000000 1.392370
vt 0.971104681 0.663263977
vn -0.000000 0.000000 1.392370
vt 0.971109271 0.666125000
vn -0.000000 0.000000 1.392370
vt 0.966220915 0.661239982
vn -0.000000 0.000000 1.392370
vt 0.971109271 0.666125000
vn -0.000000 0.000000 1.392370
vt 0.969038427 0.668147981
vn -0.000000 0.000000 1.392370
vt 0.966220915 0.661239982
vn -0.000000 0.000000 1.392370
vt 0.969038427 0.668147981
vn -0.000000 0.000000 1.392370
vt 0.966230810 0.668147981
vn -0.000000 0.000000 1.392370
vt 0.966220915 0.661239982
vn -0.000000 0.000000 1.392370
vt 0.966230810 0.668147981
vn -0.000000 0.000000 1.392370
vt 0.964151263 0.666125000
vn -0.000000 0.000000 1.392370
vt 0.966220915 0.661239982
vn -0.000000 0.000000 1.392370
vt 0.964151263 0.666125000
vn -0.000000 0.000000 1.392370
vt 0.964146674 0.663263977
vn -0.000000 0.000000 1.392370
vt 0.970750868 0.689922988
vn -0.000000 0.000000 1.392370
vt 0.975511611 0.689922988
vn -0.000000 0.000000 1.392370
vt 0.978869200 0.693298995
vn -0.000000 0.000000 1.392370
vt 0.970750868 0.689922988
vn -0.000000 0.000000 1.392370
vt 0.978869200 0.693298995
vn -0.000000 0.000000 1.392370
vt 0.978870153 0.698073030
vn -0.000000 0.000000 1.392370
vt 0.970750868 0.689922988
vn -0.000000 0.000000 1.392370
vt 0.978870153 0.698073030
vn -0.000000 0.000000 1.392370
vt 0.975514114 0.701448977
vn -0.000000 0.000000 1.392370
vt 0.970750868 0.689922988
vn -0.000000 0.000000 1.392370
vt 0.975514114 0.701448977
vn -0.000000 0.000000 1.392370
vt 0.970753372 0.701448977
vn -0.000000 0.000000 1.392370
vt 0.970750868 0.689922988
vn -0.000000 0.000000 1.392370
vt 0.970753372 0.701448977
vn -0.000000 0.000000 1.392370
vt 0.967334509 0.698073030
vn -0.000000 0.000000 1.392370
vt 0.970750868 0.689922988
vn -0.000000 0.000000 1.392370
vt 0.967334509 0.698073030
vn -0.000000 0.000000 1.392370
vt 0.967333555 0.693298995
vn 1.392370 0.000000 0.000000
vt 0.399281204 0.751528978
vn 1.365636 -0.271651 0.000000
vt 0.381397456 0.754293978
vn 1.392370 0.000000 0.000000
vt 0.381399065 0.751528978
vn 1.392370 0.000000 0.000000
vt 0.399281204 0.751528978
v 1.279465 12.097157 -5.882002
vn 1.365636 -0.271651 0.000000
vt 0.399277985 0.754293978
vn 1.365636 -0.271651 0.000000
vt 0.381397456 0.754293978
vn 0.984545 -0.984545 0.000000
vt 0.381391257 0.756259024
vn 1.365636 -0.271651 0.000000
vt 0.381397456 0.754293978
vn 1.365636 -0.271651 0.000000
vt 0.399277985 0.754293978
vn 1.392370 0.000000 0.000000
vt 0.399281204 0.751528978
vn 1.365636 -0.271651 0.000000
vt 0.407577157 0.754293978
vn 1.365636 -0.271651 0.000000
vt 0.399277985 0.754293978
vn 1.392370 0.000000 0.000000
vt 0.399281204 0.751528978
vn 1.392370 0.000000 0.000000
vt 0.407581538 0.751528978
vn 1.365636 -0.271651 0.000000
vt 0.407577157 0.754293978
vn 0.984545 -0.984545 0.000000
vt 0.381391257 0.756259024
vn 1.365636 -0.271651 0.000000
vt 0.399277985 0.754293978
vn 1.365636 -0.271651 0.000000
vt 0.407577157 0.754293978
vn 0.984545 -0.984545 0.000000
vt 0.407569826 0.756259024
vn 0.984545 -0.984545 0.000000
vt 0.381391257 0.756259024
vn 1.365636 -0.271651 0.000000
vt 0.407577157 0.754293978
v 0.906437 11.196586 -5.882002
vn 0.984545 -0.984545 0.000000
vt 0.399260104 0.756259024
vn 0.984545 -0.984545 0.000000
vt 0.381391257 0.756259024
vn 0.984545 -0.984545 0.000000
vt 0.407569826 0.756259024
vn 0.984545 -0.984545 0.000000
vt 0.399260104 0.756259024
vn 0.532860 -1.286411 0.000000
vt 0.381384611 0.758225024
vn 0.984545 -0.984545 0.000000
vt 0.381391257 0.756259024
vn 0.984545 -0.984545 0.000000
vt 0.399260104 0.756259024
vn 0.984545 -0.984545 0.000000
vt 0.407569826 0.756259024
vn 0.532860 -1.286411 0.000000
vt 0.407557666 0.758225024
vn 0.984545 -0.984545 0.000000
vt 0.399260104 0.756259024
vn 0.532860 -1.286411 0.000000
vt 0.407557666 0.758225024
vn 0.532860 -1.286411 0.000000
vt 0.399255961 0.758225024
vn 0.984545 -0.984545 0.000000
vt 0.399260104 0.756259024
vn 0.532860 -1.286411 0.000000
vt 0.399255961 0.758225024
vn 0.532860 -1.286411 0.000000
vt 0.381384611 0.758225024
vn 0.285436 0.285436 1.332498
vt 0.451100975 0.978473008
v 0.005868 14.070696 -5.497799
vn -0.000000 0.000000 1.392370
vt 0.449082226 0.973554015
vn 0.403648 0.000000 1.332498
vt 0.453964800 0.975636005
vn 0.285436 0.285436 1.332498
vt 0.451100975 0.978473008
vn -0.000000 0.403648 1.332498
vt 0.447013468 0.978432000
vn -0.000000 0.000000 1.392370
vt 0.449082226 0.973554015
vn -0.000000 0.000000 1.392370
vt 0.449082226 0.973554015
vn -0.000000 0.403648 1.332498
vt 0.447013468 0.978432000
vn -0.285436 0.285436 1.332498
vt 0.444142967 0.975534022
vn -0.000000 0.000000 1.392370
vt 0.449082226 0.973554015
vn -0.285436 0.285436 1.332498
vt 0.444142967 0.975534022
vn -0.403648 0.000000 1.332498
vt 0.444199175 0.971472025
vn -0.000000 0.000000 1.392370
vt 0.449082226 0.973554015
vn 0.285436 -0.285436 1.332498
vt 0.454019636 0.971574008
vn 0.403648 0.000000 1.332498
vt 0.453964800 0.975636005
vn -0.000000 0.000000 1.392370
vt 0.449082226 0.973554015
vn -0.403648 0.000000 1.332498
vt 0.444199175 0.971472025
vn -0.285436 -0.285436 1.332498
vt 0.447122663 0.968635023
vn -0.000000 0.000000 1.392370
vt 0.449082226 0.973554015
vn -0.285436 -0.285436 1.332498
vt 0.447122663 0.968635023
vn -0.000000 -0.403648 1.332498
vt 0.451147795 0.968675971
vn -0.000000 0.000000 1.392370
vt 0.449082226 0.973554015
vn -0.000000 -0.403648 1.332498
vt 0.451147795 0.968675971
vn 0.285436 -0.285436 1.332498
vt 0.454019636 0.971574008
vn -0.000000 0.000000 1.392370
vt 0.005358703 0.160453007
vn -0.000000 0.000000 1.392370
vt 0.005907790 0.161711007
vn -0.000000 0.000000 1.392370
vt 0.002671091 0.164879993
vn -0.000000 0.000000 1.392370
vt 0.005358703 0.160453007
vn -0.000000 0.000000 1.392370
vt 0.002671091 0.164879993
vn -0.000000 0.000000 1.392370
vt 0.001450618 0.164355993
vn -0.000000 0.000000 1.392370
vt 0.005358703 0.160453007
vn -0.000000 0.000000 1.392370
vt 0.010913361 0.160467997
vn -0.000000 0.000000 1.392370
vt 0.005907790 0.161711007
vn -0.000000 0.000000 1.392370
vt 0.005907790 0.161711007
vn -0.000000 0.000000 1.392370
vt 0.010913361 0.160467997
vn -0.000000 0.000000 1.392370
vt 0.010363815 0.161723003
vn -0.000000 0.000000 1.392370
vt 0.002671091 0.164879993
vn -0.000000 0.000000 1.392370
vt 0.002668108 0.169375002
vn -0.000000 0.000000 1.392370
vt 0.001450618 0.164355993
vn -0.000000 0.000000 1.392370
vt 0.001450618 0.164355993
vn -0.000000 0.000000 1.392370
vt 0.002668108 0.169375002
vn -0.000000 0.000000 1.392370
vt 0.001385682 0.169891998
vn -0.000000 0.000000 1.392370
vt 0.010913361 0.160467997
vn -0.000000 0.000000 1.392370
vt 0.014819153 0.164394006
vn -0.000000 0.000000 1.392370
vt 0.010363815 0.161723003
vn -0.000000 0.000000 1.392370
vt 0.010363815 0.161723003
vn -0.000000 0.000000 1.392370
vt 0.014819153 0.164394006
vn -0.000000 0.000000 1.392370
vt 0.013536955 0.164910004
vn -0.000000 0.000000 1.392370
vt 0.005840330 0.172562003
vn -0.000000 0.000000 1.392370
vt 0.001385682 0.169891998
vn -0.000000 0.000000 1.392370
vt 0.002668108 0.169375002
vn -0.000000 0.000000 1.392370
vt 0.005289867 0.173816994
vn -0.000000 0.000000 1.392370
vt 0.001385682 0.169891998
vn -0.000000 0.000000 1.392370
vt 0.005840330 0.172562003
vn -0.000000 0.000000 1.392370
vt 0.014819153 0.164394006
vn -0.000000 0.000000 1.392370
vt 0.014756282 0.169928998
vn -0.000000 0.000000 1.392370
vt 0.013536955 0.164910004
vn -0.000000 0.000000 1.392370
vt 0.013536955 0.164910004
vn -0.000000 0.000000 1.392370
vt 0.014756282 0.169928998
vn -0.000000 0.000000 1.392370
vt 0.013535579 0.169404998
vn -0.000000 0.000000 1.392370
vt 0.010358768 0.172574997
vn -0.000000 0.000000 1.392370
vt 0.005289867 0.173816994
vn -0.000000 0.000000 1.392370
vt 0.005840330 0.172562003
vn -0.000000 0.000000 1.392370
vt 0.010846131 0.173831999
vn -0.000000 0.000000 1.392370
vt 0.005289867 0.173816994
vn -0.000000 0.000000 1.392370
vt 0.010358768 0.172574997
vn -0.000000 0.000000 1.392370
vt 0.014756282 0.169928998
vn -0.000000 0.000000 1.392370
vt 0.010846131 0.173831999
vn -0.000000 0.000000 1.392370
vt 0.013535579 0.169404998
vn -0.000000 0.000000 1.392370
vt 0.013535579 0.169404998
vn -0.000000 0.000000 1.392370
vt 0.010846131 0.173831999
vn -0.000000 0.000000 1.392370
vt 0.010358768 0.172574997
s off
f 619/3337/3337 620/3338/3338 621/3339/3339
s 128
f 718/3934/3934 717/3935/3935 726/3936/3936
f 718/3937/3937 726/3938/3938 735/3939/3939
f 718/3940/3940 735/3941/3941 736/3942/3942
f 718/3943/3943 736/3944/3944 722/3945/3945
f 718/3946/3946 722/3947/3947 721/3948/3948
f 718/3949/3949 721/3950/3950 724/3951/3951
s 129
f 633/3952/3952 626/3953/3953 629/3954/3954
f 633/3955/3955 760/3956/3956 626/3957/3957
f 738/3958/3958 626/3959/3959 760/3960/3960
f 633/3961/3961 640/3962/3962 760/3963/3963
f 633/3964/3964 632/3965/3965 640/3966/3966
f 738/3967/3967 760/3968/3968 640/3969/3969
f 742/3970/3970 738/3971/3971 640/3972/3972
f 761/3973/3973 738/3974/3974 742/3975/3975
f 761/3976/3976 739/3977/3977 738/3978/3978
f 761/3979/3979 742/3980/3980 741/3981/3981
f 761/3982/3982 741/3983/3983 757/3984/3984
f 761/3985/3985 757/3986/3986 739/3987/3987
s 130
f 653/3988/3988 762/3989/3989 654/3990/3990
f 653/3991/3991 657/3992/3992 762/3993/3993
f 762/3994/3994 657/3995/3995 659/3996/3996
f 762/3997/3997 659/3998/3998 661/3999/3999
f 762/4000/4000 667/4001/4001 654/4002/4002
f 762/4003/4003 661/4004/4004 663/4005/4005
f 762/4006/4006 663/4007/4007 665/4008/4008
f 762/4009/4009 665/4010/4010 667/4011/4011
s 131
f 746/4012/4012 652/4013/4013 655/4014/4014
f 746/4015/4015 655/4016/4016 744/4017/4017
f 746/4018/4018 644/4019/4019 652/4020/4020
f 652/4021/4021 644/4022/4022 656/4023/4023
f 655/4024/4024 666/4025/4025 744/4026/4026
f 744/4027/4027 666/4028/4028 748/4029/4029
f 644/4030/4030 643/4031/4031 656/4032/4032
f 656/4033/4033 643/4034/4034 658/4035/4035
f 664/4036/4036 748/4037/4037 666/4038/4038
f 651/4039/4039 748/4040/4040 664/4041/4041
f 643/4042/4042 648/4043/4043 658/4044/4044
f 658/4045/4045 648/4046/4046 660/4047/4047
f 662/4048/4048 651/4049/4049 664/4050/4050
f 647/4051/4051 651/4052/4052 662/4053/4053
f 648/4054/4054 647/4055/4055 660/4056/4056
f 660/4057/4057 647/4058/4058 662/4059/4059
s 88
f 622/3340/3340 623/3341/3341 624/3342/3342
f 622/3343/3343 624/3344/3344 625/3345/3345
f 727/3688/3688 728/3689/3689 729/3690/3690
f 727/3691/3691 729/3692/3692 730/3693/3693
f 719/3694/3694 731/3695/3695 732/3696/3696
f 719/3697/3697 732/3698/3698 720/3699/3699
f 730/3700/3700 729/3701/3701 731/3702/3702
f 730/3703/3703 731/3704/3704 719/3705/3705
f 723/3706/3706 733/3707/3707 625/3708/3708
f 723/3709/3709 625/3710/3710 624/3711/3711
f 720/3712/3712 732/3713/3713 733/3714/3714
f 720/3715/3715 733/3716/3716 723/3717/3717
f 623/3718/3718 622/3719/3719 734/3720/3720
f 623/3721/3721 734/3722/3722 725/3723/3723
f 725/3742/3742 734/3743/3743 728/3744/3744
f 725/3745/3745 728/3746/3746 727/3747/3747
s 89
f 626/3346/3346 627/3347/3347 628/3348/3348
f 626/3349/3349 628/3350/3350 629/3351/3351
f 636/3748/3748 635/3749/3749 629/3750/3750
f 636/3751/3751 629/3752/3752 628/3753/3753
f 636/3754/3754 628/3755/3755 638/3756/3756
f 737/3757/3757 627/3758/3758 626/3759/3759
f 737/3760/3760 626/3761/3761 738/3762/3762
f 737/3763/3763 738/3764/3764 739/3765/3765
s 90
f 630/3352/3352 631/3353/3353 632/3354/3354
f 630/3355/3355 632/3356/3356 633/3357/3357
s 91
f 634/3358/3358 633/3359/3359 629/3360/3360
f 634/3361/3361 629/3362/3362 635/3363/3363
f 635/3364/3364 636/3365/3365 637/3366/3366
f 635/3367/3367 637/3368/3368 634/3369/3369
f 638/3370/3370 639/3371/3371 637/3372/3372
f 638/3373/3373 637/3374/3374 636/3375/3375
f 638/3376/3376 628/3377/3377 630/3378/3378
f 638/3379/3379 630/3380/3380 639/3381/3381
s 92
f 640/3382/3382 632/3383/3383 631/3384/3384
f 640/3385/3385 631/3386/3386 641/3387/3387
f 641/3775/3775 740/3776/3776 741/3777/3777
f 641/3778/3778 741/3779/3779 742/3780/3780
f 641/3781/3781 742/3782/3782 640/3783/3783
s 93
f 642/3388/3388 643/3389/3389 644/3390/3390
f 642/3391/3391 644/3392/3392 645/3393/3393
f 646/3394/3394 647/3395/3395 648/3396/3396
f 646/3397/3397 648/3398/3398 649/3399/3399
f 649/3400/3400 648/3401/3401 643/3402/3402
f 649/3403/3403 643/3404/3404 642/3405/3405
f 650/3406/3406 651/3407/3407 647/3408/3408
f 650/3409/3409 647/3410/3410 646/3411/3411
f 743/3784/3784 744/3785/3785 745/3786/3786
f 743/3787/3787 746/3788/3788 744/3789/3789
f 743/3790/3790 645/3791/3791 746/3792/3792
f 746/3793/3793 645/3794/3794 644/3795/3795
f 747/3796/3796 651/3797/3797 650/3798/3798
f 747/3799/3799 748/3800/3800 651/3801/3801
f 747/3802/3802 745/3803/3803 748/3804/3804
f 748/3805/3805 745/3806/3806 744/3807/3807
s 94
f 652/3412/3412 653/3413/3413 654/3414/3414
f 652/3415/3415 654/3416/3416 655/3417/3417
f 656/3418/3418 657/3419/3419 653/3420/3420
f 656/3421/3421 653/3422/3422 652/3423/3423
f 658/3424/3424 659/3425/3425 657/3426/3426
f 658/3427/3427 657/3428/3428 656/3429/3429
f 660/3430/3430 661/3431/3431 659/3432/3432
f 660/3433/3433 659/3434/3434 658/3435/3435
f 662/3436/3436 663/3437/3437 661/3438/3438
f 662/3439/3439 661/3440/3440 660/3441/3441
f 664/3442/3442 665/3443/3443 663/3444/3444
f 664/3445/3445 663/3446/3446 662/3447/3447
f 666/3448/3448 667/3449/3449 665/3450/3450
f 666/3451/3451 665/3452/3452 664/3453/3453
f 655/3454/3454 654/3455/3455 667/3456/3456
f 655/3457/3457 667/3458/3458 666/3459/3459
s 95
f 619/3460/3460 620/3461/3461 668/3462/3462
f 619/3463/3463 668/3464/3464 669/3465/3465
f 670/3466/3466 671/3467/3467 672/3468/3468
f 670/3469/3469 672/3470/3470 673/3471/3471
f 669/3472/3472 668/3473/3473 671/3474/3474
f 669/3475/3475 671/3476/3476 670/3477/3477
f 749/3808/3808 621/3809/3809 674/3810/3810
f 749/3811/3811 750/3812/3812 621/3813/3813
f 749/3814/3814 751/3815/3815 750/3816/3816
f 750/3817/3817 751/3818/3818 752/3819/3819
f 753/3820/3820 752/3821/3821 751/3822/3822
f 753/3823/3823 754/3824/3824 752/3825/3825
f 753/3826/3826 673/3827/3827 754/3828/3828
f 754/3829/3829 673/3830/3830 672/3831/3831
s 96
f 674/3478/3478 620/3479/3479 621/3480/3480
f 674/3481/3481 619/3482/3482 620/3483/3483
s 97
f 675/3484/3484 676/3485/3485 677/3486/3486
f 675/3487/3487 677/3488/3488 678/3489/3489
f 679/3490/3490 680/3491/3491 620/3492/3492
f 679/3493/3493 620/3494/3494 619/3495/3495
f 674/3496/3496 621/3497/3497 681/3498/3498
f 674/3499/3499 681/3500/3500 682/3501/3501
f 678/3502/3502 677/3503/3503 680/3504/3504
f 678/3505/3505 680/3506/3506 679/3507/3507
f 683/3508/3508 684/3509/3509 676/3510/3510
f 683/3511/3511 676/3512/3512 675/3513/3513
f 755/3832/3832 684/3833/3833 683/3834/3834
f 755/3835/3835 756/3836/3836 684/3837/3837
f 755/3838/3838 682/3839/3839 756/3840/3840
f 756/3841/3841 682/3842/3842 681/3843/3843
s 98
f 685/3514/3514 686/3515/3515 687/3516/3516
f 685/3517/3517 687/3518/3518 688/3519/3519
s 99
f 689/3520/3520 690/3521/3521 691/3522/3522
f 689/3523/3523 691/3524/3524 692/3525/3525
s 100
f 693/3526/3526 694/3527/3527 695/3528/3528
f 693/3529/3529 695/3530/3530 696/3531/3531
s 101
f 688/3532/3532 697/3533/3533 698/3534/3534
f 688/3535/3535 698/3536/3536 689/3537/3537
s 102
f 696/3538/3538 699/3539/3539 700/3540/3540
f 696/3541/3541 700/3542/3542 685/3543/3543
s 103
f 692/3544/3544 701/3545/3545 702/3546/3546
f 692/3547/3547 702/3548/3548 703/3549/3549
s 104
f 690/3550/3550 704/3551/3551 705/3552/3552
f 690/3553/3553 705/3554/3554 687/3555/3555
s 105
f 686/3556/3556 706/3557/3557 707/3558/3558
f 686/3559/3559 707/3560/3560 695/3561/3561
s 106
f 708/3562/3562 709/3563/3563 710/3564/3564
f 708/3565/3565 710/3566/3566 711/3567/3567
s 107
f 712/3568/3568 713/3569/3569 714/3570/3570
f 712/3571/3571 714/3572/3572 691/3573/3573
s 108
f 689/3574/3574 698/3575/3575 704/3576/3576
f 689/3577/3577 704/3578/3578 690/3579/3579
s 109
f 703/3580/3580 702/3581/3581 713/3582/3582
f 703/3583/3583 713/3584/3584 712/3585/3585
s 110
f 691/3586/3586 714/3587/3587 701/3588/3588
f 691/3589/3589 701/3590/3590 692/3591/3591
s 111
f 687/3592/3592 705/3593/3593 697/3594/3594
f 687/3595/3595 697/3596/3596 688/3597/3597
s 112
f 715/3598/3598 716/3599/3599 710/3600/3600
f 715/3601/3601 710/3602/3602 709/3603/3603
s 113
f 706/3604/3604 700/3605/3605 699/3606/3606
f 706/3607/3607 699/3608/3608 707/3609/3609
s 114
f 685/3610/3610 700/3611/3611 706/3612/3612
f 685/3613/3613 706/3614/3614 686/3615/3615
s 115
f 703/3616/3616 712/3617/3617 708/3618/3618
f 703/3619/3619 708/3620/3620 711/3621/3621
s 116
f 711/3622/3622 710/3623/3623 716/3624/3624
f 711/3625/3625 716/3626/3626 693/3627/3627
s 117
f 695/3628/3628 707/3629/3629 699/3630/3630
f 695/3631/3631 699/3632/3632 696/3633/3633
s 118
f 694/3634/3634 715/3635/3635 709/3636/3636
f 694/3637/3637 709/3638/3638 708/3639/3639
s 119
f 713/3640/3640 702/3641/3641 701/3642/3642
f 713/3643/3643 701/3644/3644 714/3645/3645
s 120
f 704/3646/3646 698/3647/3647 697/3648/3648
f 704/3649/3649 697/3650/3650 705/3651/3651
s 121
f 693/3652/3652 716/3653/3653 715/3654/3654
f 693/3655/3655 715/3656/3656 694/3657/3657
s 122
f 624/3658/3658 623/3659/3659 717/3660/3660
f 624/3661/3661 717/3662/3662 718/3663/3663
f 719/3664/3664 720/3665/3665 721/3666/3666
f 719/3667/3667 721/3668/3668 722/3669/3669
f 720/3670/3670 723/3671/3671 724/3672/3672
f 720/3673/3673 724/3674/3674 721/3675/3675
f 723/3676/3676 624/3677/3677 718/3678/3678
f 723/3679/3679 718/3680/3680 724/3681/3681
f 623/3682/3682 725/3683/3683 726/3684/3684
f 623/3685/3685 726/3686/3686 717/3687/3687
f 725/3724/3724 727/3725/3725 735/3726/3726
f 725/3727/3727 735/3728/3728 726/3729/3729
f 730/3730/3730 719/3731/3731 722/3732/3732
f 730/3733/3733 722/3734/3734 736/3735/3735
f 727/3736/3736 730/3737/3737 736/3738/3738
f 727/3739/3739 736/3740/3740 735/3741/3741
s 123
f 637/3766/3766 639/3767/3767 630/3768/3768
f 637/3769/3769 630/3770/3770 633/3771/3771
f 637/3772/3772 633/3773/3773 634/3774/3774
s 124
f 757/3844/3844 741/3845/3845 740/3846/3846
f 757/3847/3847 740/3848/3848 758/3849/3849
f 757/3850/3850 758/3851/3851 737/3852/3852
f 757/3853/3853 737/3854/3854 739/3855/3855
s 125
f 628/3856/3856 631/3857/3857 630/3858/3858
f 641/3859/3859 631/3860/3860 628/3861/3861
f 759/3862/3862 641/3863/3863 628/3864/3864
f 759/3865/3865 628/3866/3866 627/3867/3867
f 759/3868/3868 627/3869/3869 737/3870/3870
f 759/3871/3871 740/3872/3872 641/3873/3873
f 759/3874/3874 737/3875/3875 758/3876/3876
f 759/3877/3877 758/3878/3878 740/3879/3879
s 126
f 672/3880/3880 671/3881/3881 668/3882/3882
f 672/3883/3883 668/3884/3884 620/3885/3885
f 672/3886/3886 620/3887/3887 621/3888/3888
f 672/3889/3889 621/3890/3890 750/3891/3891
f 672/3892/3892 750/3893/3893 752/3894/3894
f 672/3895/3895 752/3896/3896 754/3897/3897
f 620/3898/3898 680/3899/3899 677/3900/3900
f 620/3901/3901 677/3902/3902 676/3903/3903
f 620/3904/3904 676/3905/3905 684/3906/3906
f 620/3907/3907 684/3908/3908 756/3909/3909
f 620/3910/3910 756/3911/3911 681/3912/3912
f 620/3913/3913 681/3914/3914 621/3915/3915
s 127
f 690/3916/3916 687/3917/3917 686/3918/3918
f 690/3919/3919 686/3920/3920 695/3921/3921
f 690/3922/3922 695/3923/3923 694/3924/3924
f 690/3925/3925 694/3926/3926 708/3927/3927
f 690/3928/3928 708/3929/3929 712/3930/3930
f 690/3931/3931 712/3932/3932 691/3933/3933
o flare,ox=-0.00,oy=0.00,oz=7.90,p=gun,,e=0
v 0.000000 12.245310 0.430921
v 0.000000 12.245310 4.430921
v 0.000000 14.245310 0.430921
f 763/1/1 764/2/2 765/3/3
