# Spring Unit export, Created by Beherith mysterme@gmail.com with the help of Muon 
# arguments of an object 'o' piecename:
# Mxyz = midpoint of an s3o
# r = unit radius
# h = height
#			 t1 t2 = textures 1 and 2
# Oxyz = piece offset
# p = parent
o pelvis,ox=-0.00,oy=21.00,oz=0.00,p=,mx=-0.00,my=12.00,mz=2.00,r=40.00,h=39.00,t1=cor_color.dds,t2=cor_other.dds
v 17.744398 14.515800 4.973763
vn 1.093178 0.143136 0.159176
vt 0.580341995 0.445138991
v 15.724463 20.396073 13.556305
vn 1.093178 0.143136 0.159176
vt 0.565276623 0.435106993
v 15.724463 14.515794 18.844751
vn 1.093178 0.143136 0.159176
vt 0.580358088 0.428925991
v 8.178430 20.396073 13.556305
vn 1.099415 0.132108 0.120524
vt 0.603359580 0.435126007
v 8.359466 15.414954 17.363674
vn 1.099415 0.132108 0.120524
vt 0.602446795 0.449072003
v 8.359466 19.897595 12.451679
vn 1.099415 0.132108 0.120524
vt 0.601769686 0.435561001
v 13.264948 22.416021 -17.479765
vn -1.101086 0.101699 -0.134559
vt 0.601773143 0.418832988
v 13.083910 15.414968 -21.287132
vn -1.101086 0.101699 -0.134559
vt 0.600801408 0.432779014
v 13.083910 21.917545 -16.375135
vn -1.101086 0.101699 -0.134559
vt 0.600183010 0.419268012
v 15.284885 22.416016 -7.134408
vn -0.972097 0.504038 0.204400
vt 0.561534226 0.459291011
vn -0.972097 0.504038 0.204400
vt 0.560507894 0.470091999
v 15.103847 21.917540 -6.766196
vn -0.972097 0.504038 0.204400
vt 0.560496390 0.458860993
vn -1.058647 -0.304316 0.165970
vt 0.576685369 0.412804991
v 15.284885 14.515804 -8.897223
vn -1.058647 -0.304316 0.165970
vt 0.579896629 0.438654989
v 15.103847 15.414962 -8.403531
vn -1.058647 -0.304316 0.165970
vt 0.576661527 0.439684987
v 8.178430 22.416021 -17.479765
vn 1.081147 0.149039 -0.222668
vt 0.601779819 0.451400012
v 8.359466 15.414968 -21.287132
vn 1.081147 0.149039 -0.222668
vt 0.600804865 0.437453985
v 8.178430 14.515807 -22.768213
vn 1.081147 0.149039 -0.222668
vt 0.601784408 0.435126007
v 13.264948 20.396073 13.556305
vn -1.047396 0.253634 0.281927
vt 0.603360534 0.435106993
v 13.083910 15.414954 17.363674
vn -1.047396 0.253634 0.281927
vt 0.602448642 0.421160996
v 13.264948 14.515794 18.844751
vn -1.047396 0.253634 0.281927
vt 0.603366733 0.418832988
v -17.744396 14.515800 4.973763
vn -1.093178 0.143136 0.159176
vt 0.580341995 0.445138991
v -15.724461 14.515794 18.844751
vn -1.093178 0.143136 0.159176
vt 0.580358088 0.428925991
v -15.724461 20.396073 13.556305
vn -1.093178 0.143136 0.159176
vt 0.565276384 0.435106993
v -8.178427 20.396073 13.556305
vn -1.099415 0.132108 0.120524
vt 0.603359580 0.435126007
v -8.359464 19.897595 12.451679
vn -1.099415 0.132108 0.120524
vt 0.601769686 0.435561001
v -8.359464 15.414954 17.363672
vn -1.099415 0.132108 0.120524
vt 0.602446795 0.449072003
v -13.264947 22.416021 -17.479765
vn 1.101086 0.101699 -0.134559
vt 0.601773143 0.418832988
v -13.083908 21.917542 -16.375135
vn 1.101086 0.101699 -0.134559
vt 0.600183010 0.419268012
v -13.083908 15.414968 -21.287132
vn 1.101086 0.101699 -0.134559
vt 0.600801170 0.432779014
v -15.284883 22.416016 -7.134408
vn 0.972097 0.504038 0.204400
vt 0.561534226 0.459291011
v -15.103846 21.917536 -6.766196
vn 0.972097 0.504038 0.204400
vt 0.560496151 0.458860993
vn 0.972097 0.504038 0.204400
vt 0.560507894 0.470091999
vn 1.058647 -0.304316 0.165970
vt 0.576685369 0.412804991
v -15.103846 15.414962 -8.403531
vn 1.058647 -0.304316 0.165970
vt 0.576661527 0.439684987
v -15.284883 14.515804 -8.897225
vn 1.058647 -0.304316 0.165970
vt 0.579896867 0.438654989
v -8.178427 22.416021 -17.479765
vn -1.081147 0.149039 -0.222668
vt 0.601779997 0.451400012
v -8.178427 14.515807 -22.768209
vn -1.081147 0.149039 -0.222668
vt 0.601784587 0.435126007
v -8.359464 15.414968 -21.287132
vn -1.081147 0.149039 -0.222668
vt 0.600804627 0.437453985
v -13.264947 20.396073 13.556305
vn 1.047396 0.253634 0.281927
vt 0.603360534 0.435106993
v -13.264947 14.515794 18.844751
vn 1.047396 0.253634 0.281927
vt 0.603366733 0.418832988
v -13.083908 15.414954 17.363672
vn 1.047396 0.253634 0.281927
vt 0.602448642 0.421160996
v -4.786888 20.791621 6.950813
vn 0.975439 0.244277 -0.479087
vt 0.085760362 0.924172997
v -2.291471 20.704908 11.987670
vn 0.975439 0.244277 -0.479087
vt 0.085765176 0.984368026
v -2.338126 19.791627 11.427009
vn 0.975439 0.244277 -0.479087
vt 0.074166432 0.979479015
v 4.810215 20.791244 6.951754
vn -0.978112 0.190031 -0.497911
vt 0.085454725 0.924172997
v 4.716907 19.993344 6.830566
vn -0.978112 0.190031 -0.497911
vt 0.076050952 0.924189985
v 2.338127 19.791627 11.427009
vn -0.978112 0.190031 -0.497911
vt 0.073921606 0.979479015
v -2.314798 19.133599 12.542957
vn 1.113562 0.024394 -0.008911
vt 0.068553723 0.993543029
v -2.314798 18.857258 11.783711
vn 1.113562 0.024394 -0.008911
vt 0.063972190 0.985242009
vn 1.113562 0.024394 -0.008911
vt 0.074169420 0.979479015
v 2.314798 19.133599 12.542957
vn -1.112671 -0.031300 -0.041660
vt 0.068248086 0.993543029
v 2.291471 20.704908 11.987670
vn -1.112671 -0.031300 -0.041660
vt 0.085463218 0.984367013
vn -1.112671 -0.031300 -0.041660
vt 0.073924355 0.979479015
vn -1.010192 -0.445670 -0.147146
vt 0.576679885 0.493443996
v 15.284885 14.515800 4.973764
vn -1.010192 -0.445670 -0.147146
vt 0.579896867 0.467595011
vn -1.010192 -0.445670 -0.147146
vt 0.579917490 0.496535003
v 8.178430 20.396077 3.210950
vn 1.022445 0.433862 0.084767
vt 0.581370175 0.459291011
v 8.359466 21.917540 -6.766196
vn 1.022445 0.433862 0.084767
vt 0.580335140 0.447629988
v 8.178430 22.416016 -7.134408
vn 1.022445 0.433862 0.084767
vt 0.581373394 0.447198987
v 15.284885 20.396077 3.210950
vn -0.861599 0.685714 -0.168198
vt 0.561536968 0.447198987
v 13.083910 19.897595 12.451679
vn -0.861599 0.685714 -0.168198
vt 0.560509026 0.436398000
vn -0.861599 0.685714 -0.168198
vt 0.561549842 0.435106993
vn -1.060540 0.333389 0.070064
vt 0.561535120 0.447198987
vn -1.060540 0.333389 0.070064
vt 0.560495496 0.458860993
v 15.103847 19.897601 2.842740
vn -1.060540 0.333389 0.070064
vt 0.560495734 0.447629005
v 15.724463 22.416021 -17.479765
vn 1.097188 0.106934 -0.159733
vt 0.565285146 0.471383005
v 17.744398 14.515804 -8.897223
vn 1.097188 0.106934 -0.159733
vt 0.580343127 0.461351991
v 15.724463 14.515807 -22.768209
vn 1.097188 0.106934 -0.159733
vt 0.580363333 0.477564991
vn 1.010192 -0.445670 -0.147146
vt 0.576679885 0.493443996
vn 1.010192 -0.445670 -0.147146
vt 0.579917490 0.496535003
v -15.284883 14.515800 4.973763
vn 1.010192 -0.445670 -0.147146
vt 0.579896867 0.467595011
v -8.178427 20.396077 3.210948
vn -1.022445 0.433862 0.084767
vt 0.581370175 0.459291011
v -8.178427 22.416016 -7.134408
vn -1.022445 0.433862 0.084767
vt 0.581373394 0.447198987
v -8.359464 21.917536 -6.766196
vn -1.022445 0.433862 0.084767
vt 0.580335140 0.447629988
v -15.284883 20.396077 3.210948
vn 0.861599 0.685714 -0.168198
vt 0.561536968 0.447198987
vn 0.861599 0.685714 -0.168198
vt 0.561549842 0.435106993
v -13.083908 19.897595 12.451679
vn 0.861599 0.685714 -0.168198
vt 0.560508788 0.436398000
vn 1.060540 0.333389 0.070064
vt 0.561534882 0.447198987
v -15.103846 19.897599 2.842740
vn 1.060540 0.333389 0.070064
vt 0.560495913 0.447629005
vn 1.060540 0.333389 0.070064
vt 0.560495257 0.458860993
v -15.724461 22.416021 -17.479765
vn -1.097188 0.106934 -0.159733
vt 0.565285146 0.471383005
v -15.724461 14.515807 -22.768209
vn -1.097188 0.106934 -0.159733
vt 0.580363572 0.477564991
v -17.744396 14.515804 -8.897222
vn -1.097188 0.106934 -0.159733
vt 0.580343127 0.461351991
vn 1.091507 0.063938 0.213088
vt 0.580341101 0.445138991
v 17.744398 20.396077 3.210950
vn 1.091507 0.063938 0.213088
vt 0.565268636 0.447198987
vn 1.091507 0.063938 0.213088
vt 0.565276384 0.435106993
vn 1.047396 0.253634 0.281927
vt 0.603362560 0.435126007
v 8.178430 14.515794 18.844751
vn 1.047396 0.253634 0.281927
vt 0.603368342 0.451400012
vn 1.047396 0.253634 0.281927
vt 0.602450252 0.449072003
vn -1.081147 0.149039 -0.222668
vt 0.601774752 0.418832988
v 13.264948 14.515807 -22.768213
vn -1.081147 0.149039 -0.222668
vt 0.601782799 0.435106993
vn -1.081147 0.149039 -0.222668
vt 0.600803018 0.432779014
vn -0.861599 0.685714 0.168198
vt 0.561535120 0.459291011
vn -0.861599 0.685714 0.168198
vt 0.561550975 0.471383005
vn -0.861599 0.685714 0.168198
vt 0.560509920 0.470091999
vn -1.010192 -0.445670 0.147146
vt 0.576684713 0.412804991
vn -1.010192 -0.445670 0.147146
vt 0.579923689 0.409714997
vn -1.010192 -0.445670 0.147146
vt 0.579896867 0.438654989
vn 1.101086 0.101699 -0.134559
vt 0.601778209 0.451400012
v 8.359466 21.917545 -16.375135
vn 1.101086 0.101699 -0.134559
vt 0.600188315 0.450964987
vn 1.101086 0.101699 -0.134559
vt 0.600803018 0.437453985
vn -1.099415 0.132108 0.120524
vt 0.603357077 0.435106993
vn -1.099415 0.132108 0.120524
vt 0.601766706 0.434671998
vn -1.099415 0.132108 0.120524
vt 0.602445006 0.421160996
vn -1.091507 0.063938 0.213088
vt 0.580341339 0.445138991
vn -1.091507 0.063938 0.213088
vt 0.565276206 0.435106993
v -17.744396 20.396077 3.210948
vn -1.091507 0.063938 0.213088
vt 0.565268636 0.447198987
vn -1.047396 0.253634 0.281927
vt 0.603362322 0.435126007
vn -1.047396 0.253634 0.281927
vt 0.602450252 0.449072003
v -8.178427 14.515794 18.844751
vn -1.047396 0.253634 0.281927
vt 0.603368521 0.451400012
vn 1.081147 0.149039 -0.222668
vt 0.601774991 0.418832988
vn 1.081147 0.149039 -0.222668
vt 0.600803018 0.432779014
v -13.264947 14.515807 -22.768209
vn 1.081147 0.149039 -0.222668
vt 0.601782799 0.435106993
vn 0.861599 0.685714 0.168198
vt 0.561535120 0.459291011
vn 0.861599 0.685714 0.168198
vt 0.560509920 0.470091999
vn 0.861599 0.685714 0.168198
vt 0.561551213 0.471383005
vn 1.010192 -0.445670 0.147146
vt 0.576684713 0.412804991
vn 1.010192 -0.445670 0.147146
vt 0.579896867 0.438654989
vn 1.010192 -0.445670 0.147146
vt 0.579923689 0.409714997
vn -1.101086 0.101699 -0.134559
vt 0.601778209 0.451400012
vn -1.101086 0.101699 -0.134559
vt 0.600803018 0.437453985
v -8.359464 21.917542 -16.375135
vn -1.101086 0.101699 -0.134559
vt 0.600188494 0.450964987
vn 1.099415 0.132108 0.120524
vt 0.603357077 0.435106993
vn 1.099415 0.132108 0.120524
vt 0.602445006 0.421160996
vn 1.099415 0.132108 0.120524
vt 0.601766706 0.434671998
vn 0.982456 0.133222 -0.507714
vt 0.085759901 0.924172997
vn 0.982456 0.133222 -0.507714
vt 0.074165747 0.979479015
v -4.740233 19.992970 6.831507
vn 0.982456 0.133222 -0.507714
vt 0.076295093 0.924189985
vn -0.973211 0.246505 -0.482540
vt 0.085455187 0.924172997
vn -0.973211 0.246505 -0.482540
vt 0.073922060 0.979479015
vn -0.973211 0.246505 -0.482540
vt 0.085459776 0.984367013
vn 1.112671 -0.031300 -0.041660
vt 0.068553261 0.993543029
vn 1.112671 -0.031300 -0.041660
vt 0.074168958 0.979479015
vn 1.112671 -0.031300 -0.041660
vt 0.085768618 0.984368026
vn -1.113562 0.024394 -0.008911
vt 0.068248548 0.993543029
vn -1.113562 0.024394 -0.008911
vt 0.073925048 0.979479015
v 2.314798 18.857258 11.783711
vn -1.113562 0.024394 -0.008911
vt 0.063728049 0.985242009
vn -1.058647 -0.304316 -0.165970
vt 0.576680362 0.493443996
v 15.103847 15.414959 4.480070
vn -1.058647 -0.304316 -0.165970
vt 0.576661527 0.466565013
vn -1.058647 -0.304316 -0.165970
vt 0.579896867 0.467595011
vn 1.060540 0.333389 0.070064
vt 0.581369936 0.459291011
v 8.359466 19.897601 2.842740
vn 1.060540 0.333389 0.070064
vt 0.580331683 0.458860993
vn 1.060540 0.333389 0.070064
vt 0.580334902 0.447629988
vn -0.972097 0.504038 -0.204400
vt 0.561535597 0.447198987
vn -0.972097 0.504038 -0.204400
vt 0.560495913 0.447629005
vn -0.972097 0.504038 -0.204400
vt 0.560506940 0.436398000
vn -1.022445 0.433862 0.084767
vt 0.561536491 0.447198987
vn -1.022445 0.433862 0.084767
vt 0.561534226 0.459291011
vn -1.022445 0.433862 0.084767
vt 0.560496151 0.458860993
vn 1.092286 0.047563 -0.213311
vt 0.565285563 0.471383005
v 17.744398 22.416016 -7.134408
vn 1.092286 0.047563 -0.213311
vt 0.565271378 0.459291011
vn 1.092286 0.047563 -0.213311
vt 0.580342889 0.461351991
vn 1.058647 -0.304316 -0.165970
vt 0.576680362 0.493443996
vn 1.058647 -0.304316 -0.165970
vt 0.579896867 0.467595011
v -15.103846 15.414959 4.480070
vn 1.058647 -0.304316 -0.165970
vt 0.576661766 0.466565013
vn -1.060540 0.333389 0.070064
vt 0.581369936 0.459291011
vn -1.060540 0.333389 0.070064
vt 0.580334902 0.447629988
v -8.359464 19.897599 2.842740
vn -1.060540 0.333389 0.070064
vt 0.580331922 0.458860993
vn 0.972097 0.504038 -0.204400
vt 0.561535358 0.447198987
vn 0.972097 0.504038 -0.204400
vt 0.560506701 0.436398000
vn 0.972097 0.504038 -0.204400
vt 0.560496151 0.447629005
vn 1.022445 0.433862 0.084767
vt 0.561536312 0.447198987
vn 1.022445 0.433862 0.084767
vt 0.560496151 0.458860993
vn 1.022445 0.433862 0.084767
vt 0.561534226 0.459291011
vn -1.092286 0.047563 -0.213311
vt 0.565285563 0.471383005
vn -1.092286 0.047563 -0.213311
vt 0.580342889 0.461351991
v -17.744396 22.416016 -7.134408
vn -1.092286 0.047563 -0.213311
vt 0.565271378 0.459291011
v 6.944397 18.857258 11.783711
vn 0.003787 -0.380952 -1.046728
vt 0.014222339 0.447477013
vn 0.003787 -0.380952 -1.046728
vt 0.031129995 0.452980995
v 6.944397 19.782161 11.447075
vn 0.003787 -0.380952 -1.046728
vt 0.014222339 0.452980995
vn -0.000000 -0.397327 -1.040601
vt 0.031129077 0.447477013
vn -0.000000 -0.397327 -1.040601
vt 0.031129995 0.452980995
vn -0.000000 -0.397327 -1.040601
vt 0.014222339 0.447477013
vn -0.000000 -0.397327 -1.040601
vt 0.048096851 0.447477013
v -6.944397 18.857258 11.783711
vn -0.000000 -0.397327 -1.040601
vt 0.065003589 0.447477013
vn -0.000000 -0.397327 -1.040601
vt 0.048097998 0.452980995
vn -0.003787 -0.380952 -1.046728
vt 0.048097998 0.452980995
vn -0.003787 -0.380952 -1.046728
vt 0.065003589 0.447477013
v -6.944397 19.782161 11.447075
vn -0.003787 -0.380952 -1.046728
vt 0.065003589 0.452980995
v 6.944397 17.604414 12.239705
vn -0.000000 -0.380952 -1.046728
vt 0.014222339 0.441974014
vn -0.000000 -0.380952 -1.046728
vt 0.031129077 0.447477013
vn -0.000000 -0.380952 -1.046728
vt 0.014222339 0.447477013
vn -0.000000 -0.380952 -1.046728
vt 0.014222339 0.441974014
vn -0.000000 -0.380952 -1.046728
vt 0.048096851 0.447477013
vn -0.000000 -0.380952 -1.046728
vt 0.031129077 0.447477013
v -6.944397 17.604414 12.239705
vn -0.000000 -0.380952 -1.046728
vt 0.065003589 0.441974014
vn -0.000000 -0.380952 -1.046728
vt 0.048096851 0.447477013
vn -0.000000 -0.380952 -1.046728
vt 0.014222339 0.441974014
vn -0.000000 -0.380952 -1.046728
vt 0.065003589 0.441974014
vn -0.000000 -0.380952 -1.046728
vt 0.065003589 0.447477013
vn -0.000000 -0.380952 -1.046728
vt 0.048096851 0.447477013
vn 0.000000 0.671457 -0.888778
vt 0.077971950 0.878068984
vn 0.000000 0.671457 -0.888778
vt 0.061250843 0.878068984
vn 0.000000 0.671457 -0.888778
vt 0.061249238 0.906273007
vn 0.000000 0.671457 -0.888778
vt 0.077971950 0.878068984
vn 0.000000 0.671457 -0.888778
vt 0.061249238 0.906273007
vn 0.000000 0.671457 -0.888778
vt 0.077971727 0.906273007
vn -0.002005 1.113785 0.018045
vt 0.046277955 0.909590006
vn -0.002228 1.113785 0.018045
vt 0.012715734 0.909590006
v 6.944397 20.714375 11.967602
vn -0.001337 1.113785 0.016597
vt 0.012718717 0.938722014
vn -0.002005 1.113785 0.018045
vt 0.046277955 0.909590006
vn -0.001337 1.113785 0.016597
vt 0.012718717 0.938722014
v 6.944397 20.791993 6.949873
vn -0.000334 1.113785 0.017265
vt 0.046279103 0.938722014
vn 0.001782 1.113785 0.018379
vt 0.046277955 0.938669026
v -6.944397 20.791993 6.949873
vn 0.000223 1.113785 0.017265
vt 0.046278875 0.909536004
v -6.944397 20.714375 11.967602
vn 0.001225 1.113785 0.016820
vt 0.012718488 0.909536004
vn 0.001782 1.113785 0.018379
vt 0.046277955 0.938669026
vn 0.001225 1.113785 0.016820
vt 0.012718488 0.909536004
vn 0.002228 1.113785 0.018045
vt 0.012715734 0.938669026
vn -0.001114 -1.112782 -0.050348
vt 0.031129077 0.472483993
v 6.944397 19.992595 6.832450
vn -0.000334 -1.112782 -0.050794
vt 0.014222339 0.472483993
vn -0.001114 -1.112782 -0.051016
vt 0.014222568 0.452980995
vn -0.001114 -1.112782 -0.050348
vt 0.031129077 0.472483993
vn -0.001114 -1.112782 -0.051016
vt 0.014222568 0.452980995
vn -0.002116 -1.112782 -0.049903
vt 0.031129077 0.452980995
vn 0.001114 -1.112782 -0.050905
vt 0.065003820 0.452980995
v -6.944397 19.992595 6.832450
vn 0.000223 -1.112782 -0.050794
vt 0.065003589 0.472483993
vn 0.001003 -1.112782 -0.050348
vt 0.048096851 0.472483993
vn 0.001114 -1.112782 -0.050905
vt 0.065003820 0.452980995
vn 0.001003 -1.112782 -0.050348
vt 0.048096851 0.472483993
vn 0.002116 -1.112782 -0.049791
vt 0.048096851 0.452980995
vn -0.002562 0.165302 -1.101532
vt 0.031132059 0.472483993
vn -0.001003 0.161849 -1.102089
vt 0.014225551 0.472483993
vn 0.002451 0.164300 -1.101754
vt 0.014222339 0.472483993
vn -0.002562 0.165302 -1.101532
vt 0.031132059 0.472483993
vn 0.002451 0.164300 -1.101754
vt 0.014222339 0.472483993
vn 0.001003 0.167196 -1.101309
vt 0.031129077 0.472483993
vn 0.001337 0.163409 -1.101866
vt 0.048099834 0.472483993
vn -0.000446 0.164522 -1.101643
vt 0.048096851 0.472483993
vn -0.001225 0.162963 -1.101866
vt 0.065003589 0.472483993
vn 0.001337 0.163409 -1.101866
vt 0.048099834 0.472483993
vn -0.001225 0.162963 -1.101866
vt 0.065003589 0.472483993
vn 0.000557 0.161849 -1.102089
vt 0.065006800 0.472483993
vn 0.005235 0.377054 1.048176
vt 0.070821889 0.966817021
vn 0.006795 0.376831 1.048176
vt 0.078457713 0.990396023
vn 0.003787 0.371150 1.050181
vt 0.078457937 0.966817021
vn -0.006795 0.376831 1.048176
vt 0.078457713 0.919656992
vn -0.001003 0.378390 1.047619
vt 0.070821665 0.943237007
vn -0.003787 0.371150 1.050181
vt 0.078457713 0.943237007
v -6.944397 19.133599 12.542957
vn -0.000000 0.380952 1.046728
vt 0.070802391 0.919656992
vn -0.001003 0.378390 1.047619
vt 0.070821665 0.943237007
vn -0.006795 0.376831 1.048176
vt 0.078457713 0.919656992
v -6.944397 17.880756 12.998956
vn -0.000000 0.380952 1.046728
vt 0.063112184 0.919656992
vn -0.001003 0.378390 1.047619
vt 0.070821665 0.943237007
vn -0.000000 0.380952 1.046728
vt 0.070802391 0.919656992
vn -0.000000 0.380952 1.046728
vt 0.063112184 0.919656992
vn 0.005235 0.377054 1.048176
vt 0.070821889 0.966817021
vn -0.001003 0.378390 1.047619
vt 0.070821665 0.943237007
vn -0.000000 0.380952 1.046728
vt 0.063112184 0.919656992
v 6.944397 17.880756 12.998956
vn -0.000000 0.380952 1.046728
vt 0.063112184 0.990396023
vn 0.005235 0.377054 1.048176
vt 0.070821889 0.966817021
v 6.944397 19.133599 12.542957
vn -0.000000 0.380952 1.046728
vt 0.070802391 0.990396023
vn 0.005235 0.377054 1.048176
vt 0.070821889 0.966817021
vn -0.000000 0.380952 1.046728
vt 0.063112184 0.990396023
vn -0.000000 0.380952 1.046728
vt 0.070802391 0.990396023
vn 0.006795 0.376831 1.048176
vt 0.078457713 0.990396023
vn 0.005235 0.377054 1.048176
vt 0.070821889 0.966817021
vn 0.000000 0.619660 -0.925647
vt 0.561575532 0.471383005
vn 0.000000 0.619660 -0.925647
vt 0.565303266 0.487657994
vn 0.000000 0.619660 -0.925647
vt 0.561579883 0.487657994
vn 0.000000 0.619660 -0.925647
vt 0.561575532 0.471383005
vn 0.000000 0.619660 -0.925647
vt 0.565299332 0.471383005
vn 0.000000 0.619660 -0.925647
vt 0.565303266 0.487657994
vn -0.000000 0.744862 0.828182
vt 0.581401169 0.471383005
v 5.718917 14.515794 18.844751
vn -0.000000 0.744862 0.828182
vt 0.585132778 0.487657994
vn -0.000000 0.744862 0.828182
vt 0.581409872 0.487657994
vn -0.000000 0.744862 0.828182
vt 0.581401169 0.471383005
v 5.718917 20.396073 13.556305
vn -0.000000 0.744862 0.828182
vt 0.585123181 0.471383005
vn -0.000000 0.744862 0.828182
vt 0.585132778 0.487657994
vn -0.000000 0.000000 1.113896
vt 0.072723851 0.724591970
v 13.083910 14.404986 17.363674
vn -0.000000 0.000000 1.113896
vt 0.072721094 0.732769012
vn -0.000000 0.000000 1.113896
vt 0.072724536 0.732769012
vn -0.000000 0.000000 1.113896
vt 0.072723851 0.724591970
v 8.359466 14.404986 17.363674
vn -0.000000 0.000000 1.113896
vt 0.072720177 0.724591970
vn -0.000000 0.000000 1.113896
vt 0.072721094 0.732769012
vn -0.000000 1.113896 0.000000
vt 0.581371307 0.459291011
vn -0.000000 1.113896 0.000000
vt 0.585108459 0.471383005
vn -0.000000 1.113896 0.000000
vt 0.581387162 0.471383005
vn -0.000000 1.113896 0.000000
vt 0.581371307 0.459291011
v 5.718917 20.396077 3.210948
vn -0.000000 1.113896 0.000000
vt 0.585093558 0.459291011
vn -0.000000 1.113896 0.000000
vt 0.585108459 0.471383005
vn -0.000000 1.113896 0.000000
vt 0.561543643 0.447198987
vn -0.000000 1.113896 0.000000
vt 0.565277100 0.435106993
vn -0.000000 1.113896 0.000000
vt 0.565269291 0.447198987
vn -0.000000 1.113896 0.000000
vt 0.561543643 0.447198987
vn -0.000000 1.113896 0.000000
vt 0.561553240 0.435106993
vn -0.000000 1.113896 0.000000
vt 0.565277100 0.435106993
vn -1.102311 0.000000 0.160512
vt 0.579924822 0.409714997
v 15.284885 13.505835 -8.897225
vn -1.102311 0.000000 0.160512
vt 0.579897106 0.438654989
vn -1.102311 0.000000 0.160512
vt 0.579896867 0.438654989
vn -1.102311 0.000000 0.160512
vt 0.579924822 0.409714997
v 13.264948 13.505838 -22.768215
vn -1.102311 0.000000 0.160512
vt 0.579924643 0.409714997
vn -1.102311 0.000000 0.160512
vt 0.579897106 0.438654989
vn -0.000000 0.744862 0.828182
vt 0.565289974 0.435106993
vn -0.000000 0.744862 0.828182
vt 0.561573923 0.418832988
vn -0.000000 0.744862 0.828182
vt 0.565297544 0.418832988
vn -0.000000 0.744862 0.828182
vt 0.565289974 0.435106993
vn -0.000000 0.744862 0.828182
vt 0.561567008 0.435106993
vn -0.000000 0.744862 0.828182
vt 0.561573923 0.418832988
v 5.718917 14.515807 -22.768209
vn 0.000000 0.619660 -0.925647
vt 0.585138977 0.418832988
vn 0.000000 0.619660 -0.925647
vt 0.581409454 0.435106993
vn 0.000000 0.619660 -0.925647
vt 0.581415832 0.418832988
vn 0.000000 0.619660 -0.925647
vt 0.585138977 0.418832988
v 5.718917 22.416021 -17.479765
vn 0.000000 0.619660 -0.925647
vt 0.585130751 0.435106993
vn 0.000000 0.619660 -0.925647
vt 0.581409454 0.435106993
vn -0.000000 1.113896 0.000000
vt 0.496957660 0.390359014
vn -0.000000 1.113896 0.000000
vt 0.442037940 0.436843008
vn -0.000000 1.113896 0.000000
vt 0.442027152 0.390359014
vn -0.000000 1.113896 0.000000
vt 0.496957660 0.390359014
vn -0.000000 1.113896 0.000000
vt 0.496966600 0.436843008
vn -0.000000 1.113896 0.000000
vt 0.442037940 0.436843008
vn -0.000000 0.822835 0.750877
vt 0.037564155 0.732769012
vn -0.000000 0.822835 0.750877
vt 0.072723620 0.724591970
vn -0.000000 0.822835 0.750877
vt 0.072722927 0.732769012
vn -0.000000 0.822835 0.750877
vt 0.037564155 0.732769012
vn -0.000000 0.822835 0.750877
vt 0.037560027 0.724591970
vn -0.000000 0.822835 0.750877
vt 0.072723620 0.724591970
vn 0.000000 0.671457 -0.888778
vt 0.077971950 0.878068984
vn 0.000000 0.671457 -0.888778
vt 0.061249238 0.906273007
vn 0.000000 0.671457 -0.888778
vt 0.061250843 0.878068984
vn 0.000000 0.671457 -0.888778
vt 0.077971950 0.878068984
vn 0.000000 0.671457 -0.888778
vt 0.077971727 0.906273007
vn 0.000000 0.671457 -0.888778
vt 0.061249238 0.906273007
vn 1.046951 0.380284 0.000000
vt 0.581369936 0.459291011
vn 1.046951 0.380284 0.000000
vt 0.580345452 0.470091999
vn 1.046951 0.380284 0.000000
vt 0.580331683 0.458860993
vn 1.046951 0.380284 0.000000
vt 0.581369936 0.459291011
vn 1.046951 0.380284 0.000000
vt 0.581386030 0.471383005
vn 1.046951 0.380284 0.000000
vt 0.580345452 0.470091999
vn -0.000000 0.000000 1.113896
vt 0.561575294 0.418832988
v 15.724463 13.505826 18.844749
vn -0.000000 0.000000 1.113896
vt 0.565297961 0.418832988
vn -0.000000 0.000000 1.113896
vt 0.565298438 0.418832988
vn -0.000000 0.000000 1.113896
vt 0.561575294 0.418832988
v 13.264948 13.505826 18.844749
vn -0.000000 0.000000 1.113896
vt 0.561574817 0.418832988
vn -0.000000 0.000000 1.113896
vt 0.565297961 0.418832988
vn 1.102311 0.000000 0.160512
vt 0.580356479 0.428925991
v 17.744398 13.505831 4.973763
vn 1.102311 0.000000 0.160512
vt 0.580339015 0.445138991
vn 1.102311 0.000000 0.160512
vt 0.580339909 0.445138991
vn 1.102311 0.000000 0.160512
vt 0.580356479 0.428925991
vn 1.102311 0.000000 0.160512
vt 0.580356240 0.428925991
vn 1.102311 0.000000 0.160512
vt 0.580339015 0.445138991
vn -0.000000 0.000000 -1.113896
vt 0.581419528 0.418832988
v 5.718917 13.505838 -22.768211
vn -0.000000 0.000000 -1.113896
vt 0.585142672 0.418832988
vn -0.000000 0.000000 -1.113896
vt 0.585142672 0.418832988
vn -0.000000 0.000000 -1.113896
vt 0.581419528 0.418832988
v 8.178430 13.505838 -22.768215
vn -0.000000 0.000000 -1.113896
vt 0.581419528 0.418832988
vn -0.000000 0.000000 -1.113896
vt 0.585142672 0.418832988
vn -0.000000 0.000000 -1.113896
vt 0.442050785 0.241409004
v 8.359466 14.404999 -21.287132
vn -0.000000 0.000000 -1.113896
vt 0.496980369 0.241409004
vn -0.000000 0.000000 -1.113896
vt 0.496982187 0.241409004
vn -0.000000 0.000000 -1.113896
vt 0.442050785 0.241409004
v 13.083910 14.404999 -21.287132
vn -0.000000 0.000000 -1.113896
vt 0.442049861 0.241409004
vn -0.000000 0.000000 -1.113896
vt 0.496980369 0.241409004
vn -0.000000 0.000000 -1.113896
vt 0.565306246 0.487657994
vn -0.000000 0.000000 -1.113896
vt 0.561583102 0.487657994
vn -0.000000 0.000000 -1.113896
vt 0.561583102 0.487657994
vn -0.000000 0.000000 -1.113896
vt 0.565306246 0.487657994
v 15.724463 13.505838 -22.768211
vn -0.000000 0.000000 -1.113896
vt 0.565306246 0.487657994
vn -0.000000 0.000000 -1.113896
vt 0.561583102 0.487657994
vn -0.000000 0.000000 1.113896
vt 0.585134864 0.487657994
v 8.178430 13.505826 18.844749
vn -0.000000 0.000000 1.113896
vt 0.581411242 0.487657994
vn -0.000000 0.000000 1.113896
vt 0.581411719 0.487657994
vn -0.000000 0.000000 1.113896
vt 0.585134864 0.487657994
v 5.718917 13.505826 18.844749
vn -0.000000 0.000000 1.113896
vt 0.585134387 0.487657994
vn -0.000000 0.000000 1.113896
vt 0.581411242 0.487657994
v 5.818251 16.254494 12.921329
vn -0.000000 -0.664996 0.893567
vt 0.110169604 0.647678971
v -5.818251 16.254494 12.921329
vn -0.000000 -0.664996 0.893567
vt 0.144166186 0.647678971
v -5.818251 13.757133 11.062697
vn -0.000000 -0.664996 0.893567
vt 0.144166186 0.630199015
vn -0.000000 -0.664996 0.893567
vt 0.110169604 0.647678971
vn -0.000000 -0.664996 0.893567
vt 0.144166186 0.630199015
v 5.818251 13.757133 11.062697
vn -0.000000 -0.664996 0.893567
vt 0.110169604 0.630199015
vn -0.889000 -0.671234 0.000000
vt 0.582703769 0.434053004
v -5.818251 13.757141 -15.350452
vn -0.889000 -0.671234 0.000000
vt 0.553895175 0.434181988
v -3.736256 10.999557 -10.459990
vn -0.889000 -0.671234 0.000000
vt 0.559273839 0.448058993
vn -0.889000 -0.671234 0.000000
vt 0.582703769 0.434053004
vn -0.889000 -0.671234 0.000000
vt 0.559273839 0.448058993
v -3.736256 10.999554 6.172237
vn -0.889000 -0.671234 0.000000
vt 0.577399433 0.447977006
v 5.818251 13.757141 -15.350452
vn 0.889000 -0.671234 0.000000
vt 0.554078281 0.472436994
vn 0.889000 -0.671234 0.000000
vt 0.582825840 0.472308010
v 3.736256 10.999554 6.172237
vn 0.889000 -0.671234 0.000000
vt 0.577460468 0.458431005
vn 0.889000 -0.671234 0.000000
vt 0.554078281 0.472436994
vn 0.889000 -0.671234 0.000000
vt 0.577460468 0.458431005
v 3.736256 10.999557 -10.459990
vn 0.889000 -0.671234 0.000000
vt 0.559334874 0.458512992
vn -0.000000 -0.970315 -0.547146
vt 0.544678867 0.445210993
vn -0.000000 -0.970315 -0.547146
vt 0.544739902 0.461490989
vn -0.000000 -0.970315 -0.547146
vt 0.559342921 0.458512992
vn -0.000000 -0.970315 -0.547146
vt 0.544678867 0.445210993
vn -0.000000 -0.970315 -0.547146
vt 0.559342921 0.458512992
vn -0.000000 -0.970315 -0.547146
vt 0.559282124 0.448058993
vn -0.000000 -0.970315 0.547146
vt 0.592042148 0.461279005
vn -0.000000 -0.970315 0.547146
vt 0.591981113 0.444999009
vn -0.000000 -0.970315 0.547146
vt 0.577403128 0.447977006
vn -0.000000 -0.970315 0.547146
vt 0.592042148 0.461279005
vn -0.000000 -0.970315 0.547146
vt 0.577403128 0.447977006
vn -0.000000 -0.970315 0.547146
vt 0.577464163 0.458431005
vn -0.000000 -1.113896 0.000000
vt 0.559280276 0.448058993
vn -0.000000 -1.113896 0.000000
vt 0.559341073 0.458512992
vn -0.000000 -1.113896 0.000000
vt 0.577466249 0.458431005
vn -0.000000 -1.113896 0.000000
vt 0.559280276 0.448058993
vn -0.000000 -1.113896 0.000000
vt 0.577466249 0.458431005
vn -0.000000 -1.113896 0.000000
vt 0.577405214 0.447977006
v -5.818251 16.254502 -15.350451
vn -0.000000 0.000000 -1.113896
vt 0.110169604 0.647678971
v 5.818251 16.254502 -15.350451
vn -0.000000 0.000000 -1.113896
vt 0.144166186 0.647678971
vn -0.000000 0.000000 -1.113896
vt 0.144166186 0.630199015
vn -0.000000 0.000000 -1.113896
vt 0.110169604 0.647678971
vn -0.000000 0.000000 -1.113896
vt 0.144166186 0.630199015
vn -0.000000 0.000000 -1.113896
vt 0.110169604 0.630199015
v 5.818251 19.245734 -15.350451
vn -0.000000 0.000000 -1.113896
vt 0.091370776 0.924975991
vn -0.000000 0.000000 -1.113896
vt 0.060548022 0.924975991
vn -0.000000 0.000000 -1.113896
vt 0.060548022 0.984898984
vn -0.000000 0.000000 -1.113896
vt 0.091370776 0.924975991
vn -0.000000 0.000000 -1.113896
vt 0.060548022 0.984898984
v -5.818251 19.245734 -15.350451
vn -0.000000 0.000000 -1.113896
vt 0.091370776 0.984898984
vn 0.000000 0.619660 -0.925647
vt 0.561575532 0.471383005
vn 0.000000 0.619660 -0.925647
vt 0.561579883 0.487657994
vn 0.000000 0.619660 -0.925647
vt 0.565303266 0.487657994
vn 0.000000 0.619660 -0.925647
vt 0.561575532 0.471383005
vn 0.000000 0.619660 -0.925647
vt 0.565303266 0.487657994
vn 0.000000 0.619660 -0.925647
vt 0.565299332 0.471383005
vn -0.000000 0.744862 0.828182
vt 0.581401169 0.471383005
vn -0.000000 0.744862 0.828182
vt 0.581409872 0.487657994
v -5.718915 14.515794 18.844751
vn -0.000000 0.744862 0.828182
vt 0.585132778 0.487657994
vn -0.000000 0.744862 0.828182
vt 0.581401169 0.471383005
vn -0.000000 0.744862 0.828182
vt 0.585132778 0.487657994
v -5.718915 20.396073 13.556305
vn -0.000000 0.744862 0.828182
vt 0.585122943 0.471383005
vn -0.000000 0.000000 1.113896
vt 0.072724074 0.724591970
vn -0.000000 0.000000 1.113896
vt 0.072724305 0.732769012
v -13.083908 14.404986 17.363672
vn -0.000000 0.000000 1.113896
vt 0.072720863 0.732769012
vn -0.000000 0.000000 1.113896
vt 0.072724074 0.724591970
vn -0.000000 0.000000 1.113896
vt 0.072720863 0.732769012
v -8.359464 14.404986 17.363672
vn -0.000000 0.000000 1.113896
vt 0.072720408 0.724591970
v -5.718915 20.396077 3.210950
vn -0.000000 1.113896 0.000000
vt 0.585093319 0.459291011
vn -0.000000 1.113896 0.000000
vt 0.581371307 0.459291011
vn -0.000000 1.113896 0.000000
vt 0.581386924 0.471383005
vn -0.000000 1.113896 0.000000
vt 0.585093319 0.459291011
vn -0.000000 1.113896 0.000000
vt 0.581386924 0.471383005
vn -0.000000 1.113896 0.000000
vt 0.585108459 0.471383005
vn -0.000000 1.113896 0.000000
vt 0.561543643 0.447198987
vn -0.000000 1.113896 0.000000
vt 0.565269291 0.447198987
vn -0.000000 1.113896 0.000000
vt 0.565277100 0.435106993
vn -0.000000 1.113896 0.000000
vt 0.561543643 0.447198987
vn -0.000000 1.113896 0.000000
vt 0.565277100 0.435106993
vn -0.000000 1.113896 0.000000
vt 0.561553478 0.435106993
vn 1.102311 0.000000 0.160512
vt 0.579924822 0.409714997
vn 1.102311 0.000000 0.160512
vt 0.579896867 0.438654989
v -15.284883 13.505835 -8.897227
vn 1.102311 0.000000 0.160512
vt 0.579897106 0.438654989
vn 1.102311 0.000000 0.160512
vt 0.579924822 0.409714997
vn 1.102311 0.000000 0.160512
vt 0.579897106 0.438654989
v -13.264947 13.505838 -22.768211
vn 1.102311 0.000000 0.160512
vt 0.579924643 0.409714997
vn -0.000000 0.744862 0.828182
vt 0.565290153 0.435106993
vn -0.000000 0.744862 0.828182
vt 0.565297306 0.418832988
vn -0.000000 0.744862 0.828182
vt 0.561573923 0.418832988
vn -0.000000 0.744862 0.828182
vt 0.565290153 0.435106993
vn -0.000000 0.744862 0.828182
vt 0.561573923 0.418832988
vn -0.000000 0.744862 0.828182
vt 0.561566830 0.435106993
v -5.718915 22.416021 -17.479765
vn 0.000000 0.619660 -0.925647
vt 0.585130751 0.435106993
v -5.718915 14.515807 -22.768209
vn 0.000000 0.619660 -0.925647
vt 0.585138977 0.418832988
vn 0.000000 0.619660 -0.925647
vt 0.581415832 0.418832988
vn 0.000000 0.619660 -0.925647
vt 0.585130751 0.435106993
vn 0.000000 0.619660 -0.925647
vt 0.581415832 0.418832988
vn 0.000000 0.619660 -0.925647
vt 0.581409633 0.435106993
vn -0.000000 1.113896 0.000000
vt 0.496957660 0.390359014
vn -0.000000 1.113896 0.000000
vt 0.442027152 0.390359014
vn -0.000000 1.113896 0.000000
vt 0.442037940 0.436843008
vn -0.000000 1.113896 0.000000
vt 0.496957660 0.390359014
vn -0.000000 1.113896 0.000000
vt 0.442037940 0.436843008
vn -0.000000 1.113896 0.000000
vt 0.496966600 0.436843008
vn -0.000000 0.822835 0.750877
vt 0.037564155 0.732769012
vn -0.000000 0.822835 0.750877
vt 0.072722927 0.732769012
vn -0.000000 0.822835 0.750877
vt 0.072723389 0.724591970
vn -0.000000 0.822835 0.750877
vt 0.037564155 0.732769012
vn -0.000000 0.822835 0.750877
vt 0.072723389 0.724591970
vn -0.000000 0.822835 0.750877
vt 0.037560027 0.724591970
vn -1.046951 0.380284 0.000000
vt 0.581369936 0.459291011
vn -1.046951 0.380284 0.000000
vt 0.580331683 0.458860993
vn -1.046951 0.380284 0.000000
vt 0.580345452 0.470091999
vn -1.046951 0.380284 0.000000
vt 0.581369936 0.459291011
vn -1.046951 0.380284 0.000000
vt 0.580345452 0.470091999
vn -1.046951 0.380284 0.000000
vt 0.581386030 0.471383005
vn -0.000000 0.000000 1.113896
vt 0.561575294 0.418832988
vn -0.000000 0.000000 1.113896
vt 0.565298438 0.418832988
v -15.724461 13.505826 18.844749
vn -0.000000 0.000000 1.113896
vt 0.565297961 0.418832988
vn -0.000000 0.000000 1.113896
vt 0.561575294 0.418832988
vn -0.000000 0.000000 1.113896
vt 0.565297961 0.418832988
v -13.264947 13.505826 18.844749
vn -0.000000 0.000000 1.113896
vt 0.561574817 0.418832988
vn -1.102311 0.000000 0.160512
vt 0.580356658 0.428925991
vn -1.102311 0.000000 0.160512
vt 0.580340147 0.445138991
v -17.744396 13.505831 4.973763
vn -1.102311 0.000000 0.160512
vt 0.580339015 0.445138991
vn -1.102311 0.000000 0.160512
vt 0.580356658 0.428925991
vn -1.102311 0.000000 0.160512
vt 0.580339015 0.445138991
vn -1.102311 0.000000 0.160512
vt 0.580356002 0.428925991
vn -0.000000 0.000000 -1.113896
vt 0.581419528 0.418832988
vn -0.000000 0.000000 -1.113896
vt 0.585142672 0.418832988
v -5.718915 13.505838 -22.768211
vn -0.000000 0.000000 -1.113896
vt 0.585142672 0.418832988
vn -0.000000 0.000000 -1.113896
vt 0.581419528 0.418832988
vn -0.000000 0.000000 -1.113896
vt 0.585142672 0.418832988
v -8.178427 13.505838 -22.768211
vn -0.000000 0.000000 -1.113896
vt 0.581419528 0.418832988
vn -0.000000 0.000000 -1.113896
vt 0.442050785 0.241409004
vn -0.000000 0.000000 -1.113896
vt 0.496982187 0.241409004
v -8.359464 14.404999 -21.287132
vn -0.000000 0.000000 -1.113896
vt 0.496980608 0.241409004
vn -0.000000 0.000000 -1.113896
vt 0.442050785 0.241409004
vn -0.000000 0.000000 -1.113896
vt 0.496980608 0.241409004
v -13.083908 14.404999 -21.287132
vn -0.000000 0.000000 -1.113896
vt 0.442049652 0.241409004
vn -0.000000 0.000000 -1.113896
vt 0.565306246 0.487657994
vn -0.000000 0.000000 -1.113896
vt 0.561583102 0.487657994
vn -0.000000 0.000000 -1.113896
vt 0.561583102 0.487657994
vn -0.000000 0.000000 -1.113896
vt 0.565306246 0.487657994
vn -0.000000 0.000000 -1.113896
vt 0.561583102 0.487657994
v -15.724461 13.505838 -22.768211
vn -0.000000 0.000000 -1.113896
vt 0.565306246 0.487657994
vn -0.000000 0.000000 1.113896
vt 0.585135102 0.487657994
vn -0.000000 0.000000 1.113896
vt 0.581411958 0.487657994
v -8.178427 13.505826 18.844749
vn -0.000000 0.000000 1.113896
vt 0.581411242 0.487657994
vn -0.000000 0.000000 1.113896
vt 0.585135102 0.487657994
vn -0.000000 0.000000 1.113896
vt 0.581411242 0.487657994
v -5.718915 13.505826 18.844749
vn -0.000000 0.000000 1.113896
vt 0.585134387 0.487657994
vn -0.000000 -1.046728 0.380952
vt 0.061525274 0.930100024
vn -0.000000 -1.046728 0.380952
vt 0.061525274 0.981046021
vn -0.000000 -1.046728 0.380952
vt 0.077760167 0.981046021
vn -0.000000 -1.046728 0.380952
vt 0.061525274 0.930100024
vn -0.000000 -1.046728 0.380952
vt 0.077760167 0.981046021
vn -0.000000 -1.046728 0.380952
vt 0.077760167 0.930100024
vn 0.000000 1.046728 -0.380952
vt 0.002211951 0.514496028
vn 0.000000 1.046728 -0.380952
vt 0.002211951 0.616092980
vn 0.000000 1.046728 -0.380952
vt 0.015814990 0.616092980
vn 0.000000 1.046728 -0.380952
vt 0.002211951 0.514496028
vn 0.000000 1.046728 -0.380952
vt 0.015814990 0.616092980
vn 0.000000 1.046728 -0.380952
vt 0.015814990 0.514496028
v 5.818251 19.245725 11.232860
vn -0.000000 1.092064 0.219326
vt 0.861146152 0.835111022
v 5.818251 20.051788 7.220205
vn -0.000000 1.092064 0.219326
vt 0.846192539 0.835111022
v -5.818251 20.051788 7.220205
vn -0.000000 1.092064 0.219326
vt 0.846192539 0.861983001
vn -0.000000 1.092064 0.219326
vt 0.861146152 0.835111022
vn -0.000000 1.092064 0.219326
vt 0.846192539 0.861983001
v -5.818251 19.245725 11.232860
vn -0.000000 1.092064 0.219326
vt 0.861146152 0.861983001
vn -0.000000 0.547591 0.969981
vt 0.945191562 0.861379981
vn -0.000000 0.547591 0.969981
vt 0.912537754 0.861379981
vn -0.000000 0.547591 0.969981
vt 0.912537754 0.875360012
vn -0.000000 0.547591 0.969981
vt 0.945191562 0.861379981
vn -0.000000 0.547591 0.969981
vt 0.912537754 0.875360012
vn -0.000000 0.547591 0.969981
vt 0.945191562 0.875360012
v 5.818251 20.051797 -13.501891
vn 0.000000 1.020997 -0.445224
vt 0.110779956 0.630053997
vn 0.000000 1.020997 -0.445224
vt 0.110779956 0.647998989
vn 0.000000 1.020997 -0.445224
vt 0.144105151 0.647998989
vn 0.000000 1.020997 -0.445224
vt 0.110779956 0.630053997
vn 0.000000 1.020997 -0.445224
vt 0.144105151 0.647998989
v -5.818251 20.051797 -13.501891
vn 0.000000 1.020997 -0.445224
vt 0.144105151 0.630053997
vn -0.000000 1.113896 0.000000
vt 0.868531406 0.833118021
vn -0.000000 1.113896 0.000000
vt 0.813660800 0.833118021
vn -0.000000 1.113896 0.000000
vt 0.813660800 0.864455998
vn -0.000000 1.113896 0.000000
vt 0.868531406 0.833118021
vn -0.000000 1.113896 0.000000
vt 0.813660800 0.864455998
vn -0.000000 1.113896 0.000000
vt 0.868531406 0.864455998
vn 1.102311 0.000000 -0.160512
vt 0.580341995 0.461351991
vn 1.102311 0.000000 -0.160512
vt 0.580362439 0.477564991
vn 1.102311 0.000000 -0.160512
vt 0.580362856 0.477564991
vn 1.102311 0.000000 -0.160512
vt 0.580341995 0.461351991
v 17.744398 13.505835 -8.897225
vn 1.102311 0.000000 -0.160512
vt 0.580340862 0.461351991
vn 1.102311 0.000000 -0.160512
vt 0.580362439 0.477564991
vn -1.091952 -0.219883 0.000000
vt 0.576661766 0.466565013
vn -1.091952 -0.219883 0.000000
vt 0.579896867 0.438654989
vn -1.091952 -0.219883 0.000000
vt 0.579896867 0.467595011
vn -1.091952 -0.219883 0.000000
vt 0.576661766 0.466565013
vn -1.091952 -0.219883 0.000000
vt 0.576661766 0.439684987
vn -1.091952 -0.219883 0.000000
vt 0.579896867 0.438654989
vn 1.046951 0.380284 0.000000
vt 0.581373632 0.447198987
vn 1.046951 0.380284 0.000000
vt 0.580351174 0.436398000
vn 1.046951 0.380284 0.000000
vt 0.581391990 0.435106993
vn 1.046951 0.380284 0.000000
vt 0.581373632 0.447198987
vn 1.046951 0.380284 0.000000
vt 0.580335319 0.447629988
vn 1.046951 0.380284 0.000000
vt 0.580351174 0.436398000
vn -0.000000 1.113896 0.000000
vt 0.442038178 0.297392994
vn -0.000000 1.113896 0.000000
vt 0.496960163 0.343876004
vn -0.000000 1.113896 0.000000
vt 0.442026019 0.343876004
vn -0.000000 1.113896 0.000000
vt 0.442038178 0.297392994
vn -0.000000 1.113896 0.000000
vt 0.496971190 0.297392994
vn -0.000000 1.113896 0.000000
vt 0.496960163 0.343876004
vn -0.000000 1.090059 0.229128
vt 0.051708020 0.847963989
vn -0.000000 1.090059 0.229128
vt 0.010325496 0.876505971
vn -0.000000 1.090059 0.229128
vt 0.010324120 0.847963989
vn -0.000000 1.090059 0.229128
vt 0.051708020 0.847963989
vn -0.000000 1.090059 0.229128
vt 0.051705956 0.876505971
vn -0.000000 1.090059 0.229128
vt 0.010325496 0.876505971
vn -1.102311 0.000000 -0.160512
vt 0.579896867 0.467595011
vn -1.102311 0.000000 -0.160512
vt 0.579919815 0.496535003
vn -1.102311 0.000000 -0.160512
vt 0.579920053 0.496535003
vn -1.102311 0.000000 -0.160512
vt 0.579896867 0.467595011
v 15.284885 13.505831 4.973764
vn -1.102311 0.000000 -0.160512
vt 0.579897106 0.467595011
vn -1.102311 0.000000 -0.160512
vt 0.579919815 0.496535003
vn -1.113896 0.000000 0.000000
vt 0.579896867 0.438654989
vn -1.113896 0.000000 0.000000
vt 0.579897106 0.467595011
vn -1.113896 0.000000 0.000000
vt 0.579896867 0.467595011
vn -1.113896 0.000000 0.000000
vt 0.579896867 0.438654989
vn -1.113896 0.000000 0.000000
vt 0.579897285 0.438654989
vn -1.113896 0.000000 0.000000
vt 0.579897106 0.467595011
vn -0.000000 1.113896 0.000000
vt 0.565283537 0.471383005
vn -0.000000 1.113896 0.000000
vt 0.561542511 0.459291011
vn -0.000000 1.113896 0.000000
vt 0.565269053 0.459291011
vn -0.000000 1.113896 0.000000
vt 0.565283537 0.471383005
vn -0.000000 1.113896 0.000000
vt 0.561558545 0.471383005
vn -0.000000 1.113896 0.000000
vt 0.561542511 0.459291011
vn -0.000000 1.093289 0.213422
vt 0.561541796 0.459291011
vn -0.000000 1.093289 0.213422
vt 0.565270007 0.447198987
vn -0.000000 1.093289 0.213422
vt 0.565268159 0.459291011
vn -0.000000 1.093289 0.213422
vt 0.561541796 0.459291011
vn -0.000000 1.093289 0.213422
vt 0.561543882 0.447198987
vn -0.000000 1.093289 0.213422
vt 0.565270007 0.447198987
vn -0.000000 1.113896 0.000000
vt 0.585112810 0.435106993
vn -0.000000 1.113896 0.000000
vt 0.581372738 0.447198987
vn -0.000000 1.113896 0.000000
vt 0.581391990 0.435106993
vn -0.000000 1.113896 0.000000
vt 0.585112810 0.435106993
v 5.718917 22.416016 -7.134408
vn -0.000000 1.113896 0.000000
vt 0.585092902 0.447198987
vn -0.000000 1.113896 0.000000
vt 0.581372738 0.447198987
vn -0.000000 1.093289 0.213422
vt 0.581371546 0.447198987
vn -0.000000 1.093289 0.213422
vt 0.585094035 0.459291011
vn -0.000000 1.093289 0.213422
vt 0.581371546 0.459291011
vn -0.000000 1.093289 0.213422
vt 0.581371546 0.447198987
vn -0.000000 1.093289 0.213422
vt 0.585091710 0.447198987
vn -0.000000 1.093289 0.213422
vt 0.585094035 0.459291011
vn -1.102311 0.000000 -0.160512
vt 0.580341995 0.461351991
vn -1.102311 0.000000 -0.160512
vt 0.580362856 0.477564991
vn -1.102311 0.000000 -0.160512
vt 0.580362439 0.477564991
vn -1.102311 0.000000 -0.160512
vt 0.580341995 0.461351991
vn -1.102311 0.000000 -0.160512
vt 0.580362439 0.477564991
v -17.744396 13.505835 -8.897223
vn -1.102311 0.000000 -0.160512
vt 0.580340862 0.461351991
vn 1.091952 -0.219883 0.000000
vt 0.576661766 0.439684987
vn 1.091952 -0.219883 0.000000
vt 0.576661766 0.466565013
vn 1.091952 -0.219883 0.000000
vt 0.579896867 0.467595011
vn 1.091952 -0.219883 0.000000
vt 0.576661766 0.439684987
vn 1.091952 -0.219883 0.000000
vt 0.579896867 0.467595011
vn 1.091952 -0.219883 0.000000
vt 0.579896867 0.438654989
vn -1.046951 0.380284 0.000000
vt 0.581373632 0.447198987
vn -1.046951 0.380284 0.000000
vt 0.581392229 0.435106993
vn -1.046951 0.380284 0.000000
vt 0.580351174 0.436398000
vn -1.046951 0.380284 0.000000
vt 0.581373632 0.447198987
vn -1.046951 0.380284 0.000000
vt 0.580351174 0.436398000
vn -1.046951 0.380284 0.000000
vt 0.580335319 0.447629988
vn -0.000000 1.113896 0.000000
vt 0.442038178 0.297392994
vn -0.000000 1.113896 0.000000
vt 0.442026019 0.343876004
vn -0.000000 1.113896 0.000000
vt 0.496959955 0.343876004
vn -0.000000 1.113896 0.000000
vt 0.442038178 0.297392994
vn -0.000000 1.113896 0.000000
vt 0.496959955 0.343876004
vn -0.000000 1.113896 0.000000
vt 0.496971190 0.297392994
vn -0.000000 1.090059 0.229128
vt 0.051708020 0.847963989
vn -0.000000 1.090059 0.229128
vt 0.010324120 0.847963989
vn -0.000000 1.090059 0.229128
vt 0.010325496 0.876505971
vn -0.000000 1.090059 0.229128
vt 0.051708020 0.847963989
vn -0.000000 1.090059 0.229128
vt 0.010325496 0.876505971
vn -0.000000 1.090059 0.229128
vt 0.051706184 0.876505971
vn 1.102311 0.000000 -0.160512
vt 0.579896629 0.467595011
vn 1.102311 0.000000 -0.160512
vt 0.579920232 0.496535003
vn 1.102311 0.000000 -0.160512
vt 0.579920053 0.496535003
vn 1.102311 0.000000 -0.160512
vt 0.579896629 0.467595011
vn 1.102311 0.000000 -0.160512
vt 0.579920053 0.496535003
v -15.284883 13.505831 4.973763
vn 1.102311 0.000000 -0.160512
vt 0.579896867 0.467595011
vn 1.113896 0.000000 0.000000
vt 0.579896867 0.438654989
vn 1.113896 0.000000 0.000000
vt 0.579896867 0.467595011
vn 1.113896 0.000000 0.000000
vt 0.579897106 0.467595011
vn 1.113896 0.000000 0.000000
vt 0.579896867 0.438654989
vn 1.113896 0.000000 0.000000
vt 0.579897106 0.467595011
vn 1.113896 0.000000 0.000000
vt 0.579897285 0.438654989
vn -0.000000 1.113896 0.000000
vt 0.565283298 0.471383005
vn -0.000000 1.113896 0.000000
vt 0.565269053 0.459291011
vn -0.000000 1.113896 0.000000
vt 0.561542511 0.459291011
vn -0.000000 1.113896 0.000000
vt 0.565283298 0.471383005
vn -0.000000 1.113896 0.000000
vt 0.561542511 0.459291011
vn -0.000000 1.113896 0.000000
vt 0.561558783 0.471383005
vn -0.000000 1.093289 0.213422
vt 0.561541796 0.459291011
vn -0.000000 1.093289 0.213422
vt 0.565268159 0.459291011
vn -0.000000 1.093289 0.213422
vt 0.565269768 0.447198987
vn -0.000000 1.093289 0.213422
vt 0.561541796 0.459291011
vn -0.000000 1.093289 0.213422
vt 0.565269768 0.447198987
vn -0.000000 1.093289 0.213422
vt 0.561543882 0.447198987
vn -0.000000 1.113896 0.000000
vt 0.585113049 0.435106993
vn -0.000000 1.113896 0.000000
vt 0.581391990 0.435106993
vn -0.000000 1.113896 0.000000
vt 0.581372917 0.447198987
vn -0.000000 1.113896 0.000000
vt 0.585113049 0.435106993
vn -0.000000 1.113896 0.000000
vt 0.581372917 0.447198987
v -5.718915 22.416016 -7.134408
vn -0.000000 1.113896 0.000000
vt 0.585092902 0.447198987
vn -0.000000 1.093289 0.213422
vt 0.585091710 0.447198987
vn -0.000000 1.093289 0.213422
vt 0.581371784 0.447198987
vn -0.000000 1.093289 0.213422
vt 0.581371546 0.459291011
vn -0.000000 1.093289 0.213422
vt 0.585091710 0.447198987
vn -0.000000 1.093289 0.213422
vt 0.581371546 0.459291011
vn -0.000000 1.093289 0.213422
vt 0.585093796 0.459291011
vn 1.113896 0.000000 0.000000
vt 0.140748218 0.329483986
vn 1.113896 0.000000 0.000000
vt 0.122936279 0.326463997
vn 1.113896 0.000000 0.000000
vt 0.108110704 0.390668988
vn 1.113896 0.000000 0.000000
vt 0.140748218 0.329483986
vn 1.113896 0.000000 0.000000
vt 0.108110704 0.390668988
vn 1.113896 0.000000 0.000000
vt 0.140748680 0.406901985
vn -1.113896 0.000000 0.000000
vt 0.075456664 0.342696995
vn -1.113896 0.000000 0.000000
vt 0.090282470 0.406901985
vn -1.113896 0.000000 0.000000
vt 0.108094409 0.403883010
vn -1.113896 0.000000 0.000000
vt 0.075456664 0.342696995
vn -1.113896 0.000000 0.000000
vt 0.108094409 0.403883010
vn -1.113896 0.000000 0.000000
vt 0.108094871 0.326463997
v 0.000000 19.291675 16.218880
vn 0.328377 0.000000 1.064328
vt 0.110276528 0.628795028
v 0.000000 14.992235 16.218880
vn 0.328377 0.000000 1.064328
vt 0.110274233 0.648164988
v 5.737851 14.992237 14.448482
vn 0.328377 0.000000 1.064328
vt 0.145203784 0.648164988
vn 0.328377 0.000000 1.064328
vt 0.110276528 0.628795028
vn 0.328377 0.000000 1.064328
vt 0.145203784 0.648164988
v 5.737851 19.291677 14.448482
vn 0.328377 0.000000 1.064328
vt 0.145203784 0.628795028
v 0.000000 19.291677 15.604969
vn 0.328377 0.000000 -1.064328
vt 0.110659949 0.629397988
v 0.000000 14.992237 15.604969
vn 0.328377 0.000000 -1.064328
vt 0.110657886 0.648332000
v -5.737851 14.992237 13.834567
vn 0.328377 0.000000 -1.064328
vt 0.144410327 0.648332000
vn 0.328377 0.000000 -1.064328
vt 0.110659949 0.629397988
vn 0.328377 0.000000 -1.064328
vt 0.144410327 0.648332000
v -5.737851 19.291677 13.834568
vn 0.328377 0.000000 -1.064328
vt 0.144410789 0.629397988
vn 0.275801 -0.604511 -0.894013
vt 0.144105151 0.648055971
v 0.000000 12.144784 17.530529
vn 0.275801 -0.604511 -0.894013
vt 0.144109517 0.629673004
v -5.737851 12.144784 15.760128
vn 0.275801 -0.604511 -0.894013
vt 0.110966504 0.629673004
vn 0.275801 -0.604511 -0.894013
vt 0.144105151 0.648055971
vn 0.275801 -0.604511 -0.894013
vt 0.110966504 0.629673004
vn 0.275801 -0.604511 -0.894013
vt 0.110963061 0.648055971
v -5.737851 19.291677 14.448482
vn -0.000000 1.113896 0.000000
vt 0.442506492 0.314476997
vn -0.000000 1.113896 0.000000
vt 0.442533106 0.468495995
vn -0.000000 1.113896 0.000000
vt 0.495449662 0.468495995
vn -0.000000 1.113896 0.000000
vt 0.442506492 0.314476997
vn -0.000000 1.113896 0.000000
vt 0.495449662 0.468495995
vn -0.000000 1.113896 0.000000
vt 0.495423734 0.314476997
vn -0.000000 1.113896 0.000000
vt 0.442506254 0.468495995
v 5.737851 19.291677 13.834568
vn -0.000000 1.113896 0.000000
vt 0.495423973 0.468495995
vn -0.000000 1.113896 0.000000
vt 0.495449662 0.314476997
vn -0.000000 1.113896 0.000000
vt 0.442506254 0.468495995
vn -0.000000 1.113896 0.000000
vt 0.495449662 0.314476997
vn -0.000000 1.113896 0.000000
vt 0.442533106 0.314476997
v 5.737851 12.144784 16.374041
vn -0.000000 -1.113896 0.000000
vt 0.442525297 0.314476997
v 0.000000 12.144784 18.144440
vn -0.000000 -1.113896 0.000000
vt 0.442527592 0.468495995
vn -0.000000 -1.113896 0.000000
vt 0.495444387 0.468495995
vn -0.000000 -1.113896 0.000000
vt 0.442525297 0.314476997
vn -0.000000 -1.113896 0.000000
vt 0.495444387 0.468495995
v 5.737851 12.144784 15.760128
vn -0.000000 -1.113896 0.000000
vt 0.495442092 0.314476997
v -5.737851 12.144784 16.374041
vn -0.000000 -1.113896 0.000000
vt 0.442525297 0.468495995
vn -0.000000 -1.113896 0.000000
vt 0.495441854 0.468495995
vn -0.000000 -1.113896 0.000000
vt 0.495444387 0.314476997
vn -0.000000 -1.113896 0.000000
vt 0.442525297 0.468495995
vn -0.000000 -1.113896 0.000000
vt 0.495444387 0.314476997
vn -0.000000 -1.113896 0.000000
vt 0.442527592 0.314476997
vn 0.275801 0.604511 0.894013
vt 0.110579640 0.629993021
vn 0.275801 0.604511 0.894013
vt 0.110583313 0.648715973
vn 0.275801 0.604511 0.894013
vt 0.144323826 0.648715973
vn 0.275801 0.604511 0.894013
vt 0.110579640 0.629993021
vn 0.275801 0.604511 0.894013
vt 0.144323826 0.648715973
vn 0.275801 0.604511 0.894013
vt 0.144288257 0.629993021
vn -0.275801 0.604511 0.894013
vt 0.144332081 0.629993021
v -5.737851 14.992237 14.448482
vn -0.275801 0.604511 0.894013
vt 0.110535815 0.629993021
vn -0.275801 0.604511 0.894013
vt 0.110571153 0.648715973
vn -0.275801 0.604511 0.894013
vt 0.144332081 0.629993021
vn -0.275801 0.604511 0.894013
vt 0.110571153 0.648715973
vn -0.275801 0.604511 0.894013
vt 0.144335747 0.648715973
vn -0.275801 -0.604511 -0.894013
vt 0.110963061 0.648055971
v 5.737851 14.992237 13.834567
vn -0.275801 -0.604511 -0.894013
vt 0.144105151 0.648055971
vn -0.275801 -0.604511 -0.894013
vt 0.144108593 0.629673004
vn -0.275801 -0.604511 -0.894013
vt 0.110963061 0.648055971
vn -0.275801 -0.604511 -0.894013
vt 0.144108593 0.629673004
vn -0.275801 -0.604511 -0.894013
vt 0.110967189 0.629673004
vn -0.328377 0.000000 -1.064328
vt 0.110658348 0.629397988
vn -0.328377 0.000000 -1.064328
vt 0.110657886 0.648332000
vn -0.328377 0.000000 -1.064328
vt 0.144410327 0.648332000
vn -0.328377 0.000000 -1.064328
vt 0.110658348 0.629397988
vn -0.328377 0.000000 -1.064328
vt 0.144410327 0.648332000
vn -0.328377 0.000000 -1.064328
vt 0.144412622 0.629397988
vn -0.328377 0.000000 1.064328
vt 0.110230640 0.628795028
vn -0.328377 0.000000 1.064328
vt 0.110230640 0.648164988
vn -0.328377 0.000000 1.064328
vt 0.145247608 0.648164988
vn -0.328377 0.000000 1.064328
vt 0.110230640 0.628795028
vn -0.328377 0.000000 1.064328
vt 0.145247608 0.648164988
vn -0.328377 0.000000 1.064328
vt 0.145249680 0.628795028
vn -1.113896 0.000000 0.000000
vt 0.442506015 0.314476997
vn -1.113896 0.000000 0.000000
vt 0.495423496 0.468495995
vn -1.113896 0.000000 0.000000
vt 0.495423496 0.314476997
vn -1.113896 0.000000 0.000000
vt 0.442506015 0.314476997
vn -1.113896 0.000000 0.000000
vt 0.442506015 0.468495995
vn -1.113896 0.000000 0.000000
vt 0.495423496 0.468495995
vn -1.113896 0.000000 0.000000
vt 0.442506015 0.468495995
vn -1.113896 0.000000 0.000000
vt 0.495436370 0.468495995
vn -1.113896 0.000000 0.000000
vt 0.442506015 0.314476997
vn -1.113896 0.000000 0.000000
vt 0.442506015 0.314476997
vn -1.113896 0.000000 0.000000
vt 0.495436370 0.468495995
vn -1.113896 0.000000 0.000000
vt 0.495437980 0.314476997
vn 1.113896 0.000000 0.000000
vt 0.442506015 0.314476997
vn 1.113896 0.000000 0.000000
vt 0.495423496 0.468495995
vn 1.113896 0.000000 0.000000
vt 0.495423496 0.314476997
vn 1.113896 0.000000 0.000000
vt 0.442506015 0.314476997
vn 1.113896 0.000000 0.000000
vt 0.442506015 0.468495995
vn 1.113896 0.000000 0.000000
vt 0.495423496 0.468495995
vn 1.113896 0.000000 0.000000
vt 0.442506015 0.468495995
vn 1.113896 0.000000 0.000000
vt 0.495437980 0.468495995
vn 1.113896 0.000000 0.000000
vt 0.495436370 0.314476997
vn 1.113896 0.000000 0.000000
vt 0.442506015 0.468495995
vn 1.113896 0.000000 0.000000
vt 0.495436370 0.314476997
vn 1.113896 0.000000 0.000000
vt 0.442506015 0.314476997
v 5.679222 20.608542 1.201965
vn 0.718463 0.456363 0.718463
vt 0.641543269 0.942291975
v 6.792314 21.532129 -4.477260
vn 0.425285 1.029463 0.000000
vt 0.670106113 0.951719999
v 4.802894 21.532127 0.325634
vn 0.300752 1.029463 0.300752
vt 0.641549706 0.951719999
vn 0.718463 0.456363 0.718463
vt 0.641543269 0.942291975
v 8.031633 20.608543 -4.477261
vn 1.016096 0.456363 0.000000
vt 0.670106113 0.942291975
vn 0.425285 1.029463 0.000000
vt 0.670106113 0.951719999
v -4.802894 21.532130 -9.280151
vn -0.300752 1.029463 -0.300752
vt 0.512763917 0.941747010
v -4.531366 21.532129 -4.477260
vn -0.662100 0.895795 0.000000
vt 0.546452582 0.957365990
v -3.204159 21.532130 -7.681420
vn -0.468170 0.895795 -0.468170
vt 0.512764156 0.957365990
vn -0.300752 1.029463 -0.300752
vt 0.512763917 0.941747010
v -6.792314 21.532129 -4.477260
vn -0.425285 1.029463 0.000000
vt 0.546448886 0.941747010
vn -0.662100 0.895795 0.000000
vt 0.546452582 0.957365990
v -5.679222 20.608542 1.201961
vn -0.718463 0.456363 0.718463
vt 0.670107722 0.942291975
vn -0.425285 1.029463 0.000000
vt 0.641541660 0.951719999
v -8.031633 20.608543 -4.477261
vn -1.016096 0.456363 0.000000
vt 0.641541660 0.942291975
vn -0.718463 0.456363 0.718463
vt 0.670107722 0.942291975
v -4.802894 21.532127 0.325631
vn -0.300752 1.029463 0.300752
vt 0.670114160 0.951719999
vn -0.425285 1.029463 0.000000
vt 0.641541660 0.951719999
v -0.000002 20.608542 3.554373
vn -0.000000 0.456363 1.016096
vt 0.641549945 0.942291975
vn 0.300752 1.029463 0.300752
vt 0.670113683 0.951719999
v 0.000000 21.532127 2.315056
vn -0.000000 1.029463 0.425285
vt 0.641549230 0.951719999
vn -0.000000 0.456363 1.016096
vt 0.641549945 0.942291975
vn 0.718463 0.456363 0.718463
vt 0.670109332 0.942291975
vn 0.300752 1.029463 0.300752
vt 0.670113683 0.951719999
v -5.679222 20.608545 -10.156485
vn -0.718463 0.456363 -0.718463
vt 0.641544402 0.942291975
vn -0.425285 1.029463 0.000000
vt 0.670106113 0.951719999
vn -0.300752 1.029463 -0.300752
vt 0.641546726 0.951719999
vn -0.718463 0.456363 -0.718463
vt 0.641544402 0.942291975
vn -1.016096 0.456363 0.000000
vt 0.670106113 0.942291975
vn -0.425285 1.029463 0.000000
vt 0.670106113 0.951719999
v 5.679222 20.608545 -10.156485
vn 0.718463 0.456363 -0.718463
vt 0.670108855 0.942291975
vn 0.425285 1.029463 0.000000
vt 0.641541660 0.951719999
vn 1.016096 0.456363 0.000000
vt 0.641541660 0.942291975
vn 0.718463 0.456363 -0.718463
vt 0.670108855 0.942291975
v 4.802894 21.532130 -9.280153
vn 0.300752 1.029463 -0.300752
vt 0.670111179 0.951719999
vn 0.425285 1.029463 0.000000
vt 0.641541660 0.951719999
vn -0.000000 0.456363 1.016096
vt 0.670114398 0.942291975
vn -0.300752 1.029463 0.300752
vt 0.641549230 0.951719999
vn -0.718463 0.456363 0.718463
vt 0.641544640 0.942291975
vn -0.000000 0.456363 1.016096
vt 0.670114398 0.942291975
vn -0.000000 1.029463 0.425285
vt 0.670113444 0.951719999
vn -0.300752 1.029463 0.300752
vt 0.641549230 0.951719999
v 0.000000 20.608547 -12.508893
vn 0.000000 0.456363 -1.016096
vt 0.641558647 0.942291975
vn -0.300752 1.029463 -0.300752
vt 0.670114875 0.951719999
v 0.000000 21.532130 -11.269574
vn -0.000000 1.029463 -0.425285
vt 0.641557276 0.951719999
vn 0.000000 0.456363 -1.016096
vt 0.641558647 0.942291975
vn -0.718463 0.456363 -0.718463
vt 0.670112073 0.942291975
vn -0.300752 1.029463 -0.300752
vt 0.670114875 0.951719999
vn 0.000000 0.456363 -1.016096
vt 0.670123100 0.942291975
vn 0.300752 1.029463 -0.300752
vt 0.641550422 0.951719999
vn 0.718463 0.456363 -0.718463
vt 0.641547620 0.942291975
vn 0.000000 0.456363 -1.016096
vt 0.670123100 0.942291975
vn -0.000000 1.029463 -0.425285
vt 0.670121491 0.951719999
vn 0.300752 1.029463 -0.300752
vt 0.641550422 0.951719999
v 3.204159 21.532130 -7.681420
vn 0.468170 0.895795 -0.468170
vt 0.528876066 0.943566024
v 4.531366 24.100080 -4.477260
vn 1.113896 0.000000 0.000000
vt 0.525574863 0.953388989
v 4.531366 21.532129 -4.477260
vn 0.662100 0.895795 -0.000000
vt 0.525578082 0.943566024
vn 0.468170 0.895795 -0.468170
vt 0.528876066 0.943566024
v 3.204159 24.100081 -7.681417
vn 0.787636 0.000000 -0.787636
vt 0.528870761 0.953388989
vn 1.113896 0.000000 0.000000
vt 0.525574863 0.953388989
vn -0.000000 1.029463 0.425285
vt 0.546453476 0.941747010
v -3.204159 21.532127 -1.273101
vn -0.468170 0.895795 0.468170
vt 0.512761831 0.957365990
vn -0.300752 1.029463 0.300752
vt 0.512763917 0.941747010
vn -0.000000 1.029463 0.425285
vt 0.546453476 0.941747010
v 0.000000 21.532127 0.054106
vn -0.000000 0.895795 0.662100
vt 0.546451867 0.957365990
vn -0.468170 0.895795 0.468170
vt 0.512761831 0.957365990
vn 0.300752 1.029463 0.300752
vt 0.512763679 0.941747010
vn 0.662100 0.895795 -0.000000
vt 0.546452582 0.957365990
v 3.204159 21.532127 -1.273101
vn 0.468170 0.895795 0.468170
vt 0.512761652 0.957365990
vn 0.300752 1.029463 0.300752
vt 0.512763679 0.941747010
vn 0.425285 1.029463 0.000000
vt 0.546448886 0.941747010
vn 0.662100 0.895795 -0.000000
vt 0.546452582 0.957365990
vn -0.000000 1.029463 -0.425285
vt 0.546459675 0.941747010
vn 0.468170 0.895795 -0.468170
vt 0.512764156 0.957365990
vn 0.300752 1.029463 -0.300752
vt 0.512763679 0.941747010
vn -0.000000 1.029463 -0.425285
vt 0.546459675 0.941747010
v 0.000000 21.532130 -9.008626
vn -0.000000 0.895795 -0.662100
vt 0.546456695 0.957365990
vn 0.468170 0.895795 -0.468170
vt 0.512764156 0.957365990
vn -0.000000 1.029463 -0.425285
vt 0.512768269 0.941747010
vn -0.468170 0.895795 -0.468170
vt 0.546455562 0.957365990
vn -0.000000 0.895795 -0.662100
vt 0.512765288 0.957365990
vn -0.000000 1.029463 -0.425285
vt 0.512768269 0.941747010
vn -0.300752 1.029463 -0.300752
vt 0.546455324 0.941747010
vn -0.468170 0.895795 -0.468170
vt 0.546455562 0.957365990
vn -0.300752 1.029463 0.300752
vt 0.546455324 0.941747010
vn -0.662100 0.895795 0.000000
vt 0.512761176 0.957365990
vn -0.425285 1.029463 0.000000
vt 0.512757480 0.941747010
vn -0.300752 1.029463 0.300752
vt 0.546455324 0.941747010
vn -0.468170 0.895795 0.468170
vt 0.546453238 0.957365990
vn -0.662100 0.895795 0.000000
vt 0.512761176 0.957365990
vn -0.000000 1.029463 0.425285
vt 0.512762070 0.941747010
vn 0.468170 0.895795 0.468170
vt 0.546453059 0.957365990
vn -0.000000 0.895795 0.662100
vt 0.512760460 0.957365990
vn -0.000000 1.029463 0.425285
vt 0.512762070 0.941747010
vn 0.300752 1.029463 0.300752
vt 0.546455085 0.941747010
vn 0.468170 0.895795 0.468170
vt 0.546453059 0.957365990
vn 0.300752 1.029463 -0.300752
vt 0.546455085 0.941747010
vn 0.662100 0.895795 -0.000000
vt 0.512761176 0.957365990
vn 0.425285 1.029463 0.000000
vt 0.512757480 0.941747010
vn 0.300752 1.029463 -0.300752
vt 0.546455085 0.941747010
vn 0.468170 0.895795 -0.468170
vt 0.546455562 0.957365990
vn 0.662100 0.895795 -0.000000
vt 0.512761176 0.957365990
vn -0.662100 0.895795 0.000000
vt 0.528873980 0.943566024
v -3.204159 24.100081 -7.681417
vn -0.787636 0.000000 -0.787636
vt 0.525574863 0.953388989
vn -0.468170 0.895795 -0.468170
vt 0.525580168 0.943566024
vn -0.662100 0.895795 0.000000
vt 0.528873980 0.943566024
v -4.531366 24.100080 -4.477260
vn -1.113896 0.000000 0.000000
vt 0.528870761 0.953388989
vn -0.787636 0.000000 -0.787636
vt 0.525574863 0.953388989
vn -0.000000 0.895795 0.662100
vt 0.528874695 0.943566024
v -3.204159 24.100080 -1.273100
vn -0.787636 0.000000 0.787636
vt 0.525574863 0.953388989
vn -0.468170 0.895795 0.468170
vt 0.525579035 0.943566024
vn -0.000000 0.895795 0.662100
vt 0.528874695 0.943566024
v 0.000000 24.100080 0.054107
vn -0.000000 0.000000 1.113896
vt 0.528870761 0.953388989
vn -0.787636 0.000000 0.787636
vt 0.525574863 0.953388989
vn 0.662100 0.895795 -0.000000
vt 0.528873086 0.943566024
v 3.204159 24.100080 -1.273100
vn 0.787636 0.000000 0.787636
vt 0.525574863 0.953388989
vn 0.468170 0.895795 0.468170
vt 0.525579929 0.943566024
vn 0.662100 0.895795 -0.000000
vt 0.528873086 0.943566024
vn 1.113896 0.000000 0.000000
vt 0.528870761 0.953388989
vn 0.787636 0.000000 0.787636
vt 0.525574863 0.953388989
vn -0.000000 0.895795 -0.662100
vt 0.528878570 0.943566024
vn 0.787636 0.000000 -0.787636
vt 0.525574863 0.953388989
vn 0.468170 0.895795 -0.468170
vt 0.525581777 0.943566024
vn -0.000000 0.895795 -0.662100
vt 0.528878570 0.943566024
v 0.000000 24.100083 -9.008624
vn -0.000000 0.000000 -1.113896
vt 0.528870761 0.953388989
vn 0.787636 0.000000 -0.787636
vt 0.525574863 0.953388989
vn -0.468170 0.895795 -0.468170
vt 0.528877914 0.943566024
vn -0.000000 0.000000 -1.113896
vt 0.525574863 0.953388989
vn -0.000000 0.895795 -0.662100
vt 0.525582433 0.943566024
vn -0.468170 0.895795 -0.468170
vt 0.528877914 0.943566024
vn -0.787636 0.000000 -0.787636
vt 0.528870761 0.953388989
vn -0.000000 0.000000 -1.113896
vt 0.525574863 0.953388989
vn -0.468170 0.895795 0.468170
vt 0.528875828 0.943566024
vn -1.113896 0.000000 0.000000
vt 0.525574863 0.953388989
vn -0.662100 0.895795 0.000000
vt 0.525577426 0.943566024
vn -0.468170 0.895795 0.468170
vt 0.528875828 0.943566024
vn -0.787636 0.000000 0.787636
vt 0.528870761 0.953388989
vn -1.113896 0.000000 0.000000
vt 0.525574863 0.953388989
vn 0.468170 0.895795 0.468170
vt 0.528874695 0.943566024
vn -0.000000 0.000000 1.113896
vt 0.525574863 0.953388989
vn -0.000000 0.895795 0.662100
vt 0.525578797 0.943566024
vn 0.468170 0.895795 0.468170
vt 0.528874695 0.943566024
vn 0.787636 0.000000 0.787636
vt 0.528870761 0.953388989
vn -0.000000 0.000000 1.113896
vt 0.525574863 0.953388989
vn 1.016096 0.456363 0.000000
vt 0.126343921 0.529718995
v 5.679222 19.249148 1.201963
vn 0.787636 0.000000 0.787636
vt 0.130189136 0.529363990
v 8.031633 19.249150 -4.477261
vn 1.113896 0.000000 0.000000
vt 0.127015308 0.531010985
vn 1.016096 0.456363 0.000000
vt 0.126343921 0.529718995
vn 0.718463 0.456363 0.718463
vt 0.129398659 0.528190017
vn 0.787636 0.000000 0.787636
vt 0.130189136 0.529363990
vn 0.787636 0.000000 0.787636
vt 0.130189136 0.529363990
vn 0.718463 0.456363 0.718463
vt 0.129398659 0.528190017
v -0.000002 19.249148 3.554373
vn -0.000000 0.000000 1.113896
vt 0.132935718 0.526929975
vn 0.718463 0.456363 0.718463
vt 0.129398659 0.528190017
vn -0.000000 0.456363 1.016096
vt 0.131783858 0.525951982
vn -0.000000 0.000000 1.113896
vt 0.132935718 0.526929975
vn -0.000000 0.000000 1.113896
vt 0.132935718 0.526929975
vn -0.000000 0.456363 1.016096
vt 0.131783858 0.525951982
v -5.679222 19.249148 1.201961
vn -0.787636 0.000000 0.787636
vt 0.134949878 0.523639977
vn -0.000000 0.456363 1.016096
vt 0.131783858 0.525951982
vn -0.718463 0.456363 0.718463
vt 0.133487105 0.522998989
vn -0.787636 0.000000 0.787636
vt 0.134949878 0.523639977
vn -0.787636 0.000000 0.787636
vt 0.134949878 0.523639977
vn -0.718463 0.456363 0.718463
vt 0.133487105 0.522998989
v -8.031633 19.249150 -4.477261
vn -1.113896 0.000000 0.000000
vt 0.135987476 0.519743025
vn -0.718463 0.456363 0.718463
vt 0.133487105 0.522998989
vn -1.016096 0.456363 0.000000
vt 0.134400561 0.519535005
vn -1.113896 0.000000 0.000000
vt 0.135987476 0.519743025
vn -1.113896 0.000000 0.000000
vt 0.135987476 0.519743025
vn -1.016096 0.456363 0.000000
vt 0.134400561 0.519535005
v -5.679222 19.249152 -10.156485
vn -0.787636 0.000000 -0.787636
vt 0.135865405 0.515554011
vn -1.016096 0.456363 0.000000
vt 0.134400561 0.519535005
vn -0.718463 0.456363 -0.718463
vt 0.134222269 0.515841007
vn -0.787636 0.000000 -0.787636
vt 0.135865405 0.515554011
v 0.000000 19.249153 -12.508895
vn -0.000000 0.000000 -1.113896
vt 0.134522632 0.511434972
vn -0.787636 0.000000 -0.787636
vt 0.135865405 0.515554011
vn -0.718463 0.456363 -0.718463
vt 0.134222269 0.515841007
vn 0.000000 0.456363 -1.016096
vt 0.132952243 0.512238979
vn -0.000000 0.000000 -1.113896
vt 0.134522632 0.511434972
vn -0.718463 0.456363 -0.718463
vt 0.134222269 0.515841007
vn 0.000000 0.456363 -1.016096
vt 0.132952243 0.512238979
v 5.679222 19.249152 -10.156485
vn 0.787636 0.000000 -0.787636
vt 0.131837085 0.507781029
vn -0.000000 0.000000 -1.113896
vt 0.134522632 0.511434972
vn 0.000000 0.456363 -1.016096
vt 0.132952243 0.512238979
vn 0.718463 0.456363 -0.718463
vt 0.130497754 0.509087026
vn 0.787636 0.000000 -0.787636
vt 0.131837085 0.507781029
vn 0.787636 0.000000 -0.787636
vt 0.131837085 0.507781029
vn 0.718463 0.456363 -0.718463
vt 0.130497754 0.509087026
vn 1.113896 0.000000 0.000000
vt 0.127991870 0.504938006
vn 0.718463 0.456363 -0.718463
vt 0.130497754 0.509087026
vn 1.016096 0.456363 0.000000
vt 0.126832202 0.506614029
vn 1.113896 0.000000 0.000000
vt 0.127991870 0.504938006
v -2.928328 17.307171 -18.644794
vn -0.120858 -0.765024 -0.800557
vt 0.135414749 0.506366014
v -8.784984 17.980446 -17.127737
vn -0.326594 0.000000 -1.064996
vt 0.126286104 0.530743003
v -2.928328 17.980446 -18.923672
vn -0.159510 0.000000 -1.102423
vt 0.126322582 0.506366014
vn -0.120858 -0.765024 -0.800557
vt 0.135414749 0.506366014
v -8.784984 17.307171 -16.848860
vn -0.223336 -0.812810 -0.728154
vt 0.135377124 0.530743003
vn -0.326594 0.000000 -1.064996
vt 0.126286104 0.530743003
v -2.928328 18.653721 -17.298241
vn 0.115177 0.805013 0.761236
vt 0.126298711 0.506366014
v -8.784984 18.932600 -16.175585
vn 0.024617 1.110777 0.080312
vt 0.135377124 0.530743003
v -8.784984 18.653719 -15.502310
vn 0.246394 0.731050 0.803565
vt 0.126282886 0.530743003
vn 0.115177 0.805013 0.761236
vt 0.126298711 0.506366014
v -2.928328 18.932600 -17.971519
vn -0.012253 1.113116 -0.040100
vt 0.135395482 0.506366014
vn 0.024617 1.110777 0.080312
vt 0.135377124 0.530743003
v -2.928328 17.307171 -17.298241
vn 0.115177 -0.805013 0.761236
vt 0.135387912 0.506366014
v -8.784984 17.028291 -16.175585
vn 0.024617 -1.110777 0.080312
vt 0.126282886 0.530743003
v -2.928328 17.028291 -17.971519
vn -0.012253 -1.113116 -0.040100
vt 0.126294583 0.506366014
vn 0.115177 -0.805013 0.761236
vt 0.135387912 0.506366014
v -8.784984 17.307169 -15.502310
vn 0.246394 -0.731050 0.803565
vt 0.135377124 0.530743003
vn 0.024617 -1.110777 0.080312
vt 0.126282886 0.530743003
vn -0.012253 -1.113116 -0.040100
vt 0.135400072 0.506366014
vn -0.223336 -0.812810 -0.728154
vt 0.126282886 0.530743003
vn -0.120858 -0.765024 -0.800557
vt 0.126307443 0.506366014
vn -0.012253 -1.113116 -0.040100
vt 0.135400072 0.506366014
vn 0.024617 -1.110777 0.080312
vt 0.135377124 0.530743003
vn -0.223336 -0.812810 -0.728154
vt 0.126282886 0.530743003
v -2.928328 18.653721 -18.644794
vn -0.120858 0.765024 -0.800557
vt 0.126326486 0.506366014
vn -0.326594 0.000000 -1.064996
vt 0.135379881 0.530743003
v -8.784984 18.653721 -16.848860
vn -0.223336 0.812810 -0.728154
vt 0.126284957 0.530743003
vn -0.120858 0.765024 -0.800557
vt 0.126326486 0.506366014
vn -0.159510 0.000000 -1.102423
vt 0.135420948 0.506366014
vn -0.326594 0.000000 -1.064996
vt 0.135379881 0.530743003
v -2.928328 17.980446 -17.019365
vn 0.171317 0.000000 1.100641
vt 0.126284957 0.506366014
vn 0.246394 0.731050 0.803565
vt 0.135377124 0.530743003
v -8.784984 17.980444 -15.223433
vn 0.326594 0.000000 1.064996
vt 0.126282886 0.530743003
vn 0.171317 0.000000 1.100641
vt 0.126284957 0.506366014
vn 0.115177 0.805013 0.761236
vt 0.135380790 0.506366014
vn 0.246394 0.731050 0.803565
vt 0.135377124 0.530743003
vn -0.012253 1.113116 -0.040100
vt 0.126314551 0.506366014
vn -0.223336 0.812810 -0.728154
vt 0.135377124 0.530743003
vn 0.024617 1.110777 0.080312
vt 0.126282886 0.530743003
vn -0.012253 1.113116 -0.040100
vt 0.126314551 0.506366014
vn -0.120858 0.765024 -0.800557
vt 0.135411769 0.506366014
vn -0.223336 0.812810 -0.728154
vt 0.135377124 0.530743003
vn 0.171317 0.000000 1.100641
vt 0.135377809 0.506366014
vn 0.246394 -0.731050 0.803565
vt 0.126282886 0.530743003
vn 0.115177 -0.805013 0.761236
vt 0.126284257 0.506366014
vn 0.171317 0.000000 1.100641
vt 0.135377809 0.506366014
vn 0.326594 0.000000 1.064996
vt 0.135377124 0.530743003
vn 0.246394 -0.731050 0.803565
vt 0.126282886 0.530743003
v 8.784982 17.307169 -15.502307
vn -0.246394 -0.731050 0.803565
vt 0.126282886 0.506366014
v 2.928326 17.980446 -17.019361
vn -0.171317 0.000000 1.100641
vt 0.135377809 0.530743003
v 2.928326 17.307171 -17.298241
vn -0.115177 -0.805013 0.761236
vt 0.126284257 0.530743003
vn -0.246394 -0.731050 0.803565
vt 0.126282886 0.506366014
v 8.784982 17.980444 -15.223431
vn -0.326594 0.000000 1.064996
vt 0.135377124 0.506366014
vn -0.171317 0.000000 1.100641
vt 0.135377809 0.530743003
vn -0.171317 0.000000 1.100641
vt 0.947694004 0.916859984
vn 0.115177 -0.805013 0.761236
vt 0.859864414 0.925912976
vn -0.115177 -0.805013 0.761236
vt 0.947694004 0.925912976
vn -0.171317 0.000000 1.100641
vt 0.947694004 0.916859984
vn 0.171317 0.000000 1.100641
vt 0.859864414 0.916859984
vn 0.115177 -0.805013 0.761236
vt 0.859864414 0.925912976
v 8.784984 18.653721 -16.848860
vn 0.223336 0.812810 -0.728154
vt 0.135377124 0.506366014
v 2.928328 18.932600 -17.971516
vn 0.012253 1.113116 -0.040100
vt 0.126314551 0.530743003
v 8.784984 18.932600 -16.175581
vn -0.024617 1.110777 0.080312
vt 0.126282886 0.506366014
vn 0.223336 0.812810 -0.728154
vt 0.135377124 0.506366014
v 2.928328 18.653721 -18.644794
vn 0.120858 0.765024 -0.800557
vt 0.135411769 0.530743003
vn 0.012253 1.113116 -0.040100
vt 0.126314551 0.530743003
vn 0.120858 0.765024 -0.800557
vt 0.947729349 0.916859984
vn -0.012253 1.113116 -0.040100
vt 0.859896779 0.925912976
vn 0.012253 1.113116 -0.040100
vt 0.947726369 0.925912976
vn 0.120858 0.765024 -0.800557
vt 0.947729349 0.916859984
vn -0.120858 0.765024 -0.800557
vt 0.859899759 0.916859984
vn -0.012253 1.113116 -0.040100
vt 0.859896779 0.925912976
v 8.784982 18.653719 -15.502307
vn -0.246394 0.731050 0.803565
vt 0.135377124 0.506366014
vn -0.171317 0.000000 1.100641
vt 0.126284957 0.530743003
vn -0.326594 0.000000 1.064996
vt 0.126282886 0.506366014
vn -0.246394 0.731050 0.803565
vt 0.135377124 0.506366014
v 2.928326 18.653721 -17.298241
vn -0.115177 0.805013 0.761236
vt 0.135380790 0.530743003
vn -0.171317 0.000000 1.100641
vt 0.126284957 0.530743003
vn -0.115177 0.805013 0.761236
vt 0.947696567 0.916859984
vn 0.171317 0.000000 1.100641
vt 0.859866261 0.925912976
vn -0.171317 0.000000 1.100641
vt 0.947695851 0.925912976
vn -0.115177 0.805013 0.761236
vt 0.947696567 0.916859984
vn 0.115177 0.805013 0.761236
vt 0.859866738 0.916859984
vn 0.171317 0.000000 1.100641
vt 0.859866261 0.925912976
v 8.784984 17.980446 -17.127735
vn 0.326594 0.000000 -1.064996
vt 0.135379881 0.506366014
vn 0.120858 0.765024 -0.800557
vt 0.126326486 0.530743003
vn 0.223336 0.812810 -0.728154
vt 0.126284957 0.506366014
vn 0.326594 0.000000 -1.064996
vt 0.135379881 0.506366014
v 2.928328 17.980446 -18.923672
vn 0.159510 0.000000 -1.102423
vt 0.135420948 0.530743003
vn 0.120858 0.765024 -0.800557
vt 0.126326486 0.530743003
vn 0.159510 0.000000 -1.102423
vt 0.947741032 0.916859984
vn -0.120858 0.765024 -0.800557
vt 0.859911442 0.925912976
vn 0.120858 0.765024 -0.800557
vt 0.947741032 0.925912976
vn 0.159510 0.000000 -1.102423
vt 0.947741032 0.916859984
vn -0.159510 0.000000 -1.102423
vt 0.859911680 0.916859984
vn -0.120858 0.765024 -0.800557
vt 0.859911442 0.925912976
v 8.784984 17.307171 -16.848860
vn 0.223336 -0.812810 -0.728154
vt 0.126282886 0.506366014
v 2.928328 17.028291 -17.971516
vn 0.012253 -1.113116 -0.040100
vt 0.135400072 0.530743003
v 2.928328 17.307171 -18.644794
vn 0.120858 -0.765024 -0.800557
vt 0.126307443 0.530743003
vn 0.223336 -0.812810 -0.728154
vt 0.126282886 0.506366014
v 8.784984 17.028293 -16.175581
vn -0.024617 -1.110777 0.080312
vt 0.135377124 0.506366014
vn 0.012253 -1.113116 -0.040100
vt 0.135400072 0.530743003
vn 0.012253 -1.113116 -0.040100
vt 0.947717428 0.916859984
vn -0.120858 -0.765024 -0.800557
vt 0.859889448 0.925912976
vn 0.120858 -0.765024 -0.800557
vt 0.947719038 0.925912976
vn 0.012253 -1.113116 -0.040100
vt 0.947717428 0.916859984
vn -0.012253 -1.113116 -0.040100
vt 0.859887838 0.916859984
vn -0.120858 -0.765024 -0.800557
vt 0.859889448 0.925912976
vn -0.024617 -1.110777 0.080312
vt 0.126282886 0.506366014
vn -0.115177 -0.805013 0.761236
vt 0.135388136 0.530743003
vn 0.012253 -1.113116 -0.040100
vt 0.126294583 0.530743003
vn -0.024617 -1.110777 0.080312
vt 0.126282886 0.506366014
vn -0.246394 -0.731050 0.803565
vt 0.135377124 0.506366014
vn -0.115177 -0.805013 0.761236
vt 0.135388136 0.530743003
vn -0.115177 -0.805013 0.761236
vt 0.947704554 0.916859984
vn -0.012253 -1.113116 -0.040100
vt 0.859875679 0.925912976
vn 0.012253 -1.113116 -0.040100
vt 0.947705269 0.925912976
vn -0.115177 -0.805013 0.761236
vt 0.947704554 0.916859984
vn 0.115177 -0.805013 0.761236
vt 0.859874725 0.916859984
vn -0.012253 -1.113116 -0.040100
vt 0.859875679 0.925912976
vn -0.024617 1.110777 0.080312
vt 0.135377124 0.506366014
vn -0.115177 0.805013 0.761236
vt 0.126298949 0.530743003
vn -0.246394 0.731050 0.803565
vt 0.126282886 0.506366014
vn -0.024617 1.110777 0.080312
vt 0.135377124 0.506366014
vn 0.012253 1.113116 -0.040100
vt 0.135395482 0.530743003
vn -0.115177 0.805013 0.761236
vt 0.126298949 0.530743003
vn -0.115177 0.805013 0.761236
vt 0.947709620 0.925912976
vn -0.012253 1.113116 -0.040100
vt 0.859882534 0.916859984
vn 0.115177 0.805013 0.761236
vt 0.859879792 0.925912976
vn -0.115177 0.805013 0.761236
vt 0.947709620 0.925912976
vn 0.012253 1.113116 -0.040100
vt 0.947712123 0.916859984
vn -0.012253 1.113116 -0.040100
vt 0.859882534 0.916859984
vn 0.326594 0.000000 -1.064996
vt 0.126286104 0.506366014
vn 0.120858 -0.765024 -0.800557
vt 0.135414749 0.530743003
vn 0.159510 0.000000 -1.102423
vt 0.126322582 0.530743003
vn 0.326594 0.000000 -1.064996
vt 0.126286104 0.506366014
vn 0.223336 -0.812810 -0.728154
vt 0.135377124 0.506366014
vn 0.120858 -0.765024 -0.800557
vt 0.135414749 0.530743003
vn 0.120858 -0.765024 -0.800557
vt 0.947733045 0.916859984
vn -0.159510 0.000000 -1.102423
vt 0.859905481 0.925912976
vn 0.159510 0.000000 -1.102423
vt 0.947735071 0.925912976
vn 0.120858 -0.765024 -0.800557
vt 0.947733045 0.916859984
vn -0.120858 -0.765024 -0.800557
vt 0.859903455 0.916859984
vn -0.159510 0.000000 -1.102423
vt 0.859905481 0.925912976
vn -0.000000 -1.113896 0.000000
vt 0.546390414 0.449088007
vn -0.000000 -1.113896 0.000000
vt 0.541038811 0.425390005
vn -0.000000 -1.113896 0.000000
vt 0.546409667 0.425390005
vn -0.000000 -1.113896 0.000000
vt 0.546390414 0.449088007
vn -0.000000 -1.113896 0.000000
vt 0.541019738 0.449088007
vn -0.000000 -1.113896 0.000000
vt 0.541038811 0.425390005
vn -0.000000 -1.113896 0.000000
vt 0.546390414 0.449088007
vn -0.000000 -1.113896 0.000000
vt 0.546390593 0.472786993
vn -0.000000 -1.113896 0.000000
vt 0.541019738 0.449088007
vn -0.000000 -1.113896 0.000000
vt 0.546390593 0.472786993
vn -0.000000 -1.113896 0.000000
vt 0.541019738 0.472786993
vn -0.000000 -1.113896 0.000000
vt 0.541019738 0.449088007
vn -0.000000 -1.113896 0.000000
vt 0.541046381 0.496484995
vn -0.000000 -1.113896 0.000000
vt 0.541019738 0.472786993
vn -0.000000 -1.113896 0.000000
vt 0.546390593 0.472786993
vn -0.000000 -1.113896 0.000000
vt 0.541046381 0.496484995
vn -0.000000 -1.113896 0.000000
vt 0.546390593 0.472786993
vn -0.000000 -1.113896 0.000000
vt 0.546417475 0.496484995
v 8.178430 14.515804 -8.897223
vn 1.113896 0.000000 0.000000
vt 0.576662242 0.467595011
vn 1.113896 0.000000 0.000000
vt 0.576694131 0.496535003
vn 1.113896 0.000000 0.000000
vt 0.576694548 0.496535003
vn 1.113896 0.000000 0.000000
vt 0.576662242 0.467595011
v 8.178430 13.505835 -8.897225
vn 1.113896 0.000000 0.000000
vt 0.576662421 0.467595011
vn 1.113896 0.000000 0.000000
vt 0.576694131 0.496535003
v 8.178430 14.515800 4.973764
vn 1.113896 0.000000 0.000000
vt 0.576662242 0.438654989
vn 1.113896 0.000000 0.000000
vt 0.576662421 0.467595011
vn 1.113896 0.000000 0.000000
vt 0.576662242 0.467595011
v 8.178430 13.505831 4.973764
vn 1.113896 0.000000 0.000000
vt 0.576662421 0.438654989
vn 1.113896 0.000000 0.000000
vt 0.576662421 0.467595011
vn 1.113896 0.000000 0.000000
vt 0.576662242 0.438654989
vn 1.113896 0.000000 0.000000
vt 0.576689541 0.409714997
vn 1.113896 0.000000 0.000000
vt 0.576662421 0.438654989
vn 1.113896 0.000000 0.000000
vt 0.576662242 0.438654989
vn 1.113896 0.000000 0.000000
vt 0.576689541 0.409714997
vn 1.113896 0.000000 0.000000
vt 0.576689303 0.409714997
vn 1.113896 0.000000 0.000000
vt 0.576662421 0.438654989
v -8.178427 14.515804 -8.897225
vn -1.113896 0.000000 0.000000
vt 0.576662242 0.467595011
vn -1.113896 0.000000 0.000000
vt 0.576694548 0.496535003
vn -1.113896 0.000000 0.000000
vt 0.576694131 0.496535003
vn -1.113896 0.000000 0.000000
vt 0.576662242 0.467595011
vn -1.113896 0.000000 0.000000
vt 0.576694131 0.496535003
v -8.178427 13.505835 -8.897227
vn -1.113896 0.000000 0.000000
vt 0.576662660 0.467595011
v -8.178427 14.515800 4.973763
vn -1.113896 0.000000 0.000000
vt 0.576662242 0.438654989
vn -1.113896 0.000000 0.000000
vt 0.576662242 0.467595011
vn -1.113896 0.000000 0.000000
vt 0.576662660 0.467595011
v -8.178427 13.505831 4.973763
vn -1.113896 0.000000 0.000000
vt 0.576662421 0.438654989
vn -1.113896 0.000000 0.000000
vt 0.576662242 0.438654989
vn -1.113896 0.000000 0.000000
vt 0.576662660 0.467595011
vn -1.113896 0.000000 0.000000
vt 0.576689780 0.409714997
vn -1.113896 0.000000 0.000000
vt 0.576662242 0.438654989
vn -1.113896 0.000000 0.000000
vt 0.576662421 0.438654989
vn -1.113896 0.000000 0.000000
vt 0.576689780 0.409714997
vn -1.113896 0.000000 0.000000
vt 0.576662421 0.438654989
vn -1.113896 0.000000 0.000000
vt 0.576689065 0.409714997
vn -0.000000 -1.113896 0.000000
vt 0.541046381 0.496484995
vn -0.000000 -1.113896 0.000000
vt 0.546417236 0.496484995
vn -0.000000 -1.113896 0.000000
vt 0.546390593 0.472786993
vn -0.000000 -1.113896 0.000000
vt 0.541046381 0.496484995
vn -0.000000 -1.113896 0.000000
vt 0.546390593 0.472786993
vn -0.000000 -1.113896 0.000000
vt 0.541019976 0.472786993
vn -0.000000 -1.113896 0.000000
vt 0.546390414 0.449088007
vn -0.000000 -1.113896 0.000000
vt 0.541019976 0.472786993
vn -0.000000 -1.113896 0.000000
vt 0.546390593 0.472786993
vn -0.000000 -1.113896 0.000000
vt 0.546390414 0.449088007
vn -0.000000 -1.113896 0.000000
vt 0.541019738 0.449088007
vn -0.000000 -1.113896 0.000000
vt 0.541019976 0.472786993
vn -0.000000 -1.113896 0.000000
vt 0.546390414 0.449088007
vn -0.000000 -1.113896 0.000000
vt 0.541038811 0.425390005
vn -0.000000 -1.113896 0.000000
vt 0.541019738 0.449088007
vn -0.000000 -1.113896 0.000000
vt 0.546390414 0.449088007
vn -0.000000 -1.113896 0.000000
vt 0.546409667 0.425390005
vn -0.000000 -1.113896 0.000000
vt 0.541038811 0.425390005
vn -1.091952 -0.219883 0.000000
vt 0.576662242 0.467595011
vn -1.091952 -0.219883 0.000000
vt 0.573394537 0.493445009
vn -1.091952 -0.219883 0.000000
vt 0.576693892 0.496535003
vn -1.091952 -0.219883 0.000000
vt 0.576662242 0.467595011
v -8.359464 15.414962 -8.403531
vn -1.091952 -0.219883 0.000000
vt 0.573366106 0.466565013
vn -1.091952 -0.219883 0.000000
vt 0.573394537 0.493445009
vn -1.091952 -0.219883 0.000000
vt 0.576662242 0.467595011
vn -1.091952 -0.219883 0.000000
vt 0.576662242 0.438654989
vn -1.091952 -0.219883 0.000000
vt 0.573366106 0.466565013
vn -1.091952 -0.219883 0.000000
vt 0.573366106 0.466565013
vn -1.091952 -0.219883 0.000000
vt 0.576662242 0.438654989
v -8.359464 15.414959 4.480067
vn -1.091952 -0.219883 0.000000
vt 0.573365867 0.439684987
vn -1.091952 -0.219883 0.000000
vt 0.573389471 0.412804991
vn -1.091952 -0.219883 0.000000
vt 0.573365867 0.439684987
vn -1.091952 -0.219883 0.000000
vt 0.576662242 0.438654989
vn -1.091952 -0.219883 0.000000
vt 0.573389471 0.412804991
vn -1.091952 -0.219883 0.000000
vt 0.576662242 0.438654989
vn -1.091952 -0.219883 0.000000
vt 0.576688170 0.409714997
vn 1.113896 0.000000 0.000000
vt 0.000001147 0.000000000
vn 1.113896 0.000000 0.000000
vt 0.000001147 0.000000000
vn 1.113896 0.000000 0.000000
vt 0.000001147 0.000000000
vn 1.113896 0.000000 0.000000
vt 0.000001147 0.000000000
vn 1.113896 0.000000 0.000000
vt 0.000001147 0.000000000
vn 1.113896 0.000000 0.000000
vt 0.000001147 0.000000000
vn 1.113896 0.000000 0.000000
vt 0.000001147 0.000000000
vn 1.113896 0.000000 0.000000
vt 0.000001147 0.000000000
vn 1.113896 0.000000 0.000000
vt 0.000001147 0.000000000
vn 1.113896 0.000000 0.000000
vt 0.000001147 0.000000000
vn 1.113896 0.000000 0.000000
vt 0.000001147 0.000000000
vn 1.113896 0.000000 0.000000
vt 0.000001147 0.000000000
vn -1.113896 0.000000 0.000000
vt 0.000001147 0.000000000
vn -1.113896 0.000000 0.000000
vt 0.000001147 0.000000000
vn -1.113896 0.000000 0.000000
vt 0.000001147 0.000000000
vn -1.113896 0.000000 0.000000
vt 0.000001147 0.000000000
vn -1.113896 0.000000 0.000000
vt 0.000001147 0.000000000
vn -1.113896 0.000000 0.000000
vt 0.000001147 0.000000000
vn -1.113896 0.000000 0.000000
vt 0.000001147 0.000000000
vn -1.113896 0.000000 0.000000
vt 0.000001147 0.000000000
vn -1.113896 0.000000 0.000000
vt 0.000001147 0.000000000
vn -1.113896 0.000000 0.000000
vt 0.000001147 0.000000000
vn -1.113896 0.000000 0.000000
vt 0.000001147 0.000000000
vn -1.113896 0.000000 0.000000
vt 0.000001147 0.000000000
vn 1.113896 0.000000 0.000000
vt 0.580339730 0.445138991
vn 1.113896 0.000000 0.000000
vt 0.580338776 0.445138991
vn 1.113896 0.000000 0.000000
vt 0.580340385 0.461351991
vn 1.113896 0.000000 0.000000
vt 0.580339730 0.445138991
vn 1.113896 0.000000 0.000000
vt 0.580340385 0.461351991
vn 1.113896 0.000000 0.000000
vt 0.580341518 0.461351991
vn 1.113896 0.000000 0.000000
vt 0.580339730 0.445138991
vn 1.113896 0.000000 0.000000
vt 0.580341518 0.461351991
vn 1.113896 0.000000 0.000000
vt 0.565266550 0.447198987
vn 1.113896 0.000000 0.000000
vt 0.580341518 0.461351991
vn 1.113896 0.000000 0.000000
vt 0.565270245 0.459291011
vn 1.113896 0.000000 0.000000
vt 0.565266550 0.447198987
vn -0.000000 -1.113896 0.000000
vt 0.541046858 0.496484995
vn -0.000000 -1.113896 0.000000
vt 0.535614491 0.496484995
vn -0.000000 -1.113896 0.000000
vt 0.535588980 0.472786993
vn -0.000000 -1.113896 0.000000
vt 0.541046858 0.496484995
vn -0.000000 -1.113896 0.000000
vt 0.535588980 0.472786993
v 5.718917 13.505835 -8.897223
vn -0.000000 -1.113896 0.000000
vt 0.541021347 0.472786993
vn -0.000000 -1.113896 0.000000
vt 0.535588562 0.449088007
vn -0.000000 -1.113896 0.000000
vt 0.541021347 0.472786993
vn -0.000000 -1.113896 0.000000
vt 0.535588980 0.472786993
vn -0.000000 -1.113896 0.000000
vt 0.535588562 0.449088007
v 5.718917 13.505831 4.973764
vn -0.000000 -1.113896 0.000000
vt 0.541020691 0.449088007
vn -0.000000 -1.113896 0.000000
vt 0.541021347 0.472786993
vn -0.000000 -1.113896 0.000000
vt 0.535588562 0.449088007
vn -0.000000 -1.113896 0.000000
vt 0.541038096 0.425390005
vn -0.000000 -1.113896 0.000000
vt 0.541020691 0.449088007
vn -0.000000 -1.113896 0.000000
vt 0.535588562 0.449088007
vn -0.000000 -1.113896 0.000000
vt 0.535606205 0.425390005
vn -0.000000 -1.113896 0.000000
vt 0.541038096 0.425390005
vn 1.091952 -0.219883 0.000000
vt 0.573389709 0.412804991
vn 1.091952 -0.219883 0.000000
vt 0.576688170 0.409714997
vn 1.091952 -0.219883 0.000000
vt 0.576662242 0.438654989
vn 1.091952 -0.219883 0.000000
vt 0.573389709 0.412804991
vn 1.091952 -0.219883 0.000000
vt 0.576662242 0.438654989
v 8.359466 15.414959 4.480070
vn 1.091952 -0.219883 0.000000
vt 0.573366106 0.439684987
vn 1.091952 -0.219883 0.000000
vt 0.576662242 0.467595011
vn 1.091952 -0.219883 0.000000
vt 0.573366106 0.439684987
vn 1.091952 -0.219883 0.000000
vt 0.576662242 0.438654989
vn 1.091952 -0.219883 0.000000
vt 0.576662242 0.467595011
v 8.359466 15.414962 -8.403531
vn 1.091952 -0.219883 0.000000
vt 0.573366106 0.466565013
vn 1.091952 -0.219883 0.000000
vt 0.573366106 0.439684987
vn 1.091952 -0.219883 0.000000
vt 0.576662242 0.467595011
vn 1.091952 -0.219883 0.000000
vt 0.573394537 0.493445009
vn 1.091952 -0.219883 0.000000
vt 0.573366106 0.466565013
vn 1.091952 -0.219883 0.000000
vt 0.576662242 0.467595011
vn 1.091952 -0.219883 0.000000
vt 0.576693654 0.496535003
vn 1.091952 -0.219883 0.000000
vt 0.573394537 0.493445009
vn -1.113896 0.000000 0.000000
vt 0.580339730 0.445138991
vn -1.113896 0.000000 0.000000
vt 0.580340147 0.461351991
vn -1.113896 0.000000 0.000000
vt 0.580338538 0.445138991
vn -1.113896 0.000000 0.000000
vt 0.580339730 0.445138991
vn -1.113896 0.000000 0.000000
vt 0.580341339 0.461351991
vn -1.113896 0.000000 0.000000
vt 0.580340147 0.461351991
vn -1.113896 0.000000 0.000000
vt 0.580339730 0.445138991
vn -1.113896 0.000000 0.000000
vt 0.565266550 0.447198987
vn -1.113896 0.000000 0.000000
vt 0.580341339 0.461351991
vn -1.113896 0.000000 0.000000
vt 0.580341339 0.461351991
vn -1.113896 0.000000 0.000000
vt 0.565266550 0.447198987
vn -1.113896 0.000000 0.000000
vt 0.565270245 0.459291011
vn -0.000000 -1.113896 0.000000
vt 0.541046858 0.496484995
vn -0.000000 -1.113896 0.000000
vt 0.535589218 0.472786993
vn -0.000000 -1.113896 0.000000
vt 0.535614252 0.496484995
vn -0.000000 -1.113896 0.000000
vt 0.541046858 0.496484995
v -5.718915 13.505835 -8.897225
vn -0.000000 -1.113896 0.000000
vt 0.541021347 0.472786993
vn -0.000000 -1.113896 0.000000
vt 0.535589218 0.472786993
vn -0.000000 -1.113896 0.000000
vt 0.535588801 0.449088007
vn -0.000000 -1.113896 0.000000
vt 0.535589218 0.472786993
vn -0.000000 -1.113896 0.000000
vt 0.541021347 0.472786993
vn -0.000000 -1.113896 0.000000
vt 0.535588801 0.449088007
vn -0.000000 -1.113896 0.000000
vt 0.541021347 0.472786993
v -5.718915 13.505831 4.973763
vn -0.000000 -1.113896 0.000000
vt 0.541020930 0.449088007
vn -0.000000 -1.113896 0.000000
vt 0.535588801 0.449088007
vn -0.000000 -1.113896 0.000000
vt 0.541020930 0.449088007
vn -0.000000 -1.113896 0.000000
vt 0.541038096 0.425390005
vn -0.000000 -1.113896 0.000000
vt 0.535588801 0.449088007
vn -0.000000 -1.113896 0.000000
vt 0.541038096 0.425390005
vn -0.000000 -1.113896 0.000000
vt 0.535606205 0.425390005
vn -1.113896 0.000000 0.000000
vt 0.600130677 0.428925991
vn -1.113896 0.000000 0.000000
vt 0.600130916 0.428925991
vn -1.113896 0.000000 0.000000
vt 0.600101113 0.445138991
v 5.718917 14.515804 -8.897222
vn -1.113896 0.000000 0.000000
vt 0.600098789 0.445138991
vn -1.113896 0.000000 0.000000
vt 0.600130677 0.428925991
vn -1.113896 0.000000 0.000000
vt 0.600101113 0.445138991
vn -1.113896 0.000000 0.000000
vt 0.600098789 0.445138991
vn -1.113896 0.000000 0.000000
vt 0.585106194 0.435106993
vn -1.113896 0.000000 0.000000
vt 0.600130677 0.428925991
vn -1.113896 0.000000 0.000000
vt 0.600098789 0.445138991
vn -1.113896 0.000000 0.000000
vt 0.585088074 0.447198987
vn -1.113896 0.000000 0.000000
vt 0.585106194 0.435106993
vn -1.113896 0.000000 0.000000
vt 0.600098789 0.445138991
vn -1.113896 0.000000 0.000000
vt 0.600101113 0.445138991
vn -1.113896 0.000000 0.000000
vt 0.600100398 0.461351991
vn -1.113896 0.000000 0.000000
vt 0.600098789 0.445138991
vn -1.113896 0.000000 0.000000
vt 0.585087597 0.459291011
vn -1.113896 0.000000 0.000000
vt 0.585088074 0.447198987
vn -1.113896 0.000000 0.000000
vt 0.600098789 0.445138991
vn -1.113896 0.000000 0.000000
vt 0.600100398 0.461351991
v 5.718917 14.515800 4.973764
vn -1.113896 0.000000 0.000000
vt 0.600098789 0.461351991
vn -1.113896 0.000000 0.000000
vt 0.600098789 0.445138991
vn -1.113896 0.000000 0.000000
vt 0.600098789 0.461351991
vn -1.113896 0.000000 0.000000
vt 0.585087597 0.459291011
vn -1.113896 0.000000 0.000000
vt 0.600098789 0.461351991
vn -1.113896 0.000000 0.000000
vt 0.600100398 0.461351991
vn -1.113896 0.000000 0.000000
vt 0.600124717 0.477564991
vn -1.113896 0.000000 0.000000
vt 0.600098789 0.461351991
vn -1.113896 0.000000 0.000000
vt 0.600124717 0.477564991
vn -1.113896 0.000000 0.000000
vt 0.600124955 0.477564991
vn -1.113896 0.000000 0.000000
vt 0.600098789 0.461351991
vn -1.113896 0.000000 0.000000
vt 0.585101604 0.471383005
vn -1.113896 0.000000 0.000000
vt 0.585087597 0.459291011
vn -1.113896 0.000000 0.000000
vt 0.600098789 0.461351991
vn -1.113896 0.000000 0.000000
vt 0.600124955 0.477564991
vn -1.113896 0.000000 0.000000
vt 0.585101604 0.471383005
vn 1.113896 0.000000 0.000000
vt 0.600130677 0.428925991
vn 1.113896 0.000000 0.000000
vt 0.600100875 0.445138991
vn 1.113896 0.000000 0.000000
vt 0.600130916 0.428925991
v -5.718915 14.515804 -8.897223
vn 1.113896 0.000000 0.000000
vt 0.600098789 0.445138991
vn 1.113896 0.000000 0.000000
vt 0.600100875 0.445138991
vn 1.113896 0.000000 0.000000
vt 0.600130677 0.428925991
vn 1.113896 0.000000 0.000000
vt 0.600098789 0.445138991
vn 1.113896 0.000000 0.000000
vt 0.600130677 0.428925991
vn 1.113896 0.000000 0.000000
vt 0.585106194 0.435106993
vn 1.113896 0.000000 0.000000
vt 0.600098789 0.445138991
vn 1.113896 0.000000 0.000000
vt 0.585106194 0.435106993
vn 1.113896 0.000000 0.000000
vt 0.585088074 0.447198987
vn 1.113896 0.000000 0.000000
vt 0.600098789 0.445138991
vn 1.113896 0.000000 0.000000
vt 0.600100398 0.461351991
vn 1.113896 0.000000 0.000000
vt 0.600100875 0.445138991
vn 1.113896 0.000000 0.000000
vt 0.600098789 0.445138991
vn 1.113896 0.000000 0.000000
vt 0.585088074 0.447198987
vn 1.113896 0.000000 0.000000
vt 0.585087359 0.459291011
vn 1.113896 0.000000 0.000000
vt 0.600098789 0.445138991
v -5.718915 14.515800 4.973763
vn 1.113896 0.000000 0.000000
vt 0.600098789 0.461351991
vn 1.113896 0.000000 0.000000
vt 0.600100398 0.461351991
vn 1.113896 0.000000 0.000000
vt 0.600098789 0.445138991
vn 1.113896 0.000000 0.000000
vt 0.585087359 0.459291011
vn 1.113896 0.000000 0.000000
vt 0.600098789 0.461351991
vn 1.113896 0.000000 0.000000
vt 0.600098789 0.461351991
vn 1.113896 0.000000 0.000000
vt 0.600124717 0.477564991
vn 1.113896 0.000000 0.000000
vt 0.600100398 0.461351991
vn 1.113896 0.000000 0.000000
vt 0.600098789 0.461351991
vn 1.113896 0.000000 0.000000
vt 0.600124955 0.477564991
vn 1.113896 0.000000 0.000000
vt 0.600124717 0.477564991
vn 1.113896 0.000000 0.000000
vt 0.600098789 0.461351991
vn 1.113896 0.000000 0.000000
vt 0.585087359 0.459291011
vn 1.113896 0.000000 0.000000
vt 0.585101366 0.471383005
vn 1.113896 0.000000 0.000000
vt 0.600098789 0.461351991
vn 1.113896 0.000000 0.000000
vt 0.585101366 0.471383005
vn 1.113896 0.000000 0.000000
vt 0.600124955 0.477564991
s off
f 1/1/1 2/2/2 3/3/3
f 4/4/4 5/5/5 6/6/6
f 7/7/7 8/8/8 9/9/9
f 10/10/10 9/11/11 11/12/12
f 8/13/13 12/14/14 13/15/15
f 14/16/16 15/17/17 16/18/18
f 17/19/19 18/20/20 19/21/21
f 20/22/22 21/23/23 22/24/24
f 23/25/25 24/26/26 25/27/27
f 26/28/28 27/29/29 28/30/30
f 29/31/31 30/32/32 27/33/33
f 28/34/34 31/35/35 32/36/36
f 33/37/37 34/38/38 35/39/39
f 36/40/40 37/41/41 38/42/42
f 39/43/43 40/44/44 41/45/45
f 42/46/46 43/47/47 44/48/48
f 45/49/49 46/50/50 41/51/51
f 47/52/52 48/53/53 44/54/54
f 18/55/55 49/56/56 19/57/57
f 50/58/58 51/59/59 52/60/60
f 53/61/61 54/62/62 17/63/63
f 53/64/64 11/65/65 55/66/66
f 56/67/67 57/68/68 58/69/69
f 38/70/70 37/71/71 59/72/72
f 60/73/73 61/74/74 62/75/75
f 63/76/76 36/77/77 64/78/78
f 63/79/79 65/80/80 30/81/81
f 66/82/82 67/83/83 68/84/84
f 1/85/85 69/86/86 2/87/87
f 4/88/88 70/89/89 5/90/90
f 7/91/91 71/92/92 8/93/93
f 10/94/94 7/95/95 9/96/96
f 8/97/97 71/98/98 12/99/99
f 14/100/100 72/101/101 15/102/102
f 17/103/103 54/104/104 18/105/105
f 20/106/106 22/107/107 73/108/108
f 23/109/109 25/110/110 74/111/111
f 26/112/112 28/113/113 75/114/114
f 29/115/115 27/116/116 26/117/117
f 28/118/118 32/119/119 75/120/120
f 33/121/121 35/122/122 76/123/123
f 36/124/124 38/125/125 64/126/126
f 39/127/127 41/128/128 77/129/129
f 42/130/130 44/131/131 48/132/132
f 45/133/133 41/134/134 40/135/135
f 47/136/136 44/137/137 78/138/138
f 18/139/139 79/140/140 49/141/141
f 50/142/142 80/143/143 51/144/144
f 53/145/145 55/146/146 54/147/147
f 53/148/148 10/149/149 11/150/150
f 56/151/151 81/152/152 57/153/153
f 38/154/154 59/155/155 82/156/156
f 60/157/157 62/158/158 83/159/159
f 63/160/160 64/161/161 65/162/162
f 63/163/163 30/164/164 29/165/165
f 66/166/166 68/167/167 84/168/168
f 85/169/169 44/170/170 86/171/171
f 78/172/172 44/173/173 85/174/174
f 46/175/175 87/176/176 41/177/177
f 41/178/178 87/179/179 88/180/180
s 1
f 89/181/181 78/182/182 85/183/183
f 89/184/184 46/185/185 78/186/186
f 90/187/187 46/188/188 89/189/189
f 90/190/190 87/191/191 46/192/192
s 2
f 76/193/193 35/194/194 28/195/195
f 76/196/196 28/197/197 27/198/198
s 3
f 42/199/199 48/200/200 91/201/201
f 42/202/202 91/203/203 92/204/204
s 4
f 39/205/205 93/206/206 94/207/207
f 39/208/208 94/209/209 40/210/210
s 5
f 43/211/211 95/212/212 86/213/213
f 43/214/214 86/215/215 44/216/216
s 6
f 88/217/217 96/218/218 77/219/219
f 88/220/220 77/221/221 41/222/222
s 7
f 42/223/223 92/224/224 95/225/225
f 42/226/226 95/227/227 43/228/228
s 8
f 39/229/229 77/230/230 96/231/231
f 39/232/232 96/233/233 93/234/234
s 9
f 47/235/235 91/236/236 48/237/237
f 94/238/238 45/239/239 40/240/240
f 97/241/241 45/242/242 94/243/243
f 98/244/244 45/245/245 97/246/246
f 98/247/247 47/248/248 45/249/249
f 98/250/250 99/251/251 47/252/252
f 100/253/253 47/254/254 99/255/255
f 100/256/256 91/257/257 47/258/258
s 10
f 7/259/259 58/260/260 71/261/261
f 7/262/262 56/263/263 58/264/264
s 11
f 4/265/265 101/266/266 70/267/267
f 4/268/268 102/269/269 101/270/270
s 12
f 5/271/271 103/272/272 18/273/273
f 5/274/274 104/275/275 103/276/276
s 13
f 50/277/277 102/278/278 4/279/279
f 50/280/280 105/281/281 102/282/282
s 14
f 53/283/283 2/284/284 69/285/285
f 53/286/286 17/287/287 2/288/288
s 15
f 71/289/289 106/290/290 12/291/291
f 71/292/292 107/293/293 106/294/294
s 16
f 2/295/295 19/296/296 3/297/297
f 2/298/298 17/299/299 19/300/300
s 17
f 108/301/301 14/302/302 16/303/303
f 108/304/304 109/305/305 14/306/306
s 18
f 80/307/307 54/308/308 55/309/309
f 80/310/310 6/311/311 54/312/312
s 19
f 54/313/313 5/314/314 18/315/315
f 54/316/316 6/317/317 5/318/318
s 20
f 72/319/319 8/320/320 15/321/321
f 72/322/322 9/323/323 8/324/324
s 21
f 50/325/325 6/326/326 80/327/327
f 50/328/328 4/329/329 6/330/330
s 22
f 19/331/331 110/332/332 3/333/333
f 19/334/334 111/335/335 110/336/336
s 23
f 3/337/337 112/338/338 1/339/339
f 3/340/340 110/341/341 112/342/342
s 24
f 16/343/343 113/344/344 108/345/345
f 16/346/346 114/347/347 113/348/348
s 25
f 8/349/349 115/350/350 15/351/351
f 8/352/352 116/353/353 115/354/354
s 26
f 58/355/355 107/356/356 71/357/357
f 58/358/358 117/359/359 107/360/360
s 27
f 101/361/361 118/362/362 70/363/363
f 101/364/364 119/365/365 118/366/366
s 28
f 120/367/367 121/368/368 122/369/369
f 120/370/370 122/371/371 123/372/372
s 29
f 122/373/373 124/374/374 125/375/375
f 122/376/376 125/377/377 126/378/378
s 30
f 127/379/379 123/380/380 128/381/381
f 127/382/382 128/383/383 129/384/384
s 31
f 124/385/385 127/386/386 129/387/387
f 124/388/388 129/389/389 125/390/390
s 32
f 123/391/391 122/392/392 126/393/393
f 123/394/394 126/395/395 128/396/396
s 33
f 125/397/397 129/398/398 128/399/399
f 125/400/400 128/401/401 126/402/402
s 34
f 130/403/403 131/404/404 127/405/405
f 130/406/406 127/407/407 124/408/408
f 132/409/409 131/410/410 130/411/411
f 132/412/412 130/413/413 133/414/414
s 35
f 26/415/415 75/416/416 67/417/417
f 26/418/418 67/419/419 66/420/420
s 36
f 23/421/421 74/422/422 134/423/423
f 23/424/424 134/425/425 135/426/426
s 37
f 25/427/427 38/428/428 136/429/429
f 25/430/430 136/431/431 137/432/432
s 38
f 138/433/433 60/434/434 23/435/435
f 138/436/436 23/437/437 135/438/438
s 39
f 63/439/439 73/440/440 22/441/441
f 63/442/442 22/443/443 36/444/444
s 40
f 75/445/445 32/446/446 139/447/447
f 75/448/448 139/449/449 140/450/450
s 41
f 22/451/451 21/452/452 37/453/453
f 22/454/454 37/455/455 36/456/456
s 42
f 141/457/457 142/458/458 34/459/459
f 141/460/460 34/461/461 33/462/462
s 43
f 83/463/463 65/464/464 64/465/465
f 83/466/466 64/467/467 24/468/468
s 44
f 64/469/469 38/470/470 25/471/471
f 64/472/472 25/473/473 24/474/474
s 45
f 60/475/475 83/476/476 24/477/477
f 60/478/478 24/479/479 23/480/480
s 46
f 37/481/481 21/482/482 143/483/483
f 37/484/484 143/485/485 144/486/486
s 47
f 21/487/487 20/488/488 145/489/489
f 21/490/490 145/491/491 143/492/492
s 48
f 34/493/493 142/494/494 146/495/495
f 34/496/496 146/497/497 147/498/498
s 49
f 28/499/499 35/500/500 148/501/501
f 28/502/502 148/503/503 149/504/504
s 50
f 67/505/505 75/506/506 140/507/507
f 67/508/508 140/509/509 150/510/510
s 51
f 134/511/511 74/512/512 151/513/513
f 134/514/514 151/515/515 152/516/516
s 52
f 99/517/517 98/518/518 90/519/519
f 99/520/520 90/521/521 89/522/522
s 53
f 45/523/523 47/524/524 78/525/525
f 45/526/526 78/527/527 46/528/528
s 54
f 153/529/529 154/530/530 155/531/531
f 153/532/532 155/533/533 156/534/534
s 55
f 121/535/535 120/536/536 153/537/537
f 121/538/538 153/539/539 156/540/540
s 56
f 157/541/541 132/542/542 133/543/543
f 157/544/544 133/545/545 158/546/546
s 57
f 154/547/547 157/548/548 158/549/549
f 154/550/550 158/551/551 155/552/552
s 58
f 57/553/553 117/554/554 58/555/555
f 57/556/556 159/557/557 117/558/558
s 59
f 79/559/559 12/560/560 49/561/561
f 79/562/562 13/563/563 12/564/564
s 60
f 52/565/565 72/566/566 14/567/567
f 52/568/568 51/569/569 72/570/570
s 61
f 9/571/571 51/572/572 11/573/573
f 9/574/574 72/575/575 51/576/576
s 62
f 51/577/577 55/578/578 11/579/579
f 51/580/580 80/581/581 55/582/582
s 63
f 49/583/583 111/584/584 19/585/585
f 49/586/586 160/587/587 111/588/588
s 64
f 12/589/589 160/590/590 49/591/591
f 12/592/592 106/593/593 160/594/594
s 65
f 56/595/595 10/596/596 81/597/597
f 56/598/598 7/599/599 10/600/600
s 66
f 10/601/601 69/602/602 81/603/603
f 10/604/604 53/605/605 69/606/606
s 67
f 109/607/607 52/608/608 14/609/609
f 109/610/610 161/611/611 52/612/612
s 68
f 52/613/613 105/614/614 50/615/615
f 52/616/616 161/617/617 105/618/618
s 69
f 68/619/619 67/620/620 150/621/621
f 68/622/622 150/623/623 162/624/624
s 70
f 31/625/625 82/626/626 59/627/627
f 31/628/628 59/629/629 32/630/630
s 71
f 61/631/631 33/632/632 76/633/633
f 61/634/634 76/635/635 62/636/636
s 72
f 27/637/637 30/638/638 62/639/639
f 27/640/640 62/641/641 76/642/642
s 73
f 62/643/643 30/644/644 65/645/645
f 62/646/646 65/647/647 83/648/648
s 74
f 59/649/649 37/650/650 144/651/651
f 59/652/652 144/653/653 163/654/654
s 75
f 32/655/655 59/656/656 163/657/657
f 32/658/658 163/659/659 139/660/660
s 76
f 66/661/661 84/662/662 29/663/663
f 66/664/664 29/665/665 26/666/666
s 77
f 29/667/667 84/668/668 73/669/669
f 29/670/670 73/671/671 63/672/672
s 78
f 141/673/673 33/674/674 61/675/675
f 141/676/676 61/677/677 164/678/678
s 79
f 164/679/679 61/680/680 60/681/681
f 164/682/682 60/683/683 138/684/684
s 80
f 95/685/685 92/686/686 91/687/687
f 95/688/688 91/689/689 100/690/690
s 81
f 94/691/691 93/692/692 96/693/693
f 94/694/694 96/695/695 97/696/696
s 82
f 165/697/697 166/698/698 167/699/699
f 165/700/700 167/701/701 168/702/702
s 83
f 169/703/703 170/704/704 171/705/705
f 169/706/706 171/707/707 172/708/708
s 84
f 170/709/709 173/710/710 174/711/711
f 170/712/712 174/713/713 171/714/714
s 85
f 175/715/715 165/716/716 169/717/717
f 175/718/718 169/719/719 172/720/720
f 168/721/721 176/722/722 169/723/723
f 168/724/724 169/725/725 165/726/726
s 86
f 177/727/727 178/728/728 173/729/729
f 177/730/730 173/731/731 179/732/732
f 180/733/733 174/734/734 173/735/735
f 180/736/736 173/737/737 178/738/738
s 87
f 166/739/739 178/740/740 177/741/741
f 166/742/742 177/743/743 167/744/744
s 88
f 166/745/745 181/746/746 180/747/747
f 166/748/748 180/749/749 178/750/750
s 89
f 170/751/751 182/752/752 179/753/753
f 170/754/754 179/755/755 173/756/756
s 90
f 176/757/757 182/758/758 170/759/759
f 176/760/760 170/761/761 169/762/762
s 91
f 175/763/763 181/764/764 166/765/765
f 175/766/766 166/767/767 165/768/768
s 92
f 172/769/769 181/770/770 175/771/771
f 172/772/772 171/773/773 181/774/774
f 171/775/775 174/776/776 181/777/777
f 181/778/778 174/779/779 180/780/780
s 93
f 168/781/781 182/782/782 176/783/783
f 168/784/784 167/785/785 182/786/786
f 167/787/787 177/788/788 179/789/789
f 167/790/790 179/791/791 182/792/792
s 94
f 183/793/793 184/794/794 185/795/795
f 183/796/796 186/797/797 184/798/798
f 187/799/799 188/800/800 189/801/801
f 187/802/802 190/803/803 188/804/804
f 191/805/805 190/806/806 192/807/807
f 191/808/808 193/809/809 190/810/810
f 194/811/811 185/812/812 195/813/813
f 194/814/814 183/815/815 185/816/816
f 196/817/817 190/818/818 187/819/819
f 196/820/820 192/821/821 190/822/822
f 197/823/823 184/824/824 186/825/825
f 197/826/826 198/827/827 184/828/828
f 194/829/829 193/830/830 191/831/831
f 194/832/832 195/833/833 193/834/834
f 199/835/835 187/836/836 200/837/837
f 199/838/838 196/839/839 187/840/840
f 199/841/841 198/842/842 197/843/843
f 199/844/844 200/845/845 198/846/846
f 201/847/847 202/848/848 203/849/849
f 201/850/850 204/851/851 202/852/852
f 195/853/853 205/854/854 193/855/855
f 195/856/856 206/857/857 205/858/858
f 185/859/859 203/860/860 207/861/861
f 185/862/862 184/863/863 203/864/864
f 200/865/865 201/866/866 198/867/867
f 200/868/868 208/869/869 201/870/870
f 200/871/871 189/872/872 208/873/873
f 200/874/874 187/875/875 189/876/876
f 193/877/877 188/878/878 190/879/879
f 193/880/880 205/881/881 188/882/882
f 195/883/883 207/884/884 206/885/885
f 195/886/886 185/887/887 207/888/888
f 198/889/889 203/890/890 184/891/891
f 198/892/892 201/893/893 203/894/894
f 188/895/895 209/896/896 189/897/897
f 188/898/898 210/899/899 209/900/900
f 206/901/901 211/902/902 205/903/903
f 206/904/904 212/905/905 211/906/906
f 203/907/907 213/908/908 207/909/909
f 203/910/910 202/911/911 213/912/912
f 208/913/913 204/914/914 201/915/915
f 208/916/916 214/917/917 204/918/918
f 189/919/919 214/920/920 208/921/921
f 189/922/922 209/923/923 214/924/924
f 205/925/925 210/926/926 188/927/927
f 205/928/928 211/929/929 210/930/930
f 207/931/931 212/932/932 206/933/933
f 207/934/934 213/935/935 212/936/936
f 186/937/937 215/938/938 216/939/939
f 186/940/940 183/941/941 215/942/942
f 215/943/943 183/944/944 217/945/945
f 183/946/946 194/947/947 217/948/948
f 217/949/949 194/950/950 218/951/951
f 194/952/952 191/953/953 218/954/954
f 218/955/955 191/956/956 219/957/957
f 191/958/958 192/959/959 219/960/960
f 219/961/961 192/962/962 220/963/963
f 192/964/964 196/965/965 220/966/966
f 221/967/967 220/968/968 196/969/969
f 199/970/970 221/971/971 196/972/972
f 199/973/973 222/974/974 221/975/975
f 199/976/976 197/977/977 222/978/978
f 222/979/979 197/980/980 216/981/981
f 197/982/982 186/983/983 216/984/984
s 95
f 223/985/985 224/986/986 225/987/987
f 223/988/988 226/989/989 224/990/990
f 227/991/991 228/992/992 229/993/993
f 227/994/994 230/995/995 228/996/996
f 231/997/997 232/998/998 233/999/999
f 231/1000/1000 234/1001/1001 232/1002/1002
f 233/1003/1003 226/1004/1004 223/1005/1005
f 233/1006/1006 232/1007/1007 226/1008/1008
f 235/1009/1009 224/1010/1010 236/1011/1011
f 235/1012/1012 225/1013/1013 224/1014/1014
f 237/1015/1015 229/1016/1016 238/1017/1017
f 237/1018/1018 227/1019/1019 229/1020/1020
f 230/1021/1021 236/1022/1022 228/1023/1023
f 230/1024/1024 235/1025/1025 236/1026/1026
f 237/1027/1027 234/1028/1028 231/1029/1029
f 237/1030/1030 238/1031/1031 234/1032/1032
f 239/1033/1033 240/1034/1034 241/1035/1035
f 239/1036/1036 242/1037/1037 240/1038/1038
f 240/1039/1039 231/1040/1040 241/1041/1041
f 240/1042/1042 237/1043/1043 231/1044/1044
f 243/1045/1045 244/1046/1046 245/1047/1047
f 243/1048/1048 246/1049/1049 244/1050/1050
f 246/1051/1051 230/1052/1052 244/1053/1053
f 246/1054/1054 235/1055/1055 230/1056/1056
f 247/1057/1057 240/1058/1058 242/1059/1059
f 247/1060/1060 248/1061/1061 240/1062/1062
f 248/1063/1063 237/1064/1064 240/1065/1065
f 248/1066/1066 227/1067/1067 237/1068/1068
f 249/1069/1069 246/1070/1070 243/1071/1071
f 249/1072/1072 250/1073/1073 246/1074/1074
f 250/1075/1075 235/1076/1076 246/1077/1077
f 250/1078/1078 225/1079/1079 235/1080/1080
f 251/1081/1081 252/1082/1082 253/1083/1083
f 251/1084/1084 254/1085/1085 252/1086/1086
f 252/1087/1087 223/1088/1088 253/1089/1089
f 252/1090/1090 233/1091/1091 223/1092/1092
f 254/1093/1093 241/1094/1094 252/1095/1095
f 254/1096/1096 239/1097/1097 241/1098/1098
f 241/1099/1099 233/1100/1100 252/1101/1101
f 241/1102/1102 231/1103/1103 233/1104/1104
f 245/1105/1105 248/1106/1106 247/1107/1107
f 245/1108/1108 244/1109/1109 248/1110/1110
f 248/1111/1111 230/1112/1112 227/1113/1113
f 248/1114/1114 244/1115/1115 230/1116/1116
f 249/1117/1117 253/1118/1118 250/1119/1119
f 249/1120/1120 251/1121/1121 253/1122/1122
f 253/1123/1123 225/1124/1124 250/1125/1125
f 253/1126/1126 223/1127/1127 225/1128/1128
s 96
f 160/1129/1129 110/1130/1130 111/1131/1131
f 160/1132/1132 112/1133/1133 110/1134/1134
f 160/1135/1135 106/1136/1136 112/1137/1137
f 106/1138/1138 159/1139/1139 112/1140/1140
f 117/1141/1141 159/1142/1142 106/1143/1143
f 117/1144/1144 106/1145/1145 107/1146/1146
s 97
f 255/1147/1147 114/1148/1148 16/1149/1149
f 255/1150/1150 256/1151/1151 114/1152/1152
f 257/1153/1153 256/1154/1154 255/1155/1155
f 258/1156/1156 256/1157/1157 257/1158/1158
f 70/1159/1159 258/1160/1160 257/1161/1161
f 70/1162/1162 118/1163/1163 258/1164/1164
s 98
f 259/1165/1165 34/1166/1166 147/1167/1167
f 259/1168/1168 147/1169/1169 260/1170/1170
f 261/1171/1171 259/1172/1172 260/1173/1173
f 262/1174/1174 261/1175/1175 260/1176/1176
f 74/1177/1177 261/1178/1178 262/1179/1179
f 74/1180/1180 262/1181/1181 151/1182/1182
s 99
f 150/1183/1183 140/1184/1184 139/1185/1185
f 150/1186/1186 139/1187/1187 162/1188/1188
f 163/1189/1189 162/1190/1190 139/1191/1191
f 163/1192/1192 145/1193/1193 162/1194/1194
f 163/1195/1195 143/1196/1196 145/1197/1197
f 163/1198/1198 144/1199/1199 143/1200/1200
s 100
f 259/1201/1201 35/1202/1202 34/1203/1203
f 259/1204/1204 263/1205/1205 35/1206/1206
f 259/1207/1207 261/1208/1208 263/1209/1209
f 263/1210/1210 261/1211/1211 264/1212/1212
f 25/1213/1213 264/1214/1214 261/1215/1215
f 25/1216/1216 261/1217/1217 74/1218/1218
s 101
f 157/1219/1219 131/1220/1220 132/1221/1221
f 154/1222/1222 131/1223/1223 157/1224/1224
f 154/1225/1225 120/1226/1226 131/1227/1227
f 154/1228/1228 153/1229/1229 120/1230/1230
s 102
f 155/1231/1231 121/1232/1232 156/1233/1233
f 155/1234/1234 130/1235/1235 121/1236/1236
f 158/1237/1237 130/1238/1238 155/1239/1239
f 158/1240/1240 133/1241/1241 130/1242/1242
s 103
f 1/1243/1243 112/1244/1244 159/1245/1245
f 1/1246/1246 159/1247/1247 57/1248/1248
f 1/1249/1249 57/1250/1250 69/1251/1251
f 57/1252/1252 81/1253/1253 69/1254/1254
s 104
f 113/1255/1255 114/1256/1256 256/1257/1257
f 113/1258/1258 256/1259/1259 265/1260/1260
f 258/1261/1261 265/1262/1262 256/1263/1263
f 258/1264/1264 266/1265/1265 265/1266/1266
f 258/1267/1267 119/1268/1268 266/1269/1269
f 258/1270/1270 118/1271/1271 119/1272/1272
s 105
f 5/1273/1273 70/1274/1274 257/1275/1275
f 5/1276/1276 257/1277/1277 267/1278/1278
f 255/1279/1279 267/1280/1280 257/1281/1281
f 255/1282/1282 268/1283/1283 267/1284/1284
f 255/1285/1285 15/1286/1286 268/1287/1287
f 255/1288/1288 16/1289/1289 15/1290/1290
s 106
f 20/1291/1291 162/1292/1292 145/1293/1293
f 20/1294/1294 68/1295/1295 162/1296/1296
f 20/1297/1297 73/1298/1298 68/1299/1299
f 68/1300/1300 73/1301/1301 84/1302/1302
s 107
f 146/1303/1303 260/1304/1304 147/1305/1305
f 146/1306/1306 269/1307/1307 260/1308/1308
f 262/1309/1309 260/1310/1310 269/1311/1311
f 262/1312/1312 269/1313/1313 270/1314/1314
f 262/1315/1315 270/1316/1316 152/1317/1317
f 262/1318/1318 152/1319/1319 151/1320/1320
s 108
f 108/1321/1321 113/1322/1322 265/1323/1323
f 271/1324/1324 108/1325/1325 265/1326/1326
f 271/1327/1327 109/1328/1328 108/1329/1329
f 271/1330/1330 161/1331/1331 109/1332/1332
f 271/1333/1333 265/1334/1334 266/1335/1335
f 271/1336/1336 105/1337/1337 161/1338/1338
f 271/1339/1339 266/1340/1340 272/1341/1341
f 271/1342/1342 272/1343/1343 105/1344/1344
f 272/1345/1345 266/1346/1346 119/1347/1347
f 272/1348/1348 119/1349/1349 101/1350/1350
f 272/1351/1351 102/1352/1352 105/1353/1353
f 272/1354/1354 101/1355/1355 102/1356/1356
s 109
f 142/1357/1357 269/1358/1358 146/1359/1359
f 273/1360/1360 269/1361/1361 142/1362/1362
f 273/1363/1363 142/1364/1364 141/1365/1365
f 273/1366/1366 141/1367/1367 164/1368/1368
f 273/1369/1369 270/1370/1370 269/1371/1371
f 273/1372/1372 164/1373/1373 138/1374/1374
f 273/1375/1375 274/1376/1376 270/1377/1377
f 273/1378/1378 138/1379/1379 274/1380/1380
f 274/1381/1381 152/1382/1382 270/1383/1383
f 274/1384/1384 134/1385/1385 152/1386/1386
f 274/1387/1387 138/1388/1388 135/1389/1389
f 274/1390/1390 135/1391/1391 134/1392/1392
o rfhip,ox=-10.53,oy=-6.10,oz=12.56,p=pelvis,
v -19.695969 13.513156 13.251853
vn -0.374158 -0.922863 -0.499025
vt 0.134849831 0.505236983
v -12.402562 12.202537 13.119801
vn 0.285157 0.740072 0.782178
vt 0.127198413 0.529756010
v -19.256848 14.712671 13.243168
vn 0.284489 0.883876 -0.615316
vt 0.127225950 0.505236983
vn -0.374158 -0.922863 -0.499025
vt 0.134849831 0.505236983
v -12.841685 11.003021 13.128486
vn -0.256419 -0.739181 0.792871
vt 0.134827808 0.529756010
vn 0.285157 0.740072 0.782178
vt 0.127198413 0.529756010
vn 0.284489 0.883876 -0.615316
vt 0.134852588 0.505236983
v -12.425817 12.201804 11.842621
vn 0.256419 0.739181 -0.792871
vt 0.127198413 0.529756010
v -19.280103 14.711936 11.965986
vn 0.256419 0.739181 -0.792871
vt 0.127221584 0.505236983
vn 0.284489 0.883876 -0.615316
vt 0.134852588 0.505236983
vn 0.285157 0.740072 0.782178
vt 0.134827808 0.529756010
vn 0.256419 0.739181 -0.792871
vt 0.127198413 0.529756010
vn -0.374158 -0.922863 -0.499025
vt 0.127200246 0.505236983
v -12.864940 11.002289 11.851301
vn -0.285157 -0.740072 -0.782178
vt 0.134827808 0.529756010
vn -0.256419 -0.739181 0.792871
vt 0.127198413 0.529756010
vn -0.374158 -0.922863 -0.499025
vt 0.127200246 0.505236983
v -19.719225 13.512422 11.974671
vn -0.285157 -0.740072 -0.782178
vt 0.134828731 0.505236983
vn -0.285157 -0.740072 -0.782178
vt 0.134827808 0.529756010
vn -0.285157 -0.740072 -0.782178
vt 0.127205297 0.505236983
vn 0.256419 0.739181 -0.792871
vt 0.134827808 0.529756010
vn -0.285157 -0.740072 -0.782178
vt 0.127198413 0.529756010
vn -0.285157 -0.740072 -0.782178
vt 0.127205297 0.505236983
vn 0.256419 0.739181 -0.792871
vt 0.134835616 0.505236983
vn 0.256419 0.739181 -0.792871
vt 0.134827808 0.529756010
vn -1.045837 0.382957 0.018825
vt 0.139977932 0.525183976
vn -1.045837 0.382957 0.018825
vt 0.124471337 0.525192022
vn -1.045837 0.382957 0.018825
vt 0.124461696 0.510250986
vn -1.045837 0.382957 0.018825
vt 0.139977932 0.525183976
vn -1.045837 0.382957 0.018825
vt 0.124461696 0.510250986
vn -1.045837 0.382957 0.018825
vt 0.139968753 0.510244012
v -26.944871 16.338999 13.222933
vn -0.256196 -0.739181 0.792982
vt 0.125489429 0.509382010
v -19.660644 13.664492 12.135386
vn -0.285269 -0.739961 -0.782289
vt 0.131288692 0.528760016
v -19.643280 13.665038 13.088936
vn -0.256196 -0.739293 0.792760
vt 0.125490800 0.528760016
vn -0.256196 -0.739181 0.792982
vt 0.125489429 0.509382010
v -26.962232 16.338453 12.269382
vn -0.285380 -0.740072 -0.782066
vt 0.131287768 0.509382010
vn -0.285269 -0.739961 -0.782289
vt 0.131288692 0.528760016
vn -0.285380 -0.740072 -0.782066
vt 0.125489429 0.509382010
v -19.332791 14.560053 12.128901
vn 0.256196 0.739181 -0.792982
vt 0.131294876 0.528760016
vn -0.285269 -0.739961 -0.782289
vt 0.125496089 0.528760016
vn -0.285380 -0.740072 -0.782066
vt 0.125489429 0.509382010
v -26.634383 17.234014 12.262901
vn 0.256196 0.739293 -0.792760
vt 0.131287768 0.509382010
vn 0.256196 0.739181 -0.792982
vt 0.131294876 0.528760016
vn 0.256196 0.739181 -0.792982
vt 0.125507325 0.528760016
v -26.617021 17.234563 13.216448
vn 0.285269 0.739961 0.782289
vt 0.131287768 0.509382010
v -19.315430 14.560602 13.082454
vn 0.285380 0.740072 0.782066
vt 0.131306127 0.528760016
vn 0.256196 0.739181 -0.792982
vt 0.125507325 0.528760016
vn 0.256196 0.739293 -0.792760
vt 0.125489429 0.509382010
vn 0.285269 0.739961 0.782289
vt 0.131287768 0.509382010
vn 0.285380 0.740072 0.782066
vt 0.125505954 0.528760016
vn -0.256196 -0.739181 0.792982
vt 0.131287768 0.509382010
vn -0.256196 -0.739293 0.792760
vt 0.131301537 0.528760016
vn 0.285380 0.740072 0.782066
vt 0.125505954 0.528760016
vn 0.285269 0.739961 0.782289
vt 0.125489429 0.509382010
vn -0.256196 -0.739181 0.792982
vt 0.131287768 0.509382010
v -16.649964 12.012185 10.246483
vn -0.338513 0.200167 -1.042161
vt 0.903267086 0.859942019
v -21.512337 12.012182 14.755157
vn -0.000000 0.787636 0.787636
vt 0.938481390 0.875409007
v -16.649964 12.012182 14.755153
vn -0.000000 -0.105263 -1.108884
vt 0.903277636 0.875409007
vn -0.338513 0.200167 -1.042161
vt 0.903267086 0.859942019
v -21.512341 12.012185 10.246483
vn 0.000000 0.787636 -0.787636
vt 0.938484371 0.859942019
vn -0.000000 0.787636 0.787636
vt 0.938481390 0.875409007
v -16.649964 8.341660 14.755152
vn -1.025787 -0.320913 0.292398
vt 0.903266132 0.859942019
v -21.512344 9.113251 10.246482
vn -0.117405 -0.739961 -0.824283
vt 0.938481629 0.875409007
v -16.649964 8.341663 10.246482
vn -1.025787 -0.320913 -0.292398
vt 0.903264582 0.875409007
vn -1.025787 -0.320913 0.292398
vt 0.903266132 0.859942019
v -21.512344 9.113249 14.755155
vn -0.117405 -0.739961 0.824283
vt 0.938478410 0.859942019
vn -0.117405 -0.739961 -0.824283
vt 0.938481629 0.875409007
vn -0.338513 0.200167 -1.042161
vt 0.903264105 0.875409007
vn -0.117405 -0.739961 -0.824283
vt 0.938477695 0.859942019
vn 0.000000 0.787636 -0.787636
vt 0.938477695 0.875409007
vn -0.338513 0.200167 -1.042161
vt 0.903264105 0.875409007
vn -1.025787 -0.320913 -0.292398
vt 0.903262019 0.859942019
vn -0.117405 -0.739961 -0.824283
vt 0.938477695 0.859942019
vn -0.000000 -0.105263 -1.108884
vt 0.903280616 0.859942019
vn -0.117405 -0.739961 0.824283
vt 0.938477695 0.875409007
vn -1.025787 -0.320913 0.292398
vt 0.903270543 0.875409007
vn -0.000000 -0.105263 -1.108884
vt 0.903280616 0.859942019
vn -0.000000 0.787636 0.787636
vt 0.938477695 0.859942019
vn -0.117405 -0.739961 0.824283
vt 0.938477695 0.875409007
vn -0.440657 0.501365 -0.891785
vt 0.317329347 0.964591026
v -14.521702 12.812491 8.105792
vn -0.289947 1.070454 -0.103592
vt 0.327456146 0.973607004
v -16.649959 10.973094 8.105792
vn -0.712002 0.823837 0.234698
vt 0.313363224 0.974777997
vn -0.440657 0.501365 -0.891785
vt 0.317329347 0.964591026
v -14.521702 12.812489 16.895844
vn -0.289947 1.070454 0.103592
vt 0.327465534 0.936583996
vn -0.289947 1.070454 -0.103592
vt 0.327456146 0.973607004
vn -0.440657 0.501365 -0.891785
vt 0.317329347 0.964591026
vn 0.413478 1.032693 -0.057923
vt 0.317341059 0.945600986
vn -0.289947 1.070454 0.103592
vt 0.327465534 0.936583996
vn -0.289947 1.070454 0.103592
vt 0.327465534 0.936583996
vn 0.413478 1.032693 -0.057923
vt 0.317341059 0.945600986
v -16.649959 10.973090 16.895845
vn -1.048065 0.339515 0.164745
vt 0.313387990 0.935413003
vn -1.025787 -0.320913 -0.292398
vt 0.069280639 0.966166973
vn -0.338513 0.200167 -1.042161
vt 0.095955066 0.966166973
vn -1.048065 0.000111 0.377388
vt 0.088387623 0.977231026
v -16.649959 7.561181 8.105792
vn -0.779839 -0.795322 0.000000
vt 0.063608959 0.977231026
vn -1.025787 -0.320913 -0.292398
vt 0.069280639 0.966166973
vn -1.048065 0.000111 0.377388
vt 0.088387623 0.977231026
vn -1.025787 -0.320913 0.292398
vt 0.069286145 0.942865014
vn -1.025787 -0.320913 -0.292398
vt 0.069280639 0.966166973
vn -0.779839 -0.795322 0.000000
vt 0.063608959 0.977231026
vn -1.025787 -0.320913 0.292398
vt 0.069286145 0.942865014
vn -0.779839 -0.795322 0.000000
vt 0.063608959 0.977231026
v -16.649959 7.561179 16.895844
vn -0.779839 -0.795322 0.000000
vt 0.063621804 0.931801021
vn -1.048065 0.339515 0.164745
vt 0.088403456 0.931801021
vn -1.025787 -0.320913 0.292398
vt 0.069286145 0.942865014
vn -0.779839 -0.795322 0.000000
vt 0.063621804 0.931801021
vn -1.048065 0.339515 0.164745
vt 0.088403456 0.931801021
vn 0.413478 1.032693 -0.057923
vt 0.095963560 0.942865014
vn -1.025787 -0.320913 0.292398
vt 0.069286145 0.942865014
v -10.497328 7.681991 8.105793
vn 0.124199 -1.106990 0.000000
vt 0.039932135 0.909977019
v -6.243290 8.723179 10.179938
vn 0.264773 -1.081927 0.000000
vt 0.053909875 0.916424990
v -6.243290 8.723178 14.821698
vn 0.264773 -1.081927 0.000000
vt 0.053912401 0.930853009
vn 0.124199 -1.106990 0.000000
vt 0.039932135 0.909977019
vn 0.264773 -1.081927 0.000000
vt 0.053912401 0.930853009
v -10.497331 7.681990 16.895844
vn 0.124199 -1.106990 0.000000
vt 0.039936494 0.937300026
vn 0.124199 -1.106990 0.000000
vt 0.039932135 0.909977019
vn 0.124199 -1.106990 0.000000
vt 0.039936494 0.937300026
vn -0.779839 -0.795322 0.000000
vt 0.020832263 0.937300026
vn 0.124199 -1.106990 0.000000
vt 0.039932135 0.909977019
vn -0.779839 -0.795322 0.000000
vt 0.020832263 0.937300026
vn -0.779839 -0.795322 0.000000
vt 0.020827215 0.909977019
v -10.497330 12.812491 8.105796
vn -0.000000 1.113896 0.000000
vt 0.274964511 0.909088016
v -6.243290 12.812490 14.821699
vn -0.000000 1.113896 0.000000
vt 0.261356443 0.930585980
v -6.243290 12.812490 10.179939
vn -0.000000 1.113896 0.000000
vt 0.261353672 0.915727019
v -10.497330 12.812489 16.895845
vn -0.000000 1.113896 0.000000
vt 0.274982184 0.937225997
vn -0.000000 1.113896 0.000000
vt 0.261356443 0.930585980
vn -0.000000 1.113896 0.000000
vt 0.274964511 0.909088016
vn -0.000000 1.113896 0.000000
vt 0.274982184 0.937225997
vn -0.000000 1.113896 0.000000
vt 0.274964511 0.909088016
vn -0.289947 1.070454 0.103592
vt 0.287851661 0.937225997
vn -0.000000 1.113896 0.000000
vt 0.274964511 0.909088016
vn -0.289947 1.070454 -0.103592
vt 0.287843406 0.909088016
vn -0.289947 1.070454 0.103592
vt 0.287851661 0.937225997
v -10.517683 11.890181 9.796307
vn -0.000000 0.000000 -1.113896
vt 0.124940112 0.506388009
v -8.175504 16.693228 11.148563
vn 0.964634 0.000000 -0.556948
vt 0.138184741 0.530718982
v -8.175506 11.890180 11.148563
vn 0.964634 0.000000 -0.556948
vt 0.124940112 0.530718982
vn -0.000000 0.000000 -1.113896
vt 0.124940112 0.506388009
v -10.517681 16.693228 9.796308
vn -0.000000 0.000000 -1.113896
vt 0.138184741 0.506388009
vn 0.964634 0.000000 -0.556948
vt 0.138184741 0.530718982
vn 0.964634 0.000000 -0.556948
vt 0.138184741 0.506388009
v -8.175506 11.890179 13.853073
vn 0.964634 0.000000 0.556948
vt 0.124940112 0.530718982
vn 0.964634 0.000000 -0.556948
vt 0.124940112 0.506388009
vn 0.964634 0.000000 -0.556948
vt 0.138184741 0.506388009
v -8.175504 16.693228 13.853074
vn 0.964634 0.000000 0.556948
vt 0.138184741 0.530718982
vn 0.964634 0.000000 0.556948
vt 0.124940112 0.530718982
vn 0.964634 0.000000 0.556948
vt 0.138186812 0.506388009
v -10.517683 11.890179 15.205330
vn -0.000000 0.000000 1.113896
vt 0.124940112 0.530718982
vn 0.964634 0.000000 0.556948
vt 0.124940112 0.506388009
vn 0.964634 0.000000 0.556948
vt 0.138186812 0.506388009
v -10.517683 16.693228 15.205332
vn -0.000000 0.000000 1.113896
vt 0.138186812 0.530718982
vn -0.000000 0.000000 1.113896
vt 0.124940112 0.530718982
vn -0.000000 0.000000 1.113896
vt 0.138186812 0.506388009
v -12.859863 11.890179 13.853073
vn -0.964634 0.000000 0.556948
vt 0.124940112 0.530718982
vn -0.000000 0.000000 1.113896
vt 0.124940112 0.506388009
vn -0.000000 0.000000 1.113896
vt 0.138186812 0.506388009
v -12.859862 16.693228 13.853073
vn -0.964634 0.000000 0.556948
vt 0.138187498 0.530718982
vn -0.964634 0.000000 0.556948
vt 0.124940112 0.530718982
vn -0.964634 0.000000 0.556948
vt 0.138184965 0.506388009
v -12.859863 11.890180 11.148566
vn -0.964634 0.000000 -0.556948
vt 0.124940112 0.530718982
vn -0.964634 0.000000 0.556948
vt 0.124940112 0.506388009
vn -0.964634 0.000000 0.556948
vt 0.138184965 0.506388009
v -12.859862 16.693228 11.148566
vn -0.964634 0.000000 -0.556948
vt 0.138184741 0.530718982
vn -0.964634 0.000000 -0.556948
vt 0.124940112 0.530718982
vn -0.964634 0.000000 -0.556948
vt 0.124940112 0.506388009
vn -0.000000 0.000000 -1.113896
vt 0.138184741 0.530718982
vn -0.000000 0.000000 -1.113896
vt 0.124940112 0.530718982
vn -0.964634 0.000000 -0.556948
vt 0.124940112 0.506388009
vn -0.964634 0.000000 -0.556948
vt 0.138184741 0.506388009
vn -0.000000 0.000000 -1.113896
vt 0.138184741 0.530718982
vn -0.000000 0.000000 -1.113896
vt 0.076422669 0.926526010
vn 0.230354 0.000000 -1.089836
vt 0.067146704 0.940099001
vn -0.000000 0.000000 -1.113896
vt 0.066782095 0.926526010
vn -0.000000 0.000000 -1.113896
vt 0.076422669 0.926526010
vn 0.250515 0.000000 -1.085380
vt 0.081667565 0.940099001
vn 0.230354 0.000000 -1.089836
vt 0.067146704 0.940099001
vn -0.000000 0.000000 -1.113896
vt 0.076422669 0.926526010
vn -0.000000 0.000000 -1.113896
vt 0.081668712 0.931221008
vn 0.250515 0.000000 -1.085380
vt 0.081667565 0.940099001
vn 0.920078 0.000000 -0.627903
vt 0.070077308 0.950538993
vn 0.230354 0.000000 -1.089836
vt 0.067146704 0.940099001
vn 0.250515 0.000000 -1.085380
vt 0.081667565 0.940099001
vn 0.944584 0.000000 -0.590365
vt 0.081671692 0.950538993
vn 0.920078 0.000000 -0.627903
vt 0.070077308 0.950538993
vn 0.250515 0.000000 -1.085380
vt 0.081667565 0.940099001
vn 0.944584 0.000000 -0.590365
vt 0.081671692 0.950538993
vn 0.920078 0.000000 0.627903
vt 0.070095666 0.960779011
vn 0.920078 0.000000 -0.627903
vt 0.070077308 0.950538993
vn 0.944584 0.000000 -0.590365
vt 0.081671692 0.950538993
vn 0.944584 0.000000 0.590365
vt 0.081678808 0.960779011
vn 0.920078 0.000000 0.627903
vt 0.070095666 0.960779011
vn 0.920078 0.000000 0.627903
vt 0.070095666 0.960779011
vn 0.944584 0.000000 0.590365
vt 0.081678808 0.960779011
vn 0.250515 0.000000 1.085380
vt 0.081704967 0.971219003
vn 0.920078 0.000000 0.627903
vt 0.070095666 0.960779011
vn 0.250515 0.000000 1.085380
vt 0.081704967 0.971219003
vn 0.230354 0.000000 1.089836
vt 0.067182042 0.971219003
vn 0.250515 0.000000 1.085380
vt 0.081704967 0.971219003
vn -0.000000 0.000000 1.113896
vt 0.076459840 0.984791994
vn 0.230354 0.000000 1.089836
vt 0.067182042 0.971219003
vn 0.250515 0.000000 1.085380
vt 0.081704967 0.971219003
vn -0.000000 0.000000 1.113896
vt 0.081697166 0.980096996
vn -0.000000 0.000000 1.113896
vt 0.076459840 0.984791994
vn -0.000000 0.000000 1.113896
vt 0.076459840 0.984791994
vn -0.000000 0.000000 1.113896
vt 0.066816054 0.984791994
vn 0.230354 0.000000 1.089836
vt 0.067182042 0.971219003
s 110
f 275/1393/1393 276/1394/1394 277/1395/1395
f 275/1396/1396 278/1397/1397 276/1398/1398
f 277/1399/1399 279/1400/1400 280/1401/1401
f 277/1402/1402 276/1403/1403 279/1404/1404
f 275/1405/1405 281/1406/1406 278/1407/1407
f 275/1408/1408 282/1409/1409 281/1410/1410
f 282/1411/1411 279/1412/1412 281/1413/1413
f 282/1414/1414 280/1415/1415 279/1416/1416
s 111
f 277/1417/1417 280/1418/1418 282/1419/1419
f 277/1420/1420 282/1421/1421 275/1422/1422
s 112
f 283/1423/1423 284/1424/1424 285/1425/1425
f 283/1426/1426 286/1427/1427 284/1428/1428
f 286/1429/1429 287/1430/1430 284/1431/1431
f 286/1432/1432 288/1433/1433 287/1434/1434
f 287/1435/1435 289/1436/1436 290/1437/1437
f 287/1438/1438 288/1439/1439 289/1440/1440
f 290/1441/1441 283/1442/1442 285/1443/1443
f 290/1444/1444 289/1445/1445 283/1446/1446
s 113
f 291/1447/1447 292/1448/1448 293/1449/1449
f 291/1450/1450 294/1451/1451 292/1452/1452
f 295/1453/1453 296/1454/1454 297/1455/1455
f 295/1456/1456 298/1457/1457 296/1458/1458
f 291/1459/1459 296/1460/1460 294/1461/1461
f 291/1462/1462 297/1463/1463 296/1464/1464
f 293/1465/1465 298/1466/1466 295/1467/1467
f 293/1468/1468 292/1469/1469 298/1470/1470
f 291/1471/1471 299/1472/1472 300/1473/1473
f 291/1474/1474 301/1475/1475 299/1476/1476
f 291/1477/1477 293/1478/1478 301/1479/1479
f 301/1480/1480 293/1481/1481 302/1482/1482
f 297/1483/1483 291/1484/1484 300/1485/1485
f 303/1486/1486 297/1487/1487 300/1488/1488
f 295/1489/1489 297/1490/1490 303/1491/1491
f 295/1492/1492 303/1493/1493 304/1494/1494
f 302/1495/1495 295/1496/1496 304/1497/1497
f 302/1498/1498 293/1499/1499 295/1500/1500
f 305/1501/1501 306/1502/1502 307/1503/1503
f 305/1504/1504 307/1505/1505 308/1506/1506
f 305/1507/1507 308/1508/1508 304/1509/1509
f 305/1510/1510 304/1511/1511 303/1512/1512
f 309/1513/1513 310/1514/1514 311/1515/1515
f 312/1516/1516 310/1517/1517 309/1518/1518
f 312/1519/1519 309/1520/1520 301/1521/1521
f 309/1522/1522 299/1523/1523 301/1524/1524
s 114
f 313/1525/1525 314/1526/1526 315/1527/1527
f 313/1528/1528 316/1529/1529 314/1530/1530
f 314/1531/1531 317/1532/1532 315/1533/1533
f 314/1534/1534 318/1535/1535 317/1536/1536
f 318/1537/1537 319/1538/1538 317/1539/1539
f 318/1540/1540 320/1541/1541 319/1542/1542
f 320/1543/1543 321/1544/1544 319/1545/1545
f 320/1546/1546 322/1547/1547 321/1548/1548
f 322/1549/1549 323/1550/1550 321/1551/1551
f 322/1552/1552 324/1553/1553 323/1554/1554
f 323/1555/1555 316/1556/1556 313/1557/1557
f 323/1558/1558 324/1559/1559 316/1560/1560
s 115
f 300/1561/1561 305/1562/1562 303/1563/1563
f 300/1564/1564 309/1565/1565 305/1566/1566
f 300/1567/1567 299/1568/1568 309/1569/1569
f 306/1570/1570 305/1571/1571 309/1572/1572
f 311/1573/1573 306/1574/1574 309/1575/1575
f 311/1576/1576 307/1577/1577 306/1578/1578
f 311/1579/1579 310/1580/1580 307/1581/1581
f 307/1582/1582 310/1583/1583 312/1584/1584
f 307/1585/1585 312/1586/1586 308/1587/1587
f 312/1588/1588 302/1589/1589 308/1590/1590
f 312/1591/1591 301/1592/1592 302/1593/1593
f 302/1594/1594 304/1595/1595 308/1596/1596
o rfleg,ox=-9.26,oy=-5.14,oz=0.00,p=rfhip,
v -27.595664 16.352801 15.295282
vn -0.102813 1.109106 0.000000
vt 0.068262316 0.939163983
v -21.151683 13.149936 14.833544
vn 0.258981 1.083375 0.000000
vt 0.065088488 0.982179999
v -27.595664 16.352804 14.441266
vn -0.192370 1.097188 0.000000
vt 0.063111499 0.939114988
vn -0.102813 1.109106 0.000000
vt 0.068262316 0.939163983
v -21.151683 13.149934 16.476025
vn 0.240713 1.087608 0.000000
vt 0.074920885 0.982276022
vn 0.258981 1.083375 0.000000
vt 0.065088488 0.982179999
v -21.151683 6.468244 16.476025
vn -0.333055 -1.062991 0.000000
vt 0.068255432 0.517105997
v -19.138759 6.468244 14.833540
vn 0.420384 -1.031579 0.000000
vt 0.075883448 0.526404977
v -19.138757 6.468244 16.476027
vn 0.420384 -1.031579 0.000000
vt 0.068255432 0.526404977
vn -0.333055 -1.062991 0.000000
vt 0.068255432 0.517105997
v -21.151683 6.468244 14.833542
vn -0.354999 -1.055862 0.000000
vt 0.075883448 0.517105997
vn 0.420384 -1.031579 0.000000
vt 0.075883448 0.526404977
vn 0.240713 1.087608 0.000000
vt 0.068268284 0.580983996
v -19.138757 13.149936 14.833542
vn 0.420384 1.031579 0.000000
vt 0.075892165 0.571684003
vn 0.258981 1.083375 0.000000
vt 0.075891942 0.580983996
vn 0.240713 1.087608 0.000000
vt 0.068268284 0.580983996
v -19.138757 13.149934 16.476028
vn 0.420384 1.031579 0.000000
vt 0.068267822 0.571684003
vn 0.420384 1.031579 0.000000
vt 0.075892165 0.571684003
v -28.630990 12.022590 15.134150
vn -0.983904 -0.522194 0.000000
vt 0.072637111 0.519244015
vn -0.354999 -1.055862 0.000000
vt 0.077409096 0.578139007
vn -0.333055 -1.062991 0.000000
vt 0.066974379 0.578637004
vn -0.983904 -0.522194 0.000000
vt 0.072637111 0.519244015
v -28.630990 12.022590 14.387737
vn -0.998942 -0.492788 0.000000
vt 0.077393726 0.519017994
vn -0.354999 -1.055862 0.000000
vt 0.077409096 0.578139007
vn 0.420384 1.031579 0.000000
vt 0.075889416 0.566147983
v -17.735671 11.778763 16.476025
vn 1.026678 0.432192 -0.000000
vt 0.068262316 0.557084978
v -17.735672 11.778763 14.833544
vn 1.026678 0.432192 -0.000000
vt 0.075882994 0.557084978
vn 0.420384 1.031579 0.000000
vt 0.075889416 0.566147983
vn 0.420384 1.031579 0.000000
vt 0.068265297 0.566147983
vn 1.026678 0.432192 -0.000000
vt 0.068262316 0.557084978
vn 0.420384 -1.031579 0.000000
vt 0.068256117 0.529823005
v -17.735672 7.839408 14.833544
vn 1.026678 -0.432192 0.000000
vt 0.075876564 0.538886011
v -17.735671 7.839408 16.476025
vn 1.026678 -0.432192 0.000000
vt 0.068253137 0.538886011
vn 0.420384 -1.031579 0.000000
vt 0.068256117 0.529823005
vn 0.420384 -1.031579 0.000000
vt 0.075882532 0.529823005
vn 1.026678 -0.432192 0.000000
vt 0.075876564 0.538886011
vn 1.026678 -0.432192 0.000000
vt 0.075877711 0.557084978
vn 1.026678 0.432192 -0.000000
vt 0.068257265 0.538886011
vn 1.026678 -0.432192 0.000000
vt 0.068256579 0.557084978
vn 1.026678 -0.432192 0.000000
vt 0.075877711 0.557084978
vn 1.026678 0.432192 -0.000000
vt 0.075878173 0.538886011
vn 1.026678 0.432192 -0.000000
vt 0.068257265 0.538886011
v -28.630990 15.354824 15.134154
vn -1.018658 0.450571 0.000000
vt 0.113164000 0.358597010
vn -0.998942 -0.492788 0.000000
vt 0.105775073 0.319426000
vn -0.983904 -0.522194 0.000000
vt 0.114442982 0.319720000
vn -1.018658 0.450571 0.000000
vt 0.113164000 0.358597010
v -28.630990 15.354824 14.387740
vn -1.027346 0.430521 0.000000
vt 0.104432300 0.358303010
vn -0.998942 -0.492788 0.000000
vt 0.105775073 0.319426000
vn -1.018658 0.450571 0.000000
vt 0.113164000 0.358597010
vn -0.192370 1.097188 0.000000
vt 0.104493335 0.375101000
vn -1.027346 0.430521 0.000000
vt 0.104432300 0.358303010
vn -1.018658 0.450571 0.000000
vt 0.113164000 0.358597010
vn -0.102813 1.109106 0.000000
vt 0.114457667 0.375436991
vn -0.192370 1.097188 0.000000
vt 0.104493335 0.375101000
v -21.151687 6.468245 10.159067
vn -0.354999 -1.055862 0.000000
vt 0.077283815 0.578140020
v -28.630990 12.022593 9.867384
vn -0.983904 -0.522194 0.000000
vt 0.072572179 0.519244015
v -21.151683 6.468245 8.525622
vn -0.333055 -1.062991 0.000000
vt 0.066968873 0.578638017
vn -0.354999 -1.055862 0.000000
vt 0.077283815 0.578140020
v -28.630990 12.022593 10.607809
vn -0.999053 -0.492676 0.000000
vt 0.077271655 0.519017994
vn -0.983904 -0.522194 0.000000
vt 0.072572179 0.519244015
v -21.151683 13.149938 8.525624
vn 0.240713 1.087608 0.000000
vt 0.068316929 0.581192017
v -19.138761 13.149938 10.159068
vn 0.420384 1.031579 0.000000
vt 0.075882994 0.571892023
v -19.138761 13.149938 8.525624
vn 0.420384 1.031579 0.000000
vt 0.068316929 0.571892023
vn 0.240713 1.087608 0.000000
vt 0.068316929 0.581192017
v -21.151687 13.149938 10.159068
vn 0.258981 1.083375 0.000000
vt 0.075882994 0.581192017
vn 0.420384 1.031579 0.000000
vt 0.075882994 0.571892023
vn -0.333055 -1.062991 0.000000
vt 0.068311878 0.580330014
v -19.138761 6.468245 10.159067
vn 0.420384 -1.031579 0.000000
vt 0.075880922 0.571030021
vn -0.354999 -1.055862 0.000000
vt 0.075880699 0.580330014
vn -0.333055 -1.062991 0.000000
vt 0.068311878 0.580330014
v -19.138761 6.468245 8.525622
vn 0.420384 -1.031579 0.000000
vt 0.068311878 0.571030021
vn 0.420384 -1.031579 0.000000
vt 0.075880922 0.571030021
vn 0.258981 1.083375 0.000000
vt 0.065080225 0.982179999
v -27.595664 16.352804 9.706259
vn -0.102813 1.109106 0.000000
vt 0.068186596 0.939164996
v -27.595664 16.352804 10.553913
vn -0.192481 1.097188 0.000000
vt 0.063113794 0.939113975
vn 0.258981 1.083375 0.000000
vt 0.065080225 0.982179999
vn 0.240713 1.087608 0.000000
vt 0.074846767 0.982279003
vn -0.102813 1.109106 0.000000
vt 0.068186596 0.939164996
v -28.630990 15.354825 10.607809
vn -1.027346 0.430409 0.000000
vt 0.114442065 0.336558014
vn -0.983904 -0.522194 0.000000
vt 0.124390796 0.375142992
vn -0.999053 -0.492676 0.000000
vt 0.115784839 0.375434995
vn -1.027346 0.430409 0.000000
vt 0.114442065 0.336558014
v -28.630990 15.354825 9.867384
vn -1.018658 0.450571 0.000000
vt 0.123111121 0.336266011
vn -0.983904 -0.522194 0.000000
vt 0.124390796 0.375142992
vn -1.027346 0.430409 0.000000
vt 0.114442065 0.336558014
vn -0.192481 1.097188 0.000000
vt 0.114504479 0.319759995
vn -1.018658 0.450571 0.000000
vt 0.123111121 0.336266011
vn -0.192481 1.097188 0.000000
vt 0.114504479 0.319759995
vn -0.102813 1.109106 0.000000
vt 0.124398597 0.319426000
vn -1.018658 0.450571 0.000000
vt 0.123111121 0.336266011
v -17.735671 7.839409 10.159064
vn 1.026678 -0.432192 0.000000
vt 0.075873122 0.557084978
vn 0.420384 -1.031579 0.000000
vt 0.075878859 0.566147983
vn 0.420384 -1.031579 0.000000
vt 0.068309814 0.566147983
v -17.735672 7.839409 8.525622
vn 1.026678 -0.432192 0.000000
vt 0.068304762 0.557084978
vn 1.026678 -0.432192 0.000000
vt 0.075873122 0.557084978
vn 0.420384 -1.031579 0.000000
vt 0.068309814 0.566147983
vn 1.026678 -0.432192 0.000000
vt 0.068304762 0.557084978
v -17.735671 11.778766 10.159065
vn 1.026678 0.432192 -0.000000
vt 0.075870372 0.538886011
vn 1.026678 -0.432192 0.000000
vt 0.075873122 0.557084978
vn 1.026678 -0.432192 0.000000
vt 0.068304762 0.557084978
v -17.735672 11.778766 8.525624
vn 1.026678 0.432192 -0.000000
vt 0.068304077 0.538886011
vn 1.026678 0.432192 -0.000000
vt 0.075870372 0.538886011
vn 1.026678 0.432192 -0.000000
vt 0.075870372 0.538886011
vn 1.026678 0.432192 -0.000000
vt 0.068304077 0.538886011
vn 0.420384 1.031579 0.000000
vt 0.068312109 0.529823005
vn 1.026678 0.432192 -0.000000
vt 0.075870372 0.538886011
vn 0.420384 1.031579 0.000000
vt 0.068312109 0.529823005
vn 0.420384 1.031579 0.000000
vt 0.075878859 0.529823005
v -19.785697 11.466045 7.647879
vn -0.000000 1.113896 0.000000
vt 0.356580913 0.503216028
v -21.261116 10.614210 17.353767
vn -0.964634 0.556948 0.000000
vt 0.313081443 0.517714977
v -19.785700 11.466043 17.353767
vn -0.000000 1.113896 0.000000
vt 0.313081443 0.503216028
vn -0.000000 1.113896 0.000000
vt 0.356580913 0.503216028
v -21.261116 10.614213 7.647879
vn -0.964634 0.556948 0.000000
vt 0.356580913 0.517714977
vn -0.964634 0.556948 0.000000
vt 0.313081443 0.517714977
vn -0.964634 0.556948 0.000000
vt 0.313081443 0.517714977
vn -0.964634 0.556948 0.000000
vt 0.356580913 0.517714977
v -21.261116 8.910544 17.353767
vn -0.964634 -0.556948 0.000000
vt 0.313073874 0.532213986
vn -0.964634 0.556948 0.000000
vt 0.356580913 0.517714977
v -21.261116 8.910546 7.647879
vn -0.964634 -0.556948 0.000000
vt 0.356574953 0.532213986
vn -0.964634 -0.556948 0.000000
vt 0.313073874 0.532213986
vn -0.964634 -0.556948 0.000000
vt 0.313073874 0.532213986
vn -0.964634 -0.556948 0.000000
vt 0.356574953 0.532213986
v -19.785700 8.058711 17.353767
vn -0.000000 -1.113896 0.000000
vt 0.313067228 0.546711981
vn -0.964634 -0.556948 0.000000
vt 0.356574953 0.532213986
v -19.785697 8.058715 7.647879
vn -0.000000 -1.113896 0.000000
vt 0.356573820 0.546711981
vn -0.000000 -1.113896 0.000000
vt 0.313067228 0.546711981
vn -0.000000 -1.113896 0.000000
vt 0.313067228 0.546711981
vn -0.000000 -1.113896 0.000000
vt 0.356573820 0.546711981
v -18.310280 8.910544 17.353767
vn 0.964634 -0.556948 0.000000
vt 0.313068360 0.561210990
vn -0.000000 -1.113896 0.000000
vt 0.356573820 0.546711981
v -18.310281 8.910546 7.647878
vn 0.964634 -0.556948 0.000000
vt 0.356569916 0.561210990
vn 0.964634 -0.556948 0.000000
vt 0.313068360 0.561210990
vn 0.964634 -0.556948 0.000000
vt 0.313068360 0.561210990
vn 0.964634 -0.556948 0.000000
vt 0.356569916 0.561210990
v -18.310280 10.614210 17.353767
vn 0.964634 0.556948 0.000000
vt 0.313075483 0.575709999
vn 0.964634 -0.556948 0.000000
vt 0.356569916 0.561210990
v -18.310281 10.614213 7.647878
vn 0.964634 0.556948 0.000000
vt 0.356574267 0.575709999
vn 0.964634 0.556948 0.000000
vt 0.313075483 0.575709999
vn 0.964634 0.556948 0.000000
vt 0.313075483 0.575709999
vn 0.964634 0.556948 0.000000
vt 0.356574267 0.575709999
vn -0.000000 1.113896 0.000000
vt 0.313079834 0.590207994
vn 0.964634 0.556948 0.000000
vt 0.356574267 0.575709999
vn -0.000000 1.113896 0.000000
vt 0.356577694 0.590207994
vn -0.000000 1.113896 0.000000
vt 0.313079834 0.590207994
vn -0.189808 0.004567 1.097633
vt 0.047031946 0.937637985
vn -0.171317 0.000000 1.100641
vt 0.049155559 0.934010983
vn -0.194486 0.003453 1.096742
vt 0.046463817 0.924727023
vn -0.111390 0.001114 1.108326
vt 0.026231809 0.934005022
vn -0.189808 0.004567 1.097633
vt 0.047031946 0.937637985
vn -0.194486 0.003453 1.096742
vt 0.046463817 0.924727023
vn -0.111390 0.001114 1.108326
vt 0.026231809 0.934005022
vn -0.194486 0.003453 1.096742
vt 0.046463817 0.924727023
vn -0.073851 0.000000 1.111445
vt 0.020855209 0.915387988
vn -0.111390 0.001114 1.108326
vt 0.026231809 0.934005022
vn -0.000000 0.000000 1.113896
vt 0.015605725 0.932944000
vn -0.000000 0.000000 1.113896
vt 0.020615427 0.935630977
vn -0.000000 0.000000 1.113896
vt 0.012427538 0.921967983
vn -0.000000 0.000000 1.113896
vt 0.015605725 0.932944000
vn -0.111390 0.001114 1.108326
vt 0.026231809 0.934005022
vn -0.000000 0.000000 1.113896
vt 0.012427538 0.921967983
vn -0.111390 0.001114 1.108326
vt 0.026231809 0.934005022
vn -0.073851 0.000000 1.111445
vt 0.020855209 0.915387988
vn -0.000000 0.000000 1.113896
vt 0.012427538 0.921967983
vn -0.073851 0.000000 1.111445
vt 0.020855209 0.915387988
vn -0.000000 0.000000 1.113896
vt 0.015238826 0.917014003
v -26.439849 14.856732 8.550642
vn -0.000000 1.113896 0.000000
vt 0.357071042 0.518890023
v -27.872840 14.029392 16.451004
vn -0.964634 0.556948 0.000000
vt 0.314594924 0.533044994
v -26.439849 14.856729 16.451008
vn -0.000000 1.113896 0.000000
vt 0.314602733 0.518890023
vn -0.000000 1.113896 0.000000
vt 0.357071042 0.518890023
v -27.872840 14.029394 8.550638
vn -0.964634 0.556948 0.000000
vt 0.357063681 0.533044994
vn -0.964634 0.556948 0.000000
vt 0.314594924 0.533044994
vn -0.964634 0.556948 0.000000
vt 0.314594924 0.533044994
vn -0.964634 0.556948 0.000000
vt 0.357063681 0.533044994
v -27.872840 12.374711 16.451004
vn -0.964634 -0.556948 0.000000
vt 0.314590096 0.547199011
vn -0.964634 0.556948 0.000000
vt 0.357063681 0.533044994
v -27.872840 12.374713 8.550638
vn -0.964634 -0.556948 0.000000
vt 0.357059807 0.547199011
vn -0.964634 -0.556948 0.000000
vt 0.314590096 0.547199011
vn -0.964634 -0.556948 0.000000
vt 0.314590096 0.547199011
vn -0.964634 -0.556948 0.000000
vt 0.357059807 0.547199011
v -26.439849 11.547370 16.451004
vn -0.000000 -1.113896 0.000000
vt 0.314593107 0.561353028
vn -0.964634 -0.556948 0.000000
vt 0.357059807 0.547199011
v -26.439849 11.547372 8.550640
vn -0.000000 -1.113896 0.000000
vt 0.357059807 0.561353028
vn -0.000000 -1.113896 0.000000
vt 0.314593107 0.561353028
vn -0.000000 -1.113896 0.000000
vt 0.314593107 0.561353028
vn -0.000000 -1.113896 0.000000
vt 0.357059807 0.561353028
v -25.006856 12.374711 16.451003
vn 0.964634 -0.556948 0.000000
vt 0.314594686 0.575506985
vn -0.000000 -1.113896 0.000000
vt 0.357059807 0.561353028
v -25.006856 12.374713 8.550640
vn 0.964634 -0.556948 0.000000
vt 0.357057959 0.575506985
vn 0.964634 -0.556948 0.000000
vt 0.314594686 0.575506985
vn 0.964634 -0.556948 0.000000
vt 0.314594686 0.575506985
vn 0.964634 -0.556948 0.000000
vt 0.357057959 0.575506985
v -25.006856 14.029392 16.451003
vn 0.964634 0.556948 0.000000
vt 0.314603180 0.589662015
vn 0.964634 -0.556948 0.000000
vt 0.357057959 0.575506985
v -25.006856 14.029394 8.550640
vn 0.964634 0.556948 0.000000
vt 0.357064843 0.589662015
vn 0.964634 0.556948 0.000000
vt 0.314603180 0.589662015
vn 0.964634 0.556948 0.000000
vt 0.314603180 0.589662015
vn 0.964634 0.556948 0.000000
vt 0.357064843 0.589662015
vn -0.000000 1.113896 0.000000
vt 0.357068509 0.603815973
vn 0.964634 0.556948 0.000000
vt 0.314603180 0.589662015
vn -0.000000 1.113896 0.000000
vt 0.357068509 0.603815973
vn -0.000000 1.113896 0.000000
vt 0.314604789 0.603815973
vn -0.189808 0.004567 -1.097633
vt 0.047005329 0.937698007
vn -0.194486 0.003453 -1.096742
vt 0.046450049 0.924786985
vn -0.171317 0.000000 -1.100641
vt 0.049137201 0.934071004
vn -0.111390 0.001114 -1.108326
vt 0.026197162 0.934064984
vn -0.194486 0.003453 -1.096742
vt 0.046450049 0.924786985
vn -0.189808 0.004567 -1.097633
vt 0.047005329 0.937698007
vn -0.111390 0.001114 -1.108326
vt 0.026197162 0.934064984
vn -0.073851 0.000000 -1.111445
vt 0.020764804 0.915448010
vn -0.194486 0.003453 -1.096742
vt 0.046450049 0.924786985
vn -0.073851 0.000000 -1.111445
vt 0.020764804 0.915448010
vn -0.000000 0.000000 -1.113896
vt 0.012337132 0.922026992
vn -0.000000 0.000000 -1.113896
vt 0.015147733 0.917074025
vn -0.000000 0.000000 -1.113896
vt 0.015511420 0.933004022
vn -0.000000 0.000000 -1.113896
vt 0.012337132 0.922026992
vn -0.073851 0.000000 -1.111445
vt 0.020764804 0.915448010
vn -0.111390 0.001114 -1.108326
vt 0.026197162 0.934064984
vn -0.000000 0.000000 -1.113896
vt 0.015511420 0.933004022
vn -0.073851 0.000000 -1.111445
vt 0.020764804 0.915448010
vn -0.111390 0.001114 -1.108326
vt 0.026197162 0.934064984
vn -0.000000 0.000000 -1.113896
vt 0.020580780 0.935690999
vn -0.000000 0.000000 -1.113896
vt 0.015511420 0.933004022
vn 0.065497 -0.001225 -1.112002
vt 0.046387866 0.924751997
vn 0.057477 0.000000 -1.112448
vt 0.049134448 0.934018016
vn 0.063938 -0.001559 -1.112114
vt 0.047059253 0.937650025
vn 0.037427 -0.000334 -1.113228
vt 0.026493847 0.934077978
vn 0.065497 -0.001225 -1.112002
vt 0.046387866 0.924751997
vn 0.063938 -0.001559 -1.112114
vt 0.047059253 0.937650025
vn 0.037427 -0.000334 -1.113228
vt 0.026493847 0.934077978
vn 0.024728 0.000000 -1.113673
vt 0.020941025 0.915498018
vn 0.065497 -0.001225 -1.112002
vt 0.046387866 0.924751997
vn 0.037427 -0.000334 -1.113228
vt 0.026493847 0.934077978
vn -0.000000 0.000000 -1.113896
vt 0.020878384 0.935742021
vn -0.000000 0.000000 -1.113896
vt 0.015871665 0.933088005
vn 0.037427 -0.000334 -1.113228
vt 0.026493847 0.934077978
vn -0.000000 0.000000 -1.113896
vt 0.015871665 0.933088005
vn 0.024728 0.000000 -1.113673
vt 0.020941025 0.915498018
vn -0.000000 0.000000 -1.113896
vt 0.015871665 0.933088005
vn -0.000000 0.000000 -1.113896
vt 0.012577143 0.922133982
vn 0.024728 0.000000 -1.113673
vt 0.020941025 0.915498018
vn 0.024728 0.000000 -1.113673
vt 0.020941025 0.915498018
vn -0.000000 0.000000 -1.113896
vt 0.012577143 0.922133982
vn -0.000000 0.000000 -1.113896
vt 0.015387285 0.917160988
vn 0.064272 -0.001559 1.112002
vt 0.047120288 0.937547028
vn 0.057923 0.000000 1.112336
vt 0.049195483 0.933915019
vn 0.065943 -0.001225 1.111891
vt 0.046387866 0.924649000
vn 0.037650 -0.000334 1.113228
vt 0.026498895 0.933974981
vn 0.064272 -0.001559 1.112002
vt 0.047120288 0.937547028
vn 0.065943 -0.001225 1.111891
vt 0.046387866 0.924649000
vn 0.037650 -0.000334 1.113228
vt 0.026498895 0.933974981
vn 0.065943 -0.001225 1.111891
vt 0.046387866 0.924649000
vn 0.024840 0.000000 1.113673
vt 0.021010090 0.915395021
vn -0.000000 0.000000 1.113896
vt 0.015871894 0.932985008
vn -0.000000 0.000000 1.113896
vt 0.020944007 0.935639024
vn 0.037650 -0.000334 1.113228
vt 0.026498895 0.933974981
vn -0.000000 0.000000 1.113896
vt 0.015871894 0.932985008
vn 0.037650 -0.000334 1.113228
vt 0.026498895 0.933974981
vn 0.024840 0.000000 1.113673
vt 0.021010090 0.915395021
vn -0.000000 0.000000 1.113896
vt 0.015871894 0.932985008
vn 0.024840 0.000000 1.113673
vt 0.021010090 0.915395021
vn -0.000000 0.000000 1.113896
vt 0.012642996 0.922030985
vn 0.024840 0.000000 1.113673
vt 0.021010090 0.915395021
vn -0.000000 0.000000 1.113896
vt 0.015394856 0.917057991
vn -0.000000 0.000000 1.113896
vt 0.012642996 0.922030985
vn -0.000000 0.000000 1.113896
vt 0.741318524 0.885608971
vn -0.000000 0.000000 1.113896
vt 0.725083411 0.894968987
vn -0.000000 0.000000 1.113896
vt 0.725084126 0.913689017
vn -0.000000 0.000000 1.113896
vt 0.741318524 0.885608971
vn -0.000000 0.000000 1.113896
vt 0.725084126 0.913689017
vn -0.000000 0.000000 1.113896
vt 0.741320372 0.923048973
vn -0.000000 0.000000 1.113896
vt 0.741318524 0.885608971
vn -0.000000 0.000000 1.113896
vt 0.741320372 0.923048973
vn -0.000000 0.000000 1.113896
vt 0.757494926 0.913689017
vn -0.000000 0.000000 1.113896
vt 0.741318524 0.885608971
vn -0.000000 0.000000 1.113896
vt 0.757494926 0.913689017
vn -0.000000 0.000000 1.113896
vt 0.757493794 0.894968987
vn -0.000000 0.000000 -1.113896
vt 0.740796328 0.922656000
vn -0.000000 0.000000 -1.113896
vt 0.724803925 0.913408995
vn -0.000000 0.000000 -1.113896
vt 0.724800289 0.894914985
vn -0.000000 0.000000 -1.113896
vt 0.740796328 0.922656000
vn -0.000000 0.000000 -1.113896
vt 0.724800289 0.894914985
vn -0.000000 0.000000 -1.113896
vt 0.740792155 0.885668993
vn -0.000000 0.000000 -1.113896
vt 0.740796328 0.922656000
vn -0.000000 0.000000 -1.113896
vt 0.740792155 0.885668993
vn -0.000000 0.000000 -1.113896
vt 0.756849706 0.894914985
vn -0.000000 0.000000 -1.113896
vt 0.740796328 0.922656000
vn -0.000000 0.000000 -1.113896
vt 0.756849706 0.894914985
vn -0.000000 0.000000 -1.113896
vt 0.756849706 0.913408995
vn -0.000000 0.000000 -1.113896
vt 0.741465151 0.923048973
vn -0.000000 0.000000 -1.113896
vt 0.757639050 0.894968987
vn -0.000000 0.000000 -1.113896
vt 0.757639706 0.913689017
vn -0.000000 0.000000 -1.113896
vt 0.741465390 0.885608971
vn -0.000000 0.000000 -1.113896
vt 0.757639050 0.894968987
vn -0.000000 0.000000 -1.113896
vt 0.741465151 0.923048973
vn -0.000000 0.000000 -1.113896
vt 0.741465390 0.885608971
vn -0.000000 0.000000 -1.113896
vt 0.741465151 0.923048973
vn -0.000000 0.000000 -1.113896
vt 0.725228667 0.894968987
vn -0.000000 0.000000 -1.113896
vt 0.741465151 0.923048973
vn -0.000000 0.000000 -1.113896
vt 0.725228906 0.913689017
vn -0.000000 0.000000 -1.113896
vt 0.725228667 0.894968987
vn -0.000000 0.000000 1.113896
vt 0.724833310 0.913408995
vn -0.000000 0.000000 1.113896
vt 0.756884098 0.913408995
vn -0.000000 0.000000 1.113896
vt 0.740891278 0.922656000
vn -0.000000 0.000000 1.113896
vt 0.756883204 0.894914985
vn -0.000000 0.000000 1.113896
vt 0.756884098 0.913408995
vn -0.000000 0.000000 1.113896
vt 0.724833310 0.913408995
vn -0.000000 0.000000 1.113896
vt 0.756883204 0.894914985
vn -0.000000 0.000000 1.113896
vt 0.724833310 0.913408995
vn -0.000000 0.000000 1.113896
vt 0.740890145 0.885668993
vn -0.000000 0.000000 1.113896
vt 0.724833310 0.913408995
vn -0.000000 0.000000 1.113896
vt 0.724832892 0.894914985
vn -0.000000 0.000000 1.113896
vt 0.740890145 0.885668993
s 116
f 325/1597/1597 326/1598/1598 327/1599/1599
f 325/1600/1600 328/1601/1601 326/1602/1602
f 329/1603/1603 330/1604/1604 331/1605/1605
f 329/1606/1606 332/1607/1607 330/1608/1608
f 328/1609/1609 333/1610/1610 326/1611/1611
f 328/1612/1612 334/1613/1613 333/1614/1614
f 335/1615/1615 332/1616/1616 329/1617/1617
f 335/1618/1618 336/1619/1619 332/1620/1620
f 333/1621/1621 337/1622/1622 338/1623/1623
f 333/1624/1624 334/1625/1625 337/1626/1626
f 331/1627/1627 339/1628/1628 340/1629/1629
f 331/1630/1630 330/1631/1631 339/1632/1632
f 339/1633/1633 337/1634/1634 340/1635/1635
f 339/1636/1636 338/1637/1637 337/1638/1638
f 341/1639/1639 336/1640/1640 335/1641/1641
f 341/1642/1642 342/1643/1643 336/1644/1644
f 341/1645/1645 327/1646/1646 342/1647/1647
f 341/1648/1648 325/1649/1649 327/1650/1650
s 117
f 343/1651/1651 344/1652/1652 345/1653/1653
f 343/1654/1654 346/1655/1655 344/1656/1656
f 347/1657/1657 348/1658/1658 349/1659/1659
f 347/1660/1660 350/1661/1661 348/1662/1662
f 345/1663/1663 351/1664/1664 343/1665/1665
f 345/1666/1666 352/1667/1667 351/1668/1668
f 350/1669/1669 353/1670/1670 354/1671/1671
f 350/1672/1672 347/1673/1673 353/1674/1674
f 355/1675/1675 344/1676/1676 346/1677/1677
f 355/1678/1678 356/1679/1679 344/1680/1680
f 355/1681/1681 354/1682/1682 356/1683/1683
f 354/1684/1684 353/1685/1685 356/1686/1686
f 357/1687/1687 351/1688/1688 352/1689/1689
f 358/1690/1690 357/1691/1691 352/1692/1692
f 358/1693/1693 359/1694/1694 357/1695/1695
f 358/1696/1696 360/1697/1697 359/1698/1698
f 359/1699/1699 360/1700/1700 349/1701/1701
f 359/1702/1702 349/1703/1703 348/1704/1704
s 118
f 361/1705/1705 362/1706/1706 363/1707/1707
f 361/1708/1708 364/1709/1709 362/1710/1710
f 362/1711/1711 364/1712/1712 365/1713/1713
f 364/1714/1714 366/1715/1715 365/1716/1716
f 365/1717/1717 366/1718/1718 367/1719/1719
f 366/1720/1720 368/1721/1721 367/1722/1722
f 367/1723/1723 368/1724/1724 369/1725/1725
f 368/1726/1726 370/1727/1727 369/1728/1728
f 369/1729/1729 370/1730/1730 371/1731/1731
f 370/1732/1732 372/1733/1733 371/1734/1734
f 371/1735/1735 372/1736/1736 363/1737/1737
f 372/1738/1738 361/1739/1739 363/1740/1740
s 119
f 325/1741/1741 341/1742/1742 335/1743/1743
f 328/1744/1744 325/1745/1745 335/1746/1746
f 328/1747/1747 335/1748/1748 329/1749/1749
f 328/1750/1750 337/1751/1751 334/1752/1752
f 340/1753/1753 337/1754/1754 328/1755/1755
f 340/1756/1756 328/1757/1757 329/1758/1758
f 340/1759/1759 329/1760/1760 331/1761/1761
s 120
f 373/1762/1762 374/1763/1763 375/1764/1764
f 373/1765/1765 376/1766/1766 374/1767/1767
f 374/1768/1768 376/1769/1769 377/1770/1770
f 376/1771/1771 378/1772/1772 377/1773/1773
f 377/1774/1774 378/1775/1775 379/1776/1776
f 378/1777/1777 380/1778/1778 379/1779/1779
f 379/1780/1780 380/1781/1781 381/1782/1782
f 380/1783/1783 382/1784/1784 381/1785/1785
f 381/1786/1786 382/1787/1787 383/1788/1788
f 382/1789/1789 384/1790/1790 383/1791/1791
f 383/1792/1792 384/1793/1793 373/1794/1794
f 383/1795/1795 373/1796/1796 375/1797/1797
s 121
f 353/1798/1798 344/1799/1799 356/1800/1800
f 347/1801/1801 344/1802/1802 353/1803/1803
f 347/1804/1804 345/1805/1805 344/1806/1806
f 345/1807/1807 358/1808/1808 352/1809/1809
f 360/1810/1810 358/1811/1811 345/1812/1812
f 347/1813/1813 360/1814/1814 345/1815/1815
f 347/1816/1816 349/1817/1817 360/1818/1818
s 122
f 336/1819/1819 342/1820/1820 327/1821/1821
f 326/1822/1822 336/1823/1823 327/1824/1824
f 326/1825/1825 332/1826/1826 336/1827/1827
f 326/1828/1828 333/1829/1829 338/1830/1830
f 326/1831/1831 338/1832/1832 332/1833/1833
f 338/1834/1834 339/1835/1835 332/1836/1836
f 332/1837/1837 339/1838/1838 330/1839/1839
s 123
f 354/1840/1840 355/1841/1841 346/1842/1842
f 350/1843/1843 354/1844/1844 346/1845/1845
f 350/1846/1846 346/1847/1847 343/1848/1848
f 359/1849/1849 348/1850/1850 350/1851/1851
f 359/1852/1852 350/1853/1853 343/1854/1854
f 359/1855/1855 343/1856/1856 357/1857/1857
f 343/1858/1858 351/1859/1859 357/1860/1860
s 124
f 367/1861/1861 369/1862/1862 371/1863/1863
f 367/1864/1864 371/1865/1865 363/1866/1866
f 367/1867/1867 363/1868/1868 362/1869/1869
f 367/1870/1870 362/1871/1871 365/1872/1872
s 125
f 382/1873/1873 380/1874/1874 378/1875/1875
f 382/1876/1876 378/1877/1877 376/1878/1878
f 382/1879/1879 376/1880/1880 373/1881/1881
f 382/1882/1882 373/1883/1883 384/1884/1884
s 126
f 361/1885/1885 366/1886/1886 364/1887/1887
f 368/1888/1888 366/1889/1889 361/1890/1890
f 368/1891/1891 361/1892/1892 370/1893/1893
f 361/1894/1894 372/1895/1895 370/1896/1896
s 127
f 374/1897/1897 383/1898/1898 375/1899/1899
f 381/1900/1900 383/1901/1901 374/1902/1902
f 381/1903/1903 374/1904/1904 379/1905/1905
f 374/1906/1906 377/1907/1907 379/1908/1908
o rffoot,ox=-6.63,oy=3.38,oz=0.00,p=rfleg,
v -29.917784 -0.751655 13.555108
vn -0.822389 -0.751323 0.000000
vt 0.488487303 0.448891014
v -29.917780 -0.751655 11.446525
vn -0.822389 -0.751323 0.000000
vt 0.449119389 0.448891014
v -28.833172 -1.938778 12.500816
vn -0.822389 -0.751323 0.000000
vt 0.468768805 0.428636998
vn -0.000000 -0.739627 -0.832860
vt 0.449110448 0.448891014
v -27.748565 -0.751655 11.446520
vn -0.000000 -0.739627 -0.832860
vt 0.449108601 0.408383012
vn -0.000000 -0.739627 -0.832860
vt 0.468761712 0.428636998
vn 0.822389 -0.751323 0.000000
vt 0.449108601 0.408383012
v -27.748565 -0.751655 13.555108
vn 0.822389 -0.751323 0.000000
vt 0.488476753 0.408383012
vn 0.822389 -0.751323 0.000000
vt 0.468761712 0.428636998
vn -0.000000 -0.739627 0.832860
vt 0.488485008 0.408383012
vn -0.000000 -0.739627 0.832860
vt 0.488485932 0.448891014
vn -0.000000 -0.739627 0.832860
vt 0.468768358 0.428636998
v -28.816638 9.434181 16.564261
vn 0.527764 0.145029 -0.970203
vt 0.133002266 0.424396008
v -29.587453 2.065849 15.043609
vn 0.527764 0.145029 -0.970203
vt 0.175789282 0.406688988
v -30.807284 2.067658 14.380319
vn 0.527764 0.145029 -0.970203
vt 0.174079150 0.398362011
v -28.817278 16.795788 8.346089
vn 0.393317 -0.209858 1.020774
vt 0.088810511 0.345640987
v -30.801798 24.168461 10.626543
vn 0.393317 -0.209858 1.020774
vt 0.046529900 0.374410003
v -33.572496 16.807506 10.180498
vn 0.393317 -0.209858 1.020774
vt 0.091737449 0.374909997
v -30.807288 2.067662 10.621317
vn 0.527764 0.145029 0.970203
vt 0.173955709 0.375200003
v -29.587453 2.065853 9.958033
vn 0.527764 0.145029 0.970203
vt 0.175786987 0.366990000
v -28.816634 9.434183 8.437383
vn 0.527764 0.145029 0.970203
vt 0.133669972 0.348935008
v -32.723684 9.439651 10.089195
vn 0.433751 0.012810 1.025898
vt 0.129945457 0.373106003
vn 0.433751 0.012810 1.025898
vt 0.133669510 0.348935008
vn 0.433751 0.012810 1.025898
vt 0.088811427 0.345640987
v -30.801798 24.168461 14.375107
vn 0.393317 -0.209858 -1.020774
vt 0.046826813 0.398301005
v -28.817278 16.795783 16.655559
vn 0.393317 -0.209858 -1.020774
vt 0.087834641 0.427073002
v -33.572496 16.807506 14.821153
vn 0.393317 -0.209858 -1.020774
vt 0.090823069 0.398048997
vn 0.433751 0.012810 -1.025898
vt 0.087836474 0.427073002
vn 0.433751 0.012810 -1.025898
vt 0.133000195 0.424396008
v -32.723684 9.439648 14.912445
vn 0.433751 0.012810 -1.025898
vt 0.129519120 0.399989009
v -29.916006 1.939058 15.770779
vn -0.457588 -0.158953 1.003063
vt 0.183207348 0.990513980
v -29.131718 9.365137 17.305040
vn -0.457588 -0.158953 1.003063
vt 0.152272612 0.978223026
v -33.387544 9.311721 15.354836
vn -0.457588 -0.158953 1.003063
vt 0.148429006 0.998328984
v -29.113362 16.853141 7.596533
vn -0.419382 0.235589 -1.004734
vt 0.171537235 0.979853988
v -34.251346 16.902761 9.752872
vn -0.419382 0.235589 -1.004734
vt 0.176859006 0.998620987
v -31.517401 24.452649 10.381747
vn -0.419382 0.235589 -1.004734
vt 0.148660526 0.998573005
v -29.916000 1.939059 9.230866
vn -0.566193 -0.213868 -0.935116
vt 0.183925778 0.992100000
v -31.453658 1.874340 10.176761
vn -0.566193 -0.213868 -0.935116
vt 0.183013916 0.998359978
v -33.387547 9.311722 9.646793
vn -0.566193 -0.213868 -0.935116
vt 0.156043038 0.998411000
vn -0.463826 -0.012364 -1.012643
vt 0.093228906 0.662575006
v -29.131715 9.365141 7.696604
vn -0.463826 -0.012364 -1.012643
vt 0.092310168 0.693367004
vn -0.463826 -0.012364 -1.012643
vt 0.073034070 0.693165004
v -31.517411 24.452649 14.619907
vn -0.419382 0.235589 1.004734
vt 0.139274880 0.998512030
v -34.251377 16.902761 15.248780
vn -0.419382 0.235589 1.004734
vt 0.174495146 0.998736978
v -29.113362 16.853137 17.405129
vn -0.419382 0.235589 1.004734
vt 0.167963475 0.975269020
vn -0.431189 -0.034754 1.026455
vt 0.093499437 0.662433982
vn -0.431189 -0.034754 1.026455
vt 0.070306994 0.661705017
vn -0.431189 -0.034754 1.026455
vt 0.073112316 0.693350017
vn 0.082428 -1.100084 -0.154609
vt 0.062756300 0.358473003
vn 0.082428 -1.100084 -0.154609
vt 0.074536778 0.351565987
vn 0.082428 -1.100084 -0.154609
vt 0.070998110 0.344433993
vn 0.176330 -1.079031 0.212866
vt 0.062755153 0.395449013
vn 0.176330 -1.079031 0.212866
vt 0.056105763 0.399821997
vn 0.176330 -1.079031 0.212866
vt 0.070995361 0.409487009
vn 1.035812 -0.008020 0.409802
vt 0.094207533 0.410369009
vn 1.035812 -0.008020 0.409802
vt 0.092133030 0.413053006
vn 1.035812 -0.008020 0.409802
vt 0.118499294 0.430052012
vn 1.025230 -0.005347 -0.435533
vt 0.094183899 0.348475009
vn 1.025230 -0.005347 -0.435533
vt 0.120060056 0.331764996
vn 1.025230 -0.005347 -0.435533
vt 0.118473366 0.328792006
vn 0.984573 0.376385 -0.360123
vt 0.070088550 0.371569008
vn 0.984573 0.376385 -0.360123
vt 0.094188027 0.348475009
vn 0.984573 0.376385 -0.360123
vt 0.092113063 0.345789999
vn 0.490226 0.477193 0.878975
vt 0.070109434 0.387273997
vn 0.490226 0.477193 0.878975
vt 0.066875488 0.388300002
vn 0.490226 0.477193 0.878975
vt 0.092148401 0.413053006
vn 0.427959 0.184238 -1.011752
vt 0.133001342 0.424396008
vn 0.427959 0.184238 -1.011752
vt 0.174078688 0.398362011
vn 0.427959 0.184238 -1.011752
vt 0.129519582 0.399989009
vn 0.427959 0.184238 1.011752
vt 0.173955932 0.375200003
vn 0.427959 0.184238 1.011752
vt 0.133669749 0.348935008
vn 0.427959 0.184238 1.011752
vt 0.129945457 0.373106003
vn 0.400780 0.033305 1.038708
vt 0.129945457 0.373106003
vn 0.400780 0.033305 1.038708
vt 0.088811427 0.345640987
vn 0.400780 0.033305 1.038708
vt 0.091737218 0.374909997
vn 0.400780 0.033305 -1.038708
vt 0.087836243 0.427073002
vn 0.400780 0.033305 -1.038708
vt 0.129518896 0.399989009
vn 0.400780 0.033305 -1.038708
vt 0.090823293 0.398048997
vn -0.566193 -0.213868 0.935116
vt 0.183206886 0.990513980
vn -0.566193 -0.213868 0.935116
vt 0.148429006 0.998328984
v -31.453669 1.874338 14.824864
vn -0.566193 -0.213868 0.935116
vt 0.182109639 0.998329997
vn -0.457588 -0.158953 -1.003063
vt 0.183924854 0.992100000
vn -0.457588 -0.158953 -1.003063
vt 0.156041190 0.998411000
vn -0.457588 -0.158953 -1.003063
vt 0.159081936 0.982304990
vn -0.431189 -0.034754 -1.026455
vt 0.093228221 0.662575006
vn -0.431189 -0.034754 -1.026455
vt 0.073033385 0.693165004
vn -0.431189 -0.034754 -1.026455
vt 0.070351504 0.661854029
vn -0.463826 -0.012364 1.012643
vt 0.093499660 0.662433982
vn -0.463826 -0.012364 1.012643
vt 0.073112771 0.693350017
vn -0.463826 -0.012364 1.012643
vt 0.092581846 0.693553984
vn 0.176330 -1.079031 -0.212866
vt 0.062756069 0.358473003
vn 0.176330 -1.079031 -0.212866
vt 0.070997193 0.344433993
vn 0.176330 -1.079031 -0.212866
vt 0.056106452 0.354099989
vn 0.082428 -1.100084 0.154609
vt 0.062755153 0.395449013
vn 0.082428 -1.100084 0.154609
vt 0.070995815 0.409487009
vn 0.082428 -1.100084 0.154609
vt 0.074534252 0.402355999
vn 1.025230 -0.005347 0.435533
vt 0.094207995 0.410369009
vn 1.025230 -0.005347 0.435533
vt 0.118499756 0.430052012
vn 1.025230 -0.005347 0.435533
vt 0.120085292 0.427078009
vn 1.035812 -0.008020 -0.409802
vt 0.094183899 0.348475009
vn 1.035812 -0.008020 -0.409802
vt 0.118473366 0.328792006
vn 1.035812 -0.008020 -0.409802
vt 0.092108704 0.345789999
vn 0.490226 0.477193 -0.878975
vt 0.070093602 0.371569008
vn 0.490226 0.477193 -0.878975
vt 0.092118114 0.345789999
vn 0.490226 0.477193 -0.878975
vt 0.066859886 0.370543003
vn 0.984573 0.376385 0.360123
vt 0.070097499 0.387273997
vn 0.984573 0.376385 0.360123
vt 0.092135549 0.413053006
vn 0.984573 0.376385 0.360123
vt 0.094210058 0.410369009
vn 1.013088 -0.193150 -0.420941
vt 0.120059825 0.331764996
vn 1.011974 -0.193261 -0.423503
vt 0.148810819 0.318354994
vn 1.014871 -0.192927 -0.416708
vt 0.147407711 0.315268993
vn 1.013088 -0.193150 -0.420941
vt 0.120059825 0.331764996
vn 1.014871 -0.192927 -0.416708
vt 0.147407711 0.315268993
vn 1.015873 -0.192815 -0.414147
vt 0.118473366 0.328792006
vn 1.013088 -0.193150 0.420941
vt 0.120084144 0.427078009
vn 1.015873 -0.192815 0.414147
vt 0.118498378 0.430052012
vn 1.014871 -0.192927 0.416708
vt 0.147423312 0.443574011
vn 1.013088 -0.193150 0.420941
vt 0.120084144 0.427078009
vn 1.014871 -0.192927 0.416708
vt 0.147423312 0.443574011
vn 1.011974 -0.193261 0.423503
vt 0.148826197 0.440488011
v -23.241842 16.720357 10.537345
vn 1.113896 0.000000 0.000000
vt 0.288652450 0.756268978
v -23.241842 11.899636 14.464295
vn 1.113896 0.000000 0.000000
vt 0.299625009 0.745323002
v -23.241842 11.899637 10.537345
vn 1.113896 0.000000 0.000000
vt 0.299627781 0.756268978
vn 1.113896 0.000000 0.000000
vt 0.288652450 0.756268978
v -23.241842 16.720357 14.464298
vn 1.113896 0.000000 0.000000
vt 0.288660735 0.745323002
vn 1.113896 0.000000 0.000000
vt 0.299625009 0.745323002
vn 1.108215 -0.111835 0.000000
vt 0.084854931 0.882018983
v -26.813234 8.517354 14.464293
vn 1.108215 -0.111835 0.000000
vt 0.115005381 0.894329011
vn 1.108215 -0.111835 0.000000
vt 0.084856309 0.890619993
vn 1.108215 -0.111835 0.000000
vt 0.084854931 0.882018983
v -26.813234 8.517354 10.537341
vn 1.108215 -0.111835 0.000000
vt 0.114998497 0.878310025
vn 1.108215 -0.111835 0.000000
vt 0.115005381 0.894329011
vn 0.765915 -0.808800 0.000000
vt 0.296450049 0.756268978
vn 0.765915 -0.808800 0.000000
vt 0.305311859 0.745323002
vn 0.765915 -0.808800 0.000000
vt 0.305305868 0.756268978
vn 0.765915 -0.808800 0.000000
vt 0.296450049 0.756268978
vn 0.765915 -0.808800 0.000000
vt 0.296448886 0.745323002
vn 0.765915 -0.808800 0.000000
vt 0.305311859 0.745323002
v -30.853109 8.517354 10.537342
vn -0.000000 -0.108716 -1.108549
vt 0.112977907 0.880306005
vn -0.000000 -0.108716 -1.108549
vt 0.092177309 0.894595027
vn -0.000000 -0.108716 -1.108549
vt 0.092180528 0.880306005
vn -0.000000 -0.108716 -1.108549
vt 0.112977907 0.880306005
vn -0.000000 -0.108716 -1.108549
vt 0.112980895 0.894595027
vn -0.000000 -0.108716 -1.108549
vt 0.092177309 0.894595027
vn -1.108215 -0.111835 0.000000
vt 0.084869154 0.881892025
vn -1.108215 -0.111835 0.000000
vt 0.114991382 0.894201994
vn -1.108215 -0.111835 0.000000
vt 0.084868468 0.890492976
vn -1.108215 -0.111835 0.000000
vt 0.084869154 0.881892025
v -30.853109 8.517354 14.464293
vn -1.108215 -0.111835 0.000000
vt 0.114991382 0.878183007
vn -1.108215 -0.111835 0.000000
vt 0.114991382 0.894201994
vn -0.000000 -0.108716 1.108549
vt 0.112941198 0.880279005
vn -0.000000 -0.108716 1.108549
vt 0.092132106 0.894568980
vn -0.000000 -0.108716 1.108549
vt 0.092131190 0.880279005
vn -0.000000 -0.108716 1.108549
vt 0.112941198 0.880279005
vn -0.000000 -0.108716 1.108549
vt 0.112921923 0.894568980
vn -0.000000 -0.108716 1.108549
vt 0.092132106 0.894568980
v -30.853109 19.969982 14.464298
vn 0.000000 1.113896 -0.000000
vt 0.273383588 0.745323002
v -27.943985 19.969982 10.537347
vn 0.000000 1.113896 -0.000000
vt 0.280055463 0.756268978
v -30.853109 19.969982 10.537346
vn 0.000000 1.113896 -0.000000
vt 0.273384482 0.756268978
vn 0.000000 1.113896 -0.000000
vt 0.273383588 0.745323002
v -27.943987 19.969982 14.464298
vn 0.000000 1.113896 -0.000000
vt 0.280057758 0.745323002
vn 0.000000 1.113896 -0.000000
vt 0.280055463 0.756268978
vn 0.633250 0.916402 0.000000
vt 0.288666695 0.745323002
vn 0.633250 0.916402 0.000000
vt 0.275662303 0.756268978
vn 0.633250 0.916402 0.000000
vt 0.275665522 0.745323002
vn 0.633250 0.916402 0.000000
vt 0.288666695 0.745323002
vn 0.633250 0.916402 0.000000
vt 0.288661629 0.756268978
vn 0.633250 0.916402 0.000000
vt 0.275662303 0.756268978
vn 1.042495 -0.392426 0.000000
vt 0.090823524 0.398048997
vn 1.042495 -0.392426 0.000000
vt 0.091737218 0.374909997
vn 1.042495 -0.392426 0.000000
vt 0.046520490 0.374410003
vn 1.042495 -0.392426 0.000000
vt 0.090823524 0.398048997
vn 1.042495 -0.392426 0.000000
vt 0.046520490 0.374410003
vn 1.042495 -0.392426 0.000000
vt 0.046830945 0.398301005
vn 1.078028 0.280256 -0.000000
vt 0.173953414 0.375200003
vn 1.078028 0.280256 -0.000000
vt 0.129945680 0.373106003
vn 1.078028 0.280256 -0.000000
vt 0.129520044 0.399989009
vn 1.078028 0.280256 -0.000000
vt 0.173953414 0.375200003
vn 1.078028 0.280256 -0.000000
vt 0.129520044 0.399989009
vn 1.078028 0.280256 -0.000000
vt 0.174080074 0.398362011
vn 1.106544 0.127430 0.000000
vt 0.129520044 0.399989009
vn 1.106544 0.127430 0.000000
vt 0.129945680 0.373106003
vn 1.106544 0.127430 0.000000
vt 0.091737449 0.374909997
vn 1.106544 0.127430 0.000000
vt 0.129520044 0.399989009
vn 1.106544 0.127430 0.000000
vt 0.091737449 0.374909997
vn 1.106544 0.127430 0.000000
vt 0.090823755 0.398048997
vn -1.047396 0.379282 0.000000
vt 0.248411015 0.946038008
vn -1.047396 0.379282 0.000000
vt 0.248411477 0.929750979
vn -1.047396 0.379282 0.000000
vt 0.223325804 0.929525018
vn -1.047396 0.379282 0.000000
vt 0.248411015 0.946038008
vn -1.047396 0.379282 0.000000
vt 0.223325804 0.929525018
vn -1.047396 0.379282 0.000000
vt 0.223325118 0.946264982
vn -1.078028 -0.280368 0.000000
vt 0.183634818 0.876451015
vn -1.078028 -0.280368 0.000000
vt 0.183635518 0.848164976
vn -1.078028 -0.280368 0.000000
vt 0.125541285 0.848089993
vn -1.078028 -0.280368 0.000000
vt 0.183634818 0.876451015
vn -1.078028 -0.280368 0.000000
vt 0.125541285 0.848089993
vn -1.078028 -0.280368 0.000000
vt 0.125540361 0.876525998
vn -1.106767 -0.125982 0.000000
vt 0.077693850 0.694544017
vn -1.106767 -0.125982 0.000000
vt 0.077874206 0.662185013
vn -1.106767 -0.125982 0.000000
vt 0.069818251 0.662185013
vn -1.106767 -0.125982 0.000000
vt 0.077693850 0.694544017
vn -1.106767 -0.125982 0.000000
vt 0.069818251 0.662185013
vn -1.106767 -0.125982 0.000000
vt 0.070003882 0.694544017
vn 0.319131 -1.067224 0.000000
vt 0.062754698 0.395449013
vn 0.319131 -1.067224 0.000000
vt 0.062756993 0.358473003
vn 0.319131 -1.067224 0.000000
vt 0.056106683 0.354099989
vn 0.319131 -1.067224 0.000000
vt 0.062754698 0.395449013
vn 0.319131 -1.067224 0.000000
vt 0.056106683 0.354099989
vn 0.319131 -1.067224 0.000000
vt 0.056104615 0.399821997
vn 0.411139 1.035255 0.000000
vt 0.070102088 0.371569008
vn 0.411139 1.035255 0.000000
vt 0.066868141 0.370543003
vn 0.411139 1.035255 0.000000
vt 0.066870213 0.388300002
vn 0.411139 1.035255 0.000000
vt 0.070102088 0.371569008
vn 0.411139 1.035255 0.000000
vt 0.066870213 0.388300002
vn 0.411139 1.035255 0.000000
vt 0.070103697 0.387273997
v -30.853109 16.720357 14.464298
vn -0.000000 0.000000 1.113896
vt 0.038766503 0.669966996
vn -0.000000 0.000000 1.113896
vt 0.046606995 0.660130024
vn -0.000000 0.000000 1.113896
vt 0.038766045 0.660130024
vn -0.000000 0.000000 1.113896
vt 0.059245862 0.669966996
vn -0.000000 0.000000 1.113896
vt 0.046606995 0.660130024
vn -0.000000 0.000000 1.113896
vt 0.038766503 0.669966996
vn -0.000000 0.000000 1.113896
vt 0.059245862 0.669966996
vn -0.000000 0.000000 1.113896
vt 0.038766503 0.669966996
v -30.853109 11.899636 14.464295
vn -0.000000 0.000000 1.113896
vt 0.038763750 0.684560001
vn -0.000000 0.000000 1.113896
vt 0.059245862 0.669966996
vn -0.000000 0.000000 1.113896
vt 0.038763750 0.684560001
vn -0.000000 0.000000 1.113896
vt 0.059205480 0.684560001
vn -0.000000 0.000000 1.113896
vt 0.059205480 0.684560001
vn -0.000000 0.000000 1.113896
vt 0.038763750 0.684560001
vn -0.000000 0.000000 1.113896
vt 0.049647741 0.694799006
vn -0.000000 0.000000 1.113896
vt 0.038763750 0.684560001
vn -0.000000 0.000000 1.113896
vt 0.038764436 0.694799006
vn -0.000000 0.000000 1.113896
vt 0.049647741 0.694799006
v -30.853109 11.899637 10.537344
vn 0.000000 0.000000 -1.113896
vt 0.038758703 0.684629023
vn 0.000000 0.000000 -1.113896
vt 0.049626399 0.694868028
vn 0.000000 0.000000 -1.113896
vt 0.038759161 0.694868028
vn 0.000000 0.000000 -1.113896
vt 0.038758703 0.684629023
vn 0.000000 0.000000 -1.113896
vt 0.059205249 0.684629023
vn 0.000000 0.000000 -1.113896
vt 0.049626399 0.694868028
v -30.853109 16.720357 10.537344
vn 0.000000 0.000000 -1.113896
vt 0.038758703 0.670036018
vn 0.000000 0.000000 -1.113896
vt 0.059205249 0.684629023
vn 0.000000 0.000000 -1.113896
vt 0.038758703 0.684629023
vn 0.000000 0.000000 -1.113896
vt 0.038758703 0.670036018
vn 0.000000 0.000000 -1.113896
vt 0.059216492 0.670036018
vn 0.000000 0.000000 -1.113896
vt 0.059205249 0.684629023
vn 0.000000 0.000000 -1.113896
vt 0.038758703 0.670036018
vn 0.000000 0.000000 -1.113896
vt 0.046583131 0.660198987
vn 0.000000 0.000000 -1.113896
vt 0.059216492 0.670036018
vn 0.000000 0.000000 -1.113896
vt 0.038758703 0.670036018
vn 0.000000 0.000000 -1.113896
vt 0.038758472 0.660198987
vn 0.000000 0.000000 -1.113896
vt 0.046583131 0.660198987
vn -1.113896 0.000000 0.000000
vt 0.221741870 0.457356989
vn -1.113896 0.000000 0.000000
vt 0.209534839 0.446889013
vn -1.113896 0.000000 0.000000
vt 0.221741870 0.446889013
vn -1.113896 0.000000 0.000000
vt 0.221741870 0.457356989
vn -1.113896 0.000000 0.000000
vt 0.209534839 0.457356989
vn -1.113896 0.000000 0.000000
vt 0.209534839 0.446889013
vn -1.113896 0.000000 0.000000
vt 0.221741870 0.472277999
vn -1.113896 0.000000 0.000000
vt 0.209534839 0.457356989
vn -1.113896 0.000000 0.000000
vt 0.221741870 0.457356989
vn -1.113896 0.000000 0.000000
vt 0.221741870 0.472277999
vn -1.113896 0.000000 0.000000
vt 0.209534839 0.472277999
vn -1.113896 0.000000 0.000000
vt 0.209534839 0.457356989
vn -1.113896 0.000000 0.000000
vt 0.221741870 0.472277999
vn -1.113896 0.000000 0.000000
vt 0.209534839 0.482336015
vn -1.113896 0.000000 0.000000
vt 0.209534839 0.472277999
vn -1.113896 0.000000 0.000000
vt 0.221741870 0.472277999
vn -1.113896 0.000000 0.000000
vt 0.221741870 0.482336015
vn -1.113896 0.000000 0.000000
vt 0.209534839 0.482336015
s off
f 385/1909/1909 386/1910/1910 387/1911/1911
f 386/1912/1912 388/1913/1913 387/1914/1914
f 388/1915/1915 389/1916/1916 387/1917/1917
f 389/1918/1918 385/1919/1919 387/1920/1920
f 390/1921/1921 391/1922/1922 392/1923/1923
f 393/1924/1924 394/1925/1925 395/1926/1926
f 396/1927/1927 397/1928/1928 398/1929/1929
f 399/1930/1930 398/1931/1931 393/1932/1932
f 400/1933/1933 401/1934/1934 402/1935/1935
f 401/1936/1936 390/1937/1937 403/1938/1938
f 404/1939/1939 405/1940/1940 406/1941/1941
f 407/1942/1942 408/1943/1943 409/1944/1944
f 410/1945/1945 411/1946/1946 412/1947/1947
f 407/1948/1948 413/1949/1949 412/1950/1950
f 414/1951/1951 415/1952/1952 416/1953/1953
f 416/1954/1954 415/1955/1955 406/1956/1956
f 392/1957/1957 391/1958/1958 404/1959/1959
f 396/1960/1960 411/1961/1961 410/1962/1962
f 401/1963/1963 416/1964/1964 405/1965/1965
f 393/1966/1966 398/1967/1967 413/1968/1968
f 394/1969/1969 393/1970/1970 407/1971/1971
f 400/1972/1972 414/1973/1973 416/1974/1974
f 390/1975/1975 392/1976/1976 403/1977/1977
f 396/1978/1978 398/1979/1979 399/1980/1980
f 399/1981/1981 393/1982/1982 395/1983/1983
f 401/1984/1984 403/1985/1985 402/1986/1986
f 404/1987/1987 406/1988/1988 417/1989/1989
f 410/1990/1990 412/1991/1991 413/1992/1992
f 407/1993/1993 412/1994/1994 408/1995/1995
f 416/1996/1996 406/1997/1997 405/1998/1998
f 392/1999/1999 404/2000/2000 417/2001/2001
f 396/2002/2002 410/2003/2003 397/2004/2004
f 401/2005/2005 405/2006/2006 390/2007/2007
f 393/2008/2008 413/2009/2009 407/2010/2010
f 394/2011/2011 407/2012/2012 409/2013/2013
f 400/2014/2014 416/2015/2015 401/2016/2016
s 128
f 398/2017/2017 397/2018/2018 410/2019/2019
f 398/2020/2020 410/2021/2021 413/2022/2022
s 129
f 390/2023/2023 405/2024/2024 404/2025/2025
f 390/2026/2026 404/2027/2027 391/2028/2028
s 130
f 418/2029/2029 419/2030/2030 420/2031/2031
f 418/2032/2032 421/2033/2033 419/2034/2034
s 131
f 388/2035/2035 422/2036/2036 389/2037/2037
f 388/2038/2038 423/2039/2039 422/2040/2040
s 132
f 420/2041/2041 422/2042/2042 423/2043/2043
f 420/2044/2044 419/2045/2045 422/2046/2046
s 133
f 424/2047/2047 388/2048/2048 386/2049/2049
f 424/2050/2050 423/2051/2051 388/2052/2052
s 134
f 385/2053/2053 424/2054/2054 386/2055/2055
f 385/2056/2056 425/2057/2057 424/2058/2058
s 135
f 422/2059/2059 385/2060/2060 389/2061/2061
f 422/2062/2062 425/2063/2063 385/2064/2064
s 136
f 426/2065/2065 427/2066/2066 428/2067/2067
f 426/2068/2068 429/2069/2069 427/2070/2070
s 137
f 421/2071/2071 427/2072/2072 429/2073/2073
f 421/2074/2074 418/2075/2075 427/2076/2076
s 138
f 402/2077/2077 395/2078/2078 394/2079/2079
f 402/2080/2080 394/2081/2081 400/2082/2082
s 139
f 396/2083/2083 399/2084/2084 403/2085/2085
f 396/2086/2086 403/2087/2087 392/2088/2088
s 140
f 403/2089/2089 399/2090/2090 395/2091/2091
f 403/2092/2092 395/2093/2093 402/2094/2094
s 141
f 408/2095/2095 415/2096/2096 414/2097/2097
f 408/2098/2098 414/2099/2099 409/2100/2100
s 142
f 411/2101/2101 417/2102/2102 406/2103/2103
f 411/2104/2104 406/2105/2105 412/2106/2106
s 143
f 408/2107/2107 412/2108/2108 406/2109/2109
f 408/2110/2110 406/2111/2111 415/2112/2112
s 144
f 396/2113/2113 392/2114/2114 417/2115/2115
f 396/2116/2116 417/2117/2117 411/2118/2118
s 145
f 394/2119/2119 409/2120/2120 414/2121/2121
f 394/2122/2122 414/2123/2123 400/2124/2124
s 146
f 430/2125/2125 429/2126/2126 426/2127/2127
f 421/2128/2128 429/2129/2129 430/2130/2130
f 421/2131/2131 430/2132/2132 431/2133/2133
f 421/2134/2134 431/2135/2135 419/2136/2136
f 419/2137/2137 431/2138/2138 422/2139/2139
f 431/2140/2140 425/2141/2141 422/2142/2142
s 147
f 432/2143/2143 423/2144/2144 424/2145/2145
f 432/2146/2146 420/2147/2147 423/2148/2148
f 433/2149/2149 420/2150/2150 432/2151/2151
f 433/2152/2152 418/2153/2153 420/2154/2154
f 433/2155/2155 427/2156/2156 418/2157/2157
f 433/2158/2158 428/2159/2159 427/2160/2160
s 148
f 431/2161/2161 424/2162/2162 425/2163/2163
f 431/2164/2164 432/2165/2165 424/2166/2166
f 430/2167/2167 432/2168/2168 431/2169/2169
f 430/2170/2170 433/2171/2171 432/2172/2172
f 430/2173/2173 428/2174/2174 433/2175/2175
f 430/2176/2176 426/2177/2177 428/2178/2178
o lmhip,ox=11.58,oy=-6.10,oz=-1.27,p=pelvis,
v 20.852271 13.446520 -0.509768
vn 0.529101 -0.843331 -0.499471
vt 0.134837672 0.505236983
v 20.211525 14.551562 -0.518453
vn -0.434197 0.820719 -0.615316
vt 0.127209425 0.505236983
v 13.897249 10.889328 -0.641821
vn -0.409245 0.679365 0.782178
vt 0.127198413 0.529756010
vn 0.529101 -0.843331 -0.499471
vt 0.134837672 0.505236983
vn -0.409245 0.679365 0.782178
vt 0.127198413 0.529756010
v 14.537995 9.784292 -0.633136
vn 0.380841 -0.683375 0.792871
vt 0.134827808 0.529756010
vn -0.434197 0.820719 -0.615316
vt 0.134845018 0.505236983
v 20.234555 14.554877 -1.795636
vn -0.380841 0.683375 -0.792871
vt 0.127215624 0.505236983
v 13.920279 10.892647 -1.919004
vn -0.380841 0.683375 -0.792871
vt 0.127198413 0.529756010
vn -0.434197 0.820719 -0.615316
vt 0.134845018 0.505236983
vn -0.380841 0.683375 -0.792871
vt 0.127198413 0.529756010
vn -0.409245 0.679365 0.782178
vt 0.134827808 0.529756010
vn 0.529101 -0.843331 -0.499471
vt 0.127198875 0.505236983
vn 0.380841 -0.683375 0.792871
vt 0.127198413 0.529756010
v 14.561024 9.787606 -1.910320
vn 0.409245 -0.679365 -0.782178
vt 0.134827808 0.529756010
vn 0.529101 -0.843331 -0.499471
vt 0.127198875 0.505236983
vn 0.409245 -0.679365 -0.782178
vt 0.134827808 0.529756010
v 20.875299 13.449839 -1.786952
vn 0.409245 -0.679365 -0.782178
vt 0.134828269 0.505236983
vn 0.409245 -0.679365 -0.782178
vt 0.127207592 0.505236983
vn 0.409245 -0.679365 -0.782178
vt 0.127198413 0.529756010
vn -0.380841 0.683375 -0.792871
vt 0.134827808 0.529756010
vn 0.409245 -0.679365 -0.782178
vt 0.127207592 0.505236983
vn -0.380841 0.683375 -0.792871
vt 0.134827808 0.529756010
vn -0.380841 0.683375 -0.792871
vt 0.134838358 0.505236983
vn 0.963409 0.558730 0.018825
vt 0.139973119 0.525183976
vn 0.963409 0.558730 0.018825
vt 0.124461010 0.510250986
vn 0.963409 0.558730 0.018825
vt 0.124469958 0.525192022
vn 0.963409 0.558730 0.018825
vt 0.139973119 0.525183976
vn 0.963409 0.558730 0.018825
vt 0.139964402 0.510244012
vn 0.963409 0.558730 0.018825
vt 0.124461010 0.510250986
v 27.500345 17.488193 -0.538688
vn 0.380618 -0.683487 0.792982
vt 0.125489429 0.509382010
v 20.774005 13.586948 -0.672685
vn 0.380730 -0.683598 0.792760
vt 0.125490114 0.528760016
v 20.791201 13.589424 -1.626235
vn 0.409468 -0.679142 -0.782289
vt 0.131288230 0.528760016
vn 0.380618 -0.683487 0.792982
vt 0.125489429 0.509382010
vn 0.409468 -0.679142 -0.782289
vt 0.131288230 0.528760016
v 27.517536 17.490669 -1.492238
vn 0.409580 -0.679254 -0.782066
vt 0.131287768 0.509382010
vn 0.409580 -0.679254 -0.782066
vt 0.125489429 0.509382010
vn 0.409468 -0.679142 -0.782289
vt 0.125498146 0.528760016
v 20.312818 14.414452 -1.632719
vn -0.380618 0.683487 -0.792982
vt 0.131297410 0.528760016
vn 0.409580 -0.679254 -0.782066
vt 0.125489429 0.509382010
vn -0.380618 0.683487 -0.792982
vt 0.131297410 0.528760016
v 27.039158 18.315695 -1.498721
vn -0.380730 0.683598 -0.792760
vt 0.131287768 0.509382010
vn -0.380618 0.683487 -0.792982
vt 0.125505492 0.528760016
v 20.295624 14.411976 -0.679168
vn -0.409580 0.679254 0.782066
vt 0.131304055 0.528760016
v 27.021960 18.313222 -0.545170
vn -0.409468 0.679142 0.782289
vt 0.131287768 0.509382010
vn -0.380618 0.683487 -0.792982
vt 0.125505492 0.528760016
vn -0.409468 0.679142 0.782289
vt 0.131287768 0.509382010
vn -0.380730 0.683598 -0.792760
vt 0.125489429 0.509382010
vn -0.409580 0.679254 0.782066
vt 0.125499532 0.528760016
vn 0.380730 -0.683598 0.792760
vt 0.131296948 0.528760016
vn 0.380618 -0.683487 0.792982
vt 0.131287768 0.509382010
vn -0.409580 0.679254 0.782066
vt 0.125499532 0.528760016
vn 0.380618 -0.683487 0.792982
vt 0.131287768 0.509382010
vn -0.409468 0.679142 0.782289
vt 0.125489429 0.509382010
v 17.697521 11.916821 0.993534
vn -0.000223 -0.111167 -1.108326
vt 0.903268456 0.875409007
v 22.559897 11.916821 0.993536
vn -0.000000 0.787636 0.787636
vt 0.938480914 0.875409007
v 22.559902 11.916823 -3.515147
vn -0.000000 0.787636 -0.787636
vt 0.938480437 0.859942019
vn -0.000223 -0.111167 -1.108326
vt 0.903268456 0.875409007
vn -0.000000 0.787636 -0.787636
vt 0.938480437 0.859942019
v 17.697515 11.916822 -3.515147
vn 0.338179 0.199165 -1.042495
vt 0.903269827 0.859942019
v 17.697521 8.246300 0.993531
vn 1.025787 -0.320913 0.292398
vt 0.903263867 0.859942019
v 17.697515 8.246301 -3.515147
vn 1.025787 -0.320913 -0.292398
vt 0.903264344 0.875409007
v 22.559902 9.017888 -3.515147
vn 0.117405 -0.739961 -0.824283
vt 0.938479304 0.875409007
vn 1.025787 -0.320913 0.292398
vt 0.903263867 0.859942019
vn 0.117405 -0.739961 -0.824283
vt 0.938479304 0.875409007
v 22.559896 9.017887 0.993534
vn 0.117405 -0.739961 0.824283
vt 0.938479304 0.859942019
vn 0.338179 0.199165 -1.042495
vt 0.903267741 0.875409007
vn -0.000000 0.787636 -0.787636
vt 0.938477695 0.875409007
vn 0.117405 -0.739961 -0.824283
vt 0.938477695 0.859942019
vn 0.338179 0.199165 -1.042495
vt 0.903267741 0.875409007
vn 0.117405 -0.739961 -0.824283
vt 0.938477695 0.859942019
vn 1.025787 -0.320913 -0.292398
vt 0.903264344 0.859942019
vn -0.000223 -0.111167 -1.108326
vt 0.903265953 0.859942019
vn 1.025787 -0.320913 0.292398
vt 0.903263152 0.875409007
vn 0.117405 -0.739961 0.824283
vt 0.938477695 0.875409007
vn -0.000223 -0.111167 -1.108326
vt 0.903265953 0.859942019
vn 0.117405 -0.739961 0.824283
vt 0.938477695 0.875409007
vn -0.000000 0.787636 0.787636
vt 0.938477695 0.859942019
vn 0.440657 0.501365 -0.891785
vt 0.317332327 0.964591026
v 17.697515 10.877733 -5.655838
vn 0.712002 0.823949 0.234698
vt 0.313367337 0.974777997
v 15.569257 12.717128 -5.655841
vn 0.289947 1.070454 -0.103592
vt 0.327457279 0.973607004
vn 0.440657 0.501365 -0.891785
vt 0.317332327 0.964591026
vn 0.289947 1.070454 -0.103592
vt 0.327457279 0.973607004
v 15.569255 12.717125 3.134222
vn 0.289947 1.070454 0.103592
vt 0.327456594 0.936583996
vn 0.440657 0.501365 -0.891785
vt 0.317332327 0.964591026
vn 0.289947 1.070454 0.103592
vt 0.327456594 0.936583996
vn -0.413478 1.032693 -0.057700
vt 0.317330956 0.945600986
vn 0.289947 1.070454 0.103592
vt 0.327456594 0.936583996
v 17.697515 10.877729 3.134221
vn 1.048065 0.339515 0.164745
vt 0.313365966 0.935413003
vn -0.413478 1.032693 -0.057700
vt 0.317330956 0.945600986
vn 1.025787 -0.320913 -0.292398
vt 0.069281101 0.966166973
vn 1.048065 0.000000 0.377388
vt 0.088390611 0.977231026
vn 0.338179 0.199165 -1.042495
vt 0.095956899 0.966166973
vn 1.025787 -0.320913 -0.292398
vt 0.069281101 0.966166973
v 17.697515 7.465818 -5.655839
vn 0.779839 -0.795322 0.000000
vt 0.063610107 0.977231026
vn 1.048065 0.000000 0.377388
vt 0.088390611 0.977231026
v 17.697515 7.465815 3.134221
vn 0.779839 -0.795322 0.000000
vt 0.063608266 0.931801021
vn 0.779839 -0.795322 0.000000
vt 0.063610107 0.977231026
vn 1.025787 -0.320913 -0.292398
vt 0.069281101 0.966166973
vn 1.025787 -0.320913 0.292398
vt 0.069280177 0.942865014
vn 0.779839 -0.795322 0.000000
vt 0.063608266 0.931801021
vn 1.025787 -0.320913 -0.292398
vt 0.069281101 0.966166973
vn 1.048065 0.339515 0.164745
vt 0.088389002 0.931801021
vn 0.779839 -0.795322 0.000000
vt 0.063608266 0.931801021
vn 1.025787 -0.320913 0.292398
vt 0.069280177 0.942865014
vn 1.048065 0.339515 0.164745
vt 0.088389002 0.931801021
vn 1.025787 -0.320913 0.292398
vt 0.069280177 0.942865014
vn -0.413478 1.032693 -0.057700
vt 0.095955297 0.942865014
v 11.544883 7.586630 -5.655837
vn -0.124199 -1.106990 0.000000
vt 0.039932366 0.909977019
v 7.290844 8.627815 1.060076
vn -0.264773 -1.081927 0.000000
vt 0.053907812 0.930853009
v 7.290848 8.627816 -3.581690
vn -0.264773 -1.081927 0.000000
vt 0.053908497 0.916424990
vn -0.124199 -1.106990 0.000000
vt 0.039932366 0.909977019
v 11.544883 7.586628 3.134221
vn -0.124199 -1.106990 0.000000
vt 0.039931219 0.937300026
vn -0.264773 -1.081927 0.000000
vt 0.053907812 0.930853009
vn -0.124199 -1.106990 0.000000
vt 0.039932366 0.909977019
vn 0.779839 -0.795322 0.000000
vt 0.020825839 0.937300026
vn -0.124199 -1.106990 0.000000
vt 0.039931219 0.937300026
vn -0.124199 -1.106990 0.000000
vt 0.039932366 0.909977019
vn 0.779839 -0.795322 0.000000
vt 0.020826984 0.909977019
vn 0.779839 -0.795322 0.000000
vt 0.020825839 0.937300026
v 7.290844 12.717126 1.060078
vn -0.000000 1.113896 0.000000
vt 0.261353672 0.930585980
v 11.544883 12.717128 -5.655837
vn -0.000000 1.113896 0.000000
vt 0.274964511 0.909088016
v 7.290844 12.717128 -3.581688
vn -0.000000 1.113896 0.000000
vt 0.261353672 0.915727019
v 11.544883 12.717125 3.134224
vn -0.000000 1.113896 0.000000
vt 0.274964511 0.937225997
vn -0.000000 1.113896 0.000000
vt 0.274964511 0.909088016
vn -0.000000 1.113896 0.000000
vt 0.261353672 0.930585980
vn -0.000000 1.113896 0.000000
vt 0.274964511 0.937225997
vn 0.289947 1.070454 0.103592
vt 0.287843645 0.937225997
vn -0.000000 1.113896 0.000000
vt 0.274964511 0.909088016
vn -0.000000 1.113896 0.000000
vt 0.274964511 0.909088016
vn 0.289947 1.070454 0.103592
vt 0.287843645 0.937225997
vn 0.289947 1.070454 -0.103592
vt 0.287843853 0.909088016
v 11.565236 17.203846 -3.965321
vn -0.000000 0.000000 -1.113896
vt 0.138184965 0.506388009
v 11.565239 11.794817 -3.965323
vn -0.000000 0.000000 -1.113896
vt 0.124940112 0.506388009
v 9.223060 11.794816 -2.613064
vn -0.964634 0.000000 -0.556948
vt 0.124940112 0.530718982
vn -0.000000 0.000000 -1.113896
vt 0.138184965 0.506388009
vn -0.964634 0.000000 -0.556948
vt 0.124940112 0.530718982
v 9.223060 17.203846 -2.613062
vn -0.964634 0.000000 -0.556948
vt 0.138184741 0.530718982
vn -0.964634 0.000000 -0.556948
vt 0.138184741 0.506388009
vn -0.964634 0.000000 -0.556948
vt 0.124940112 0.506388009
v 9.223060 11.794815 0.091450
vn -0.964634 0.000000 0.556948
vt 0.124940112 0.530718982
vn -0.964634 0.000000 -0.556948
vt 0.138184741 0.506388009
vn -0.964634 0.000000 0.556948
vt 0.124940112 0.530718982
v 9.223060 17.203846 0.091452
vn -0.964634 0.000000 0.556948
vt 0.138184741 0.530718982
vn -0.964634 0.000000 0.556948
vt 0.124940112 0.506388009
v 11.565239 11.794815 1.443708
vn -0.000000 0.000000 1.113896
vt 0.124940112 0.530718982
v 11.565239 17.203845 1.443710
vn -0.000000 0.000000 1.113896
vt 0.138184741 0.530718982
vn -0.964634 0.000000 0.556948
vt 0.124940112 0.506388009
vn -0.000000 0.000000 1.113896
vt 0.138184741 0.530718982
vn -0.964634 0.000000 0.556948
vt 0.138184741 0.506388009
vn -0.000000 0.000000 1.113896
vt 0.124940112 0.506388009
v 13.907418 11.794816 0.091450
vn 0.964634 0.000000 0.556948
vt 0.124940112 0.530718982
v 13.907415 17.203846 0.091452
vn 0.964634 0.000000 0.556948
vt 0.138184741 0.530718982
vn -0.000000 0.000000 1.113896
vt 0.124940112 0.506388009
vn 0.964634 0.000000 0.556948
vt 0.138184741 0.530718982
vn -0.000000 0.000000 1.113896
vt 0.138184741 0.506388009
vn 0.964634 0.000000 0.556948
vt 0.138184741 0.506388009
vn 0.964634 0.000000 0.556948
vt 0.124940112 0.506388009
v 13.907418 11.794817 -2.613064
vn 0.964634 0.000000 -0.556948
vt 0.124940112 0.530718982
vn 0.964634 0.000000 0.556948
vt 0.138184741 0.506388009
vn 0.964634 0.000000 -0.556948
vt 0.124940112 0.530718982
v 13.907415 17.203846 -2.613062
vn 0.964634 0.000000 -0.556948
vt 0.138184741 0.530718982
vn 0.964634 0.000000 -0.556948
vt 0.138185203 0.506388009
vn 0.964634 0.000000 -0.556948
vt 0.124940112 0.506388009
vn -0.000000 0.000000 -1.113896
vt 0.124940112 0.530718982
vn 0.964634 0.000000 -0.556948
vt 0.138185203 0.506388009
vn -0.000000 0.000000 -1.113896
vt 0.124940112 0.530718982
vn -0.000000 0.000000 -1.113896
vt 0.138184965 0.530718982
vn -0.000000 0.000000 1.113896
vt 0.076425195 0.984791994
vn -0.230354 0.000000 1.089836
vt 0.067149915 0.971219003
vn -0.000000 0.000000 1.113896
vt 0.066785537 0.984791994
vn -0.000000 0.000000 1.113896
vt 0.076425195 0.984791994
vn -0.000000 0.000000 1.113896
vt 0.081669398 0.980096996
vn -0.230354 0.000000 1.089836
vt 0.067149915 0.971219003
vn -0.250515 0.000000 1.085380
vt 0.081668019 0.971219003
vn -0.230354 0.000000 1.089836
vt 0.067149915 0.971219003
vn -0.000000 0.000000 1.113896
vt 0.081669398 0.980096996
vn -0.920078 0.000000 0.627903
vt 0.070078224 0.960779011
vn -0.230354 0.000000 1.089836
vt 0.067149915 0.971219003
vn -0.250515 0.000000 1.085380
vt 0.081668019 0.971219003
vn -0.920078 0.000000 0.627903
vt 0.070078224 0.960779011
vn -0.250515 0.000000 1.085380
vt 0.081668019 0.971219003
vn -0.944584 0.000000 0.590365
vt 0.081668712 0.960779011
vn -0.944584 0.000000 -0.590365
vt 0.081670091 0.950538993
vn -0.920078 0.000000 0.627903
vt 0.070078224 0.960779011
vn -0.944584 0.000000 0.590365
vt 0.081668712 0.960779011
vn -0.944584 0.000000 -0.590365
vt 0.081670091 0.950538993
vn -0.920078 0.000000 -0.627903
vt 0.070080288 0.950538993
vn -0.920078 0.000000 0.627903
vt 0.070078224 0.960779011
vn -0.944584 0.000000 -0.590365
vt 0.081670091 0.950538993
vn -0.250515 0.000000 -1.085380
vt 0.081669167 0.940099001
vn -0.920078 0.000000 -0.627903
vt 0.070080288 0.950538993
vn -0.920078 0.000000 -0.627903
vt 0.070080288 0.950538993
vn -0.250515 0.000000 -1.085380
vt 0.081669167 0.940099001
vn -0.230354 0.000000 -1.089836
vt 0.067152210 0.940099001
vn -0.000000 0.000000 -1.113896
vt 0.081670545 0.931221008
vn -0.230354 0.000000 -1.089836
vt 0.067152210 0.940099001
vn -0.250515 0.000000 -1.085380
vt 0.081669167 0.940099001
vn -0.000000 0.000000 -1.113896
vt 0.081670545 0.931221008
vn -0.000000 0.000000 -1.113896
vt 0.076427944 0.926526010
vn -0.230354 0.000000 -1.089836
vt 0.067152210 0.940099001
vn -0.230354 0.000000 -1.089836
vt 0.067152210 0.940099001
vn -0.000000 0.000000 -1.113896
vt 0.076427944 0.926526010
vn -0.000000 0.000000 -1.113896
vt 0.066788293 0.926526010
s 110
f 434/2179/2179 435/2180/2180 436/2181/2181
f 434/2182/2182 436/2183/2183 437/2184/2184
f 435/2185/2185 438/2186/2186 439/2187/2187
f 435/2188/2188 439/2189/2189 436/2190/2190
f 434/2191/2191 437/2192/2192 440/2193/2193
f 434/2194/2194 440/2195/2195 441/2196/2196
f 441/2197/2197 440/2198/2198 439/2199/2199
f 441/2200/2200 439/2201/2201 438/2202/2202
s 111
f 435/2203/2203 441/2204/2204 438/2205/2205
f 435/2206/2206 434/2207/2207 441/2208/2208
s 112
f 442/2209/2209 443/2210/2210 444/2211/2211
f 442/2212/2212 444/2213/2213 445/2214/2214
f 445/2215/2215 444/2216/2216 446/2217/2217
f 445/2218/2218 446/2219/2219 447/2220/2220
f 446/2221/2221 448/2222/2222 449/2223/2223
f 446/2224/2224 449/2225/2225 447/2226/2226
f 448/2227/2227 443/2228/2228 442/2229/2229
f 448/2230/2230 442/2231/2231 449/2232/2232
s 113
f 450/2233/2233 451/2234/2234 452/2235/2235
f 450/2236/2236 452/2237/2237 453/2238/2238
f 454/2239/2239 455/2240/2240 456/2241/2241
f 454/2242/2242 456/2243/2243 457/2244/2244
f 453/2245/2245 452/2246/2246 456/2247/2247
f 453/2248/2248 456/2249/2249 455/2250/2250
f 450/2251/2251 454/2252/2252 457/2253/2253
f 450/2254/2254 457/2255/2255 451/2256/2256
f 453/2257/2257 458/2258/2258 459/2259/2259
f 453/2260/2260 459/2261/2261 460/2262/2262
f 453/2263/2263 460/2264/2264 450/2265/2265
f 460/2266/2266 461/2267/2267 450/2268/2268
f 455/2269/2269 458/2270/2270 453/2271/2271
f 455/2272/2272 462/2273/2273 458/2274/2274
f 463/2275/2275 462/2276/2276 455/2277/2277
f 454/2278/2278 463/2279/2279 455/2280/2280
f 461/2281/2281 463/2282/2282 454/2283/2283
f 461/2284/2284 454/2285/2285 450/2286/2286
f 464/2287/2287 465/2288/2288 466/2289/2289
f 464/2290/2290 467/2291/2291 465/2292/2292
f 464/2293/2293 463/2294/2294 467/2295/2295
f 464/2296/2296 462/2297/2297 463/2298/2298
f 468/2299/2299 469/2300/2300 470/2301/2301
f 471/2302/2302 469/2303/2303 468/2304/2304
f 471/2305/2305 460/2306/2306 469/2307/2307
f 469/2308/2308 460/2309/2309 459/2310/2310
s 114
f 472/2311/2311 473/2312/2312 474/2313/2313
f 472/2314/2314 474/2315/2315 475/2316/2316
f 475/2317/2317 474/2318/2318 476/2319/2319
f 475/2320/2320 476/2321/2321 477/2322/2322
f 476/2323/2323 478/2324/2324 479/2325/2325
f 476/2326/2326 479/2327/2327 477/2328/2328
f 478/2329/2329 480/2330/2330 481/2331/2331
f 478/2332/2332 481/2333/2333 479/2334/2334
f 481/2335/2335 480/2336/2336 482/2337/2337
f 481/2338/2338 482/2339/2339 483/2340/2340
f 483/2341/2341 482/2342/2342 473/2343/2343
f 483/2344/2344 473/2345/2345 472/2346/2346
s 115
f 461/2347/2347 467/2348/2348 463/2349/2349
f 461/2350/2350 460/2351/2351 467/2352/2352
f 471/2353/2353 467/2354/2354 460/2355/2355
f 465/2356/2356 467/2357/2357 471/2358/2358
f 465/2359/2359 471/2360/2360 468/2361/2361
f 470/2362/2362 465/2363/2363 468/2364/2364
f 470/2365/2365 466/2366/2366 465/2367/2367
f 470/2368/2368 469/2369/2369 466/2370/2370
f 466/2371/2371 469/2372/2372 464/2373/2373
f 459/2374/2374 464/2375/2375 469/2376/2376
f 459/2377/2377 458/2378/2378 464/2379/2379
f 464/2380/2380 458/2381/2381 462/2382/2382
o lmleg,ox=9.29,oy=-5.22,oz=0.00,p=lmhip,
v 28.643217 16.257437 1.533652
vn 0.102813 1.109106 0.000000
vt 0.068250157 0.939163983
v 28.643217 16.257437 0.679636
vn 0.192370 1.097188 0.000000
vt 0.063111499 0.939114988
v 22.199237 13.054568 1.071915
vn -0.258981 1.083375 0.000000
vt 0.065077014 0.982179999
vn 0.102813 1.109106 0.000000
vt 0.068250157 0.939163983
vn -0.258981 1.083375 0.000000
vt 0.065077014 0.982179999
v 22.199237 13.054566 2.714399
vn -0.240713 1.087608 0.000000
vt 0.074905738 0.982276022
v 22.199237 6.372875 2.714395
vn 0.333055 -1.062991 0.000000
vt 0.068250380 0.517105997
v 20.186312 6.372875 2.714397
vn -0.420384 -1.031579 0.000000
vt 0.068250380 0.526404977
v 20.186315 6.372876 1.071911
vn -0.420384 -1.031579 0.000000
vt 0.075879551 0.526404977
vn 0.333055 -1.062991 0.000000
vt 0.068250380 0.517105997
vn -0.420384 -1.031579 0.000000
vt 0.075879551 0.526404977
v 22.199237 6.372876 1.071913
vn 0.354999 -1.055862 0.000000
vt 0.075879551 0.517105997
vn -0.240713 1.087608 0.000000
vt 0.068254285 0.580983996
vn -0.258981 1.083375 0.000000
vt 0.075880237 0.580983996
v 20.186312 13.054568 1.071914
vn -0.420384 1.031579 0.000000
vt 0.075880922 0.571684003
vn -0.240713 1.087608 0.000000
vt 0.068254285 0.580983996
vn -0.420384 1.031579 0.000000
vt 0.075880922 0.571684003
v 20.186312 13.054566 2.714400
vn -0.420384 1.031579 0.000000
vt 0.068254746 0.571684003
v 29.678546 11.927223 1.372524
vn 0.983904 -0.522194 0.000000
vt 0.072633214 0.519244015
vn 0.333055 -1.062991 0.000000
vt 0.066968188 0.578637004
vn 0.354999 -1.055862 0.000000
vt 0.077404283 0.578139007
vn 0.983904 -0.522194 0.000000
vt 0.072633214 0.519244015
vn 0.354999 -1.055862 0.000000
vt 0.077404283 0.578139007
v 29.678546 11.927223 0.626108
vn 0.998942 -0.492788 0.000000
vt 0.077393726 0.519017994
vn -0.420384 1.031579 0.000000
vt 0.068251073 0.566147983
vn -0.420384 1.031579 0.000000
vt 0.075877942 0.566147983
v 18.783228 11.683398 1.071914
vn -1.026678 0.432192 0.000000
vt 0.075874045 0.557084978
vn -0.420384 1.031579 0.000000
vt 0.068251073 0.566147983
vn -1.026678 0.432192 0.000000
vt 0.075874045 0.557084978
v 18.783226 11.683397 2.714396
vn -1.026678 0.432192 0.000000
vt 0.068247631 0.557084978
vn -0.420384 -1.031579 0.000000
vt 0.068248086 0.529823005
v 18.783226 7.744043 2.714396
vn -1.026678 -0.432192 0.000000
vt 0.068244874 0.538886011
v 18.783228 7.744044 1.071914
vn -1.026678 -0.432192 0.000000
vt 0.075872898 0.538886011
vn -0.420384 -1.031579 0.000000
vt 0.068248086 0.529823005
vn -1.026678 -0.432192 0.000000
vt 0.075872898 0.538886011
vn -0.420384 -1.031579 0.000000
vt 0.075877480 0.529823005
vn -1.026678 -0.432192 0.000000
vt 0.075872205 0.557084978
vn -1.026678 -0.432192 0.000000
vt 0.068244420 0.557084978
vn -1.026678 0.432192 0.000000
vt 0.068240516 0.538886011
vn -1.026678 -0.432192 0.000000
vt 0.075872205 0.557084978
vn -1.026678 0.432192 0.000000
vt 0.068240516 0.538886011
vn -1.026678 0.432192 0.000000
vt 0.075869225 0.538886011
v 29.678546 15.259455 1.372525
vn 1.018658 0.450571 0.000000
vt 0.113163084 0.358597010
vn 0.983904 -0.522194 0.000000
vt 0.114442065 0.319720000
vn 0.998942 -0.492788 0.000000
vt 0.105775073 0.319426000
vn 1.018658 0.450571 0.000000
vt 0.113163084 0.358597010
vn 0.998942 -0.492788 0.000000
vt 0.105775073 0.319426000
v 29.678546 15.259455 0.626110
vn 1.027346 0.430521 0.000000
vt 0.104432300 0.358303010
vn 1.018658 0.450571 0.000000
vt 0.113163084 0.358597010
vn 1.027346 0.430521 0.000000
vt 0.104432300 0.358303010
vn 0.192370 1.097188 0.000000
vt 0.104493335 0.375101000
vn 1.018658 0.450571 0.000000
vt 0.113163084 0.358597010
vn 0.192370 1.097188 0.000000
vt 0.104493335 0.375101000
vn 0.102813 1.109106 0.000000
vt 0.114450783 0.375436991
v 22.199240 6.372876 -3.602564
vn 0.354999 -1.055862 0.000000
vt 0.077282667 0.578140020
v 22.199237 6.372876 -5.236007
vn 0.333055 -1.062991 0.000000
vt 0.066968419 0.578638017
v 29.678546 11.927224 -3.894245
vn 0.983904 -0.522194 0.000000
vt 0.072572410 0.519244015
vn 0.354999 -1.055862 0.000000
vt 0.077282667 0.578140020
vn 0.983904 -0.522194 0.000000
vt 0.072572410 0.519244015
v 29.678546 11.927224 -3.153822
vn 0.999053 -0.492676 0.000000
vt 0.077271655 0.519017994
v 22.199237 13.054570 -5.236006
vn -0.240713 1.087608 0.000000
vt 0.068316236 0.581192017
v 20.186317 13.054570 -5.236004
vn -0.420384 1.031579 0.000000
vt 0.068316236 0.571892023
v 20.186317 13.054568 -3.602560
vn -0.420384 1.031579 0.000000
vt 0.075882070 0.571892023
vn -0.240713 1.087608 0.000000
vt 0.068316236 0.581192017
vn -0.420384 1.031579 0.000000
vt 0.075882070 0.571892023
v 22.199240 13.054568 -3.602560
vn -0.258981 1.083375 0.000000
vt 0.075881384 0.581192017
vn 0.333055 -1.062991 0.000000
vt 0.068312109 0.580330014
vn 0.354999 -1.055862 0.000000
vt 0.075879775 0.580330014
v 20.186317 6.372876 -3.602564
vn -0.420384 -1.031579 0.000000
vt 0.075880006 0.571030021
vn 0.333055 -1.062991 0.000000
vt 0.068312109 0.580330014
vn -0.420384 -1.031579 0.000000
vt 0.075880006 0.571030021
v 20.186317 6.372876 -5.236007
vn -0.420384 -1.031579 0.000000
vt 0.068312109 0.571030021
vn -0.258981 1.083375 0.000000
vt 0.065077931 0.982179999
v 28.643217 16.257437 -3.207713
vn 0.192481 1.097188 0.000000
vt 0.063113563 0.939113975
v 28.643217 16.257437 -4.055372
vn 0.102813 1.109106 0.000000
vt 0.068189345 0.939164996
vn -0.258981 1.083375 0.000000
vt 0.065077931 0.982179999
vn 0.102813 1.109106 0.000000
vt 0.068189345 0.939164996
vn -0.240713 1.087608 0.000000
vt 0.074845850 0.982279003
v 29.678546 15.259455 -3.153819
vn 1.027346 0.430409 0.000000
vt 0.114442065 0.336558014
vn 0.999053 -0.492676 0.000000
vt 0.115784839 0.375434995
vn 0.983904 -0.522194 0.000000
vt 0.124390796 0.375142992
vn 1.027346 0.430409 0.000000
vt 0.114442065 0.336558014
vn 0.983904 -0.522194 0.000000
vt 0.124390796 0.375142992
v 29.678546 15.259455 -3.894243
vn 1.018658 0.450571 0.000000
vt 0.123111352 0.336266011
vn 1.027346 0.430409 0.000000
vt 0.114442065 0.336558014
vn 1.018658 0.450571 0.000000
vt 0.123111352 0.336266011
vn 0.192481 1.097188 0.000000
vt 0.114504248 0.319759995
vn 0.192481 1.097188 0.000000
vt 0.114504248 0.319759995
vn 1.018658 0.450571 0.000000
vt 0.123111352 0.336266011
vn 0.102813 1.109106 0.000000
vt 0.124400429 0.319426000
v 18.783226 7.744045 -3.602564
vn -1.026678 -0.432192 0.000000
vt 0.075872667 0.557084978
vn -0.420384 -1.031579 0.000000
vt 0.068309583 0.566147983
vn -0.420384 -1.031579 0.000000
vt 0.075877711 0.566147983
v 18.783228 7.744047 -5.236007
vn -1.026678 -0.432192 0.000000
vt 0.068305455 0.557084978
vn -0.420384 -1.031579 0.000000
vt 0.068309583 0.566147983
vn -1.026678 -0.432192 0.000000
vt 0.075872667 0.557084978
vn -1.026678 -0.432192 0.000000
vt 0.068305455 0.557084978
vn -1.026678 -0.432192 0.000000
vt 0.075872667 0.557084978
v 18.783226 11.683399 -3.602564
vn -1.026678 0.432192 0.000000
vt 0.075870827 0.538886011
vn -1.026678 -0.432192 0.000000
vt 0.068305455 0.557084978
vn -1.026678 0.432192 0.000000
vt 0.075870827 0.538886011
v 18.783228 11.683401 -5.236006
vn -1.026678 0.432192 0.000000
vt 0.068304539 0.538886011
vn -1.026678 0.432192 0.000000
vt 0.075870827 0.538886011
vn -0.420384 1.031579 0.000000
vt 0.068312339 0.529823005
vn -1.026678 0.432192 0.000000
vt 0.068304539 0.538886011
vn -1.026678 0.432192 0.000000
vt 0.075870827 0.538886011
vn -0.420384 1.031579 0.000000
vt 0.075878859 0.529823005
vn -0.420384 1.031579 0.000000
vt 0.068312339 0.529823005
vn 0.189808 0.004567 1.097633
vt 0.047009692 0.937637985
vn 0.194486 0.003453 1.096742
vt 0.046450965 0.924727023
vn 0.171317 0.000000 1.100641
vt 0.049139954 0.934010983
vn 0.111390 0.001114 1.108326
vt 0.026201291 0.934005022
vn 0.194486 0.003453 1.096742
vt 0.046450965 0.924727023
vn 0.189808 0.004567 1.097633
vt 0.047009692 0.937637985
vn 0.111390 0.001114 1.108326
vt 0.026201291 0.934005022
vn 0.073851 0.000000 1.111445
vt 0.020830426 0.915387988
vn 0.194486 0.003453 1.096742
vt 0.046450965 0.924727023
vn -0.000000 0.000000 1.113896
vt 0.015574979 0.932944000
vn 0.111390 0.001114 1.108326
vt 0.026201291 0.934005022
vn -0.000000 0.000000 1.113896
vt 0.020584451 0.935630977
vn -0.000000 0.000000 1.113896
vt 0.012401151 0.921967983
vn 0.111390 0.001114 1.108326
vt 0.026201291 0.934005022
vn -0.000000 0.000000 1.113896
vt 0.015574979 0.932944000
vn -0.000000 0.000000 1.113896
vt 0.012401151 0.921967983
vn 0.073851 0.000000 1.111445
vt 0.020830426 0.915387988
vn 0.111390 0.001114 1.108326
vt 0.026201291 0.934005022
vn -0.000000 0.000000 1.113896
vt 0.012401151 0.921967983
vn -0.000000 0.000000 1.113896
vt 0.015212668 0.917014003
vn 0.073851 0.000000 1.111445
vt 0.020830426 0.915387988
v 27.487403 14.761364 -5.210987
vn -0.000000 1.113896 0.000000
vt 0.357073098 0.518890023
v 27.487400 14.761363 2.689376
vn -0.000000 1.113896 0.000000
vt 0.314591259 0.518890023
v 28.920396 13.934024 2.689376
vn 0.964634 0.556948 0.000000
vt 0.314585984 0.533044994
vn -0.000000 1.113896 0.000000
vt 0.357073098 0.518890023
vn 0.964634 0.556948 0.000000
vt 0.314585984 0.533044994
v 28.920396 13.934027 -5.210991
vn 0.964634 0.556948 0.000000
vt 0.357066900 0.533044994
vn 0.964634 0.556948 0.000000
vt 0.314585984 0.533044994
v 28.920396 12.279344 2.689376
vn 0.964634 -0.556948 0.000000
vt 0.314581841 0.547199011
vn 0.964634 0.556948 0.000000
vt 0.357066900 0.533044994
vn 0.964634 0.556948 0.000000
vt 0.357066900 0.533044994
vn 0.964634 -0.556948 0.000000
vt 0.314581841 0.547199011
v 28.920396 12.279346 -5.210991
vn 0.964634 -0.556948 0.000000
vt 0.357062995 0.547199011
vn 0.964634 -0.556948 0.000000
vt 0.314581841 0.547199011
v 27.487403 11.452006 -5.210990
vn -0.000000 -1.113896 0.000000
vt 0.357063472 0.561353028
vn 0.964634 -0.556948 0.000000
vt 0.357062995 0.547199011
vn 0.964634 -0.556948 0.000000
vt 0.314581841 0.547199011
v 27.487400 11.452002 2.689373
vn -0.000000 -1.113896 0.000000
vt 0.314581841 0.561353028
vn -0.000000 -1.113896 0.000000
vt 0.357063472 0.561353028
vn -0.000000 -1.113896 0.000000
vt 0.357063472 0.561353028
vn -0.000000 -1.113896 0.000000
vt 0.314581841 0.561353028
v 26.054410 12.279344 2.689376
vn -0.964634 -0.556948 0.000000
vt 0.314577937 0.575506985
vn -0.000000 -1.113896 0.000000
vt 0.357063472 0.561353028
vn -0.964634 -0.556948 0.000000
vt 0.314577937 0.575506985
v 26.054406 12.279348 -5.210988
vn -0.964634 -0.556948 0.000000
vt 0.357060701 0.575506985
vn -0.964634 -0.556948 0.000000
vt 0.314577937 0.575506985
v 26.054410 13.934024 2.689376
vn -0.964634 0.556948 0.000000
vt 0.314585060 0.589662015
vn -0.964634 -0.556948 0.000000
vt 0.357060701 0.575506985
vn -0.964634 -0.556948 0.000000
vt 0.357060701 0.575506985
vn -0.964634 0.556948 0.000000
vt 0.314585060 0.589662015
v 26.054406 13.934027 -5.210988
vn -0.964634 0.556948 0.000000
vt 0.357066214 0.589662015
vn -0.964634 0.556948 0.000000
vt 0.314585060 0.589662015
vn -0.000000 1.113896 0.000000
vt 0.357069880 0.603815973
vn -0.964634 0.556948 0.000000
vt 0.357066214 0.589662015
vn -0.964634 0.556948 0.000000
vt 0.314585060 0.589662015
vn -0.000000 1.113896 0.000000
vt 0.314588726 0.603815973
vn -0.000000 1.113896 0.000000
vt 0.357069880 0.603815973
v 19.357836 10.518844 -6.113754
vn -0.964634 0.556948 0.000000
vt 0.356576324 0.575709999
v 20.833255 11.370674 3.592138
vn -0.000000 1.113896 0.000000
vt 0.313060552 0.590207994
v 20.833255 11.370678 -6.113751
vn -0.000000 1.113896 0.000000
vt 0.356579304 0.590207994
v 19.357832 10.518841 3.592138
vn -0.964634 0.556948 0.000000
vt 0.313055277 0.575709999
vn -0.000000 1.113896 0.000000
vt 0.313060552 0.590207994
vn -0.964634 0.556948 0.000000
vt 0.356576324 0.575709999
v 19.357836 8.815179 -6.113754
vn -0.964634 -0.556948 0.000000
vt 0.356572419 0.561210990
vn -0.964634 0.556948 0.000000
vt 0.313055277 0.575709999
vn -0.964634 0.556948 0.000000
vt 0.356576324 0.575709999
vn -0.964634 -0.556948 0.000000
vt 0.356572419 0.561210990
v 19.357832 8.815175 3.592136
vn -0.964634 -0.556948 0.000000
vt 0.313052982 0.561210990
vn -0.964634 0.556948 0.000000
vt 0.313055277 0.575709999
v 20.833255 7.963344 3.592136
vn -0.000000 -1.113896 0.000000
vt 0.313057810 0.546711981
vn -0.964634 -0.556948 0.000000
vt 0.313052982 0.561210990
vn -0.964634 -0.556948 0.000000
vt 0.356572419 0.561210990
vn -0.000000 -1.113896 0.000000
vt 0.313057810 0.546711981
vn -0.964634 -0.556948 0.000000
vt 0.356572419 0.561210990
v 20.833255 7.963347 -6.113751
vn -0.000000 -1.113896 0.000000
vt 0.356577694 0.546711981
v 22.308672 8.815179 -6.113751
vn 0.964634 -0.556948 0.000000
vt 0.356578857 0.532213986
vn -0.000000 -1.113896 0.000000
vt 0.313057810 0.546711981
vn -0.000000 -1.113896 0.000000
vt 0.356577694 0.546711981
v 22.308672 8.815175 3.592134
vn 0.964634 -0.556948 0.000000
vt 0.313061476 0.532213986
vn -0.000000 -1.113896 0.000000
vt 0.313057810 0.546711981
vn 0.964634 -0.556948 0.000000
vt 0.356578857 0.532213986
v 22.308672 10.518844 -6.113751
vn 0.964634 0.556948 0.000000
vt 0.356583685 0.517714977
vn 0.964634 -0.556948 0.000000
vt 0.313061476 0.532213986
vn 0.964634 -0.556948 0.000000
vt 0.356578857 0.532213986
vn 0.964634 0.556948 0.000000
vt 0.356583685 0.517714977
v 22.308672 10.518841 3.592136
vn 0.964634 0.556948 0.000000
vt 0.313065141 0.517714977
vn 0.964634 -0.556948 0.000000
vt 0.313061476 0.532213986
vn -0.000000 1.113896 0.000000
vt 0.313064218 0.503216028
vn 0.964634 0.556948 0.000000
vt 0.313065141 0.517714977
vn 0.964634 0.556948 0.000000
vt 0.356583685 0.517714977
vn -0.000000 1.113896 0.000000
vt 0.313064218 0.503216028
vn 0.964634 0.556948 0.000000
vt 0.356583685 0.517714977
vn -0.000000 1.113896 0.000000
vt 0.356582999 0.503216028
vn 0.194486 0.003453 -1.096742
vt 0.046452343 0.924786985
vn 0.189808 0.004567 -1.097633
vt 0.047010839 0.937698007
vn 0.171317 0.000000 -1.100641
vt 0.049141102 0.934071004
vn 0.111390 0.001114 -1.108326
vt 0.026202668 0.934064984
vn 0.189808 0.004567 -1.097633
vt 0.047010839 0.937698007
vn 0.194486 0.003453 -1.096742
vt 0.046452343 0.924786985
vn 0.111390 0.001114 -1.108326
vt 0.026202668 0.934064984
vn 0.194486 0.003453 -1.096742
vt 0.046452343 0.924786985
vn 0.073851 0.000000 -1.111445
vt 0.020771457 0.915448010
vn -0.000000 0.000000 -1.113896
vt 0.012342410 0.922026992
vn 0.073851 0.000000 -1.111445
vt 0.020771457 0.915448010
vn -0.000000 0.000000 -1.113896
vt 0.015153699 0.917074025
vn -0.000000 0.000000 -1.113896
vt 0.015515779 0.933004022
vn 0.073851 0.000000 -1.111445
vt 0.020771457 0.915448010
vn -0.000000 0.000000 -1.113896
vt 0.012342410 0.922026992
vn 0.111390 0.001114 -1.108326
vt 0.026202668 0.934064984
vn 0.073851 0.000000 -1.111445
vt 0.020771457 0.915448010
vn -0.000000 0.000000 -1.113896
vt 0.015515779 0.933004022
vn 0.111390 0.001114 -1.108326
vt 0.026202668 0.934064984
vn -0.000000 0.000000 -1.113896
vt 0.015515779 0.933004022
vn -0.000000 0.000000 -1.113896
vt 0.020585369 0.935690999
vn -0.065497 -0.001225 -1.112002
vt 0.046387866 0.924751997
vn -0.063938 -0.001559 -1.112114
vt 0.047059253 0.937650025
vn -0.057477 0.000000 -1.112448
vt 0.049134448 0.934018016
vn -0.037427 -0.000334 -1.113228
vt 0.026492929 0.934077978
vn -0.063938 -0.001559 -1.112114
vt 0.047059253 0.937650025
vn -0.065497 -0.001225 -1.112002
vt 0.046387866 0.924751997
vn -0.037427 -0.000334 -1.113228
vt 0.026492929 0.934077978
vn -0.065497 -0.001225 -1.112002
vt 0.046387866 0.924751997
vn -0.024728 0.000000 -1.113673
vt 0.020943778 0.915498018
vn -0.037427 -0.000334 -1.113228
vt 0.026492929 0.934077978
vn -0.000000 0.000000 -1.113896
vt 0.015870517 0.933088005
vn -0.000000 0.000000 -1.113896
vt 0.020877466 0.935742021
vn -0.037427 -0.000334 -1.113228
vt 0.026492929 0.934077978
vn -0.024728 0.000000 -1.113673
vt 0.020943778 0.915498018
vn -0.000000 0.000000 -1.113896
vt 0.015870517 0.933088005
vn -0.000000 0.000000 -1.113896
vt 0.015870517 0.933088005
vn -0.024728 0.000000 -1.113673
vt 0.020943778 0.915498018
vn -0.000000 0.000000 -1.113896
vt 0.012578978 0.922133982
vn -0.000000 0.000000 -1.113896
vt 0.012578978 0.922133982
vn -0.024728 0.000000 -1.113673
vt 0.020943778 0.915498018
vn -0.000000 0.000000 -1.113896
vt 0.015389808 0.917160988
vn -0.064272 -0.001559 1.112002
vt 0.047120288 0.937547028
vn -0.065943 -0.001225 1.111891
vt 0.046387866 0.924649000
vn -0.057923 0.000000 1.112336
vt 0.049195483 0.933915019
vn -0.037650 -0.000334 1.113228
vt 0.026494076 0.933974981
vn -0.065943 -0.001225 1.111891
vt 0.046387866 0.924649000
vn -0.064272 -0.001559 1.112002
vt 0.047120288 0.937547028
vn -0.037650 -0.000334 1.113228
vt 0.026494076 0.933974981
vn -0.024840 0.000000 1.113673
vt 0.021004125 0.915395021
vn -0.065943 -0.001225 1.111891
vt 0.046387866 0.924649000
vn -0.000000 0.000000 1.113896
vt 0.015871206 0.932985008
vn -0.037650 -0.000334 1.113228
vt 0.026494076 0.933974981
vn -0.000000 0.000000 1.113896
vt 0.020939877 0.935639024
vn -0.000000 0.000000 1.113896
vt 0.015871206 0.932985008
vn -0.024840 0.000000 1.113673
vt 0.021004125 0.915395021
vn -0.037650 -0.000334 1.113228
vt 0.026494076 0.933974981
vn -0.000000 0.000000 1.113896
vt 0.015871206 0.932985008
vn -0.000000 0.000000 1.113896
vt 0.012639096 0.922030985
vn -0.024840 0.000000 1.113673
vt 0.021004125 0.915395021
vn -0.024840 0.000000 1.113673
vt 0.021004125 0.915395021
vn -0.000000 0.000000 1.113896
vt 0.012639096 0.922030985
vn -0.000000 0.000000 1.113896
vt 0.015389120 0.917057991
vn -0.000000 0.000000 1.113896
vt 0.741286218 0.885608971
vn -0.000000 0.000000 1.113896
vt 0.725048304 0.913689017
vn -0.000000 0.000000 1.113896
vt 0.725048780 0.894968987
vn -0.000000 0.000000 1.113896
vt 0.741286218 0.885608971
vn -0.000000 0.000000 1.113896
vt 0.741285503 0.923048973
vn -0.000000 0.000000 1.113896
vt 0.725048304 0.913689017
vn -0.000000 0.000000 1.113896
vt 0.741286218 0.885608971
vn -0.000000 0.000000 1.113896
vt 0.757460296 0.913689017
vn -0.000000 0.000000 1.113896
vt 0.741285503 0.923048973
vn -0.000000 0.000000 1.113896
vt 0.741286218 0.885608971
vn -0.000000 0.000000 1.113896
vt 0.757460535 0.894968987
vn -0.000000 0.000000 1.113896
vt 0.757460296 0.913689017
vn -0.000000 0.000000 -1.113896
vt 0.740802944 0.922656000
vn -0.000000 0.000000 -1.113896
vt 0.724807382 0.894914985
vn -0.000000 0.000000 -1.113896
vt 0.724811316 0.913408995
vn -0.000000 0.000000 -1.113896
vt 0.740802944 0.922656000
vn -0.000000 0.000000 -1.113896
vt 0.740799069 0.885668993
vn -0.000000 0.000000 -1.113896
vt 0.724807382 0.894914985
vn -0.000000 0.000000 -1.113896
vt 0.740802944 0.922656000
vn -0.000000 0.000000 -1.113896
vt 0.756856143 0.894914985
vn -0.000000 0.000000 -1.113896
vt 0.740799069 0.885668993
vn -0.000000 0.000000 -1.113896
vt 0.740802944 0.922656000
vn -0.000000 0.000000 -1.113896
vt 0.756856143 0.913408995
vn -0.000000 0.000000 -1.113896
vt 0.756856143 0.894914985
vn -0.000000 0.000000 -1.113896
vt 0.757646382 0.894968987
vn -0.000000 0.000000 -1.113896
vt 0.741469979 0.923048973
vn -0.000000 0.000000 -1.113896
vt 0.757645249 0.913689017
vn -0.000000 0.000000 -1.113896
vt 0.741471827 0.885608971
vn -0.000000 0.000000 -1.113896
vt 0.741469979 0.923048973
vn -0.000000 0.000000 -1.113896
vt 0.757646382 0.894968987
vn -0.000000 0.000000 -1.113896
vt 0.741471827 0.885608971
vn -0.000000 0.000000 -1.113896
vt 0.725235105 0.894968987
vn -0.000000 0.000000 -1.113896
vt 0.741469979 0.923048973
vn -0.000000 0.000000 -1.113896
vt 0.741469979 0.923048973
vn -0.000000 0.000000 -1.113896
vt 0.725235105 0.894968987
vn -0.000000 0.000000 -1.113896
vt 0.725233972 0.913689017
vn -0.000000 0.000000 1.113896
vt 0.756854534 0.913408995
vn -0.000000 0.000000 1.113896
vt 0.724806249 0.913408995
vn -0.000000 0.000000 1.113896
vt 0.740863323 0.922656000
vn -0.000000 0.000000 1.113896
vt 0.756853580 0.894914985
vn -0.000000 0.000000 1.113896
vt 0.724806249 0.913408995
vn -0.000000 0.000000 1.113896
vt 0.756854534 0.913408995
vn -0.000000 0.000000 1.113896
vt 0.756853580 0.894914985
vn -0.000000 0.000000 1.113896
vt 0.740861952 0.885668993
vn -0.000000 0.000000 1.113896
vt 0.724806249 0.913408995
vn -0.000000 0.000000 1.113896
vt 0.724806249 0.913408995
vn -0.000000 0.000000 1.113896
vt 0.740861952 0.885668993
vn -0.000000 0.000000 1.113896
vt 0.724805772 0.894914985
s 116
f 484/2383/2383 485/2384/2384 486/2385/2385
f 484/2386/2386 486/2387/2387 487/2388/2388
f 488/2389/2389 489/2390/2390 490/2391/2391
f 488/2392/2392 490/2393/2393 491/2394/2394
f 487/2395/2395 486/2396/2396 492/2397/2397
f 487/2398/2398 492/2399/2399 493/2400/2400
f 494/2401/2401 488/2402/2402 491/2403/2403
f 494/2404/2404 491/2405/2405 495/2406/2406
f 493/2407/2407 492/2408/2408 496/2409/2409
f 493/2410/2410 496/2411/2411 497/2412/2412
f 489/2413/2413 498/2414/2414 499/2415/2415
f 489/2416/2416 499/2417/2417 490/2418/2418
f 499/2419/2419 498/2420/2420 497/2421/2421
f 499/2422/2422 497/2423/2423 496/2424/2424
f 500/2425/2425 494/2426/2426 495/2427/2427
f 500/2428/2428 495/2429/2429 501/2430/2430
f 500/2431/2431 501/2432/2432 485/2433/2433
f 500/2434/2434 485/2435/2435 484/2436/2436
s 117
f 502/2437/2437 503/2438/2438 504/2439/2439
f 502/2440/2440 504/2441/2441 505/2442/2442
f 506/2443/2443 507/2444/2444 508/2445/2445
f 506/2446/2446 508/2447/2447 509/2448/2448
f 503/2449/2449 502/2450/2450 510/2451/2451
f 503/2452/2452 510/2453/2453 511/2454/2454
f 509/2455/2455 512/2456/2456 513/2457/2457
f 509/2458/2458 513/2459/2459 506/2460/2460
f 514/2461/2461 505/2462/2462 504/2463/2463
f 514/2464/2464 504/2465/2465 515/2466/2466
f 514/2467/2467 515/2468/2468 512/2469/2469
f 512/2470/2470 515/2471/2471 513/2472/2472
f 516/2473/2473 511/2474/2474 510/2475/2475
f 517/2476/2476 511/2477/2477 516/2478/2478
f 517/2479/2479 516/2480/2480 518/2481/2481
f 517/2482/2482 518/2483/2483 519/2484/2484
f 518/2485/2485 507/2486/2486 519/2487/2487
f 518/2488/2488 508/2489/2489 507/2490/2490
s 118
f 484/2491/2491 494/2492/2492 500/2493/2493
f 487/2494/2494 494/2495/2495 484/2496/2496
f 487/2497/2497 488/2498/2498 494/2499/2499
f 497/2500/2500 487/2501/2501 493/2502/2502
f 498/2503/2503 487/2504/2504 497/2505/2505
f 498/2506/2506 488/2507/2507 487/2508/2508
f 498/2509/2509 489/2510/2510 488/2511/2511
s 119
f 520/2512/2512 521/2513/2513 522/2514/2514
f 520/2515/2515 522/2516/2516 523/2517/2517
f 522/2518/2518 524/2519/2519 523/2520/2520
f 523/2521/2521 524/2522/2522 525/2523/2523
f 524/2524/2524 526/2525/2525 525/2526/2526
f 524/2527/2527 527/2528/2528 526/2529/2529
f 526/2530/2530 527/2531/2531 528/2532/2532
f 526/2533/2533 528/2534/2534 529/2535/2535
f 528/2536/2536 530/2537/2537 529/2538/2538
f 529/2539/2539 530/2540/2540 531/2541/2541
f 530/2542/2542 520/2543/2543 531/2544/2544
f 530/2545/2545 521/2546/2546 520/2547/2547
s 120
f 532/2548/2548 533/2549/2549 534/2550/2550
f 535/2551/2551 533/2552/2552 532/2553/2553
f 536/2554/2554 535/2555/2555 532/2556/2556
f 536/2557/2557 537/2558/2558 535/2559/2559
f 538/2560/2560 537/2561/2561 536/2562/2562
f 538/2563/2563 536/2564/2564 539/2565/2565
f 540/2566/2566 538/2567/2567 539/2568/2568
f 541/2569/2569 538/2570/2570 540/2571/2571
f 542/2572/2572 541/2573/2573 540/2574/2574
f 542/2575/2575 543/2576/2576 541/2577/2577
f 533/2578/2578 543/2579/2579 542/2580/2580
f 533/2581/2581 542/2582/2582 534/2583/2583
s 121
f 504/2584/2584 513/2585/2585 515/2586/2586
f 506/2587/2587 513/2588/2588 504/2589/2589
f 506/2590/2590 504/2591/2591 503/2592/2592
f 517/2593/2593 503/2594/2594 511/2595/2595
f 519/2596/2596 503/2597/2597 517/2598/2598
f 506/2599/2599 503/2600/2600 519/2601/2601
f 506/2602/2602 519/2603/2603 507/2604/2604
s 122
f 495/2605/2605 485/2606/2606 501/2607/2607
f 486/2608/2608 485/2609/2609 495/2610/2610
f 486/2611/2611 495/2612/2612 491/2613/2613
f 486/2614/2614 496/2615/2615 492/2616/2616
f 486/2617/2617 491/2618/2618 496/2619/2619
f 496/2620/2620 491/2621/2621 499/2622/2622
f 499/2623/2623 491/2624/2624 490/2625/2625
s 123
f 512/2626/2626 505/2627/2627 514/2628/2628
f 509/2629/2629 505/2630/2630 512/2631/2631
f 509/2632/2632 502/2633/2633 505/2634/2634
f 518/2635/2635 509/2636/2636 508/2637/2637
f 518/2638/2638 502/2639/2639 509/2640/2640
f 518/2641/2641 516/2642/2642 502/2643/2643
f 502/2644/2644 516/2645/2645 510/2646/2646
s 124
f 538/2647/2647 535/2648/2648 537/2649/2649
f 538/2650/2650 533/2651/2651 535/2652/2652
f 538/2653/2653 543/2654/2654 533/2655/2655
f 538/2656/2656 541/2657/2657 543/2658/2658
s 125
f 529/2659/2659 525/2660/2660 526/2661/2661
f 529/2662/2662 523/2663/2663 525/2664/2664
f 529/2665/2665 520/2666/2666 523/2667/2667
f 529/2668/2668 531/2669/2669 520/2670/2670
s 126
f 540/2671/2671 534/2672/2672 542/2673/2673
f 539/2674/2674 534/2675/2675 540/2676/2676
f 539/2677/2677 536/2678/2678 534/2679/2679
f 534/2680/2680 536/2681/2681 532/2682/2682
s 127
f 530/2683/2683 522/2684/2684 521/2685/2685
f 528/2686/2686 522/2687/2687 530/2688/2688
f 528/2689/2689 527/2690/2690 522/2691/2691
f 522/2692/2692 527/2693/2693 524/2694/2694
o lmfoot,ox=6.60,oy=3.43,oz=0.00,p=lmleg,
v 29.864193 9.338805 2.802635
vn -0.527764 0.145029 -0.970203
vt 0.132998124 0.424396008
v 31.854840 1.972288 0.618693
vn -0.527764 0.145029 -0.970203
vt 0.174077779 0.398362011
v 30.635012 1.970477 1.281985
vn -0.527764 0.145029 -0.970203
vt 0.175786987 0.406688988
v 29.864837 16.700417 -5.415539
vn -0.393317 -0.209858 1.020774
vt 0.088808447 0.345640987
v 34.620055 16.712134 -3.581128
vn -0.393317 -0.209858 1.020774
vt 0.091737218 0.374909997
v 31.849353 24.073097 -3.135083
vn -0.393317 -0.209858 1.020774
vt 0.046523016 0.374410003
v 31.854843 1.972288 -3.140308
vn -0.527764 0.145029 0.970203
vt 0.173955470 0.375200003
v 29.864193 9.338809 -5.324242
vn -0.527764 0.145029 0.970203
vt 0.133668825 0.348935008
v 30.635009 1.970480 -3.803594
vn -0.527764 0.145029 0.970203
vt 0.175786525 0.366990000
v 33.771240 9.344274 -3.672431
vn -0.433751 0.012810 1.025898
vt 0.129945457 0.373106003
vn -0.433751 0.012810 1.025898
vt 0.088808678 0.345640987
vn -0.433751 0.012810 1.025898
vt 0.133668825 0.348935008
v 31.849353 24.073097 0.613482
vn -0.393317 -0.209858 -1.020774
vt 0.046827503 0.398301005
v 34.620055 16.712134 1.059527
vn -0.393317 -0.209858 -1.020774
vt 0.090821460 0.398048997
v 29.864834 16.700413 2.893932
vn -0.393317 -0.209858 -1.020774
vt 0.087830968 0.427073002
vn -0.433751 0.012810 -1.025898
vt 0.087831654 0.427073002
v 33.771240 9.344273 1.150821
vn -0.433751 0.012810 -1.025898
vt 0.129518211 0.399989009
vn -0.433751 0.012810 -1.025898
vt 0.132997677 0.424396008
v 30.963559 1.843688 2.009153
vn 0.457588 -0.158953 1.003063
vt 0.183196560 0.990513980
v 34.435100 9.216347 1.593210
vn 0.457588 -0.158953 1.003063
vt 0.148416385 0.998328984
v 30.179275 9.269761 3.543414
vn 0.457588 -0.158953 1.003063
vt 0.152251050 0.978223026
v 30.160922 16.757775 -6.165093
vn 0.419382 0.235589 -1.004734
vt 0.171544820 0.979853988
v 32.564958 24.357285 -3.379878
vn 0.419382 0.235589 -1.004734
vt 0.148665816 0.998573005
v 35.298905 16.807385 -4.008754
vn 0.419382 0.235589 -1.004734
vt 0.176864505 0.998620987
v 30.963556 1.843691 -4.530762
vn 0.566193 -0.213868 -0.935116
vt 0.183930367 0.992100000
v 34.435107 9.216349 -4.114832
vn 0.566193 -0.213868 -0.935116
vt 0.156047851 0.998411000
v 32.501215 1.778971 -3.584865
vn 0.566193 -0.213868 -0.935116
vt 0.183018044 0.998359978
vn 0.463826 -0.012364 -1.012643
vt 0.093237169 0.662575006
vn 0.463826 -0.012364 -1.012643
vt 0.073039807 0.693165004
v 30.179271 9.269767 -6.065022
vn 0.463826 -0.012364 -1.012643
vt 0.092317507 0.693367004
v 32.564963 24.357285 0.858283
vn 0.419382 0.235589 1.004734
vt 0.139266849 0.998512030
v 30.160919 16.757766 3.643501
vn 0.419382 0.235589 1.004734
vt 0.167941898 0.975269020
v 35.298932 16.807385 1.487153
vn 0.419382 0.235589 1.004734
vt 0.174483225 0.998736978
vn 0.431189 -0.034754 1.026455
vt 0.093477637 0.662433982
vn 0.431189 -0.034754 1.026455
vt 0.073099233 0.693350017
vn 0.431189 -0.034754 1.026455
vt 0.070295058 0.661705017
vn -0.082428 -1.100084 -0.154609
vt 0.062756300 0.358473003
vn -0.082428 -1.100084 -0.154609
vt 0.070997193 0.344433993
vn -0.082428 -1.100084 -0.154609
vt 0.074535854 0.351565987
vn -0.176330 -1.079031 0.212866
vt 0.062756531 0.395449013
vn -0.176330 -1.079031 0.212866
vt 0.070996739 0.409487009
vn -0.176330 -1.079031 0.212866
vt 0.056107372 0.399821997
vn -1.035812 -0.008020 0.409691
vt 0.094184130 0.410369009
vn -1.035812 -0.008020 0.409691
vt 0.118474513 0.430052012
vn -1.035812 -0.008020 0.409691
vt 0.092108704 0.413053006
vn -1.025230 -0.005347 -0.435533
vt 0.094186194 0.348475009
vn -1.025230 -0.005347 -0.435533
vt 0.118475661 0.328792006
vn -1.025230 -0.005347 -0.435533
vt 0.120062806 0.331764996
vn -0.984573 0.376385 -0.360123
vt 0.070087865 0.371569008
vn -0.984573 0.376385 -0.360123
vt 0.092114210 0.345789999
vn -0.984573 0.376385 -0.360123
vt 0.094189174 0.348475009
vn -0.490226 0.477193 0.878975
vt 0.070096813 0.387273997
vn -0.490226 0.477193 0.878975
vt 0.092121094 0.413053006
vn -0.490226 0.477193 0.878975
vt 0.066863328 0.388300002
v 30.965343 -0.847026 -0.206518
vn 0.822389 -0.751323 0.000000
vt 0.488487989 0.448891014
v 29.880728 -2.034148 -1.260810
vn 0.822389 -0.751323 0.000000
vt 0.468768805 0.428636998
v 30.965337 -0.847026 -2.315100
vn 0.822389 -0.751323 0.000000
vt 0.449120313 0.448891014
vn -0.000000 -0.739627 -0.832860
vt 0.449113429 0.448891014
vn -0.000000 -0.739627 -0.832860
vt 0.468763769 0.428636998
v 28.796119 -0.847026 -2.315104
vn -0.000000 -0.739627 -0.832860
vt 0.449111819 0.408383012
vn -0.822389 -0.751323 0.000000
vt 0.449107230 0.408383012
vn -0.822389 -0.751323 0.000000
vt 0.468759865 0.428636998
v 28.796122 -0.847026 -0.206518
vn -0.822389 -0.751323 0.000000
vt 0.488474667 0.408383012
vn -0.000000 -0.739627 0.832860
vt 0.488479257 0.408383012
vn -0.000000 -0.739627 0.832860
vt 0.468764007 0.428636998
vn -0.000000 -0.739627 0.832860
vt 0.488481104 0.448891014
vn -0.427959 0.184238 -1.011752
vt 0.132998124 0.424396008
vn -0.427959 0.184238 -1.011752
vt 0.129518211 0.399989009
vn -0.427959 0.184238 -1.011752
vt 0.174077779 0.398362011
vn -0.427959 0.184238 1.011752
vt 0.173955470 0.375200003
vn -0.427959 0.184238 1.011752
vt 0.129945457 0.373106003
vn -0.427959 0.184238 1.011752
vt 0.133668602 0.348935008
vn -0.400780 0.033305 1.038708
vt 0.129945219 0.373106003
vn -0.400780 0.033305 1.038708
vt 0.091737218 0.374909997
vn -0.400780 0.033305 1.038708
vt 0.088808678 0.345640987
vn -0.400780 0.033305 -1.038708
vt 0.087831654 0.427073002
vn -0.400780 0.033305 -1.038708
vt 0.090821460 0.398048997
vn -0.400780 0.033305 -1.038708
vt 0.129517972 0.399989009
vn 0.566193 -0.213868 0.935116
vt 0.183197245 0.990513980
v 32.501228 1.778965 1.063238
vn 0.566193 -0.213868 0.935116
vt 0.182102054 0.998329997
vn 0.566193 -0.213868 0.935116
vt 0.148417771 0.998328984
vn 0.457588 -0.158953 -1.003063
vt 0.183929905 0.992100000
vn 0.457588 -0.158953 -1.003063
vt 0.159088820 0.982304990
vn 0.457588 -0.158953 -1.003063
vt 0.156046703 0.998411000
vn 0.431189 -0.034754 -1.026455
vt 0.093236476 0.662575006
vn 0.431189 -0.034754 -1.026455
vt 0.070357703 0.661854029
vn 0.431189 -0.034754 -1.026455
vt 0.073039345 0.693165004
vn 0.463826 -0.012364 1.012643
vt 0.093478322 0.662433982
vn 0.463826 -0.012364 1.012643
vt 0.092559814 0.693553984
vn 0.463826 -0.012364 1.012643
vt 0.073099926 0.693350017
vn -0.176330 -1.079031 -0.212866
vt 0.062756300 0.358473003
vn -0.176330 -1.079031 -0.212866
vt 0.056107141 0.354099989
vn -0.176330 -1.079031 -0.212866
vt 0.070996508 0.344433993
vn -0.082428 -1.100084 0.154609
vt 0.062756531 0.395449013
vn -0.082428 -1.100084 0.154609
vt 0.074536085 0.402355999
vn -0.082428 -1.100084 0.154609
vt 0.070997655 0.409487009
vn -1.025230 -0.005347 0.435533
vt 0.094184130 0.410369009
vn -1.025230 -0.005347 0.435533
vt 0.120061427 0.427078009
vn -1.025230 -0.005347 0.435533
vt 0.118474744 0.430052012
vn -1.035812 -0.008020 -0.409802
vt 0.094185963 0.348475009
vn -1.035812 -0.008020 -0.409802
vt 0.092110768 0.345789999
vn -1.035812 -0.008020 -0.409802
vt 0.118475661 0.328792006
vn -0.490226 0.477193 -0.878975
vt 0.070097044 0.371569008
vn -0.490226 0.477193 -0.878975
vt 0.066863328 0.370543003
vn -0.490226 0.477193 -0.878975
vt 0.092122704 0.345789999
vn -0.984573 0.376385 0.360123
vt 0.070087634 0.387273997
vn -0.984573 0.376385 0.360123
vt 0.094187573 0.410369009
vn -0.984573 0.376385 0.360123
vt 0.092112377 0.413053006
vn -1.013088 -0.193150 -0.420941
vt 0.120062575 0.331764996
vn -1.014871 -0.192927 -0.416708
vt 0.147409767 0.315268993
vn -1.011974 -0.193261 -0.423503
vt 0.148812890 0.318354994
vn -1.013088 -0.193150 -0.420941
vt 0.120062575 0.331764996
vn -1.015873 -0.192815 -0.414147
vt 0.118475437 0.328792006
vn -1.014871 -0.192927 -0.416708
vt 0.147409767 0.315268993
vn -1.013088 -0.193150 0.420941
vt 0.120061204 0.427078009
vn -1.014871 -0.192927 0.416708
vt 0.147409081 0.443574011
vn -1.015873 -0.192815 0.414147
vt 0.118474290 0.430052012
vn -1.013088 -0.193150 0.420941
vt 0.120061204 0.427078009
vn -1.011974 -0.193261 0.423503
vt 0.148812428 0.440488011
vn -1.014871 -0.192927 0.416708
vt 0.147409081 0.443574011
vn -1.042495 -0.392426 0.000000
vt 0.091737218 0.374909997
vn -1.042495 -0.392426 0.000000
vt 0.046823371 0.398301005
vn -1.042495 -0.392426 0.000000
vt 0.046519116 0.374410003
vn -1.042495 -0.392426 0.000000
vt 0.091737218 0.374909997
vn -1.042495 -0.392426 0.000000
vt 0.090821460 0.398048997
vn -1.042495 -0.392426 0.000000
vt 0.046823371 0.398301005
vn -1.078028 0.280256 0.000000
vt 0.173953861 0.375200003
vn -1.078028 0.280256 0.000000
vt 0.129518211 0.399989009
vn -1.078028 0.280256 0.000000
vt 0.129945457 0.373106003
vn -1.078028 0.280256 0.000000
vt 0.173953861 0.375200003
vn -1.078028 0.280256 0.000000
vt 0.174075931 0.398362011
vn -1.078028 0.280256 0.000000
vt 0.129518211 0.399989009
vn -1.106544 0.127430 0.000000
vt 0.129518211 0.399989009
vn -1.106544 0.127430 0.000000
vt 0.091737218 0.374909997
vn -1.106544 0.127430 0.000000
vt 0.129945457 0.373106003
vn -1.106544 0.127430 0.000000
vt 0.129518211 0.399989009
vn -1.106544 0.127430 0.000000
vt 0.090821460 0.398048997
vn -1.106544 0.127430 0.000000
vt 0.091737218 0.374909997
vn 1.047396 0.379282 -0.000000
vt 0.248411015 0.946038008
vn 1.047396 0.379282 -0.000000
vt 0.223324656 0.929525018
vn 1.047396 0.379282 -0.000000
vt 0.248411253 0.929750979
vn 1.047396 0.379282 -0.000000
vt 0.248411015 0.946038008
vn 1.047396 0.379282 -0.000000
vt 0.223323971 0.946264982
vn 1.047396 0.379282 -0.000000
vt 0.223324656 0.929525018
vn 1.078028 -0.280368 0.000000
vt 0.125542209 0.876525998
vn 1.078028 -0.280368 0.000000
vt 0.183637112 0.848164976
vn 1.078028 -0.280368 0.000000
vt 0.183637112 0.876451015
vn 1.078028 -0.280368 0.000000
vt 0.125542209 0.876525998
vn 1.078028 -0.280368 0.000000
vt 0.125541970 0.848089993
vn 1.078028 -0.280368 0.000000
vt 0.183637112 0.848164976
vn 1.106767 -0.125982 0.000000
vt 0.077694997 0.694544017
vn 1.106767 -0.125982 0.000000
vt 0.069819398 0.662185013
vn 1.106767 -0.125982 0.000000
vt 0.077876270 0.662185013
vn 1.106767 -0.125982 0.000000
vt 0.077694997 0.694544017
vn 1.106767 -0.125982 0.000000
vt 0.070004568 0.694544017
vn 1.106767 -0.125982 0.000000
vt 0.069819398 0.662185013
vn -0.319131 -1.067224 0.000000
vt 0.062756531 0.395449013
vn -0.319131 -1.067224 0.000000
vt 0.056106225 0.354099989
vn -0.319131 -1.067224 0.000000
vt 0.062756300 0.358473003
vn -0.319131 -1.067224 0.000000
vt 0.062756531 0.395449013
vn -0.319131 -1.067224 0.000000
vt 0.056106452 0.399821997
vn -0.319131 -1.067224 0.000000
vt 0.056106225 0.354099989
vn -0.411139 1.035255 0.000000
vt 0.070101857 0.387273997
vn -0.411139 1.035255 0.000000
vt 0.066868141 0.370543003
vn -0.411139 1.035255 0.000000
vt 0.070101857 0.371569008
vn -0.411139 1.035255 0.000000
vt 0.070101857 0.387273997
vn -0.411139 1.035255 0.000000
vt 0.066868141 0.388300002
vn -0.411139 1.035255 0.000000
vt 0.066868141 0.370543003
v 24.289399 16.624986 -3.224280
vn -1.113896 0.000000 0.000000
vt 0.288645804 0.756268978
v 24.289399 11.804267 -3.224282
vn -1.113896 0.000000 0.000000
vt 0.299624801 0.756268978
v 24.289399 11.804266 0.702668
vn -1.113896 0.000000 0.000000
vt 0.299624562 0.745323002
vn -1.113896 0.000000 0.000000
vt 0.288645804 0.756268978
vn -1.113896 0.000000 0.000000
vt 0.299624562 0.745323002
v 24.289399 16.624986 0.702670
vn -1.113896 0.000000 0.000000
vt 0.288645804 0.745323002
v 27.860790 8.421989 -3.224286
vn -1.108215 -0.111835 0.000000
vt 0.114998035 0.878310025
vn -1.108215 -0.111835 0.000000
vt 0.084852174 0.882018983
vn -1.108215 -0.111835 0.000000
vt 0.084852174 0.890619993
vn -1.108215 -0.111835 0.000000
vt 0.114998035 0.878310025
vn -1.108215 -0.111835 0.000000
vt 0.084852174 0.890619993
v 27.860790 8.421988 0.702668
vn -1.108215 -0.111835 0.000000
vt 0.114997581 0.894329011
vn -0.765915 -0.808800 0.000000
vt 0.296448886 0.756268978
vn -0.765915 -0.808800 0.000000
vt 0.305304736 0.756268978
vn -0.765915 -0.808800 0.000000
vt 0.305304497 0.745323002
vn -0.765915 -0.808800 0.000000
vt 0.296448886 0.756268978
vn -0.765915 -0.808800 0.000000
vt 0.305304497 0.745323002
vn -0.765915 -0.808800 0.000000
vt 0.296448886 0.745323002
vn -0.000000 -0.108716 -1.108549
vt 0.092184655 0.880306005
vn -0.000000 -0.108716 -1.108549
vt 0.092181899 0.894595027
vn -0.000000 -0.108716 -1.108549
vt 0.112985939 0.894595027
vn -0.000000 -0.108716 -1.108549
vt 0.092184655 0.880306005
vn -0.000000 -0.108716 -1.108549
vt 0.112985939 0.894595027
v 31.900664 8.421989 -3.224282
vn -0.000000 -0.108716 -1.108549
vt 0.112978831 0.880306005
v 31.900664 8.421988 0.702669
vn 1.108215 -0.111835 0.000000
vt 0.114991382 0.878183007
vn 1.108215 -0.111835 0.000000
vt 0.084870763 0.881892025
vn 1.108215 -0.111835 0.000000
vt 0.084870763 0.890492976
vn 1.108215 -0.111835 0.000000
vt 0.114991382 0.878183007
vn 1.108215 -0.111835 0.000000
vt 0.084870763 0.890492976
vn 1.108215 -0.111835 0.000000
vt 0.114991382 0.894201994
vn -0.000000 -0.108716 1.108549
vt 0.092120409 0.880279005
vn -0.000000 -0.108716 1.108549
vt 0.092123158 0.894568980
vn -0.000000 -0.108716 1.108549
vt 0.112917565 0.894568980
vn -0.000000 -0.108716 1.108549
vt 0.092120409 0.880279005
vn -0.000000 -0.108716 1.108549
vt 0.112917565 0.894568980
vn -0.000000 -0.108716 1.108549
vt 0.112923302 0.880279005
v 31.900664 19.874619 0.702672
vn -0.000000 1.113896 0.000000
vt 0.273382902 0.745323002
v 31.900664 19.874619 -3.224280
vn -0.000000 1.113896 0.000000
vt 0.273382187 0.756268978
v 28.991543 19.874619 -3.224279
vn -0.000000 1.113896 0.000000
vt 0.280055225 0.756268978
vn -0.000000 1.113896 0.000000
vt 0.273382902 0.745323002
vn -0.000000 1.113896 0.000000
vt 0.280055225 0.756268978
v 28.991546 19.874619 0.702672
vn -0.000000 1.113896 0.000000
vt 0.280054539 0.745323002
vn -0.633250 0.916402 0.000000
vt 0.288657278 0.745323002
vn -0.633250 0.916402 0.000000
vt 0.275659561 0.745323002
vn -0.633250 0.916402 0.000000
vt 0.275660247 0.756268978
vn -0.633250 0.916402 0.000000
vt 0.288657278 0.745323002
vn -0.633250 0.916402 0.000000
vt 0.275660247 0.756268978
vn -0.633250 0.916402 0.000000
vt 0.288657963 0.756268978
v 31.900664 16.624986 0.702672
vn -0.000000 0.000000 1.113896
vt 0.038759850 0.669966996
vn -0.000000 0.000000 1.113896
vt 0.038759850 0.660130024
vn -0.000000 0.000000 1.113896
vt 0.046588410 0.660130024
vn -0.000000 0.000000 1.113896
vt 0.059221312 0.669966996
vn -0.000000 0.000000 1.113896
vt 0.038759850 0.669966996
vn -0.000000 0.000000 1.113896
vt 0.046588410 0.660130024
vn -0.000000 0.000000 1.113896
vt 0.059221312 0.669966996
v 31.900664 11.804266 0.702669
vn -0.000000 0.000000 1.113896
vt 0.038759850 0.684560001
vn -0.000000 0.000000 1.113896
vt 0.038759850 0.669966996
vn -0.000000 0.000000 1.113896
vt 0.059221312 0.669966996
vn -0.000000 0.000000 1.113896
vt 0.059205249 0.684560001
vn -0.000000 0.000000 1.113896
vt 0.038759850 0.684560001
vn -0.000000 0.000000 1.113896
vt 0.038759850 0.684560001
vn -0.000000 0.000000 1.113896
vt 0.059205249 0.684560001
vn -0.000000 0.000000 1.113896
vt 0.049629841 0.694799006
vn -0.000000 0.000000 1.113896
vt 0.038759850 0.684560001
vn -0.000000 0.000000 1.113896
vt 0.049629841 0.694799006
vn -0.000000 0.000000 1.113896
vt 0.038759850 0.694799006
v 31.900664 11.804267 -3.224282
vn 0.000000 0.000000 -1.113896
vt 0.038759619 0.684629023
vn 0.000000 0.000000 -1.113896
vt 0.038760077 0.694868028
vn 0.000000 0.000000 -1.113896
vt 0.049631450 0.694868028
vn 0.000000 0.000000 -1.113896
vt 0.059205249 0.684629023
vn 0.000000 0.000000 -1.113896
vt 0.038759619 0.684629023
vn 0.000000 0.000000 -1.113896
vt 0.049631450 0.694868028
v 31.900664 16.624986 -3.224280
vn 0.000000 0.000000 -1.113896
vt 0.038759619 0.670036018
vn 0.000000 0.000000 -1.113896
vt 0.038759619 0.684629023
vn 0.000000 0.000000 -1.113896
vt 0.059205249 0.684629023
vn 0.000000 0.000000 -1.113896
vt 0.038759619 0.670036018
vn 0.000000 0.000000 -1.113896
vt 0.059205249 0.684629023
vn 0.000000 0.000000 -1.113896
vt 0.059221540 0.670036018
vn 0.000000 0.000000 -1.113896
vt 0.038759619 0.670036018
vn 0.000000 0.000000 -1.113896
vt 0.059221540 0.670036018
vn 0.000000 0.000000 -1.113896
vt 0.046589099 0.660198987
vn 0.000000 0.000000 -1.113896
vt 0.038759619 0.670036018
vn 0.000000 0.000000 -1.113896
vt 0.046589099 0.660198987
vn 0.000000 0.000000 -1.113896
vt 0.038759619 0.660198987
vn 1.113896 0.000000 0.000000
vt 0.221741870 0.457356989
vn 1.113896 0.000000 0.000000
vt 0.221741870 0.446889013
vn 1.113896 0.000000 0.000000
vt 0.209534839 0.446889013
vn 1.113896 0.000000 0.000000
vt 0.209534839 0.457356989
vn 1.113896 0.000000 0.000000
vt 0.221741870 0.457356989
vn 1.113896 0.000000 0.000000
vt 0.209534839 0.446889013
vn 1.113896 0.000000 0.000000
vt 0.221741870 0.472277999
vn 1.113896 0.000000 0.000000
vt 0.221741870 0.457356989
vn 1.113896 0.000000 0.000000
vt 0.209534839 0.457356989
vn 1.113896 0.000000 0.000000
vt 0.221741870 0.472277999
vn 1.113896 0.000000 0.000000
vt 0.209534839 0.457356989
vn 1.113896 0.000000 0.000000
vt 0.209534839 0.472277999
vn 1.113896 0.000000 0.000000
vt 0.221741870 0.472277999
vn 1.113896 0.000000 0.000000
vt 0.209534839 0.472277999
vn 1.113896 0.000000 0.000000
vt 0.209534839 0.482336015
vn 1.113896 0.000000 0.000000
vt 0.221741870 0.472277999
vn 1.113896 0.000000 0.000000
vt 0.209534839 0.482336015
vn 1.113896 0.000000 0.000000
vt 0.221741870 0.482336015
s off
f 544/2695/2695 545/2696/2696 546/2697/2697
f 547/2698/2698 548/2699/2699 549/2700/2700
f 550/2701/2701 551/2702/2702 552/2703/2703
f 553/2704/2704 547/2705/2705 551/2706/2706
f 554/2707/2707 555/2708/2708 556/2709/2709
f 556/2710/2710 557/2711/2711 544/2712/2712
f 558/2713/2713 559/2714/2714 560/2715/2715
f 561/2716/2716 562/2717/2717 563/2718/2718
f 564/2719/2719 565/2720/2720 566/2721/2721
f 561/2722/2722 565/2723/2723 567/2724/2724
f 568/2725/2725 569/2726/2726 570/2727/2727
f 569/2728/2728 559/2729/2729 570/2730/2730
f 545/2731/2731 558/2732/2732 546/2733/2733
f 550/2734/2734 564/2735/2735 566/2736/2736
f 556/2737/2737 560/2738/2738 569/2739/2739
f 547/2740/2740 567/2741/2741 551/2742/2742
f 549/2743/2743 561/2744/2744 547/2745/2745
f 554/2746/2746 569/2747/2747 568/2748/2748
f 571/2749/2749 572/2750/2750 573/2751/2751
f 573/2752/2752 572/2753/2753 574/2754/2754
f 574/2755/2755 572/2756/2756 575/2757/2757
f 575/2758/2758 572/2759/2759 571/2760/2760
f 544/2761/2761 557/2762/2762 545/2763/2763
f 550/2764/2764 553/2765/2765 551/2766/2766
f 553/2767/2767 548/2768/2768 547/2769/2769
f 556/2770/2770 555/2771/2771 557/2772/2772
f 558/2773/2773 576/2774/2774 559/2775/2775
f 564/2776/2776 567/2777/2777 565/2778/2778
f 561/2779/2779 563/2780/2780 565/2781/2781
f 569/2782/2782 560/2783/2783 559/2784/2784
f 545/2785/2785 576/2786/2786 558/2787/2787
f 550/2788/2788 552/2789/2789 564/2790/2790
f 556/2791/2791 544/2792/2792 560/2793/2793
f 547/2794/2794 561/2795/2795 567/2796/2796
f 549/2797/2797 562/2798/2798 561/2799/2799
f 554/2800/2800 556/2801/2801 569/2802/2802
s 128
f 551/2803/2803 564/2804/2804 552/2805/2805
f 551/2806/2806 567/2807/2807 564/2808/2808
s 129
f 544/2809/2809 558/2810/2810 560/2811/2811
f 544/2812/2812 546/2813/2813 558/2814/2814
s 130
f 548/2815/2815 554/2816/2816 549/2817/2817
f 548/2818/2818 555/2819/2819 554/2820/2820
s 131
f 550/2821/2821 557/2822/2822 553/2823/2823
f 550/2824/2824 545/2825/2825 557/2826/2826
s 132
f 557/2827/2827 548/2828/2828 553/2829/2829
f 557/2830/2830 555/2831/2831 548/2832/2832
s 133
f 563/2833/2833 568/2834/2834 570/2835/2835
f 563/2836/2836 562/2837/2837 568/2838/2838
s 134
f 565/2839/2839 576/2840/2840 566/2841/2841
f 565/2842/2842 559/2843/2843 576/2844/2844
s 135
f 563/2845/2845 559/2846/2846 565/2847/2847
f 563/2848/2848 570/2849/2849 559/2850/2850
s 136
f 550/2851/2851 576/2852/2852 545/2853/2853
f 550/2854/2854 566/2855/2855 576/2856/2856
s 137
f 554/2857/2857 562/2858/2858 549/2859/2859
f 554/2860/2860 568/2861/2861 562/2862/2862
s 138
f 577/2863/2863 578/2864/2864 579/2865/2865
f 577/2866/2866 579/2867/2867 580/2868/2868
s 139
f 581/2869/2869 574/2870/2870 575/2871/2871
f 581/2872/2872 575/2873/2873 582/2874/2874
s 140
f 578/2875/2875 581/2876/2876 582/2877/2877
f 578/2878/2878 582/2879/2879 579/2880/2880
s 141
f 573/2881/2881 574/2882/2882 581/2883/2883
f 573/2884/2884 581/2885/2885 583/2886/2886
s 142
f 584/2887/2887 571/2888/2888 573/2889/2889
f 584/2890/2890 573/2891/2891 583/2892/2892
s 143
f 575/2893/2893 571/2894/2894 584/2895/2895
f 575/2896/2896 584/2897/2897 582/2898/2898
s 144
f 585/2899/2899 586/2900/2900 587/2901/2901
f 585/2902/2902 587/2903/2903 588/2904/2904
s 145
f 580/2905/2905 588/2906/2906 587/2907/2907
f 580/2908/2908 587/2909/2909 577/2910/2910
s 146
f 589/2911/2911 585/2912/2912 588/2913/2913
f 580/2914/2914 589/2915/2915 588/2916/2916
f 580/2917/2917 590/2918/2918 589/2919/2919
f 580/2920/2920 579/2921/2921 590/2922/2922
f 590/2923/2923 579/2924/2924 582/2925/2925
f 590/2926/2926 582/2927/2927 584/2928/2928
s 147
f 591/2929/2929 583/2930/2930 581/2931/2931
f 578/2932/2932 591/2933/2933 581/2934/2934
f 592/2935/2935 591/2936/2936 578/2937/2937
f 592/2938/2938 578/2939/2939 577/2940/2940
f 592/2941/2941 577/2942/2942 587/2943/2943
f 592/2944/2944 587/2945/2945 586/2946/2946
s 148
f 590/2947/2947 584/2948/2948 583/2949/2949
f 591/2950/2950 590/2951/2951 583/2952/2952
f 589/2953/2953 590/2954/2954 591/2955/2955
f 589/2956/2956 591/2957/2957 592/2958/2958
f 589/2959/2959 592/2960/2960 586/2961/2961
f 589/2962/2962 586/2963/2963 585/2964/2964
o lbhip,ox=10.56,oy=-6.10,oz=-15.35,p=pelvis,
v 19.842299 13.446522 -14.649333
vn 0.527764 -0.844222 -0.499582
vt 0.134833768 0.505236983
v 19.201554 14.551566 -14.658014
vn -0.434197 0.820719 -0.615316
vt 0.127205074 0.505236983
v 12.887280 10.889331 -14.781384
vn -0.409245 0.679365 0.782178
vt 0.127198413 0.529756010
vn 0.527764 -0.844222 -0.499582
vt 0.134833768 0.505236983
vn -0.409245 0.679365 0.782178
vt 0.127198413 0.529756010
v 13.528024 9.784294 -14.772697
vn 0.380841 -0.683375 0.792871
vt 0.134827808 0.529756010
vn -0.434197 0.820719 -0.615316
vt 0.134848922 0.505236983
v 19.224583 14.554882 -15.935198
vn -0.380841 0.683375 -0.792871
vt 0.127221361 0.505236983
v 12.910308 10.892650 -16.058567
vn -0.380841 0.683375 -0.792871
vt 0.127198413 0.529756010
vn -0.434197 0.820719 -0.615316
vt 0.134848922 0.505236983
vn -0.380841 0.683375 -0.792871
vt 0.127198413 0.529756010
vn -0.409245 0.679365 0.782178
vt 0.134827808 0.529756010
vn 0.527764 -0.844222 -0.499582
vt 0.127199784 0.505236983
vn 0.380841 -0.683375 0.792871
vt 0.127198413 0.529756010
v 13.551055 9.787610 -16.049882
vn 0.409245 -0.679365 -0.782178
vt 0.134827808 0.529756010
vn 0.527764 -0.844222 -0.499582
vt 0.127199784 0.505236983
vn 0.409245 -0.679365 -0.782178
vt 0.134827808 0.529756010
v 19.865330 13.449844 -15.926516
vn 0.409245 -0.679365 -0.782178
vt 0.134829640 0.505236983
vn 0.409245 -0.679365 -0.782178
vt 0.127220675 0.505236983
vn 0.409245 -0.679365 -0.782178
vt 0.127198413 0.529756010
vn -0.380841 0.683375 -0.792871
vt 0.134827808 0.529756010
vn 0.409245 -0.679365 -0.782178
vt 0.127220675 0.505236983
vn -0.380841 0.683375 -0.792871
vt 0.134827808 0.529756010
vn -0.380841 0.683375 -0.792871
vt 0.134854883 0.505236983
vn 0.963409 0.558730 0.018825
vt 0.139976785 0.525183976
vn 0.963409 0.558730 0.018825
vt 0.124469958 0.510250986
vn 0.963409 0.558730 0.018825
vt 0.124477759 0.525192022
vn 0.963409 0.558730 0.018825
vt 0.139976785 0.525183976
vn 0.963409 0.558730 0.018825
vt 0.139965087 0.510244012
vn 0.963409 0.558730 0.018825
vt 0.124469958 0.510250986
v 26.490375 17.488196 -14.678249
vn 0.380618 -0.683487 0.792982
vt 0.125489429 0.509382010
v 19.764036 13.586951 -14.812250
vn 0.380730 -0.683598 0.792760
vt 0.125491261 0.528760016
v 19.781228 13.589429 -15.765800
vn 0.409468 -0.679142 -0.782289
vt 0.131290063 0.528760016
vn 0.380618 -0.683487 0.792982
vt 0.125489429 0.509382010
vn 0.409468 -0.679142 -0.782289
vt 0.131290063 0.528760016
v 26.507567 17.490674 -15.631800
vn 0.409580 -0.679254 -0.782066
vt 0.131287768 0.509382010
vn 0.409580 -0.679254 -0.782066
vt 0.125489429 0.509382010
vn 0.409468 -0.679142 -0.782289
vt 0.125506178 0.528760016
v 19.302848 14.414456 -15.772283
vn -0.380618 0.683487 -0.792982
vt 0.131307036 0.528760016
vn 0.409580 -0.679254 -0.782066
vt 0.125489429 0.509382010
vn -0.380618 0.683487 -0.792982
vt 0.131307036 0.528760016
v 26.029186 18.315699 -15.638283
vn -0.380730 0.683598 -0.792760
vt 0.131287768 0.509382010
vn -0.380618 0.683487 -0.792982
vt 0.125508934 0.528760016
v 19.285651 14.411978 -14.818733
vn -0.409580 0.679254 0.782066
vt 0.131307036 0.528760016
v 26.011992 18.313222 -14.684734
vn -0.409468 0.679142 0.782289
vt 0.131287768 0.509382010
vn -0.380618 0.683487 -0.792982
vt 0.125508934 0.528760016
vn -0.409468 0.679142 0.782289
vt 0.131287768 0.509382010
vn -0.380730 0.683598 -0.792760
vt 0.125489429 0.509382010
vn -0.409580 0.679254 0.782066
vt 0.125495851 0.528760016
vn 0.380730 -0.683598 0.792760
vt 0.131293505 0.528760016
vn 0.380618 -0.683487 0.792982
vt 0.131287768 0.509382010
vn -0.409580 0.679254 0.782066
vt 0.125495851 0.528760016
vn 0.380618 -0.683487 0.792982
vt 0.131287768 0.509382010
vn -0.409468 0.679142 0.782289
vt 0.125489429 0.509382010
v 16.687548 11.916824 -13.146030
vn -0.000223 -0.111167 -1.108326
vt 0.903267980 0.875409007
v 21.549932 11.916824 -13.146029
vn -0.000000 0.787636 0.787636
vt 0.938484848 0.875409007
v 21.549932 11.916825 -17.654710
vn -0.000000 0.787636 -0.787636
vt 0.938480675 0.859942019
vn -0.000223 -0.111167 -1.108326
vt 0.903267980 0.875409007
vn -0.000000 0.787636 -0.787636
vt 0.938480675 0.859942019
v 16.687544 11.916824 -17.654710
vn 0.338179 0.199165 -1.042495
vt 0.903278351 0.859942019
v 16.687548 8.246304 -13.146031
vn 1.025787 -0.320913 0.292398
vt 0.903265953 0.859942019
v 16.687544 8.246304 -17.654710
vn 1.025787 -0.320913 -0.292398
vt 0.903268456 0.875409007
v 21.549932 9.017892 -17.654710
vn 0.117405 -0.739961 -0.824283
vt 0.938478649 0.875409007
vn 1.025787 -0.320913 0.292398
vt 0.903265953 0.859942019
vn 0.117405 -0.739961 -0.824283
vt 0.938478649 0.875409007
v 21.549929 9.017892 -13.146029
vn 0.117405 -0.739961 0.824283
vt 0.938484609 0.859942019
vn 0.338179 0.199165 -1.042495
vt 0.903282464 0.875409007
vn -0.000000 0.787636 -0.787636
vt 0.938477695 0.875409007
vn 0.117405 -0.739961 -0.824283
vt 0.938477695 0.859942019
vn 0.338179 0.199165 -1.042495
vt 0.903282464 0.875409007
vn 0.117405 -0.739961 -0.824283
vt 0.938477695 0.859942019
vn 1.025787 -0.320913 -0.292398
vt 0.903273046 0.859942019
vn -0.000223 -0.111167 -1.108326
vt 0.903263867 0.859942019
vn 1.025787 -0.320913 0.292398
vt 0.903261364 0.875409007
vn 0.117405 -0.739961 0.824283
vt 0.938477695 0.875409007
vn -0.000223 -0.111167 -1.108326
vt 0.903263867 0.859942019
vn 0.117405 -0.739961 0.824283
vt 0.938477695 0.875409007
vn -0.000000 0.787636 0.787636
vt 0.938477695 0.859942019
vn 0.440657 0.501365 -0.891785
vt 0.317341268 0.964591026
v 16.687544 10.877735 -19.795399
vn 0.712002 0.823837 0.234698
vt 0.313388675 0.974777997
v 14.559285 12.717134 -19.795399
vn 0.289947 1.070454 -0.103592
vt 0.327465773 0.973607004
vn 0.440657 0.501365 -0.891785
vt 0.317341268 0.964591026
vn 0.289947 1.070454 -0.103592
vt 0.327465773 0.973607004
v 14.559285 12.717130 -11.005340
vn 0.289947 1.070454 0.103592
vt 0.327456355 0.936583996
vn 0.440657 0.501365 -0.891785
vt 0.317341268 0.964591026
vn 0.289947 1.070454 0.103592
vt 0.327456355 0.936583996
vn -0.413590 1.032693 -0.057477
vt 0.317330509 0.945600986
vn 0.289947 1.070454 0.103592
vt 0.327456355 0.936583996
v 16.687544 10.877733 -11.005340
vn 1.048065 0.339515 0.164745
vt 0.313364804 0.935413003
vn -0.413590 1.032693 -0.057477
vt 0.317330509 0.945600986
vn 1.025787 -0.320913 -0.292398
vt 0.069288902 0.966166973
vn 1.048065 0.000111 0.377388
vt 0.088408045 0.977231026
vn 0.338179 0.199165 -1.042495
vt 0.095966540 0.966166973
vn 1.025787 -0.320913 -0.292398
vt 0.069288902 0.966166973
v 16.687544 7.465823 -19.795400
vn 0.779839 -0.795322 0.000000
vt 0.063625939 0.977231026
vn 1.048065 0.000111 0.377388
vt 0.088408045 0.977231026
v 16.687544 7.465819 -11.005340
vn 0.779839 -0.795322 0.000000
vt 0.063609645 0.931801021
vn 0.779839 -0.795322 0.000000
vt 0.063625939 0.977231026
vn 1.025787 -0.320913 -0.292398
vt 0.069288902 0.966166973
vn 1.025787 -0.320913 0.292398
vt 0.069281556 0.942865014
vn 0.779839 -0.795322 0.000000
vt 0.063609645 0.931801021
vn 1.025787 -0.320913 -0.292398
vt 0.069288902 0.966166973
vn 1.048065 0.339515 0.164745
vt 0.088389233 0.931801021
vn 0.779839 -0.795322 0.000000
vt 0.063609645 0.931801021
vn 1.025787 -0.320913 0.292398
vt 0.069281556 0.942865014
vn 1.048065 0.339515 0.164745
vt 0.088389233 0.931801021
vn 1.025787 -0.320913 0.292398
vt 0.069281556 0.942865014
vn -0.413590 1.032693 -0.057477
vt 0.095955983 0.942865014
v 10.534912 7.586630 -11.005340
vn -0.124199 -1.106990 0.000000
vt 0.039934661 0.937300026
v 6.280875 8.627818 -13.079485
vn -0.264773 -1.081927 0.000000
vt 0.053912859 0.930853009
v 6.280875 8.627819 -17.721253
vn -0.264773 -1.081927 0.000000
vt 0.053917907 0.916424990
vn -0.124199 -1.106990 0.000000
vt 0.039934661 0.937300026
vn -0.264773 -1.081927 0.000000
vt 0.053917907 0.916424990
v 10.534912 7.586632 -19.795400
vn -0.124199 -1.106990 0.000000
vt 0.039944299 0.909977019
vn -0.124199 -1.106990 0.000000
vt 0.039934661 0.937300026
vn -0.124199 -1.106990 0.000000
vt 0.039944299 0.909977019
vn 0.779839 -0.795322 0.000000
vt 0.020839605 0.909977019
vn -0.124199 -1.106990 0.000000
vt 0.039934661 0.937300026
vn 0.779839 -0.795322 0.000000
vt 0.020839605 0.909977019
vn 0.779839 -0.795322 0.000000
vt 0.020829510 0.937300026
v 6.280873 12.717128 -13.079485
vn -0.000000 1.113896 0.000000
vt 0.261355519 0.930585980
v 10.534910 12.717133 -19.795399
vn -0.000000 1.113896 0.000000
vt 0.274975091 0.909088016
v 6.280873 12.717131 -17.721253
vn -0.000000 1.113896 0.000000
vt 0.261361480 0.915727019
v 10.534912 12.717128 -11.005339
vn -0.000000 1.113896 0.000000
vt 0.274964750 0.937225997
vn -0.000000 1.113896 0.000000
vt 0.274975091 0.909088016
vn -0.000000 1.113896 0.000000
vt 0.261355519 0.930585980
vn -0.000000 1.113896 0.000000
vt 0.274964750 0.937225997
vn 0.289947 1.070454 0.103592
vt 0.287843645 0.937225997
vn -0.000000 1.113896 0.000000
vt 0.274975091 0.909088016
vn -0.000000 1.113896 0.000000
vt 0.274975091 0.909088016
vn 0.289947 1.070454 0.103592
vt 0.287843645 0.937225997
vn 0.289947 1.070454 -0.103592
vt 0.287850976 0.909088016
v 10.555268 17.203850 -18.104881
vn 0.000000 0.000000 -1.113896
vt 0.138189793 0.506388009
v 10.555268 11.794821 -18.104885
vn 0.000000 0.000000 -1.113896
vt 0.124940112 0.506388009
v 8.213089 11.794821 -16.752625
vn -0.964634 0.000000 -0.556948
vt 0.124940112 0.530718982
vn 0.000000 0.000000 -1.113896
vt 0.138189793 0.506388009
vn -0.964634 0.000000 -0.556948
vt 0.124940112 0.530718982
v 8.213088 17.203850 -16.752623
vn -0.964634 0.000000 -0.556948
vt 0.138187498 0.530718982
vn -0.964634 0.000000 -0.556948
vt 0.138184741 0.506388009
vn -0.964634 0.000000 -0.556948
vt 0.124940112 0.506388009
v 8.213089 11.794820 -14.048112
vn -0.964634 0.000000 0.556948
vt 0.124940112 0.530718982
vn -0.964634 0.000000 -0.556948
vt 0.138184741 0.506388009
vn -0.964634 0.000000 0.556948
vt 0.124940112 0.530718982
v 8.213088 17.203848 -14.048110
vn -0.964634 0.000000 0.556948
vt 0.138184741 0.530718982
vn -0.964634 0.000000 0.556948
vt 0.124940112 0.506388009
v 10.555268 11.794819 -12.695852
vn -0.000000 0.000000 1.113896
vt 0.124940112 0.530718982
v 10.555269 17.203848 -12.695849
vn -0.000000 0.000000 1.113896
vt 0.138184741 0.530718982
vn -0.964634 0.000000 0.556948
vt 0.124940112 0.506388009
vn -0.000000 0.000000 1.113896
vt 0.138184741 0.530718982
vn -0.964634 0.000000 0.556948
vt 0.138184741 0.506388009
vn -0.000000 0.000000 1.113896
vt 0.124940112 0.506388009
v 12.897445 11.794820 -14.048112
vn 0.964634 0.000000 0.556948
vt 0.124940112 0.530718982
v 12.897445 17.203848 -14.048110
vn 0.964634 0.000000 0.556948
vt 0.138184741 0.530718982
vn -0.000000 0.000000 1.113896
vt 0.124940112 0.506388009
vn 0.964634 0.000000 0.556948
vt 0.138184741 0.530718982
vn -0.000000 0.000000 1.113896
vt 0.138184741 0.506388009
vn 0.964634 0.000000 0.556948
vt 0.138184741 0.506388009
vn 0.964634 0.000000 0.556948
vt 0.124940112 0.506388009
v 12.897445 11.794821 -16.752625
vn 0.964634 0.000000 -0.556948
vt 0.124940112 0.530718982
vn 0.964634 0.000000 0.556948
vt 0.138184741 0.506388009
vn 0.964634 0.000000 -0.556948
vt 0.124940112 0.530718982
v 12.897445 17.203850 -16.752623
vn 0.964634 0.000000 -0.556948
vt 0.138184965 0.530718982
vn 0.964634 0.000000 -0.556948
vt 0.138187960 0.506388009
vn 0.964634 0.000000 -0.556948
vt 0.124940112 0.506388009
vn 0.000000 0.000000 -1.113896
vt 0.124940112 0.530718982
vn 0.964634 0.000000 -0.556948
vt 0.138187960 0.506388009
vn 0.000000 0.000000 -1.113896
vt 0.124940112 0.530718982
vn 0.000000 0.000000 -1.113896
vt 0.138189793 0.530718982
vn -0.000000 0.000000 1.113896
vt 0.076422669 0.984791994
vn -0.230354 0.000000 1.089836
vt 0.067146473 0.971219003
vn -0.000000 0.000000 1.113896
vt 0.066781640 0.984791994
vn -0.000000 0.000000 1.113896
vt 0.076422669 0.984791994
vn -0.000000 0.000000 1.113896
vt 0.081668712 0.980096996
vn -0.230354 0.000000 1.089836
vt 0.067146473 0.971219003
vn -0.250515 0.000000 1.085380
vt 0.081667334 0.971219003
vn -0.230354 0.000000 1.089836
vt 0.067146473 0.971219003
vn -0.000000 0.000000 1.113896
vt 0.081668712 0.980096996
vn -0.920078 0.000000 0.627903
vt 0.070079833 0.960779011
vn -0.230354 0.000000 1.089836
vt 0.067146473 0.971219003
vn -0.250515 0.000000 1.085380
vt 0.081667334 0.971219003
vn -0.920078 0.000000 0.627903
vt 0.070079833 0.960779011
vn -0.250515 0.000000 1.085380
vt 0.081667334 0.971219003
vn -0.944584 0.000000 0.590365
vt 0.081671692 0.960779011
vn -0.944584 0.000000 -0.590365
vt 0.081688903 0.950538993
vn -0.920078 0.000000 0.627903
vt 0.070079833 0.960779011
vn -0.944584 0.000000 0.590365
vt 0.081671692 0.960779011
vn -0.944584 0.000000 -0.590365
vt 0.081688903 0.950538993
vn -0.920078 0.000000 -0.627903
vt 0.070105076 0.950538993
vn -0.920078 0.000000 0.627903
vt 0.070079833 0.960779011
vn -0.944584 0.000000 -0.590365
vt 0.081688903 0.950538993
vn -0.250515 0.000000 -1.085380
vt 0.081702903 0.940099001
vn -0.920078 0.000000 -0.627903
vt 0.070105076 0.950538993
vn -0.920078 0.000000 -0.627903
vt 0.070105076 0.950538993
vn -0.250515 0.000000 -1.085380
vt 0.081702903 0.940099001
vn -0.230354 0.000000 -1.089836
vt 0.067188695 0.940099001
vn 0.000000 0.000000 -1.113896
vt 0.081702210 0.931221008
vn -0.230354 0.000000 -1.089836
vt 0.067188695 0.940099001
vn -0.250515 0.000000 -1.085380
vt 0.081702903 0.940099001
vn 0.000000 0.000000 -1.113896
vt 0.081702210 0.931221008
vn 0.000000 0.000000 -1.113896
vt 0.076465577 0.926526010
vn -0.230354 0.000000 -1.089836
vt 0.067188695 0.940099001
vn -0.230354 0.000000 -1.089836
vt 0.067188695 0.940099001
vn 0.000000 0.000000 -1.113896
vt 0.076465577 0.926526010
vn 0.000000 0.000000 -1.113896
vt 0.066823632 0.926526010
s 110
f 593/2965/2965 594/2966/2966 595/2967/2967
f 593/2968/2968 595/2969/2969 596/2970/2970
f 594/2971/2971 597/2972/2972 598/2973/2973
f 594/2974/2974 598/2975/2975 595/2976/2976
f 593/2977/2977 596/2978/2978 599/2979/2979
f 593/2980/2980 599/2981/2981 600/2982/2982
f 600/2983/2983 599/2984/2984 598/2985/2985
f 600/2986/2986 598/2987/2987 597/2988/2988
s 111
f 594/2989/2989 600/2990/2990 597/2991/2991
f 594/2992/2992 593/2993/2993 600/2994/2994
s 112
f 601/2995/2995 602/2996/2996 603/2997/2997
f 601/2998/2998 603/2999/2999 604/3000/3000
f 604/3001/3001 603/3002/3002 605/3003/3003
f 604/3004/3004 605/3005/3005 606/3006/3006
f 605/3007/3007 607/3008/3008 608/3009/3009
f 605/3010/3010 608/3011/3011 606/3012/3012
f 607/3013/3013 602/3014/3014 601/3015/3015
f 607/3016/3016 601/3017/3017 608/3018/3018
s 113
f 609/3019/3019 610/3020/3020 611/3021/3021
f 609/3022/3022 611/3023/3023 612/3024/3024
f 613/3025/3025 614/3026/3026 615/3027/3027
f 613/3028/3028 615/3029/3029 616/3030/3030
f 612/3031/3031 611/3032/3032 615/3033/3033
f 612/3034/3034 615/3035/3035 614/3036/3036
f 609/3037/3037 613/3038/3038 616/3039/3039
f 609/3040/3040 616/3041/3041 610/3042/3042
f 612/3043/3043 617/3044/3044 618/3045/3045
f 612/3046/3046 618/3047/3047 619/3048/3048
f 612/3049/3049 619/3050/3050 609/3051/3051
f 619/3052/3052 620/3053/3053 609/3054/3054
f 614/3055/3055 617/3056/3056 612/3057/3057
f 614/3058/3058 621/3059/3059 617/3060/3060
f 622/3061/3061 621/3062/3062 614/3063/3063
f 613/3064/3064 622/3065/3065 614/3066/3066
f 620/3067/3067 622/3068/3068 613/3069/3069
f 620/3070/3070 613/3071/3071 609/3072/3072
f 623/3073/3073 624/3074/3074 625/3075/3075
f 623/3076/3076 625/3077/3077 626/3078/3078
f 623/3079/3079 626/3080/3080 621/3081/3081
f 623/3082/3082 621/3083/3083 622/3084/3084
f 627/3085/3085 628/3086/3086 629/3087/3087
f 630/3088/3088 628/3089/3089 627/3090/3090
f 630/3091/3091 619/3092/3092 628/3093/3093
f 628/3094/3094 619/3095/3095 618/3096/3096
s 114
f 631/3097/3097 632/3098/3098 633/3099/3099
f 631/3100/3100 633/3101/3101 634/3102/3102
f 634/3103/3103 633/3104/3104 635/3105/3105
f 634/3106/3106 635/3107/3107 636/3108/3108
f 635/3109/3109 637/3110/3110 638/3111/3111
f 635/3112/3112 638/3113/3113 636/3114/3114
f 637/3115/3115 639/3116/3116 640/3117/3117
f 637/3118/3118 640/3119/3119 638/3120/3120
f 640/3121/3121 639/3122/3122 641/3123/3123
f 640/3124/3124 641/3125/3125 642/3126/3126
f 642/3127/3127 641/3128/3128 632/3129/3129
f 642/3130/3130 632/3131/3131 631/3132/3132
s 115
f 620/3133/3133 623/3134/3134 622/3135/3135
f 620/3136/3136 619/3137/3137 623/3138/3138
f 630/3139/3139 623/3140/3140 619/3141/3141
f 624/3142/3142 623/3143/3143 630/3144/3144
f 624/3145/3145 630/3146/3146 627/3147/3147
f 629/3148/3148 624/3149/3149 627/3150/3150
f 629/3151/3151 625/3152/3152 624/3153/3153
f 629/3154/3154 628/3155/3155 625/3156/3156
f 625/3157/3157 628/3158/3158 626/3159/3159
f 618/3160/3160 626/3161/3161 628/3162/3162
f 618/3163/3163 617/3164/3164 626/3165/3165
f 626/3166/3166 617/3167/3167 621/3168/3168
o lbleg,ox=9.28,oy=-5.22,oz=-0.04,p=lbhip,
v 27.633246 16.257443 -12.605906
vn 0.102813 1.109106 0.000000
vt 0.068247862 0.939163983
v 27.633246 16.257443 -13.459926
vn 0.192370 1.097188 0.000000
vt 0.063111499 0.939114988
v 21.189266 13.054573 -13.067646
vn -0.258981 1.083375 0.000000
vt 0.065079771 0.982179999
vn 0.102813 1.109106 0.000000
vt 0.068247862 0.939163983
vn -0.258981 1.083375 0.000000
vt 0.065079771 0.982179999
v 21.189266 13.054572 -11.425161
vn -0.240713 1.087608 0.000000
vt 0.074907802 0.982276022
v 21.189266 6.372879 -11.425162
vn 0.333055 -1.062991 0.000000
vt 0.068253599 0.517105997
v 19.176341 6.372879 -11.425162
vn -0.420384 -1.031579 0.000000
vt 0.068253823 0.526404977
v 19.176345 6.372879 -13.067651
vn -0.420384 -1.031579 0.000000
vt 0.075884141 0.526404977
vn 0.333055 -1.062991 0.000000
vt 0.068253599 0.517105997
vn -0.420384 -1.031579 0.000000
vt 0.075884141 0.526404977
v 21.189266 6.372879 -13.067648
vn 0.354999 -1.055862 0.000000
vt 0.075883910 0.517105997
vn -0.258981 1.083375 0.000000
vt 0.075882994 0.580983996
v 19.176341 13.054573 -13.067647
vn -0.420384 1.031579 0.000000
vt 0.075883217 0.571684003
v 19.176341 13.054572 -11.425161
vn -0.420384 1.031579 0.000000
vt 0.068256117 0.571684003
vn -0.258981 1.083375 0.000000
vt 0.075882994 0.580983996
vn -0.420384 1.031579 0.000000
vt 0.068256117 0.571684003
vn -0.240713 1.087608 0.000000
vt 0.068256348 0.580983996
v 28.668575 11.927228 -12.767036
vn 0.983904 -0.522194 0.000000
vt 0.072632983 0.519244015
vn 0.333055 -1.062991 0.000000
vt 0.066970937 0.578637004
vn 0.354999 -1.055862 0.000000
vt 0.077408411 0.578139007
vn 0.983904 -0.522194 0.000000
vt 0.072632983 0.519244015
vn 0.354999 -1.055862 0.000000
vt 0.077408411 0.578139007
v 28.668575 11.927229 -13.513453
vn 0.998942 -0.492788 0.000000
vt 0.077393726 0.519017994
vn -0.420384 1.031579 0.000000
vt 0.068251304 0.566147983
vn -0.420384 1.031579 0.000000
vt 0.075878859 0.566147983
v 17.773258 11.683402 -13.067646
vn -1.026678 0.432192 0.000000
vt 0.075872667 0.557084978
vn -0.420384 1.031579 0.000000
vt 0.068251304 0.566147983
vn -1.026678 0.432192 0.000000
vt 0.075872667 0.557084978
v 17.773256 11.683402 -11.425161
vn -1.026678 0.432192 0.000000
vt 0.068247631 0.557084978
vn -0.420384 -1.031579 0.000000
vt 0.068251073 0.529823005
v 17.773256 7.744049 -11.425162
vn -1.026678 -0.432192 0.000000
vt 0.068247400 0.538886011
v 17.773258 7.744049 -13.067647
vn -1.026678 -0.432192 0.000000
vt 0.075876795 0.538886011
vn -0.420384 -1.031579 0.000000
vt 0.068251073 0.529823005
vn -1.026678 -0.432192 0.000000
vt 0.075876795 0.538886011
vn -0.420384 -1.031579 0.000000
vt 0.075881384 0.529823005
vn -1.026678 -0.432192 0.000000
vt 0.075874045 0.557084978
vn -1.026678 -0.432192 0.000000
vt 0.068245336 0.557084978
vn -1.026678 0.432192 0.000000
vt 0.068239599 0.538886011
vn -1.026678 -0.432192 0.000000
vt 0.075874045 0.557084978
vn -1.026678 0.432192 0.000000
vt 0.068239599 0.538886011
vn -1.026678 0.432192 0.000000
vt 0.075868078 0.538886011
v 28.668575 15.259461 -12.767034
vn 1.018658 0.450571 0.000000
vt 0.113161936 0.358597010
vn 0.983904 -0.522194 0.000000
vt 0.114442296 0.319720000
vn 0.998942 -0.492788 0.000000
vt 0.105775073 0.319426000
vn 1.018658 0.450571 0.000000
vt 0.113161936 0.358597010
vn 0.998942 -0.492788 0.000000
vt 0.105775073 0.319426000
v 28.668575 15.259461 -13.513453
vn 1.027346 0.430521 0.000000
vt 0.104432300 0.358303010
vn 1.018658 0.450571 0.000000
vt 0.113161936 0.358597010
vn 1.027346 0.430521 0.000000
vt 0.104432300 0.358303010
vn 0.192370 1.097188 0.000000
vt 0.104493335 0.375101000
vn 1.018658 0.450571 0.000000
vt 0.113161936 0.358597010
vn 0.192370 1.097188 0.000000
vt 0.104493335 0.375101000
vn 0.102813 1.109106 0.000000
vt 0.114449635 0.375436991
v 21.189270 6.372881 -17.742124
vn 0.354999 -1.055862 0.000000
vt 0.077291615 0.578140020
v 21.189266 6.372882 -19.375568
vn 0.333055 -1.062991 0.000000
vt 0.066980116 0.578638017
v 28.668574 11.927229 -18.033806
vn 0.983904 -0.522194 0.000000
vt 0.072578371 0.519244015
vn 0.354999 -1.055862 0.000000
vt 0.077291615 0.578140020
vn 0.983904 -0.522194 0.000000
vt 0.072578371 0.519244015
v 28.668574 11.927229 -17.293383
vn 0.999053 -0.492676 0.000000
vt 0.077271655 0.519017994
v 21.189266 13.054577 -19.375568
vn -0.240713 1.087608 0.000000
vt 0.068330005 0.581192017
v 19.176346 13.054577 -19.375564
vn -0.420384 1.031579 0.000000
vt 0.068328395 0.571892023
v 19.176346 13.054575 -17.742123
vn -0.420384 1.031579 0.000000
vt 0.075892165 0.571892023
vn -0.240713 1.087608 0.000000
vt 0.068330005 0.581192017
vn -0.420384 1.031579 0.000000
vt 0.075892165 0.571892023
v 21.189270 13.054575 -17.742123
vn -0.258981 1.083375 0.000000
vt 0.075892165 0.581192017
vn 0.333055 -1.062991 0.000000
vt 0.068323582 0.580330014
vn 0.354999 -1.055862 0.000000
vt 0.075888954 0.580330014
v 19.176346 6.372881 -17.742124
vn -0.420384 -1.031579 0.000000
vt 0.075889185 0.571030021
vn 0.333055 -1.062991 0.000000
vt 0.068323582 0.580330014
vn -0.420384 -1.031579 0.000000
vt 0.075889185 0.571030021
v 19.176346 6.372882 -19.375564
vn -0.420384 -1.031579 0.000000
vt 0.068323806 0.571030021
vn -0.258981 1.083375 0.000000
vt 0.065088943 0.982179999
v 27.633246 16.257444 -17.347276
vn 0.192481 1.097188 0.000000
vt 0.063115858 0.939113975
v 27.633246 16.257444 -18.194931
vn 0.102813 1.109106 0.000000
vt 0.068204492 0.939164996
vn -0.258981 1.083375 0.000000
vt 0.065088943 0.982179999
vn 0.102813 1.109106 0.000000
vt 0.068204492 0.939164996
vn -0.240713 1.087608 0.000000
vt 0.074860767 0.982279003
v 28.668574 15.259463 -17.293381
vn 1.027346 0.430409 0.000000
vt 0.114442065 0.336558014
vn 0.999053 -0.492676 0.000000
vt 0.115784839 0.375434995
vn 0.983904 -0.522194 0.000000
vt 0.124391712 0.375142992
vn 1.027346 0.430409 0.000000
vt 0.114442065 0.336558014
vn 0.983904 -0.522194 0.000000
vt 0.124391712 0.375142992
v 28.668574 15.259463 -18.033803
vn 1.018658 0.450571 0.000000
vt 0.123114794 0.336266011
vn 1.027346 0.430409 0.000000
vt 0.114442065 0.336558014
vn 1.018658 0.450571 0.000000
vt 0.123114794 0.336266011
vn 0.192481 1.097188 0.000000
vt 0.114507005 0.319759995
vn 0.192481 1.097188 0.000000
vt 0.114507005 0.319759995
vn 1.018658 0.450571 0.000000
vt 0.123114794 0.336266011
vn 0.102813 1.109106 0.000000
vt 0.124410070 0.319426000
v 17.773256 7.744049 -17.742126
vn -1.026678 -0.432192 0.000000
vt 0.075880006 0.557084978
vn -0.420384 -1.031579 0.000000
vt 0.068323351 0.566147983
vn -0.420384 -1.031579 0.000000
vt 0.075887807 0.566147983
v 17.773258 7.744052 -19.375564
vn -1.026678 -0.432192 0.000000
vt 0.068319678 0.557084978
vn -0.420384 -1.031579 0.000000
vt 0.068323351 0.566147983
vn -1.026678 -0.432192 0.000000
vt 0.075880006 0.557084978
vn -1.026678 -0.432192 0.000000
vt 0.068319678 0.557084978
vn -1.026678 -0.432192 0.000000
vt 0.075880006 0.557084978
v 17.773256 11.683403 -17.742126
vn -1.026678 0.432192 0.000000
vt 0.075879090 0.538886011
vn -1.026678 -0.432192 0.000000
vt 0.068319678 0.557084978
vn -1.026678 0.432192 0.000000
vt 0.075879090 0.538886011
v 17.773258 11.683404 -19.375564
vn -1.026678 0.432192 0.000000
vt 0.068320140 0.538886011
vn -1.026678 0.432192 0.000000
vt 0.075879090 0.538886011
vn -0.420384 1.031579 0.000000
vt 0.068327025 0.529823005
vn -1.026678 0.432192 0.000000
vt 0.068320140 0.538886011
vn -1.026678 0.432192 0.000000
vt 0.075879090 0.538886011
vn -0.420384 1.031579 0.000000
vt 0.075889647 0.529823005
vn -0.420384 1.031579 0.000000
vt 0.068327025 0.529823005
v 19.823284 11.370683 -20.253310
vn -0.000000 1.113896 0.000000
vt 0.356600195 0.503216028
v 19.823284 11.370679 -10.547423
vn -0.000000 1.113896 0.000000
vt 0.313062847 0.503216028
v 21.298701 10.518845 -10.547424
vn 0.964634 0.556948 0.000000
vt 0.313063532 0.517714977
vn -0.000000 1.113896 0.000000
vt 0.356600195 0.503216028
vn 0.964634 0.556948 0.000000
vt 0.313063532 0.517714977
v 21.298701 10.518848 -20.253310
vn 0.964634 0.556948 0.000000
vt 0.356599748 0.517714977
vn 0.964634 0.556948 0.000000
vt 0.313063532 0.517714977
v 21.298701 8.815180 -10.547424
vn 0.964634 -0.556948 0.000000
vt 0.313058257 0.532213986
vn 0.964634 0.556948 0.000000
vt 0.356599748 0.517714977
vn 0.964634 0.556948 0.000000
vt 0.356599748 0.517714977
vn 0.964634 -0.556948 0.000000
vt 0.313058257 0.532213986
v 21.298701 8.815184 -20.253310
vn 0.964634 -0.556948 0.000000
vt 0.356594920 0.532213986
vn 0.964634 -0.556948 0.000000
vt 0.313058257 0.532213986
v 19.823284 7.963353 -20.253310
vn -0.000000 -1.113896 0.000000
vt 0.356593072 0.546711981
vn 0.964634 -0.556948 0.000000
vt 0.356594920 0.532213986
vn 0.964634 -0.556948 0.000000
vt 0.313058257 0.532213986
v 19.823284 7.963349 -10.547423
vn -0.000000 -1.113896 0.000000
vt 0.313056201 0.546711981
vn -0.000000 -1.113896 0.000000
vt 0.356593072 0.546711981
vn -0.000000 -1.113896 0.000000
vt 0.356593072 0.546711981
vn -0.000000 -1.113896 0.000000
vt 0.313056201 0.546711981
v 18.347862 8.815180 -10.547422
vn -0.964634 -0.556948 0.000000
vt 0.313052297 0.561210990
vn -0.000000 -1.113896 0.000000
vt 0.356593072 0.546711981
vn -0.964634 -0.556948 0.000000
vt 0.313052297 0.561210990
v 18.347865 8.815184 -20.253310
vn -0.964634 -0.556948 0.000000
vt 0.356591702 0.561210990
vn -0.964634 -0.556948 0.000000
vt 0.313052297 0.561210990
v 18.347862 10.518845 -10.547422
vn -0.964634 0.556948 0.000000
vt 0.313054144 0.575709999
vn -0.964634 -0.556948 0.000000
vt 0.356591702 0.561210990
vn -0.964634 -0.556948 0.000000
vt 0.356591702 0.561210990
vn -0.964634 0.556948 0.000000
vt 0.313054144 0.575709999
v 18.347865 10.518848 -20.253310
vn -0.964634 0.556948 0.000000
vt 0.356594920 0.575709999
vn -0.964634 0.556948 0.000000
vt 0.313054144 0.575709999
vn -0.000000 1.113896 0.000000
vt 0.356598347 0.590207994
vn -0.964634 0.556948 0.000000
vt 0.356594920 0.575709999
vn -0.964634 0.556948 0.000000
vt 0.313054144 0.575709999
vn -0.000000 1.113896 0.000000
vt 0.313059628 0.590207994
vn -0.000000 1.113896 0.000000
vt 0.356598347 0.590207994
vn 0.189808 0.004567 1.097633
vt 0.047004871 0.937637985
vn 0.194486 0.003453 1.096742
vt 0.046450049 0.924727023
vn 0.171317 0.000000 1.100641
vt 0.049136974 0.934010983
vn 0.111390 0.001114 1.108326
vt 0.026196932 0.934005022
vn 0.194486 0.003453 1.096742
vt 0.046450049 0.924727023
vn 0.189808 0.004567 1.097633
vt 0.047004871 0.937637985
vn 0.111390 0.001114 1.108326
vt 0.026196932 0.934005022
vn 0.073851 0.000000 1.111445
vt 0.020826297 0.915387988
vn 0.194486 0.003453 1.096742
vt 0.046450049 0.924727023
vn -0.000000 0.000000 1.113896
vt 0.015571767 0.932944000
vn 0.111390 0.001114 1.108326
vt 0.026196932 0.934005022
vn -0.000000 0.000000 1.113896
vt 0.020580091 0.935630977
vn -0.000000 0.000000 1.113896
vt 0.012397708 0.921967983
vn 0.111390 0.001114 1.108326
vt 0.026196932 0.934005022
vn -0.000000 0.000000 1.113896
vt 0.015571767 0.932944000
vn -0.000000 0.000000 1.113896
vt 0.012397708 0.921967983
vn 0.073851 0.000000 1.111445
vt 0.020826297 0.915387988
vn 0.111390 0.001114 1.108326
vt 0.026196932 0.934005022
vn -0.000000 0.000000 1.113896
vt 0.012397708 0.921967983
vn -0.000000 0.000000 1.113896
vt 0.015209227 0.917014003
vn 0.073851 0.000000 1.111445
vt 0.020826297 0.915387988
vn 0.194486 0.003453 -1.096742
vt 0.046467945 0.924786985
vn 0.189808 0.004567 -1.097633
vt 0.047035389 0.937698007
vn 0.171317 0.000000 -1.100641
vt 0.049158540 0.934071004
vn 0.111390 0.001114 -1.108326
vt 0.026236627 0.934064984
vn 0.189808 0.004567 -1.097633
vt 0.047035389 0.937698007
vn 0.194486 0.003453 -1.096742
vt 0.046467945 0.924786985
vn 0.111390 0.001114 -1.108326
vt 0.026236627 0.934064984
vn 0.194486 0.003453 -1.096742
vt 0.046467945 0.924786985
vn 0.073851 0.000000 -1.111445
vt 0.020801974 0.915448010
vn -0.000000 0.000000 -1.113896
vt 0.012372928 0.922026992
vn 0.073851 0.000000 -1.111445
vt 0.020801974 0.915448010
vn -0.000000 0.000000 -1.113896
vt 0.015184675 0.917074025
vn -0.000000 0.000000 -1.113896
vt 0.015548132 0.933004022
vn 0.073851 0.000000 -1.111445
vt 0.020801974 0.915448010
vn -0.000000 0.000000 -1.113896
vt 0.012372928 0.922026992
vn 0.111390 0.001114 -1.108326
vt 0.026236627 0.934064984
vn 0.073851 0.000000 -1.111445
vt 0.020801974 0.915448010
vn -0.000000 0.000000 -1.113896
vt 0.015548132 0.933004022
vn 0.111390 0.001114 -1.108326
vt 0.026236627 0.934064984
vn -0.000000 0.000000 -1.113896
vt 0.015548132 0.933004022
vn -0.000000 0.000000 -1.113896
vt 0.020619558 0.935690999
vn -0.065497 -0.001225 -1.112002
vt 0.046387866 0.924751997
vn -0.063938 -0.001559 -1.112114
vt 0.047059253 0.937650025
vn -0.057477 0.000000 -1.112448
vt 0.049134448 0.934018016
vn -0.037427 -0.000334 -1.113228
vt 0.026500043 0.934077978
vn -0.063938 -0.001559 -1.112114
vt 0.047059253 0.937650025
vn -0.065497 -0.001225 -1.112002
vt 0.046387866 0.924751997
vn -0.037427 -0.000334 -1.113228
vt 0.026500043 0.934077978
vn -0.065497 -0.001225 -1.112002
vt 0.046387866 0.924751997
vn -0.024728 0.000000 -1.113673
vt 0.020952726 0.915498018
vn -0.037427 -0.000334 -1.113228
vt 0.026500043 0.934077978
vn -0.000000 0.000000 -1.113896
vt 0.015872354 0.933088005
vn -0.000000 0.000000 -1.113896
vt 0.020883890 0.935742021
vn -0.037427 -0.000334 -1.113228
vt 0.026500043 0.934077978
vn -0.024728 0.000000 -1.113673
vt 0.020952726 0.915498018
vn -0.000000 0.000000 -1.113896
vt 0.015872354 0.933088005
vn -0.000000 0.000000 -1.113896
vt 0.015872354 0.933088005
vn -0.024728 0.000000 -1.113673
vt 0.020952726 0.915498018
vn -0.000000 0.000000 -1.113896
vt 0.012585633 0.922133982
vn -0.000000 0.000000 -1.113896
vt 0.012585633 0.922133982
vn -0.024728 0.000000 -1.113673
vt 0.020952726 0.915498018
vn -0.000000 0.000000 -1.113896
vt 0.015398527 0.917160988
vn -0.064272 -0.001559 1.112002
vt 0.047120288 0.937547028
vn -0.065943 -0.001225 1.111891
vt 0.046387866 0.924649000
vn -0.057923 0.000000 1.112336
vt 0.049195483 0.933915019
vn -0.037650 -0.000334 1.113228
vt 0.026493158 0.933974981
vn -0.065943 -0.001225 1.111891
vt 0.046387866 0.924649000
vn -0.064272 -0.001559 1.112002
vt 0.047120288 0.937547028
vn -0.037650 -0.000334 1.113228
vt 0.026493158 0.933974981
vn -0.024840 0.000000 1.113673
vt 0.021002060 0.915395021
vn -0.065943 -0.001225 1.111891
vt 0.046387866 0.924649000
vn -0.000000 0.000000 1.113896
vt 0.015871435 0.932985008
vn -0.037650 -0.000334 1.113228
vt 0.026493158 0.933974981
vn -0.000000 0.000000 1.113896
vt 0.020938730 0.935639024
vn -0.000000 0.000000 1.113896
vt 0.015871435 0.932985008
vn -0.024840 0.000000 1.113673
vt 0.021002060 0.915395021
vn -0.037650 -0.000334 1.113228
vt 0.026493158 0.933974981
vn -0.000000 0.000000 1.113896
vt 0.015871435 0.932985008
vn -0.000000 0.000000 1.113896
vt 0.012637949 0.922030985
vn -0.024840 0.000000 1.113673
vt 0.021002060 0.915395021
vn -0.024840 0.000000 1.113673
vt 0.021002060 0.915395021
vn -0.000000 0.000000 1.113896
vt 0.012637949 0.922030985
vn -0.000000 0.000000 1.113896
vt 0.015387285 0.917057991
vn -0.000000 0.000000 1.113896
vt 0.741282523 0.885608971
vn -0.000000 0.000000 1.113896
vt 0.725045085 0.913689017
vn -0.000000 0.000000 1.113896
vt 0.725045562 0.894968987
vn -0.000000 0.000000 1.113896
vt 0.741282523 0.885608971
vn -0.000000 0.000000 1.113896
vt 0.741281867 0.923048973
vn -0.000000 0.000000 1.113896
vt 0.725045085 0.913689017
vn -0.000000 0.000000 1.113896
vt 0.741282523 0.885608971
vn -0.000000 0.000000 1.113896
vt 0.757456601 0.913689017
vn -0.000000 0.000000 1.113896
vt 0.741281867 0.923048973
vn -0.000000 0.000000 1.113896
vt 0.741282523 0.885608971
vn -0.000000 0.000000 1.113896
vt 0.757456362 0.894968987
vn -0.000000 0.000000 1.113896
vt 0.757456601 0.913689017
v 26.477432 14.761371 -19.350545
vn -0.000000 1.113896 0.000000
vt 0.357085258 0.518890023
v 26.477429 14.761366 -11.450181
vn -0.000000 1.113896 0.000000
vt 0.314591259 0.518890023
v 27.910425 13.934029 -11.450182
vn 0.964634 0.556948 0.000000
vt 0.314584136 0.533044994
vn -0.000000 1.113896 0.000000
vt 0.357085258 0.518890023
vn 0.964634 0.556948 0.000000
vt 0.314584136 0.533044994
v 27.910425 13.934032 -19.350554
vn 0.964634 0.556948 0.000000
vt 0.357076764 0.533044994
vn 0.964634 0.556948 0.000000
vt 0.314584136 0.533044994
v 27.910425 12.279351 -19.350554
vn 0.964634 -0.556948 0.000000
vt 0.357072860 0.547199011
vn 0.964634 0.556948 0.000000
vt 0.357076764 0.533044994
vn 0.964634 0.556948 0.000000
vt 0.314584136 0.533044994
v 27.910425 12.279349 -11.450182
vn 0.964634 -0.556948 0.000000
vt 0.314579338 0.547199011
vn 0.964634 -0.556948 0.000000
vt 0.357072860 0.547199011
vn 0.964634 -0.556948 0.000000
vt 0.357072860 0.547199011
vn 0.964634 -0.556948 0.000000
vt 0.314579338 0.547199011
v 26.477432 11.452012 -19.350549
vn -0.000000 -1.113896 0.000000
vt 0.357078850 0.561353028
vn 0.964634 -0.556948 0.000000
vt 0.314579338 0.547199011
v 26.477429 11.452006 -11.450182
vn -0.000000 -1.113896 0.000000
vt 0.314580232 0.561353028
vn -0.000000 -1.113896 0.000000
vt 0.357078850 0.561353028
vn -0.000000 -1.113896 0.000000
vt 0.357078850 0.561353028
vn -0.000000 -1.113896 0.000000
vt 0.314580232 0.561353028
v 25.044439 12.279349 -11.450183
vn -0.964634 -0.556948 0.000000
vt 0.314576805 0.575506985
vn -0.000000 -1.113896 0.000000
vt 0.357078850 0.561353028
vn -0.964634 -0.556948 0.000000
vt 0.314576805 0.575506985
v 25.044436 12.279351 -19.350549
vn -0.964634 -0.556948 0.000000
vt 0.357081145 0.575506985
vn -0.964634 -0.556948 0.000000
vt 0.314576805 0.575506985
v 25.044439 13.934029 -11.450183
vn -0.964634 0.556948 0.000000
vt 0.314584613 0.589662015
vn -0.964634 -0.556948 0.000000
vt 0.357081145 0.575506985
vn -0.964634 -0.556948 0.000000
vt 0.357081145 0.575506985
vn -0.964634 0.556948 0.000000
vt 0.314584613 0.589662015
v 25.044436 13.934032 -19.350549
vn -0.964634 0.556948 0.000000
vt 0.357086182 0.589662015
vn -0.964634 0.556948 0.000000
vt 0.314584613 0.589662015
vn -0.000000 1.113896 0.000000
vt 0.357087314 0.603815973
vn -0.964634 0.556948 0.000000
vt 0.357086182 0.589662015
vn -0.964634 0.556948 0.000000
vt 0.314584613 0.589662015
vn -0.000000 1.113896 0.000000
vt 0.314588517 0.603815973
vn -0.000000 1.113896 0.000000
vt 0.357087314 0.603815973
vn -0.000000 0.000000 -1.113896
vt 0.740836918 0.922656000
vn -0.000000 0.000000 -1.113896
vt 0.724839032 0.894914985
vn -0.000000 0.000000 -1.113896
vt 0.724843860 0.913408995
vn -0.000000 0.000000 -1.113896
vt 0.740836918 0.922656000
vn -0.000000 0.000000 -1.113896
vt 0.756889880 0.913408995
vn -0.000000 0.000000 -1.113896
vt 0.724839032 0.894914985
vn -0.000000 0.000000 -1.113896
vt 0.724839032 0.894914985
vn -0.000000 0.000000 -1.113896
vt 0.756889880 0.913408995
vn -0.000000 0.000000 -1.113896
vt 0.756888509 0.894914985
vn -0.000000 0.000000 -1.113896
vt 0.724839032 0.894914985
vn -0.000000 0.000000 -1.113896
vt 0.756888509 0.894914985
vn -0.000000 0.000000 -1.113896
vt 0.740830243 0.885668993
vn -0.000000 0.000000 -1.113896
vt 0.757684469 0.894968987
vn -0.000000 0.000000 -1.113896
vt 0.741509914 0.923048973
vn -0.000000 0.000000 -1.113896
vt 0.757684708 0.913689017
vn -0.000000 0.000000 -1.113896
vt 0.741509438 0.885608971
vn -0.000000 0.000000 -1.113896
vt 0.741509914 0.923048973
vn -0.000000 0.000000 -1.113896
vt 0.757684469 0.894968987
vn -0.000000 0.000000 -1.113896
vt 0.741509438 0.885608971
vn -0.000000 0.000000 -1.113896
vt 0.725273907 0.894968987
vn -0.000000 0.000000 -1.113896
vt 0.741509914 0.923048973
vn -0.000000 0.000000 -1.113896
vt 0.741509914 0.923048973
vn -0.000000 0.000000 -1.113896
vt 0.725273907 0.894968987
vn -0.000000 0.000000 -1.113896
vt 0.725273669 0.913689017
vn -0.000000 0.000000 1.113896
vt 0.756849706 0.913408995
vn -0.000000 0.000000 1.113896
vt 0.724801183 0.913408995
vn -0.000000 0.000000 1.113896
vt 0.740858257 0.922656000
vn -0.000000 0.000000 1.113896
vt 0.756848574 0.894914985
vn -0.000000 0.000000 1.113896
vt 0.724801183 0.913408995
vn -0.000000 0.000000 1.113896
vt 0.756849706 0.913408995
vn -0.000000 0.000000 1.113896
vt 0.756848574 0.894914985
vn -0.000000 0.000000 1.113896
vt 0.740856647 0.885668993
vn -0.000000 0.000000 1.113896
vt 0.724801183 0.913408995
vn -0.000000 0.000000 1.113896
vt 0.724801183 0.913408995
vn -0.000000 0.000000 1.113896
vt 0.740856647 0.885668993
vn -0.000000 0.000000 1.113896
vt 0.724800289 0.894914985
s 116
f 643/3169/3169 644/3170/3170 645/3171/3171
f 643/3172/3172 645/3173/3173 646/3174/3174
f 647/3175/3175 648/3176/3176 649/3177/3177
f 647/3178/3178 649/3179/3179 650/3180/3180
f 645/3181/3181 651/3182/3182 652/3183/3183
f 645/3184/3184 652/3185/3185 646/3186/3186
f 653/3187/3187 647/3188/3188 650/3189/3189
f 653/3190/3190 650/3191/3191 654/3192/3192
f 652/3193/3193 651/3194/3194 655/3195/3195
f 652/3196/3196 655/3197/3197 656/3198/3198
f 648/3199/3199 657/3200/3200 658/3201/3201
f 648/3202/3202 658/3203/3203 649/3204/3204
f 658/3205/3205 657/3206/3206 656/3207/3207
f 658/3208/3208 656/3209/3209 655/3210/3210
f 659/3211/3211 653/3212/3212 654/3213/3213
f 659/3214/3214 654/3215/3215 660/3216/3216
f 659/3217/3217 660/3218/3218 644/3219/3219
f 659/3220/3220 644/3221/3221 643/3222/3222
s 117
f 661/3223/3223 662/3224/3224 663/3225/3225
f 661/3226/3226 663/3227/3227 664/3228/3228
f 665/3229/3229 666/3230/3230 667/3231/3231
f 665/3232/3232 667/3233/3233 668/3234/3234
f 662/3235/3235 661/3236/3236 669/3237/3237
f 662/3238/3238 669/3239/3239 670/3240/3240
f 668/3241/3241 671/3242/3242 672/3243/3243
f 668/3244/3244 672/3245/3245 665/3246/3246
f 673/3247/3247 664/3248/3248 663/3249/3249
f 673/3250/3250 663/3251/3251 674/3252/3252
f 673/3253/3253 674/3254/3254 671/3255/3255
f 671/3256/3256 674/3257/3257 672/3258/3258
f 675/3259/3259 670/3260/3260 669/3261/3261
f 676/3262/3262 670/3263/3263 675/3264/3264
f 676/3265/3265 675/3266/3266 677/3267/3267
f 676/3268/3268 677/3269/3269 678/3270/3270
f 677/3271/3271 666/3272/3272 678/3273/3273
f 677/3274/3274 667/3275/3275 666/3276/3276
s 118
f 679/3277/3277 680/3278/3278 681/3279/3279
f 679/3280/3280 681/3281/3281 682/3282/3282
f 681/3283/3283 683/3284/3284 682/3285/3285
f 682/3286/3286 683/3287/3287 684/3288/3288
f 683/3289/3289 685/3290/3290 684/3291/3291
f 683/3292/3292 686/3293/3293 685/3294/3294
f 685/3295/3295 686/3296/3296 687/3297/3297
f 685/3298/3298 687/3299/3299 688/3300/3300
f 687/3301/3301 689/3302/3302 688/3303/3303
f 688/3304/3304 689/3305/3305 690/3306/3306
f 689/3307/3307 679/3308/3308 690/3309/3309
f 689/3310/3310 680/3311/3311 679/3312/3312
s 119
f 643/3313/3313 653/3314/3314 659/3315/3315
f 646/3316/3316 653/3317/3317 643/3318/3318
f 646/3319/3319 647/3320/3320 653/3321/3321
f 656/3322/3322 646/3323/3323 652/3324/3324
f 657/3325/3325 646/3326/3326 656/3327/3327
f 657/3328/3328 647/3329/3329 646/3330/3330
f 657/3331/3331 648/3332/3332 647/3333/3333
s 120
f 663/3334/3334 672/3335/3335 674/3336/3336
f 665/3337/3337 672/3338/3338 663/3339/3339
f 665/3340/3340 663/3341/3341 662/3342/3342
f 676/3343/3343 662/3344/3344 670/3345/3345
f 678/3346/3346 662/3347/3347 676/3348/3348
f 665/3349/3349 662/3350/3350 678/3351/3351
f 665/3352/3352 678/3353/3353 666/3354/3354
s 121
f 654/3355/3355 644/3356/3356 660/3357/3357
f 645/3358/3358 644/3359/3359 654/3360/3360
f 645/3361/3361 654/3362/3362 650/3363/3363
f 645/3364/3364 655/3365/3365 651/3366/3366
f 645/3367/3367 650/3368/3368 655/3369/3369
f 655/3370/3370 650/3371/3371 658/3372/3372
f 658/3373/3373 650/3374/3374 649/3375/3375
s 122
f 671/3376/3376 664/3377/3377 673/3378/3378
f 668/3379/3379 664/3380/3380 671/3381/3381
f 668/3382/3382 661/3383/3383 664/3384/3384
f 677/3385/3385 668/3386/3386 667/3387/3387
f 677/3388/3388 661/3389/3389 668/3390/3390
f 677/3391/3391 675/3392/3392 661/3393/3393
f 661/3394/3394 675/3395/3395 669/3396/3396
s 123
f 686/3397/3397 689/3398/3398 687/3399/3399
f 686/3400/3400 680/3401/3401 689/3402/3402
f 686/3403/3403 681/3404/3404 680/3405/3405
f 686/3406/3406 683/3407/3407 681/3408/3408
s 124
f 691/3409/3409 692/3410/3410 693/3411/3411
f 691/3412/3412 693/3413/3413 694/3414/3414
f 693/3415/3415 695/3416/3416 694/3417/3417
f 693/3418/3418 696/3419/3419 695/3420/3420
f 695/3421/3421 696/3422/3422 697/3423/3423
f 696/3424/3424 698/3425/3425 697/3426/3426
f 697/3427/3427 698/3428/3428 699/3429/3429
f 697/3430/3430 699/3431/3431 700/3432/3432
f 699/3433/3433 701/3434/3434 700/3435/3435
f 700/3436/3436 701/3437/3437 702/3438/3438
f 701/3439/3439 691/3440/3440 702/3441/3441
f 701/3442/3442 692/3443/3443 691/3444/3444
s 125
f 700/3445/3445 695/3446/3446 697/3447/3447
f 700/3448/3448 702/3449/3449 695/3450/3450
f 695/3451/3451 702/3452/3452 691/3453/3453
f 695/3454/3454 691/3455/3455 694/3456/3456
s 126
f 684/3457/3457 679/3458/3458 682/3459/3459
f 685/3460/3460 679/3461/3461 684/3462/3462
f 685/3463/3463 688/3464/3464 679/3465/3465
f 679/3466/3466 688/3467/3467 690/3468/3468
s 127
f 701/3469/3469 693/3470/3470 692/3471/3471
f 699/3472/3472 693/3473/3473 701/3474/3474
f 699/3475/3475 698/3476/3476 693/3477/3477
f 693/3478/3478 698/3479/3479 696/3480/3480
o lbfoot,ox=6.59,oy=3.47,oz=0.00,p=lbleg,
v 28.854223 9.338813 -11.336925
vn -0.527764 0.145029 -0.970203
vt 0.132999048 0.424396008
v 30.844870 1.972293 -13.520867
vn -0.527764 0.145029 -0.970203
vt 0.174078688 0.398362011
v 29.625042 1.970483 -12.857577
vn -0.527764 0.145029 -0.970203
vt 0.175786987 0.406688988
v 28.854867 16.700418 -19.555102
vn -0.393317 -0.209858 1.020774
vt 0.088812120 0.345640987
v 33.610085 16.712137 -17.720686
vn -0.393317 -0.209858 1.020774
vt 0.091739051 0.374909997
v 30.839383 24.073097 -17.274643
vn -0.393317 -0.209858 1.020774
vt 0.046522785 0.374410003
v 30.844872 1.972295 -17.279871
vn -0.527764 0.145029 0.970203
vt 0.173957303 0.375200003
v 28.854223 9.338816 -19.463804
vn -0.527764 0.145029 0.970203
vt 0.133674562 0.348935008
v 29.625042 1.970484 -17.943153
vn -0.527764 0.145029 0.970203
vt 0.175789282 0.366990000
v 32.761272 9.344281 -17.811994
vn -0.433751 0.012810 1.025898
vt 0.129947066 0.373106003
vn -0.433751 0.012810 1.025898
vt 0.088814415 0.345640987
vn -0.433751 0.012810 1.025898
vt 0.133672044 0.348935008
v 30.839383 24.073096 -13.526082
vn -0.393317 -0.209858 -1.020774
vt 0.046843104 0.398301005
v 33.610088 16.712136 -13.080036
vn -0.393317 -0.209858 -1.020774
vt 0.090823524 0.398048997
v 28.854863 16.700417 -11.245628
vn -0.393317 -0.209858 -1.020774
vt 0.087835789 0.427073002
vn -0.433751 0.012810 -1.025898
vt 0.087836705 0.427073002
v 32.761270 9.344280 -12.988740
vn -0.433751 0.012810 -1.025898
vt 0.129518211 0.399989009
vn -0.433751 0.012810 -1.025898
vt 0.132998824 0.424396008
v 29.953592 1.843692 -12.130406
vn 0.457588 -0.158953 1.003063
vt 0.183192432 0.990513980
v 33.425127 9.216353 -12.546350
vn 0.457588 -0.158953 1.003063
vt 0.148411795 0.998328984
v 29.169304 9.269771 -10.596145
vn 0.457588 -0.158953 1.003063
vt 0.152246460 0.978223026
v 29.150952 16.757776 -20.304652
vn 0.419382 0.235589 -1.004734
vt 0.171568453 0.979853988
v 31.554987 24.357283 -17.519440
vn 0.419382 0.235589 -1.004734
vt 0.148680270 0.998573005
v 34.288934 16.807393 -18.148314
vn 0.419382 0.235589 -1.004734
vt 0.176878512 0.998620987
v 29.953585 1.843695 -18.670325
vn 0.566193 -0.213868 -0.935116
vt 0.183944359 0.992100000
v 33.425137 9.216354 -18.254391
vn 0.566193 -0.213868 -0.935116
vt 0.156061620 0.998411000
v 31.491246 1.778976 -17.724426
vn 0.566193 -0.213868 -0.935116
vt 0.183028832 0.998359978
vn 0.463826 -0.012364 -1.012643
vt 0.093259424 0.662575006
vn 0.463826 -0.012364 -1.012643
vt 0.073055409 0.693165004
v 29.169301 9.269775 -20.204582
vn 0.463826 -0.012364 -1.012643
vt 0.092342518 0.693367004
v 31.554996 24.357281 -13.281278
vn 0.419382 0.235589 1.004734
vt 0.139259741 0.998512030
v 29.150944 16.757773 -10.496061
vn 0.419382 0.235589 1.004734
vt 0.167936161 0.975269020
v 34.288958 16.807390 -12.652406
vn 0.419382 0.235589 1.004734
vt 0.174477950 0.998736978
vn 0.431189 -0.034754 1.026455
vt 0.093472362 0.662433982
vn 0.431189 -0.034754 1.026455
vt 0.073094420 0.693350017
vn 0.431189 -0.034754 1.026455
vt 0.070290245 0.661705017
vn -0.082428 -1.100084 -0.154609
vt 0.062756069 0.358473003
vn -0.082428 -1.100084 -0.154609
vt 0.070996508 0.344433993
vn -0.082428 -1.100084 -0.154609
vt 0.074534707 0.351565987
vn -0.176330 -1.079031 0.212866
vt 0.062759973 0.395449013
vn -0.176330 -1.079031 0.212866
vt 0.071002699 0.409487009
vn -0.176330 -1.079031 0.212866
vt 0.056110583 0.399821997
vn -1.035812 -0.008020 0.409691
vt 0.094185047 0.410369009
vn -1.035812 -0.008020 0.409691
vt 0.118474059 0.430052012
vn -1.035812 -0.008020 0.409691
vt 0.092110313 0.413053006
vn -1.025230 -0.005347 -0.435533
vt 0.094214648 0.348475009
vn -1.025230 -0.005347 -0.435533
vt 0.118505493 0.328792006
vn -1.025230 -0.005347 -0.435533
vt 0.120090574 0.331764996
vn -0.984573 0.376385 -0.360123
vt 0.070106909 0.371569008
vn -0.984573 0.376385 -0.360123
vt 0.092140831 0.345789999
vn -0.984573 0.376385 -0.360123
vt 0.094215110 0.348475009
vn -0.490226 0.477193 0.878975
vt 0.070096120 0.387273997
vn -0.490226 0.477193 0.878975
vt 0.092119262 0.413053006
vn -0.490226 0.477193 0.878975
vt 0.066862404 0.388300002
v 29.955372 -0.847021 -14.346080
vn 0.822389 -0.751323 0.000000
vt 0.488487303 0.448891014
v 28.870760 -2.034145 -15.400371
vn 0.822389 -0.751323 0.000000
vt 0.468768805 0.428636998
v 29.955366 -0.847021 -16.454662
vn 0.822389 -0.751323 0.000000
vt 0.449120075 0.448891014
vn -0.000000 -0.739627 -0.832860
vt 0.449120075 0.448891014
vn -0.000000 -0.739627 -0.832860
vt 0.468768805 0.428636998
v 27.786154 -0.847021 -16.454667
vn -0.000000 -0.739627 -0.832860
vt 0.449119389 0.408383012
vn -0.822389 -0.751323 0.000000
vt 0.449110687 0.408383012
vn -0.822389 -0.751323 0.000000
vt 0.468761712 0.428636998
v 27.786154 -0.847021 -14.346080
vn -0.822389 -0.751323 0.000000
vt 0.488477200 0.408383012
vn -0.000000 -0.739627 0.832860
vt 0.488476276 0.408383012
vn -0.000000 -0.739627 0.832860
vt 0.468761474 0.428636998
vn -0.000000 -0.739627 0.832860
vt 0.488478124 0.448891014
vn -0.427959 0.184238 -1.011752
vt 0.132998824 0.424396008
vn -0.427959 0.184238 -1.011752
vt 0.129518211 0.399989009
vn -0.427959 0.184238 -1.011752
vt 0.174078926 0.398362011
vn -0.427959 0.184238 1.011752
vt 0.173956618 0.375200003
vn -0.427959 0.184238 1.011752
vt 0.129947513 0.373106003
vn -0.427959 0.184238 1.011752
vt 0.133673191 0.348935008
vn -0.400780 0.033305 1.038708
vt 0.129946828 0.373106003
vn -0.400780 0.033305 1.038708
vt 0.091739282 0.374909997
vn -0.400780 0.033305 1.038708
vt 0.088813953 0.345640987
vn -0.400780 0.033305 -1.038708
vt 0.087836705 0.427073002
vn -0.400780 0.033305 -1.038708
vt 0.090823524 0.398048997
vn -0.400780 0.033305 -1.038708
vt 0.129517972 0.399989009
vn 0.566193 -0.213868 0.935116
vt 0.183193356 0.990513980
v 31.491257 1.778971 -13.076323
vn 0.566193 -0.213868 0.935116
vt 0.182098165 0.998329997
vn 0.566193 -0.213868 0.935116
vt 0.148413867 0.998328984
vn 0.457588 -0.158953 -1.003063
vt 0.183945045 0.992100000
vn 0.457588 -0.158953 -1.003063
vt 0.159113377 0.982304990
vn 0.457588 -0.158953 -1.003063
vt 0.156061843 0.998411000
vn 0.431189 -0.034754 -1.026455
vt 0.093259424 0.662575006
vn 0.431189 -0.034754 -1.026455
vt 0.070371240 0.661854029
vn 0.431189 -0.034754 -1.026455
vt 0.073055178 0.693165004
vn 0.463826 -0.012364 1.012643
vt 0.093473047 0.662433982
vn 0.463826 -0.012364 1.012643
vt 0.092554763 0.693553984
vn 0.463826 -0.012364 1.012643
vt 0.073095106 0.693350017
vn -0.176330 -1.079031 -0.212866
vt 0.062756069 0.358473003
vn -0.176330 -1.079031 -0.212866
vt 0.056106452 0.354099989
vn -0.176330 -1.079031 -0.212866
vt 0.070996046 0.344433993
vn -0.082428 -1.100084 0.154609
vt 0.062760435 0.395449013
vn -0.082428 -1.100084 0.154609
vt 0.074541822 0.402355999
vn -0.082428 -1.100084 0.154609
vt 0.071004078 0.409487009
vn -1.025230 -0.005347 0.435533
vt 0.094185278 0.410369009
vn -1.025230 -0.005347 0.435533
vt 0.120060742 0.427078009
vn -1.025230 -0.005347 0.435533
vt 0.118474059 0.430052012
vn -1.035812 -0.008020 -0.409802
vt 0.094213963 0.348475009
vn -1.035812 -0.008020 -0.409802
vt 0.092139684 0.345789999
vn -1.035812 -0.008020 -0.409802
vt 0.118504807 0.328792006
vn -0.490226 0.477193 -0.878975
vt 0.070119068 0.371569008
vn -0.490226 0.477193 -0.878975
vt 0.066884667 0.370543003
vn -0.490226 0.477193 -0.878975
vt 0.092153676 0.345789999
vn -0.984573 0.376385 0.360123
vt 0.070094749 0.387273997
vn -0.984573 0.376385 0.360123
vt 0.094188951 0.410369009
vn -0.984573 0.376385 0.360123
vt 0.092114441 0.413053006
vn -1.013088 -0.193150 -0.420941
vt 0.120089427 0.331764996
vn -1.014871 -0.192927 -0.416708
vt 0.147428349 0.315268993
vn -1.011974 -0.193261 -0.423503
vt 0.148830563 0.318354994
vn -1.013088 -0.193150 -0.420941
vt 0.120089427 0.331764996
vn -1.015873 -0.192815 -0.414147
vt 0.118504114 0.328792006
vn -1.014871 -0.192927 -0.416708
vt 0.147428349 0.315268993
vn -1.013088 -0.193150 0.420941
vt 0.120060511 0.427078009
vn -1.014871 -0.192927 0.416708
vt 0.147407711 0.443574011
vn -1.015873 -0.192815 0.414147
vt 0.118473597 0.430052012
vn -1.013088 -0.193150 0.420941
vt 0.120060511 0.427078009
vn -1.011974 -0.193261 0.423503
vt 0.148810819 0.440488011
vn -1.014871 -0.192927 0.416708
vt 0.147407711 0.443574011
vn -1.042495 -0.392426 0.000000
vt 0.091739967 0.374909997
vn -1.042495 -0.392426 0.000000
vt 0.046833467 0.398301005
vn -1.042495 -0.392426 0.000000
vt 0.046536095 0.374410003
vn -1.042495 -0.392426 0.000000
vt 0.091739967 0.374909997
vn -1.042495 -0.392426 0.000000
vt 0.090823069 0.398048997
vn -1.042495 -0.392426 0.000000
vt 0.046833467 0.398301005
vn -1.078028 0.280256 0.000000
vt 0.173960060 0.375200003
vn -1.078028 0.280256 0.000000
vt 0.129518211 0.399989009
vn -1.078028 0.280256 0.000000
vt 0.129947975 0.373106003
vn -1.078028 0.280256 0.000000
vt 0.173960060 0.375200003
vn -1.078028 0.280256 0.000000
vt 0.174075484 0.398362011
vn -1.078028 0.280256 0.000000
vt 0.129518211 0.399989009
vn -1.106544 0.127430 0.000000
vt 0.129518211 0.399989009
vn -1.106544 0.127430 0.000000
vt 0.091739967 0.374909997
vn -1.106544 0.127430 0.000000
vt 0.129947975 0.373106003
vn -1.106544 0.127430 0.000000
vt 0.129518211 0.399989009
vn -1.106544 0.127430 0.000000
vt 0.090823524 0.398048997
vn -1.106544 0.127430 0.000000
vt 0.091739967 0.374909997
vn 1.047396 0.379282 -0.000000
vt 0.248411015 0.946038008
vn 1.047396 0.379282 -0.000000
vt 0.223324195 0.929525018
vn 1.047396 0.379282 -0.000000
vt 0.248410791 0.929750979
vn 1.047396 0.379282 -0.000000
vt 0.248411015 0.946038008
vn 1.047396 0.379282 -0.000000
vt 0.223325118 0.946264982
vn 1.047396 0.379282 -0.000000
vt 0.223324195 0.929525018
vn 1.078028 -0.280368 0.000000
vt 0.183636665 0.876451015
vn 1.078028 -0.280368 0.000000
vt 0.125541061 0.848089993
vn 1.078028 -0.280368 0.000000
vt 0.183635056 0.848164976
vn 1.078028 -0.280368 0.000000
vt 0.183636665 0.876451015
vn 1.078028 -0.280368 0.000000
vt 0.125542209 0.876525998
vn 1.078028 -0.280368 0.000000
vt 0.125541061 0.848089993
vn 1.106767 -0.125982 0.000000
vt 0.077694774 0.694544017
vn 1.106767 -0.125982 0.000000
vt 0.069818020 0.662185013
vn 1.106767 -0.125982 0.000000
vt 0.077875808 0.662185013
vn 1.106767 -0.125982 0.000000
vt 0.077694774 0.694544017
vn 1.106767 -0.125982 0.000000
vt 0.070003651 0.694544017
vn 1.106767 -0.125982 0.000000
vt 0.069818020 0.662185013
vn -0.319131 -1.067224 0.000000
vt 0.062760890 0.395449013
vn -0.319131 -1.067224 0.000000
vt 0.056105305 0.354099989
vn -0.319131 -1.067224 0.000000
vt 0.062755615 0.358473003
vn -0.319131 -1.067224 0.000000
vt 0.062760890 0.395449013
vn -0.319131 -1.067224 0.000000
vt 0.056110810 0.399821997
vn -0.319131 -1.067224 0.000000
vt 0.056105305 0.354099989
vn -0.411139 1.035255 0.000000
vt 0.070108511 0.387273997
vn -0.411139 1.035255 0.000000
vt 0.066878013 0.370543003
vn -0.411139 1.035255 0.000000
vt 0.070112184 0.371569008
vn -0.411139 1.035255 0.000000
vt 0.070108511 0.387273997
vn -0.411139 1.035255 0.000000
vt 0.066874340 0.388300002
vn -0.411139 1.035255 0.000000
vt 0.066878013 0.370543003
v 23.279428 16.624992 -17.363840
vn -1.113896 0.000000 0.000000
vt 0.288659573 0.756268978
v 23.279428 11.804271 -17.363843
vn -1.113896 0.000000 0.000000
vt 0.299625009 0.756268978
v 23.279428 11.804271 -13.436891
vn -1.113896 0.000000 0.000000
vt 0.299627781 0.745323002
vn -1.113896 0.000000 0.000000
vt 0.288659573 0.756268978
vn -1.113896 0.000000 0.000000
vt 0.299627781 0.745323002
v 23.279428 16.624990 -13.436889
vn -1.113896 0.000000 0.000000
vt 0.288649470 0.745323002
v 26.850819 8.421995 -17.363846
vn -1.108215 -0.111835 0.000000
vt 0.115008131 0.878310025
vn -1.108215 -0.111835 0.000000
vt 0.084857911 0.882018983
vn -1.108215 -0.111835 0.000000
vt 0.084855616 0.890619993
vn -1.108215 -0.111835 0.000000
vt 0.115008131 0.878310025
vn -1.108215 -0.111835 0.000000
vt 0.084855616 0.890619993
v 26.850823 8.421995 -13.436893
vn -1.108215 -0.111835 0.000000
vt 0.115000561 0.894329011
vn -0.765915 -0.808800 0.000000
vt 0.296448886 0.756268978
vn -0.765915 -0.808800 0.000000
vt 0.305316448 0.756268978
vn -0.765915 -0.808800 0.000000
vt 0.305307955 0.745323002
vn -0.765915 -0.808800 0.000000
vt 0.296448886 0.756268978
vn -0.765915 -0.808800 0.000000
vt 0.305307955 0.745323002
vn -0.765915 -0.808800 0.000000
vt 0.296451658 0.745323002
v 30.890698 8.421995 -17.363843
vn -0.000000 -0.108716 -1.108549
vt 0.112984337 0.880306005
vn -0.000000 -0.108716 -1.108549
vt 0.092195436 0.880306005
vn -0.000000 -0.108716 -1.108549
vt 0.092194289 0.894595027
vn -0.000000 -0.108716 -1.108549
vt 0.112984337 0.880306005
vn -0.000000 -0.108716 -1.108549
vt 0.092194289 0.894595027
vn -0.000000 -0.108716 -1.108549
vt 0.113006823 0.894595027
vn 1.108215 -0.111835 0.000000
vt 0.084868923 0.881892025
vn 1.108215 -0.111835 0.000000
vt 0.084869847 0.890492976
vn 1.108215 -0.111835 0.000000
vt 0.114991382 0.894201994
vn 1.108215 -0.111835 0.000000
vt 0.084868923 0.881892025
vn 1.108215 -0.111835 0.000000
vt 0.114991382 0.894201994
v 30.890698 8.421995 -13.436893
vn 1.108215 -0.111835 0.000000
vt 0.114991382 0.878183007
vn -0.000000 -0.108716 1.108549
vt 0.092116274 0.880279005
vn -0.000000 -0.108716 1.108549
vt 0.092119493 0.894568980
vn -0.000000 -0.108716 1.108549
vt 0.112916872 0.894568980
vn -0.000000 -0.108716 1.108549
vt 0.092116274 0.880279005
vn -0.000000 -0.108716 1.108549
vt 0.112916872 0.894568980
vn -0.000000 -0.108716 1.108549
vt 0.112920545 0.880279005
v 30.890698 19.874621 -13.436888
vn -0.000000 1.113896 0.000000
vt 0.273389786 0.745323002
v 30.890698 19.874622 -17.363840
vn -0.000000 1.113896 0.000000
vt 0.273386568 0.756268978
v 27.981572 19.874622 -17.363840
vn -0.000000 1.113896 0.000000
vt 0.280063719 0.756268978
vn -0.000000 1.113896 0.000000
vt 0.273389786 0.745323002
vn -0.000000 1.113896 0.000000
vt 0.280063719 0.756268978
v 27.981574 19.874621 -13.436886
vn -0.000000 1.113896 0.000000
vt 0.280060500 0.745323002
vn -0.633250 0.916402 0.000000
vt 0.288663030 0.745323002
vn -0.633250 0.916402 0.000000
vt 0.275666654 0.745323002
vn -0.633250 0.916402 0.000000
vt 0.275671005 0.756268978
vn -0.633250 0.916402 0.000000
vt 0.288663030 0.745323002
vn -0.633250 0.916402 0.000000
vt 0.275671005 0.756268978
vn -0.633250 0.916402 0.000000
vt 0.288668752 0.756268978
v 30.890698 16.624990 -13.436889
vn -0.000000 0.000000 1.113896
vt 0.038758472 0.669966996
vn -0.000000 0.000000 1.113896
vt 0.038758472 0.660130024
vn -0.000000 0.000000 1.113896
vt 0.046582446 0.660130024
vn -0.000000 0.000000 1.113896
vt 0.059215344 0.669966996
vn -0.000000 0.000000 1.113896
vt 0.038758472 0.669966996
vn -0.000000 0.000000 1.113896
vt 0.046582446 0.660130024
vn -0.000000 0.000000 1.113896
vt 0.059215344 0.669966996
v 30.890698 11.804271 -13.436891
vn -0.000000 0.000000 1.113896
vt 0.038758472 0.684560001
vn -0.000000 0.000000 1.113896
vt 0.038758472 0.669966996
vn -0.000000 0.000000 1.113896
vt 0.059215344 0.669966996
vn -0.000000 0.000000 1.113896
vt 0.059205249 0.684560001
vn -0.000000 0.000000 1.113896
vt 0.038758472 0.684560001
vn -0.000000 0.000000 1.113896
vt 0.038758472 0.684560001
vn -0.000000 0.000000 1.113896
vt 0.059205249 0.684560001
vn -0.000000 0.000000 1.113896
vt 0.049627088 0.694799006
vn -0.000000 0.000000 1.113896
vt 0.038758472 0.684560001
vn -0.000000 0.000000 1.113896
vt 0.049627088 0.694799006
vn -0.000000 0.000000 1.113896
vt 0.038759161 0.694799006
v 30.890698 11.804271 -17.363843
vn 0.000000 0.000000 -1.113896
vt 0.038765814 0.684629023
vn 0.000000 0.000000 -1.113896
vt 0.038765814 0.694868028
vn 0.000000 0.000000 -1.113896
vt 0.049652558 0.694868028
vn 0.000000 0.000000 -1.113896
vt 0.059205707 0.684629023
vn 0.000000 0.000000 -1.113896
vt 0.038765814 0.684629023
vn 0.000000 0.000000 -1.113896
vt 0.049652558 0.694868028
v 30.890698 16.624992 -17.363840
vn 0.000000 0.000000 -1.113896
vt 0.038768340 0.670036018
vn 0.000000 0.000000 -1.113896
vt 0.038765814 0.684629023
vn 0.000000 0.000000 -1.113896
vt 0.059205707 0.684629023
vn 0.000000 0.000000 -1.113896
vt 0.038768340 0.670036018
vn 0.000000 0.000000 -1.113896
vt 0.059205707 0.684629023
vn 0.000000 0.000000 -1.113896
vt 0.059248388 0.670036018
vn 0.000000 0.000000 -1.113896
vt 0.038768340 0.670036018
vn 0.000000 0.000000 -1.113896
vt 0.059248388 0.670036018
vn 0.000000 0.000000 -1.113896
vt 0.046613880 0.660198987
vn 0.000000 0.000000 -1.113896
vt 0.038768340 0.670036018
vn 0.000000 0.000000 -1.113896
vt 0.046613880 0.660198987
vn 0.000000 0.000000 -1.113896
vt 0.038769715 0.660198987
vn 1.113896 0.000000 0.000000
vt 0.221741870 0.457356989
vn 1.113896 0.000000 0.000000
vt 0.221741870 0.446889013
vn 1.113896 0.000000 0.000000
vt 0.209534839 0.446889013
vn 1.113896 0.000000 0.000000
vt 0.209534839 0.457356989
vn 1.113896 0.000000 0.000000
vt 0.221741870 0.457356989
vn 1.113896 0.000000 0.000000
vt 0.209534839 0.446889013
vn 1.113896 0.000000 0.000000
vt 0.221741870 0.472277999
vn 1.113896 0.000000 0.000000
vt 0.221741870 0.457356989
vn 1.113896 0.000000 0.000000
vt 0.209534839 0.457356989
vn 1.113896 0.000000 0.000000
vt 0.221741870 0.472277999
vn 1.113896 0.000000 0.000000
vt 0.209534839 0.457356989
vn 1.113896 0.000000 0.000000
vt 0.209534839 0.472277999
vn 1.113896 0.000000 0.000000
vt 0.221741870 0.472277999
vn 1.113896 0.000000 0.000000
vt 0.209534839 0.472277999
vn 1.113896 0.000000 0.000000
vt 0.209534839 0.482336015
vn 1.113896 0.000000 0.000000
vt 0.221741870 0.472277999
vn 1.113896 0.000000 0.000000
vt 0.209534839 0.482336015
vn 1.113896 0.000000 0.000000
vt 0.221741870 0.482336015
s off
f 703/3481/3481 704/3482/3482 705/3483/3483
f 706/3484/3484 707/3485/3485 708/3486/3486
f 709/3487/3487 710/3488/3488 711/3489/3489
f 712/3490/3490 706/3491/3491 710/3492/3492
f 713/3493/3493 714/3494/3494 715/3495/3495
f 715/3496/3496 716/3497/3497 703/3498/3498
f 717/3499/3499 718/3500/3500 719/3501/3501
f 720/3502/3502 721/3503/3503 722/3504/3504
f 723/3505/3505 724/3506/3506 725/3507/3507
f 720/3508/3508 724/3509/3509 726/3510/3510
f 727/3511/3511 728/3512/3512 729/3513/3513
f 728/3514/3514 718/3515/3515 729/3516/3516
f 704/3517/3517 717/3518/3518 705/3519/3519
f 709/3520/3520 723/3521/3521 725/3522/3522
f 715/3523/3523 719/3524/3524 728/3525/3525
f 706/3526/3526 726/3527/3527 710/3528/3528
f 708/3529/3529 720/3530/3530 706/3531/3531
f 713/3532/3532 728/3533/3533 727/3534/3534
f 730/3535/3535 731/3536/3536 732/3537/3537
f 732/3538/3538 731/3539/3539 733/3540/3540
f 733/3541/3541 731/3542/3542 734/3543/3543
f 734/3544/3544 731/3545/3545 730/3546/3546
f 703/3547/3547 716/3548/3548 704/3549/3549
f 709/3550/3550 712/3551/3551 710/3552/3552
f 712/3553/3553 707/3554/3554 706/3555/3555
f 715/3556/3556 714/3557/3557 716/3558/3558
f 717/3559/3559 735/3560/3560 718/3561/3561
f 723/3562/3562 726/3563/3563 724/3564/3564
f 720/3565/3565 722/3566/3566 724/3567/3567
f 728/3568/3568 719/3569/3569 718/3570/3570
f 704/3571/3571 735/3572/3572 717/3573/3573
f 709/3574/3574 711/3575/3575 723/3576/3576
f 715/3577/3577 703/3578/3578 719/3579/3579
f 706/3580/3580 720/3581/3581 726/3582/3582
f 708/3583/3583 721/3584/3584 720/3585/3585
f 713/3586/3586 715/3587/3587 728/3588/3588
s 128
f 710/3589/3589 723/3590/3590 711/3591/3591
f 710/3592/3592 726/3593/3593 723/3594/3594
s 129
f 703/3595/3595 717/3596/3596 719/3597/3597
f 703/3598/3598 705/3599/3599 717/3600/3600
s 130
f 707/3601/3601 713/3602/3602 708/3603/3603
f 707/3604/3604 714/3605/3605 713/3606/3606
s 131
f 709/3607/3607 716/3608/3608 712/3609/3609
f 709/3610/3610 704/3611/3611 716/3612/3612
s 132
f 716/3613/3613 707/3614/3614 712/3615/3615
f 716/3616/3616 714/3617/3617 707/3618/3618
s 133
f 722/3619/3619 727/3620/3620 729/3621/3621
f 722/3622/3622 721/3623/3623 727/3624/3624
s 134
f 725/3625/3625 718/3626/3626 735/3627/3627
f 725/3628/3628 724/3629/3629 718/3630/3630
s 135
f 722/3631/3631 718/3632/3632 724/3633/3633
f 722/3634/3634 729/3635/3635 718/3636/3636
s 136
f 709/3637/3637 735/3638/3638 704/3639/3639
f 709/3640/3640 725/3641/3641 735/3642/3642
s 137
f 713/3643/3643 721/3644/3644 708/3645/3645
f 713/3646/3646 727/3647/3647 721/3648/3648
s 138
f 736/3649/3649 737/3650/3650 738/3651/3651
f 736/3652/3652 738/3653/3653 739/3654/3654
s 139
f 740/3655/3655 733/3656/3656 734/3657/3657
f 740/3658/3658 734/3659/3659 741/3660/3660
s 140
f 737/3661/3661 740/3662/3662 741/3663/3663
f 737/3664/3664 741/3665/3665 738/3666/3666
s 141
f 742/3667/3667 732/3668/3668 733/3669/3669
f 742/3670/3670 733/3671/3671 740/3672/3672
s 142
f 730/3673/3673 732/3674/3674 742/3675/3675
f 730/3676/3676 742/3677/3677 743/3678/3678
s 143
f 734/3679/3679 730/3680/3680 743/3681/3681
f 734/3682/3682 743/3683/3683 741/3684/3684
s 144
f 744/3685/3685 745/3686/3686 746/3687/3687
f 744/3688/3688 746/3689/3689 747/3690/3690
s 145
f 739/3691/3691 747/3692/3692 746/3693/3693
f 739/3694/3694 746/3695/3695 736/3696/3696
s 146
f 748/3697/3697 744/3698/3698 747/3699/3699
f 739/3700/3700 748/3701/3701 747/3702/3702
f 739/3703/3703 749/3704/3704 748/3705/3705
f 739/3706/3706 738/3707/3707 749/3708/3708
f 749/3709/3709 738/3710/3710 741/3711/3711
f 749/3712/3712 741/3713/3713 743/3714/3714
s 147
f 750/3715/3715 742/3716/3716 740/3717/3717
f 737/3718/3718 750/3719/3719 740/3720/3720
f 751/3721/3721 750/3722/3722 737/3723/3723
f 751/3724/3724 737/3725/3725 736/3726/3726
f 751/3727/3727 736/3728/3728 746/3729/3729
f 751/3730/3730 746/3731/3731 745/3732/3732
s 148
f 749/3733/3733 743/3734/3734 742/3735/3735
f 750/3736/3736 749/3737/3737 742/3738/3738
f 748/3739/3739 749/3740/3740 750/3741/3741
f 748/3742/3742 750/3743/3743 751/3744/3744
f 748/3745/3745 751/3746/3746 745/3747/3747
f 748/3748/3748 745/3749/3749 744/3750/3750
o lfhip,ox=10.53,oy=-6.10,oz=12.56,p=pelvis,
v 19.695968 13.513156 13.251853
vn -0.168198 0.484879 0.988583
vt 0.134850070 0.505236983
v 19.256846 14.712671 13.243168
vn 0.216987 -0.562852 0.936452
vt 0.127225950 0.505236983
v 12.402561 12.202537 13.119801
vn -0.285157 0.740072 0.782178
vt 0.127198413 0.529756010
vn -0.168198 0.484879 0.988583
vt 0.134850070 0.505236983
vn -0.285157 0.740072 0.782178
vt 0.127198413 0.529756010
v 12.841681 11.003021 13.128486
vn 0.256419 -0.739181 0.792871
vt 0.134827808 0.529756010
vn 0.216987 -0.562852 0.936452
vt 0.134852588 0.505236983
v 19.280102 14.711936 11.965986
vn -0.256419 0.739181 -0.792871
vt 0.127221584 0.505236983
v 12.425816 12.201804 11.842621
vn -0.256419 0.739181 -0.792871
vt 0.127198413 0.529756010
vn 0.216987 -0.562852 0.936452
vt 0.134852588 0.505236983
vn -0.256419 0.739181 -0.792871
vt 0.127198413 0.529756010
vn -0.285157 0.740072 0.782178
vt 0.134827808 0.529756010
vn -0.168198 0.484879 0.988583
vt 0.127200022 0.505236983
vn 0.256419 -0.739181 0.792871
vt 0.127198413 0.529756010
v 12.864939 11.002289 11.851301
vn 0.285157 -0.740072 -0.782178
vt 0.134827808 0.529756010
vn -0.168198 0.484879 0.988583
vt 0.127200022 0.505236983
vn 0.285157 -0.740072 -0.782178
vt 0.134827808 0.529756010
v 19.719223 13.512422 11.974671
vn 0.285157 -0.740072 -0.782178
vt 0.134828731 0.505236983
vn 0.285157 -0.740072 -0.782178
vt 0.127205297 0.505236983
vn 0.285157 -0.740072 -0.782178
vt 0.127198413 0.529756010
vn -0.256419 0.739181 -0.792871
vt 0.134827808 0.529756010
vn 0.285157 -0.740072 -0.782178
vt 0.127205297 0.505236983
vn -0.256419 0.739181 -0.792871
vt 0.134827808 0.529756010
vn -0.256419 0.739181 -0.792871
vt 0.134835616 0.505236983
vn 1.045837 0.382957 0.018825
vt 0.139977932 0.525183976
vn 1.045837 0.382957 0.018825
vt 0.124461696 0.510250986
vn 1.045837 0.382957 0.018825
vt 0.124471337 0.525192022
vn 1.045837 0.382957 0.018825
vt 0.139977932 0.525183976
vn 1.045837 0.382957 0.018825
vt 0.139968753 0.510244012
vn 1.045837 0.382957 0.018825
vt 0.124461696 0.510250986
v 26.944869 16.338999 13.222933
vn 0.256196 -0.739181 0.792982
vt 0.125489429 0.509382010
v 19.643278 13.665038 13.088936
vn 0.256196 -0.739293 0.792760
vt 0.125490800 0.528760016
v 19.660642 13.664492 12.135386
vn 0.285269 -0.739961 -0.782289
vt 0.131288692 0.528760016
vn 0.256196 -0.739181 0.792982
vt 0.125489429 0.509382010
vn 0.285269 -0.739961 -0.782289
vt 0.131288692 0.528760016
v 26.962230 16.338453 12.269382
vn 0.285380 -0.740072 -0.782066
vt 0.131287768 0.509382010
vn 0.285380 -0.740072 -0.782066
vt 0.125489429 0.509382010
vn 0.285269 -0.739961 -0.782289
vt 0.125496313 0.528760016
v 19.332791 14.560053 12.128901
vn -0.256196 0.739181 -0.792982
vt 0.131295338 0.528760016
vn 0.285380 -0.740072 -0.782066
vt 0.125489429 0.509382010
vn -0.256196 0.739181 -0.792982
vt 0.131295338 0.528760016
v 26.634383 17.234014 12.262901
vn -0.256196 0.739293 -0.792760
vt 0.131287768 0.509382010
vn -0.256196 0.739181 -0.792982
vt 0.125507548 0.528760016
v 19.315428 14.560602 13.082454
vn -0.285380 0.740072 0.782066
vt 0.131306350 0.528760016
v 26.617017 17.234563 13.216448
vn -0.285269 0.739961 0.782289
vt 0.131287768 0.509382010
vn -0.256196 0.739181 -0.792982
vt 0.125507548 0.528760016
vn -0.285269 0.739961 0.782289
vt 0.131287768 0.509382010
vn -0.256196 0.739293 -0.792760
vt 0.125489429 0.509382010
vn -0.285380 0.740072 0.782066
vt 0.125505716 0.528760016
vn 0.256196 -0.739293 0.792760
vt 0.131301761 0.528760016
vn 0.256196 -0.739181 0.792982
vt 0.131287768 0.509382010
vn -0.285380 0.740072 0.782066
vt 0.125505716 0.528760016
vn 0.256196 -0.739181 0.792982
vt 0.131287768 0.509382010
vn -0.285269 0.739961 0.782289
vt 0.125489429 0.509382010
v 16.649962 12.012185 10.246483
vn 0.642161 0.901587 -0.124422
vt 0.903267324 0.859942019
v 16.649962 12.012182 14.755153
vn -0.000000 -1.108884 -0.105263
vt 0.903277397 0.875409007
v 21.512335 12.012182 14.755157
vn -0.000000 0.787636 0.787636
vt 0.938481390 0.875409007
vn 0.642161 0.901587 -0.124422
vt 0.903267324 0.859942019
vn -0.000000 0.787636 0.787636
vt 0.938481390 0.875409007
v 21.512338 12.012185 10.246483
vn 0.000000 0.787636 -0.787636
vt 0.938484371 0.859942019
v 16.649962 8.341660 14.755152
vn 1.025787 -0.320913 0.292398
vt 0.903265953 0.859942019
v 16.649962 8.341663 10.246482
vn 1.025787 -0.320913 -0.292398
vt 0.903264761 0.875409007
v 21.512341 9.113251 10.246482
vn 0.117405 -0.739961 -0.824283
vt 0.938481629 0.875409007
vn 1.025787 -0.320913 0.292398
vt 0.903265953 0.859942019
vn 0.117405 -0.739961 -0.824283
vt 0.938481629 0.875409007
v 21.512341 9.113249 14.755155
vn 0.117405 -0.739961 0.824283
vt 0.938478649 0.859942019
vn 0.642161 0.901587 -0.124422
vt 0.903264105 0.875409007
vn 0.000000 0.787636 -0.787636
vt 0.938477695 0.875409007
vn 0.117405 -0.739961 -0.824283
vt 0.938477695 0.859942019
vn 0.642161 0.901587 -0.124422
vt 0.903264105 0.875409007
vn 0.117405 -0.739961 -0.824283
vt 0.938477695 0.859942019
vn 1.025787 -0.320913 -0.292398
vt 0.903262019 0.859942019
vn -0.000000 -1.108884 -0.105263
vt 0.903280616 0.859942019
vn 1.025787 -0.320913 0.292398
vt 0.903270304 0.875409007
vn 0.117405 -0.739961 0.824283
vt 0.938477695 0.875409007
vn -0.000000 -1.108884 -0.105263
vt 0.903280616 0.859942019
vn 0.117405 -0.739961 0.824283
vt 0.938477695 0.875409007
vn -0.000000 0.787636 0.787636
vt 0.938477695 0.859942019
vn 0.369256 0.738847 0.747313
vt 0.317329586 0.964591026
v 16.649955 10.973094 8.105792
vn 0.107380 0.997382 -0.484099
vt 0.313363433 0.974777997
v 14.521702 12.812491 8.105792
vn 0.289947 1.070454 -0.103592
vt 0.327456146 0.973607004
vn 0.369256 0.738847 0.747313
vt 0.317329586 0.964591026
vn 0.289947 1.070454 -0.103592
vt 0.327456146 0.973607004
v 14.521702 12.812489 16.895844
vn 0.289947 1.070454 0.103592
vt 0.327465534 0.936583996
vn 0.369256 0.738847 0.747313
vt 0.317329586 0.964591026
vn 0.289947 1.070454 0.103592
vt 0.327465534 0.936583996
vn 0.264105 0.298970 1.040045
vt 0.317341059 0.945600986
vn 0.289947 1.070454 0.103592
vt 0.327465534 0.936583996
v 16.649955 10.973090 16.895845
vn 1.048065 0.339515 0.164745
vt 0.313387990 0.935413003
vn 0.264105 0.298970 1.040045
vt 0.317341059 0.945600986
vn 1.025787 -0.320913 -0.292398
vt 0.069280870 0.966166973
vn 1.048065 -0.339515 0.164745
vt 0.088387623 0.977231026
vn 0.642161 0.901587 -0.124422
vt 0.095955297 0.966166973
v 16.649955 7.561181 8.105792
vn 0.779839 -0.795322 0.000000
vt 0.063609190 0.977231026
vn 1.048065 -0.339515 0.164745
vt 0.088387623 0.977231026
vn 1.025787 -0.320913 -0.292398
vt 0.069280870 0.966166973
vn 1.025787 -0.320913 0.292398
vt 0.069286145 0.942865014
vn 0.779839 -0.795322 0.000000
vt 0.063609190 0.977231026
vn 1.025787 -0.320913 -0.292398
vt 0.069280870 0.966166973
vn 1.025787 -0.320913 0.292398
vt 0.069286145 0.942865014
v 16.649955 7.561179 16.895844
vn 0.779839 -0.795322 0.000000
vt 0.063621804 0.931801021
vn 0.779839 -0.795322 0.000000
vt 0.063609190 0.977231026
vn 1.048065 0.339515 0.164745
vt 0.088403687 0.931801021
vn 0.779839 -0.795322 0.000000
vt 0.063621804 0.931801021
vn 1.025787 -0.320913 0.292398
vt 0.069286145 0.942865014
vn 1.048065 0.339515 0.164745
vt 0.088403687 0.931801021
vn 1.025787 -0.320913 0.292398
vt 0.069286145 0.942865014
vn 0.264105 0.298970 1.040045
vt 0.095963560 0.942865014
v 10.497327 7.681991 8.105793
vn -0.124199 -1.106990 0.000000
vt 0.039932135 0.909977019
v 6.243289 8.723178 14.821698
vn -0.264773 -1.081927 0.000000
vt 0.053912170 0.930853009
v 6.243289 8.723179 10.179938
vn -0.264773 -1.081927 0.000000
vt 0.053909644 0.916424990
vn -0.124199 -1.106990 0.000000
vt 0.039932135 0.909977019
v 10.497329 7.681990 16.895844
vn -0.124199 -1.106990 0.000000
vt 0.039936725 0.937300026
vn -0.264773 -1.081927 0.000000
vt 0.053912170 0.930853009
vn -0.124199 -1.106990 0.000000
vt 0.039932135 0.909977019
vn 0.779839 -0.795322 0.000000
vt 0.020832263 0.937300026
vn -0.124199 -1.106990 0.000000
vt 0.039936725 0.937300026
vn -0.124199 -1.106990 0.000000
vt 0.039932135 0.909977019
vn 0.779839 -0.795322 0.000000
vt 0.020827215 0.909977019
vn 0.779839 -0.795322 0.000000
vt 0.020832263 0.937300026
v 10.497328 12.812491 8.105796
vn -0.000000 1.113896 0.000000
vt 0.274964511 0.909088016
v 6.243289 12.812490 10.179939
vn -0.000000 1.113896 0.000000
vt 0.261353672 0.915727019
v 6.243289 12.812490 14.821699
vn -0.000000 1.113896 0.000000
vt 0.261356443 0.930585980
v 10.497328 12.812489 16.895845
vn -0.000000 1.113896 0.000000
vt 0.274982184 0.937225997
vn -0.000000 1.113896 0.000000
vt 0.274964511 0.909088016
vn -0.000000 1.113896 0.000000
vt 0.261356443 0.930585980
vn -0.000000 1.113896 0.000000
vt 0.274982184 0.937225997
vn 0.289947 1.070454 0.103592
vt 0.287851661 0.937225997
vn -0.000000 1.113896 0.000000
vt 0.274964511 0.909088016
vn -0.000000 1.113896 0.000000
vt 0.274964511 0.909088016
vn 0.289947 1.070454 0.103592
vt 0.287851661 0.937225997
vn 0.289947 1.070454 -0.103592
vt 0.287843406 0.909088016
v 10.517680 11.890181 9.796307
vn 0.000000 0.000000 -1.113896
vt 0.124940112 0.506388009
v 8.175503 11.890180 11.148563
vn -0.964634 0.000000 -0.556948
vt 0.124940112 0.530718982
v 8.175501 16.693230 11.148563
vn -0.964634 0.000000 -0.556948
vt 0.138184741 0.530718982
vn 0.000000 0.000000 -1.113896
vt 0.124940112 0.506388009
vn -0.964634 0.000000 -0.556948
vt 0.138184741 0.530718982
v 10.517680 16.693230 9.796308
vn 0.000000 0.000000 -1.113896
vt 0.138184741 0.506388009
vn -0.964634 0.000000 -0.556948
vt 0.138184741 0.506388009
vn -0.964634 0.000000 -0.556948
vt 0.124940112 0.506388009
v 8.175503 11.890179 13.853073
vn -0.964634 0.000000 0.556948
vt 0.124940112 0.530718982
vn -0.964634 0.000000 -0.556948
vt 0.138184741 0.506388009
vn -0.964634 0.000000 0.556948
vt 0.124940112 0.530718982
v 8.175501 16.693228 13.853074
vn -0.964634 0.000000 0.556948
vt 0.138184741 0.530718982
vn -0.964634 0.000000 0.556948
vt 0.138186812 0.506388009
vn -0.964634 0.000000 0.556948
vt 0.124940112 0.506388009
v 10.517680 11.890179 15.205330
vn -0.000000 0.000000 1.113896
vt 0.124940112 0.530718982
vn -0.964634 0.000000 0.556948
vt 0.138186812 0.506388009
vn -0.000000 0.000000 1.113896
vt 0.124940112 0.530718982
v 10.517680 16.693228 15.205332
vn -0.000000 0.000000 1.113896
vt 0.138186812 0.530718982
vn -0.000000 0.000000 1.113896
vt 0.138186812 0.506388009
vn -0.000000 0.000000 1.113896
vt 0.124940112 0.506388009
v 12.859861 11.890179 13.853073
vn 0.964634 0.000000 0.556948
vt 0.124940112 0.530718982
vn -0.000000 0.000000 1.113896
vt 0.138186812 0.506388009
vn 0.964634 0.000000 0.556948
vt 0.124940112 0.530718982
v 12.859861 16.693228 13.853073
vn 0.964634 0.000000 0.556948
vt 0.138187498 0.530718982
vn 0.964634 0.000000 0.556948
vt 0.138184965 0.506388009
vn 0.964634 0.000000 0.556948
vt 0.124940112 0.506388009
v 12.859861 11.890180 11.148566
vn 0.964634 0.000000 -0.556948
vt 0.124940112 0.530718982
vn 0.964634 0.000000 0.556948
vt 0.138184965 0.506388009
vn 0.964634 0.000000 -0.556948
vt 0.124940112 0.530718982
v 12.859861 16.693230 11.148566
vn 0.964634 0.000000 -0.556948
vt 0.138184741 0.530718982
vn 0.964634 0.000000 -0.556948
vt 0.124940112 0.506388009
vn 0.000000 0.000000 -1.113896
vt 0.124940112 0.530718982
vn 0.000000 0.000000 -1.113896
vt 0.138184741 0.530718982
vn 0.964634 0.000000 -0.556948
vt 0.124940112 0.506388009
vn 0.000000 0.000000 -1.113896
vt 0.138184741 0.530718982
vn 0.964634 0.000000 -0.556948
vt 0.138184741 0.506388009
vn 0.000000 0.000000 -1.113896
vt 0.076422669 0.926526010
vn 0.000000 0.000000 -1.113896
vt 0.066782326 0.926526010
vn -0.230354 0.000000 -1.089836
vt 0.067146704 0.940099001
vn 0.000000 0.000000 -1.113896
vt 0.076422669 0.926526010
vn -0.230354 0.000000 -1.089836
vt 0.067146704 0.940099001
vn -0.250515 0.000000 -1.085380
vt 0.081667565 0.940099001
vn 0.000000 0.000000 -1.113896
vt 0.076422669 0.926526010
vn -0.250515 0.000000 -1.085380
vt 0.081667565 0.940099001
vn 0.000000 0.000000 -1.113896
vt 0.081668481 0.931221008
vn -0.920078 0.000000 -0.627903
vt 0.070077308 0.950538993
vn -0.250515 0.000000 -1.085380
vt 0.081667565 0.940099001
vn -0.230354 0.000000 -1.089836
vt 0.067146704 0.940099001
vn -0.944584 0.000000 -0.590365
vt 0.081671461 0.950538993
vn -0.250515 0.000000 -1.085380
vt 0.081667565 0.940099001
vn -0.920078 0.000000 -0.627903
vt 0.070077308 0.950538993
vn -0.944584 0.000000 -0.590365
vt 0.081671461 0.950538993
vn -0.920078 0.000000 -0.627903
vt 0.070077308 0.950538993
vn -0.920078 0.000000 0.627903
vt 0.070095435 0.960779011
vn -0.944584 0.000000 -0.590365
vt 0.081671461 0.950538993
vn -0.920078 0.000000 0.627903
vt 0.070095435 0.960779011
vn -0.944584 0.000000 0.590365
vt 0.081678808 0.960779011
vn -0.920078 0.000000 0.627903
vt 0.070095435 0.960779011
vn -0.250515 0.000000 1.085380
vt 0.081704967 0.971219003
vn -0.944584 0.000000 0.590365
vt 0.081678808 0.960779011
vn -0.920078 0.000000 0.627903
vt 0.070095435 0.960779011
vn -0.230354 0.000000 1.089836
vt 0.067182265 0.971219003
vn -0.250515 0.000000 1.085380
vt 0.081704967 0.971219003
vn -0.250515 0.000000 1.085380
vt 0.081704967 0.971219003
vn -0.230354 0.000000 1.089836
vt 0.067182265 0.971219003
vn -0.000000 0.000000 1.113896
vt 0.076460071 0.984791994
vn -0.250515 0.000000 1.085380
vt 0.081704967 0.971219003
vn -0.000000 0.000000 1.113896
vt 0.076460071 0.984791994
vn -0.000000 0.000000 1.113896
vt 0.081697389 0.980096996
vn -0.000000 0.000000 1.113896
vt 0.076460071 0.984791994
vn -0.230354 0.000000 1.089836
vt 0.067182265 0.971219003
vn -0.000000 0.000000 1.113896
vt 0.066816285 0.984791994
s 110
f 752/3751/3751 753/3752/3752 754/3753/3753
f 752/3754/3754 754/3755/3755 755/3756/3756
f 753/3757/3757 756/3758/3758 757/3759/3759
f 753/3760/3760 757/3761/3761 754/3762/3762
f 752/3763/3763 755/3764/3764 758/3765/3765
f 752/3766/3766 758/3767/3767 759/3768/3768
f 759/3769/3769 758/3770/3770 757/3771/3771
f 759/3772/3772 757/3773/3773 756/3774/3774
s 111
f 753/3775/3775 759/3776/3776 756/3777/3777
f 753/3778/3778 752/3779/3779 759/3780/3780
s 112
f 760/3781/3781 761/3782/3782 762/3783/3783
f 760/3784/3784 762/3785/3785 763/3786/3786
f 763/3787/3787 762/3788/3788 764/3789/3789
f 763/3790/3790 764/3791/3791 765/3792/3792
f 764/3793/3793 766/3794/3794 767/3795/3795
f 764/3796/3796 767/3797/3797 765/3798/3798
f 766/3799/3799 761/3800/3800 760/3801/3801
f 766/3802/3802 760/3803/3803 767/3804/3804
s 113
f 768/3805/3805 769/3806/3806 770/3807/3807
f 768/3808/3808 770/3809/3809 771/3810/3810
f 772/3811/3811 773/3812/3812 774/3813/3813
f 772/3814/3814 774/3815/3815 775/3816/3816
f 768/3817/3817 771/3818/3818 774/3819/3819
f 768/3820/3820 774/3821/3821 773/3822/3822
f 769/3823/3823 772/3824/3824 775/3825/3825
f 769/3826/3826 775/3827/3827 770/3828/3828
f 768/3829/3829 776/3830/3830 777/3831/3831
f 768/3832/3832 777/3833/3833 778/3834/3834
f 768/3835/3835 778/3836/3836 769/3837/3837
f 778/3838/3838 779/3839/3839 769/3840/3840
f 773/3841/3841 776/3842/3842 768/3843/3843
f 780/3844/3844 776/3845/3845 773/3846/3846
f 772/3847/3847 780/3848/3848 773/3849/3849
f 772/3850/3850 781/3851/3851 780/3852/3852
f 779/3853/3853 781/3854/3854 772/3855/3855
f 779/3856/3856 772/3857/3857 769/3858/3858
f 782/3859/3859 783/3860/3860 784/3861/3861
f 782/3862/3862 785/3863/3863 783/3864/3864
f 782/3865/3865 781/3866/3866 785/3867/3867
f 782/3868/3868 780/3869/3869 781/3870/3870
f 786/3871/3871 787/3872/3872 788/3873/3873
f 789/3874/3874 786/3875/3875 788/3876/3876
f 789/3877/3877 778/3878/3878 786/3879/3879
f 786/3880/3880 778/3881/3881 777/3882/3882
s 114
f 790/3883/3883 791/3884/3884 792/3885/3885
f 790/3886/3886 792/3887/3887 793/3888/3888
f 792/3889/3889 791/3890/3890 794/3891/3891
f 792/3892/3892 794/3893/3893 795/3894/3894
f 795/3895/3895 794/3896/3896 796/3897/3897
f 795/3898/3898 796/3899/3899 797/3900/3900
f 797/3901/3901 796/3902/3902 798/3903/3903
f 797/3904/3904 798/3905/3905 799/3906/3906
f 799/3907/3907 798/3908/3908 800/3909/3909
f 799/3910/3910 800/3911/3911 801/3912/3912
f 800/3913/3913 790/3914/3914 793/3915/3915
f 800/3916/3916 793/3917/3917 801/3918/3918
s 115
f 776/3919/3919 780/3920/3920 782/3921/3921
f 776/3922/3922 782/3923/3923 786/3924/3924
f 776/3925/3925 786/3926/3926 777/3927/3927
f 784/3928/3928 786/3929/3929 782/3930/3930
f 787/3931/3931 786/3932/3932 784/3933/3933
f 787/3934/3934 784/3935/3935 783/3936/3936
f 787/3937/3937 783/3938/3938 788/3939/3939
f 783/3940/3940 789/3941/3941 788/3942/3942
f 783/3943/3943 785/3944/3944 789/3945/3945
f 789/3946/3946 785/3947/3947 779/3948/3948
f 789/3949/3949 779/3950/3950 778/3951/3951
f 779/3952/3952 785/3953/3953 781/3954/3954
o lfleg,ox=9.26,oy=-5.14,oz=0.00,p=lfhip,
v 27.595658 16.352801 15.295282
vn 0.102813 1.109106 0.000000
vt 0.068262316 0.939163983
v 27.595658 16.352804 14.441266
vn 0.192370 1.097188 0.000000
vt 0.063111499 0.939114988
v 21.151678 13.149936 14.833542
vn -0.258981 1.083375 0.000000
vt 0.065088488 0.982179999
vn 0.102813 1.109106 0.000000
vt 0.068262316 0.939163983
vn -0.258981 1.083375 0.000000
vt 0.065088488 0.982179999
v 21.151678 13.149934 16.476025
vn -0.240713 1.087608 0.000000
vt 0.074921116 0.982276022
v 21.151678 6.468243 16.476025
vn 0.333055 -1.062991 0.000000
vt 0.068255663 0.517105997
v 19.138756 6.468243 16.476027
vn -0.420384 -1.031579 0.000000
vt 0.068255432 0.526404977
v 19.138757 6.468243 14.833540
vn -0.420384 -1.031579 0.000000
vt 0.075883448 0.526404977
vn 0.333055 -1.062991 0.000000
vt 0.068255663 0.517105997
vn -0.420384 -1.031579 0.000000
vt 0.075883448 0.526404977
v 21.151678 6.468243 14.833542
vn 0.354999 -1.055862 0.000000
vt 0.075883448 0.517105997
vn -0.240713 1.087608 0.000000
vt 0.068268284 0.580983996
vn -0.258981 1.083375 0.000000
vt 0.075891942 0.580983996
v 19.138756 13.149936 14.833542
vn -0.420384 1.031579 0.000000
vt 0.075891942 0.571684003
vn -0.240713 1.087608 0.000000
vt 0.068268284 0.580983996
vn -0.420384 1.031579 0.000000
vt 0.075891942 0.571684003
v 19.138756 13.149934 16.476028
vn -0.420384 1.031579 0.000000
vt 0.068267360 0.571684003
v 28.630982 12.022589 15.134150
vn 0.983904 -0.522194 0.000000
vt 0.072637111 0.519244015
vn 0.333055 -1.062991 0.000000
vt 0.066974156 0.578637004
vn 0.354999 -1.055862 0.000000
vt 0.077408873 0.578139007
vn 0.983904 -0.522194 0.000000
vt 0.072637111 0.519244015
vn 0.354999 -1.055862 0.000000
vt 0.077408873 0.578139007
v 28.630982 12.022589 14.387737
vn 0.998942 -0.492788 0.000000
vt 0.077393726 0.519017994
vn -0.420384 1.031579 0.000000
vt 0.075889185 0.566147983
v 17.735671 11.778763 14.833542
vn -1.026678 0.432192 0.000000
vt 0.075882994 0.557084978
v 17.735667 11.778763 16.476025
vn -1.026678 0.432192 0.000000
vt 0.068262316 0.557084978
vn -0.420384 1.031579 0.000000
vt 0.075889185 0.566147983
vn -1.026678 0.432192 0.000000
vt 0.068262316 0.557084978
vn -0.420384 1.031579 0.000000
vt 0.068265297 0.566147983
vn -0.420384 -1.031579 0.000000
vt 0.068256117 0.529823005
v 17.735667 7.839407 16.476025
vn -1.026678 -0.432192 0.000000
vt 0.068253137 0.538886011
v 17.735671 7.839407 14.833542
vn -1.026678 -0.432192 0.000000
vt 0.075876564 0.538886011
vn -0.420384 -1.031579 0.000000
vt 0.068256117 0.529823005
vn -1.026678 -0.432192 0.000000
vt 0.075876564 0.538886011
vn -0.420384 -1.031579 0.000000
vt 0.075882763 0.529823005
vn -1.026678 -0.432192 0.000000
vt 0.075877711 0.557084978
vn -1.026678 -0.432192 0.000000
vt 0.068256579 0.557084978
vn -1.026678 0.432192 0.000000
vt 0.068257041 0.538886011
vn -1.026678 -0.432192 0.000000
vt 0.075877711 0.557084978
vn -1.026678 0.432192 0.000000
vt 0.068257041 0.538886011
vn -1.026678 0.432192 0.000000
vt 0.075878173 0.538886011
v 28.630982 15.354821 15.134154
vn 1.018658 0.450571 0.000000
vt 0.113164000 0.358597010
vn 0.983904 -0.522194 0.000000
vt 0.114442982 0.319720000
vn 0.998942 -0.492788 0.000000
vt 0.105775073 0.319426000
vn 1.018658 0.450571 0.000000
vt 0.113164000 0.358597010
vn 0.998942 -0.492788 0.000000
vt 0.105775073 0.319426000
v 28.630982 15.354821 14.387740
vn 1.027346 0.430521 0.000000
vt 0.104432300 0.358303010
vn 1.018658 0.450571 0.000000
vt 0.113164000 0.358597010
vn 1.027346 0.430521 0.000000
vt 0.104432300 0.358303010
vn 0.192370 1.097188 0.000000
vt 0.104493335 0.375101000
vn 1.018658 0.450571 0.000000
vt 0.113164000 0.358597010
vn 0.192370 1.097188 0.000000
vt 0.104493335 0.375101000
vn 0.102813 1.109106 0.000000
vt 0.114457667 0.375436991
v 21.151683 6.468245 10.159067
vn 0.354999 -1.055862 0.000000
vt 0.077283815 0.578140020
v 21.151678 6.468245 8.525622
vn 0.333055 -1.062991 0.000000
vt 0.066968873 0.578638017
v 28.630982 12.022592 9.867384
vn 0.983904 -0.522194 0.000000
vt 0.072572179 0.519244015
vn 0.354999 -1.055862 0.000000
vt 0.077283815 0.578140020
vn 0.983904 -0.522194 0.000000
vt 0.072572179 0.519244015
v 28.630982 12.022592 10.607809
vn 0.999053 -0.492676 0.000000
vt 0.077271655 0.519017994
v 21.151678 13.149936 8.525624
vn -0.240713 1.087608 0.000000
vt 0.068317153 0.581192017
v 19.138757 13.149936 8.525624
vn -0.420384 1.031579 0.000000
vt 0.068316929 0.571892023
v 19.138757 13.149936 10.159068
vn -0.420384 1.031579 0.000000
vt 0.075882994 0.571892023
vn -0.240713 1.087608 0.000000
vt 0.068317153 0.581192017
vn -0.420384 1.031579 0.000000
vt 0.075882994 0.571892023
v 21.151683 13.149936 10.159068
vn -0.258981 1.083375 0.000000
vt 0.075882994 0.581192017
vn 0.333055 -1.062991 0.000000
vt 0.068312109 0.580330014
vn 0.354999 -1.055862 0.000000
vt 0.075880922 0.580330014
v 19.138757 6.468245 10.159067
vn -0.420384 -1.031579 0.000000
vt 0.075881153 0.571030021
vn 0.333055 -1.062991 0.000000
vt 0.068312109 0.580330014
vn -0.420384 -1.031579 0.000000
vt 0.075881153 0.571030021
v 19.138757 6.468245 8.525622
vn -0.420384 -1.031579 0.000000
vt 0.068312109 0.571030021
vn -0.258981 1.083375 0.000000
vt 0.065080225 0.982179999
v 27.595658 16.352804 10.553913
vn 0.192481 1.097188 0.000000
vt 0.063113563 0.939113975
v 27.595658 16.352804 9.706259
vn 0.102813 1.109106 0.000000
vt 0.068186827 0.939164996
vn -0.258981 1.083375 0.000000
vt 0.065080225 0.982179999
vn 0.102813 1.109106 0.000000
vt 0.068186827 0.939164996
vn -0.240713 1.087608 0.000000
vt 0.074846767 0.982279003
v 28.630982 15.354824 10.607809
vn 1.027346 0.430409 0.000000
vt 0.114442065 0.336558014
vn 0.999053 -0.492676 0.000000
vt 0.115784839 0.375434995
vn 0.983904 -0.522194 0.000000
vt 0.124390796 0.375142992
vn 1.027346 0.430409 0.000000
vt 0.114442065 0.336558014
vn 0.983904 -0.522194 0.000000
vt 0.124390796 0.375142992
v 28.630982 15.354824 9.867384
vn 1.018658 0.450571 0.000000
vt 0.123111121 0.336266011
vn 1.027346 0.430409 0.000000
vt 0.114442065 0.336558014
vn 1.018658 0.450571 0.000000
vt 0.123111121 0.336266011
vn 0.192481 1.097188 0.000000
vt 0.114504479 0.319759995
vn 0.192481 1.097188 0.000000
vt 0.114504479 0.319759995
vn 1.018658 0.450571 0.000000
vt 0.123111121 0.336266011
vn 0.102813 1.109106 0.000000
vt 0.124398828 0.319426000
v 17.735667 7.839409 10.159064
vn -1.026678 -0.432192 0.000000
vt 0.075873122 0.557084978
vn -0.420384 -1.031579 0.000000
vt 0.068309814 0.566147983
vn -0.420384 -1.031579 0.000000
vt 0.075879090 0.566147983
v 17.735671 7.839409 8.525622
vn -1.026678 -0.432192 0.000000
vt 0.068304993 0.557084978
vn -0.420384 -1.031579 0.000000
vt 0.068309814 0.566147983
vn -1.026678 -0.432192 0.000000
vt 0.075873122 0.557084978
vn -1.026678 -0.432192 0.000000
vt 0.068304993 0.557084978
vn -1.026678 -0.432192 0.000000
vt 0.075873122 0.557084978
v 17.735667 11.778765 10.159065
vn -1.026678 0.432192 0.000000
vt 0.075870372 0.538886011
vn -1.026678 -0.432192 0.000000
vt 0.068304993 0.557084978
vn -1.026678 0.432192 0.000000
vt 0.075870372 0.538886011
v 17.735671 11.778765 8.525624
vn -1.026678 0.432192 0.000000
vt 0.068304077 0.538886011
vn -1.026678 0.432192 0.000000
vt 0.075870372 0.538886011
vn -0.420384 1.031579 0.000000
vt 0.068311878 0.529823005
vn -1.026678 0.432192 0.000000
vt 0.068304077 0.538886011
vn -1.026678 0.432192 0.000000
vt 0.075870372 0.538886011
vn -0.420384 1.031579 0.000000
vt 0.075878859 0.529823005
vn -0.420384 1.031579 0.000000
vt 0.068311878 0.529823005
v 19.785696 11.466044 7.647879
vn -0.000000 1.113896 0.000000
vt 0.356580913 0.503216028
v 19.785697 11.466042 17.353767
vn -0.000000 1.113896 0.000000
vt 0.313081443 0.503216028
v 21.261111 10.614209 17.353767
vn 0.964634 0.556948 0.000000
vt 0.313081205 0.517714977
vn -0.000000 1.113896 0.000000
vt 0.356580913 0.503216028
vn 0.964634 0.556948 0.000000
vt 0.313081205 0.517714977
v 21.261111 10.614212 7.647879
vn 0.964634 0.556948 0.000000
vt 0.356580466 0.517714977
vn 0.964634 0.556948 0.000000
vt 0.313081205 0.517714977
v 21.261111 8.910543 17.353767
vn 0.964634 -0.556948 0.000000
vt 0.313073874 0.532213986
vn 0.964634 0.556948 0.000000
vt 0.356580466 0.517714977
vn 0.964634 0.556948 0.000000
vt 0.356580466 0.517714977
vn 0.964634 -0.556948 0.000000
vt 0.313073874 0.532213986
v 21.261111 8.910545 7.647879
vn 0.964634 -0.556948 0.000000
vt 0.356575191 0.532213986
vn 0.964634 -0.556948 0.000000
vt 0.313073874 0.532213986
v 19.785697 8.058710 17.353767
vn -0.000000 -1.113896 0.000000
vt 0.313067228 0.546711981
vn 0.964634 -0.556948 0.000000
vt 0.356575191 0.532213986
vn 0.964634 -0.556948 0.000000
vt 0.356575191 0.532213986
vn -0.000000 -1.113896 0.000000
vt 0.313067228 0.546711981
v 19.785696 8.058714 7.647879
vn -0.000000 -1.113896 0.000000
vt 0.356573582 0.546711981
vn -0.000000 -1.113896 0.000000
vt 0.313067228 0.546711981
v 18.310278 8.910543 17.353767
vn -0.964634 -0.556948 0.000000
vt 0.313068360 0.561210990
vn -0.000000 -1.113896 0.000000
vt 0.356573582 0.546711981
vn -0.000000 -1.113896 0.000000
vt 0.356573582 0.546711981
vn -0.964634 -0.556948 0.000000
vt 0.313068360 0.561210990
v 18.310278 8.910545 7.647878
vn -0.964634 -0.556948 0.000000
vt 0.356569916 0.561210990
vn -0.964634 -0.556948 0.000000
vt 0.313068360 0.561210990
v 18.310278 10.614209 17.353767
vn -0.964634 0.556948 0.000000
vt 0.313075483 0.575709999
vn -0.964634 -0.556948 0.000000
vt 0.356569916 0.561210990
vn -0.964634 -0.556948 0.000000
vt 0.356569916 0.561210990
vn -0.964634 0.556948 0.000000
vt 0.313075483 0.575709999
v 18.310278 10.614212 7.647878
vn -0.964634 0.556948 0.000000
vt 0.356574029 0.575709999
vn -0.964634 0.556948 0.000000
vt 0.313075483 0.575709999
vn -0.000000 1.113896 0.000000
vt 0.313080072 0.590207994
vn -0.964634 0.556948 0.000000
vt 0.356574029 0.575709999
vn -0.964634 0.556948 0.000000
vt 0.356574029 0.575709999
vn -0.000000 1.113896 0.000000
vt 0.313080072 0.590207994
vn -0.000000 1.113896 0.000000
vt 0.356577933 0.590207994
vn 0.189808 0.004567 1.097633
vt 0.047031946 0.937637985
vn 0.194486 0.003453 1.096742
vt 0.046463817 0.924727023
vn 0.171317 0.000000 1.100641
vt 0.049155559 0.934010983
vn 0.111390 0.001114 1.108326
vt 0.026232038 0.934005022
vn 0.194486 0.003453 1.096742
vt 0.046463817 0.924727023
vn 0.189808 0.004567 1.097633
vt 0.047031946 0.937637985
vn 0.111390 0.001114 1.108326
vt 0.026232038 0.934005022
vn 0.073851 0.000000 1.111445
vt 0.020855209 0.915387988
vn 0.194486 0.003453 1.096742
vt 0.046463817 0.924727023
vn 0.111390 0.001114 1.108326
vt 0.026232038 0.934005022
vn -0.000000 0.000000 1.113896
vt 0.020615427 0.935630977
vn -0.000000 0.000000 1.113896
vt 0.015605725 0.932944000
vn -0.000000 0.000000 1.113896
vt 0.012427309 0.921967983
vn 0.111390 0.001114 1.108326
vt 0.026232038 0.934005022
vn -0.000000 0.000000 1.113896
vt 0.015605725 0.932944000
vn -0.000000 0.000000 1.113896
vt 0.012427309 0.921967983
vn 0.073851 0.000000 1.111445
vt 0.020855209 0.915387988
vn 0.111390 0.001114 1.108326
vt 0.026232038 0.934005022
vn -0.000000 0.000000 1.113896
vt 0.012427309 0.921967983
vn -0.000000 0.000000 1.113896
vt 0.015238826 0.917014003
vn 0.073851 0.000000 1.111445
vt 0.020855209 0.915387988
v 26.439840 14.856732 8.550642
vn -0.000000 1.113896 0.000000
vt 0.357071042 0.518890023
v 26.439840 14.856729 16.451008
vn -0.000000 1.113896 0.000000
vt 0.314602733 0.518890023
v 27.872834 14.029389 16.451004
vn 0.964634 0.556948 0.000000
vt 0.314594924 0.533044994
vn -0.000000 1.113896 0.000000
vt 0.357071042 0.518890023
vn 0.964634 0.556948 0.000000
vt 0.314594924 0.533044994
v 27.872834 14.029394 8.550638
vn 0.964634 0.556948 0.000000
vt 0.357063681 0.533044994
vn 0.964634 0.556948 0.000000
vt 0.314594924 0.533044994
v 27.872834 12.374710 16.451004
vn 0.964634 -0.556948 0.000000
vt 0.314590096 0.547199011
vn 0.964634 0.556948 0.000000
vt 0.357063681 0.533044994
vn 0.964634 0.556948 0.000000
vt 0.357063681 0.533044994
vn 0.964634 -0.556948 0.000000
vt 0.314590096 0.547199011
v 27.872834 12.374713 8.550638
vn 0.964634 -0.556948 0.000000
vt 0.357059807 0.547199011
vn 0.964634 -0.556948 0.000000
vt 0.314590096 0.547199011
v 26.439840 11.547370 16.451004
vn -0.000000 -1.113896 0.000000
vt 0.314593107 0.561353028
vn 0.964634 -0.556948 0.000000
vt 0.357059807 0.547199011
vn 0.964634 -0.556948 0.000000
vt 0.357059807 0.547199011
vn -0.000000 -1.113896 0.000000
vt 0.314593107 0.561353028
v 26.439840 11.547372 8.550640
vn -0.000000 -1.113896 0.000000
vt 0.357059807 0.561353028
vn -0.000000 -1.113896 0.000000
vt 0.314593107 0.561353028
v 25.006847 12.374710 16.451003
vn -0.964634 -0.556948 0.000000
vt 0.314594924 0.575506985
vn -0.000000 -1.113896 0.000000
vt 0.357059807 0.561353028
vn -0.000000 -1.113896 0.000000
vt 0.357059807 0.561353028
vn -0.964634 -0.556948 0.000000
vt 0.314594924 0.575506985
v 25.006847 12.374713 8.550640
vn -0.964634 -0.556948 0.000000
vt 0.357057959 0.575506985
vn -0.964634 -0.556948 0.000000
vt 0.314594924 0.575506985
v 25.006847 14.029389 16.451003
vn -0.964634 0.556948 0.000000
vt 0.314602971 0.589662015
vn -0.964634 -0.556948 0.000000
vt 0.357057959 0.575506985
vn -0.964634 -0.556948 0.000000
vt 0.357057959 0.575506985
vn -0.964634 0.556948 0.000000
vt 0.314602971 0.589662015
v 25.006847 14.029392 8.550640
vn -0.964634 0.556948 0.000000
vt 0.357064843 0.589662015
vn -0.964634 0.556948 0.000000
vt 0.314602971 0.589662015
vn -0.000000 1.113896 0.000000
vt 0.357068509 0.603815973
vn -0.964634 0.556948 0.000000
vt 0.357064843 0.589662015
vn -0.964634 0.556948 0.000000
vt 0.314602971 0.589662015
vn -0.000000 1.113896 0.000000
vt 0.314604789 0.603815973
vn -0.000000 1.113896 0.000000
vt 0.357068509 0.603815973
vn 0.189808 0.004567 -1.097633
vt 0.047005560 0.937698007
vn 0.171317 0.000000 -1.100641
vt 0.049137201 0.934071004
vn 0.194486 0.003453 -1.096742
vt 0.046450049 0.924786985
vn 0.111390 0.001114 -1.108326
vt 0.026197391 0.934064984
vn 0.189808 0.004567 -1.097633
vt 0.047005560 0.937698007
vn 0.194486 0.003453 -1.096742
vt 0.046450049 0.924786985
vn 0.111390 0.001114 -1.108326
vt 0.026197391 0.934064984
vn 0.194486 0.003453 -1.096742
vt 0.046450049 0.924786985
vn 0.073851 0.000000 -1.111445
vt 0.020764804 0.915448010
vn 0.073851 0.000000 -1.111445
vt 0.020764804 0.915448010
vn 0.000000 0.000000 -1.113896
vt 0.015147733 0.917074025
vn 0.000000 0.000000 -1.113896
vt 0.012337362 0.922026992
vn 0.000000 0.000000 -1.113896
vt 0.015511420 0.933004022
vn 0.073851 0.000000 -1.111445
vt 0.020764804 0.915448010
vn 0.000000 0.000000 -1.113896
vt 0.012337362 0.922026992
vn 0.111390 0.001114 -1.108326
vt 0.026197391 0.934064984
vn 0.073851 0.000000 -1.111445
vt 0.020764804 0.915448010
vn 0.000000 0.000000 -1.113896
vt 0.015511420 0.933004022
vn 0.111390 0.001114 -1.108326
vt 0.026197391 0.934064984
vn 0.000000 0.000000 -1.113896
vt 0.015511420 0.933004022
vn 0.000000 0.000000 -1.113896
vt 0.020580551 0.935690999
vn -0.065497 -0.001225 -1.112002
vt 0.046387866 0.924751997
vn -0.063938 -0.001559 -1.112114
vt 0.047059253 0.937650025
vn -0.057477 0.000000 -1.112448
vt 0.049134448 0.934018016
vn -0.037427 -0.000334 -1.113228
vt 0.026494076 0.934077978
vn -0.063938 -0.001559 -1.112114
vt 0.047059253 0.937650025
vn -0.065497 -0.001225 -1.112002
vt 0.046387866 0.924751997
vn -0.037427 -0.000334 -1.113228
vt 0.026494076 0.934077978
vn -0.065497 -0.001225 -1.112002
vt 0.046387866 0.924751997
vn -0.024728 0.000000 -1.113673
vt 0.020941025 0.915498018
vn -0.037427 -0.000334 -1.113228
vt 0.026494076 0.934077978
vn 0.000000 0.000000 -1.113896
vt 0.015871435 0.933088005
vn 0.000000 0.000000 -1.113896
vt 0.020878153 0.935742021
vn -0.037427 -0.000334 -1.113228
vt 0.026494076 0.934077978
vn -0.024728 0.000000 -1.113673
vt 0.020941025 0.915498018
vn 0.000000 0.000000 -1.113896
vt 0.015871435 0.933088005
vn 0.000000 0.000000 -1.113896
vt 0.015871435 0.933088005
vn -0.024728 0.000000 -1.113673
vt 0.020941025 0.915498018
vn 0.000000 0.000000 -1.113896
vt 0.012577143 0.922133982
vn -0.024728 0.000000 -1.113673
vt 0.020941025 0.915498018
vn 0.000000 0.000000 -1.113896
vt 0.015387514 0.917160988
vn 0.000000 0.000000 -1.113896
vt 0.012577143 0.922133982
vn -0.064272 -0.001559 1.112002
vt 0.047120288 0.937547028
vn -0.065943 -0.001225 1.111891
vt 0.046387866 0.924649000
vn -0.057923 0.000000 1.112336
vt 0.049195483 0.933915019
vn -0.037650 -0.000334 1.113228
vt 0.026498895 0.933974981
vn -0.065943 -0.001225 1.111891
vt 0.046387866 0.924649000
vn -0.064272 -0.001559 1.112002
vt 0.047120288 0.937547028
vn -0.037650 -0.000334 1.113228
vt 0.026498895 0.933974981
vn -0.024840 0.000000 1.113673
vt 0.021010090 0.915395021
vn -0.065943 -0.001225 1.111891
vt 0.046387866 0.924649000
vn -0.000000 0.000000 1.113896
vt 0.015871665 0.932985008
vn -0.037650 -0.000334 1.113228
vt 0.026498895 0.933974981
vn -0.000000 0.000000 1.113896
vt 0.020944007 0.935639024
vn -0.000000 0.000000 1.113896
vt 0.015871665 0.932985008
vn -0.024840 0.000000 1.113673
vt 0.021010090 0.915395021
vn -0.037650 -0.000334 1.113228
vt 0.026498895 0.933974981
vn -0.000000 0.000000 1.113896
vt 0.015871665 0.932985008
vn -0.000000 0.000000 1.113896
vt 0.012642996 0.922030985
vn -0.024840 0.000000 1.113673
vt 0.021010090 0.915395021
vn -0.024840 0.000000 1.113673
vt 0.021010090 0.915395021
vn -0.000000 0.000000 1.113896
vt 0.012642996 0.922030985
vn -0.000000 0.000000 1.113896
vt 0.015395085 0.917057991
vn -0.000000 0.000000 1.113896
vt 0.741318524 0.885608971
vn -0.000000 0.000000 1.113896
vt 0.725084126 0.913689017
vn -0.000000 0.000000 1.113896
vt 0.725083411 0.894968987
vn -0.000000 0.000000 1.113896
vt 0.741318524 0.885608971
vn -0.000000 0.000000 1.113896
vt 0.741320610 0.923048973
vn -0.000000 0.000000 1.113896
vt 0.725084126 0.913689017
vn -0.000000 0.000000 1.113896
vt 0.741318524 0.885608971
vn -0.000000 0.000000 1.113896
vt 0.757495165 0.913689017
vn -0.000000 0.000000 1.113896
vt 0.741320610 0.923048973
vn -0.000000 0.000000 1.113896
vt 0.741318524 0.885608971
vn -0.000000 0.000000 1.113896
vt 0.757494032 0.894968987
vn -0.000000 0.000000 1.113896
vt 0.757495165 0.913689017
vn 0.000000 0.000000 -1.113896
vt 0.740796089 0.922656000
vn 0.000000 0.000000 -1.113896
vt 0.724800050 0.894914985
vn 0.000000 0.000000 -1.113896
vt 0.724803925 0.913408995
vn 0.000000 0.000000 -1.113896
vt 0.740796089 0.922656000
vn 0.000000 0.000000 -1.113896
vt 0.740792155 0.885668993
vn 0.000000 0.000000 -1.113896
vt 0.724800050 0.894914985
vn 0.000000 0.000000 -1.113896
vt 0.740796089 0.922656000
vn 0.000000 0.000000 -1.113896
vt 0.756849468 0.894914985
vn 0.000000 0.000000 -1.113896
vt 0.740792155 0.885668993
vn 0.000000 0.000000 -1.113896
vt 0.740796089 0.922656000
vn 0.000000 0.000000 -1.113896
vt 0.756849706 0.913408995
vn 0.000000 0.000000 -1.113896
vt 0.756849468 0.894914985
vn 0.000000 0.000000 -1.113896
vt 0.741465151 0.923048973
vn 0.000000 0.000000 -1.113896
vt 0.757639289 0.913689017
vn 0.000000 0.000000 -1.113896
vt 0.757639050 0.894968987
vn 0.000000 0.000000 -1.113896
vt 0.741465151 0.885608971
vn 0.000000 0.000000 -1.113896
vt 0.741465151 0.923048973
vn 0.000000 0.000000 -1.113896
vt 0.757639050 0.894968987
vn 0.000000 0.000000 -1.113896
vt 0.741465151 0.885608971
vn 0.000000 0.000000 -1.113896
vt 0.725228667 0.894968987
vn 0.000000 0.000000 -1.113896
vt 0.741465151 0.923048973
vn 0.000000 0.000000 -1.113896
vt 0.741465151 0.923048973
vn 0.000000 0.000000 -1.113896
vt 0.725228667 0.894968987
vn 0.000000 0.000000 -1.113896
vt 0.725228906 0.913689017
vn -0.000000 0.000000 1.113896
vt 0.724833310 0.913408995
vn -0.000000 0.000000 1.113896
vt 0.740891516 0.922656000
vn -0.000000 0.000000 1.113896
vt 0.756883919 0.913408995
vn -0.000000 0.000000 1.113896
vt 0.756883442 0.894914985
vn -0.000000 0.000000 1.113896
vt 0.724833310 0.913408995
vn -0.000000 0.000000 1.113896
vt 0.756883919 0.913408995
vn -0.000000 0.000000 1.113896
vt 0.756883442 0.894914985
vn -0.000000 0.000000 1.113896
vt 0.740890145 0.885668993
vn -0.000000 0.000000 1.113896
vt 0.724833310 0.913408995
vn -0.000000 0.000000 1.113896
vt 0.724833310 0.913408995
vn -0.000000 0.000000 1.113896
vt 0.740890145 0.885668993
vn -0.000000 0.000000 1.113896
vt 0.724832892 0.894914985
s 116
f 802/3955/3955 803/3956/3956 804/3957/3957
f 802/3958/3958 804/3959/3959 805/3960/3960
f 806/3961/3961 807/3962/3962 808/3963/3963
f 806/3964/3964 808/3965/3965 809/3966/3966
f 805/3967/3967 804/3968/3968 810/3969/3969
f 805/3970/3970 810/3971/3971 811/3972/3972
f 812/3973/3973 806/3974/3974 809/3975/3975
f 812/3976/3976 809/3977/3977 813/3978/3978
f 810/3979/3979 814/3980/3980 815/3981/3981
f 810/3982/3982 815/3983/3983 811/3984/3984
f 807/3985/3985 816/3986/3986 817/3987/3987
f 807/3988/3988 817/3989/3989 808/3990/3990
f 817/3991/3991 816/3992/3992 815/3993/3993
f 817/3994/3994 815/3995/3995 814/3996/3996
f 818/3997/3997 812/3998/3998 813/3999/3999
f 818/4000/4000 813/4001/4001 819/4002/4002
f 818/4003/4003 819/4004/4004 803/4005/4005
f 818/4006/4006 803/4007/4007 802/4008/4008
s 117
f 820/4009/4009 821/4010/4010 822/4011/4011
f 820/4012/4012 822/4013/4013 823/4014/4014
f 824/4015/4015 825/4016/4016 826/4017/4017
f 824/4018/4018 826/4019/4019 827/4020/4020
f 821/4021/4021 820/4022/4022 828/4023/4023
f 821/4024/4024 828/4025/4025 829/4026/4026
f 827/4027/4027 830/4028/4028 831/4029/4029
f 827/4030/4030 831/4031/4031 824/4032/4032
f 832/4033/4033 823/4034/4034 822/4035/4035
f 832/4036/4036 822/4037/4037 833/4038/4038
f 832/4039/4039 833/4040/4040 830/4041/4041
f 830/4042/4042 833/4043/4043 831/4044/4044
f 834/4045/4045 829/4046/4046 828/4047/4047
f 835/4048/4048 829/4049/4049 834/4050/4050
f 835/4051/4051 834/4052/4052 836/4053/4053
f 835/4054/4054 836/4055/4055 837/4056/4056
f 836/4057/4057 825/4058/4058 837/4059/4059
f 836/4060/4060 826/4061/4061 825/4062/4062
s 118
f 838/4063/4063 839/4064/4064 840/4065/4065
f 838/4066/4066 840/4067/4067 841/4068/4068
f 840/4069/4069 842/4070/4070 841/4071/4071
f 841/4072/4072 842/4073/4073 843/4074/4074
f 842/4075/4075 844/4076/4076 843/4077/4077
f 843/4078/4078 844/4079/4079 845/4080/4080
f 844/4081/4081 846/4082/4082 845/4083/4083
f 845/4084/4084 846/4085/4085 847/4086/4086
f 846/4087/4087 848/4088/4088 847/4089/4089
f 847/4090/4090 848/4091/4091 849/4092/4092
f 848/4093/4093 839/4094/4094 849/4095/4095
f 849/4096/4096 839/4097/4097 838/4098/4098
s 119
f 802/4099/4099 812/4100/4100 818/4101/4101
f 805/4102/4102 812/4103/4103 802/4104/4104
f 805/4105/4105 806/4106/4106 812/4107/4107
f 805/4108/4108 811/4109/4109 815/4110/4110
f 816/4111/4111 805/4112/4112 815/4113/4113
f 816/4114/4114 806/4115/4115 805/4116/4116
f 816/4117/4117 807/4118/4118 806/4119/4119
s 120
f 850/4120/4120 851/4121/4121 852/4122/4122
f 850/4123/4123 852/4124/4124 853/4125/4125
f 852/4126/4126 854/4127/4127 853/4128/4128
f 853/4129/4129 854/4130/4130 855/4131/4131
f 854/4132/4132 856/4133/4133 855/4134/4134
f 855/4135/4135 856/4136/4136 857/4137/4137
f 856/4138/4138 858/4139/4139 857/4140/4140
f 857/4141/4141 858/4142/4142 859/4143/4143
f 858/4144/4144 860/4145/4145 859/4146/4146
f 859/4147/4147 860/4148/4148 861/4149/4149
f 860/4150/4150 850/4151/4151 861/4152/4152
f 860/4153/4153 851/4154/4154 850/4155/4155
s 121
f 831/4156/4156 833/4157/4157 822/4158/4158
f 824/4159/4159 831/4160/4160 822/4161/4161
f 824/4162/4162 822/4163/4163 821/4164/4164
f 821/4165/4165 829/4166/4166 835/4167/4167
f 837/4168/4168 821/4169/4169 835/4170/4170
f 824/4171/4171 821/4172/4172 837/4173/4173
f 824/4174/4174 837/4175/4175 825/4176/4176
s 122
f 813/4177/4177 803/4178/4178 819/4179/4179
f 804/4180/4180 803/4181/4181 813/4182/4182
f 804/4183/4183 813/4184/4184 809/4185/4185
f 804/4186/4186 814/4187/4187 810/4188/4188
f 804/4189/4189 809/4190/4190 814/4191/4191
f 814/4192/4192 809/4193/4193 817/4194/4194
f 809/4195/4195 808/4196/4196 817/4197/4197
s 123
f 830/4198/4198 823/4199/4199 832/4200/4200
f 827/4201/4201 823/4202/4202 830/4203/4203
f 827/4204/4204 820/4205/4205 823/4206/4206
f 836/4207/4207 827/4208/4208 826/4209/4209
f 836/4210/4210 820/4211/4211 827/4212/4212
f 836/4213/4213 834/4214/4214 820/4215/4215
f 820/4216/4216 834/4217/4217 828/4218/4218
s 124
f 844/4219/4219 848/4220/4220 846/4221/4221
f 844/4222/4222 839/4223/4223 848/4224/4224
f 844/4225/4225 840/4226/4226 839/4227/4227
f 844/4228/4228 842/4229/4229 840/4230/4230
s 125
f 859/4231/4231 855/4232/4232 857/4233/4233
f 859/4234/4234 853/4235/4235 855/4236/4236
f 859/4237/4237 850/4238/4238 853/4239/4239
f 859/4240/4240 861/4241/4241 850/4242/4242
s 126
f 838/4243/4243 841/4244/4244 843/4245/4245
f 845/4246/4246 838/4247/4247 843/4248/4248
f 845/4249/4249 847/4250/4250 838/4251/4251
f 838/4252/4252 847/4253/4253 849/4254/4254
s 127
f 852/4255/4255 851/4256/4256 860/4257/4257
f 858/4258/4258 852/4259/4259 860/4260/4260
f 858/4261/4261 856/4262/4262 852/4263/4263
f 852/4264/4264 856/4265/4265 854/4266/4266
o lffoot,ox=6.64,oy=3.38,oz=0.00,p=lfleg,
v 29.917780 -0.751658 13.555108
vn 0.822389 -0.751323 0.000000
vt 0.488487065 0.448891014
v 28.833171 -1.938781 12.500816
vn 0.822389 -0.751323 0.000000
vt 0.468768597 0.428636998
v 29.917780 -0.751658 11.446525
vn 0.822389 -0.751323 0.000000
vt 0.449119389 0.448891014
vn -0.000000 -0.739627 -0.832860
vt 0.449110448 0.448891014
vn -0.000000 -0.739627 -0.832860
vt 0.468761474 0.428636998
v 27.748565 -0.751658 11.446520
vn -0.000000 -0.739627 -0.832860
vt 0.449108601 0.408383012
vn -0.822389 -0.751323 0.000000
vt 0.449108601 0.408383012
vn -0.822389 -0.751323 0.000000
vt 0.468761474 0.428636998
v 27.748565 -0.751658 13.555108
vn -0.822389 -0.751323 0.000000
vt 0.488476753 0.408383012
vn -0.000000 -0.739627 0.832860
vt 0.488485008 0.408383012
vn -0.000000 -0.739627 0.832860
vt 0.468768358 0.428636998
vn -0.000000 -0.739627 0.832860
vt 0.488485932 0.448891014
v 28.816638 9.434180 16.564261
vn -0.527764 0.145029 -0.970203
vt 0.133002028 0.424396008
v 30.807284 2.067655 14.380319
vn -0.527764 0.145029 -0.970203
vt 0.174079150 0.398362011
v 29.587453 2.065847 15.043609
vn -0.527764 0.145029 -0.970203
vt 0.175789058 0.406688988
v 28.817278 16.795787 8.346089
vn -0.393317 -0.209858 1.020774
vt 0.088810511 0.345640987
v 33.572495 16.807504 10.180498
vn -0.393317 -0.209858 1.020774
vt 0.091737449 0.374909997
v 30.801798 24.168460 10.626543
vn -0.393317 -0.209858 1.020774
vt 0.046529900 0.374410003
v 30.807284 2.067658 10.621317
vn -0.527764 0.145029 0.970203
vt 0.173955709 0.375200003
v 28.816630 9.434182 8.437383
vn -0.527764 0.145029 0.970203
vt 0.133669749 0.348935008
v 29.587453 2.065850 9.958033
vn -0.527764 0.145029 0.970203
vt 0.175786987 0.366990000
v 32.723684 9.439649 10.089195
vn -0.433751 0.012810 1.025898
vt 0.129945457 0.373106003
vn -0.433751 0.012810 1.025898
vt 0.088811427 0.345640987
vn -0.433751 0.012810 1.025898
vt 0.133669510 0.348935008
v 30.801798 24.168460 14.375107
vn -0.393317 -0.209858 -1.020774
vt 0.046826813 0.398301005
v 33.572495 16.807504 14.821153
vn -0.393317 -0.209858 -1.020774
vt 0.090823069 0.398048997
v 28.817274 16.795783 16.655559
vn -0.393317 -0.209858 -1.020774
vt 0.087834641 0.427073002
vn -0.433751 0.012810 -1.025898
vt 0.087836474 0.427073002
v 32.723684 9.439647 14.912445
vn -0.433751 0.012810 -1.025898
vt 0.129519358 0.399989009
vn -0.433751 0.012810 -1.025898
vt 0.132999972 0.424396008
v 29.916003 1.939057 15.770779
vn 0.457588 -0.158953 1.003063
vt 0.183207572 0.990513980
v 33.387544 9.311720 15.354836
vn 0.457588 -0.158953 1.003063
vt 0.148429006 0.998328984
v 29.131718 9.365136 17.305040
vn 0.457588 -0.158953 1.003063
vt 0.152272612 0.978223026
v 29.113362 16.853141 7.596533
vn 0.419382 0.235589 -1.004734
vt 0.171537474 0.979853988
v 31.517397 24.452647 10.381747
vn 0.419382 0.235589 -1.004734
vt 0.148660764 0.998573005
v 34.251345 16.902759 9.752872
vn 0.419382 0.235589 -1.004734
vt 0.176859006 0.998620987
v 29.916000 1.939058 9.230866
vn 0.566193 -0.213868 -0.935116
vt 0.183926001 0.992100000
v 33.387544 9.311721 9.646793
vn 0.566193 -0.213868 -0.935116
vt 0.156043038 0.998411000
v 31.453658 1.874336 10.176761
vn 0.566193 -0.213868 -0.935116
vt 0.183013916 0.998359978
vn 0.463826 -0.012364 -1.012643
vt 0.093228906 0.662575006
vn 0.463826 -0.012364 -1.012643
vt 0.073034070 0.693165004
v 29.131712 9.365141 7.696604
vn 0.463826 -0.012364 -1.012643
vt 0.092310168 0.693367004
v 31.517408 24.452647 14.619907
vn 0.419382 0.235589 1.004734
vt 0.139274880 0.998512030
v 29.113359 16.853137 17.405129
vn 0.419382 0.235589 1.004734
vt 0.167963475 0.975269020
v 34.251373 16.902759 15.248780
vn 0.419382 0.235589 1.004734
vt 0.174495146 0.998736978
vn 0.431189 -0.034754 1.026455
vt 0.093499206 0.662433982
vn 0.431189 -0.034754 1.026455
vt 0.073112316 0.693350017
vn 0.431189 -0.034754 1.026455
vt 0.070306994 0.661705017
vn -0.082428 -1.100084 -0.154609
vt 0.062756531 0.358473003
vn -0.082428 -1.100084 -0.154609
vt 0.070998572 0.344433993
vn -0.082428 -1.100084 -0.154609
vt 0.074537002 0.351565987
vn -0.176330 -1.079031 0.212866
vt 0.062755153 0.395449013
vn -0.176330 -1.079031 0.212866
vt 0.070995592 0.409487009
vn -0.176330 -1.079031 0.212866
vt 0.056105763 0.399821997
vn -1.035812 -0.008020 0.409802
vt 0.094207533 0.410369009
vn -1.035812 -0.008020 0.409802
vt 0.118499294 0.430052012
vn -1.035812 -0.008020 0.409802
vt 0.092133030 0.413053006
vn -1.025230 -0.005347 -0.435533
vt 0.094183899 0.348475009
vn -1.025230 -0.005347 -0.435533
vt 0.118473366 0.328792006
vn -1.025230 -0.005347 -0.435533
vt 0.120060056 0.331764996
vn -0.984573 0.376385 -0.360123
vt 0.070088550 0.371569008
vn -0.984573 0.376385 -0.360123
vt 0.092113063 0.345789999
vn -0.984573 0.376385 -0.360123
vt 0.094187573 0.348475009
vn -0.490226 0.477193 0.878975
vt 0.070109434 0.387273997
vn -0.490226 0.477193 0.878975
vt 0.092148401 0.413053006
vn -0.490226 0.477193 0.878975
vt 0.066875719 0.388300002
vn -0.427959 0.184238 -1.011752
vt 0.133001119 0.424396008
vn -0.427959 0.184238 -1.011752
vt 0.129519820 0.399989009
vn -0.427959 0.184238 -1.011752
vt 0.174078688 0.398362011
vn -0.427959 0.184238 1.011752
vt 0.173955709 0.375200003
vn -0.427959 0.184238 1.011752
vt 0.129945457 0.373106003
vn -0.427959 0.184238 1.011752
vt 0.133669749 0.348935008
vn -0.400780 0.033305 1.038708
vt 0.129945457 0.373106003
vn -0.400780 0.033305 1.038708
vt 0.091737449 0.374909997
vn -0.400780 0.033305 1.038708
vt 0.088811658 0.345640987
vn -0.400780 0.033305 -1.038708
vt 0.087836012 0.427073002
vn -0.400780 0.033305 -1.038708
vt 0.090823293 0.398048997
vn -0.400780 0.033305 -1.038708
vt 0.129518896 0.399989009
vn 0.566193 -0.213868 0.935116
vt 0.183207124 0.990513980
v 31.453669 1.874335 14.824864
vn 0.566193 -0.213868 0.935116
vt 0.182109639 0.998329997
vn 0.566193 -0.213868 0.935116
vt 0.148429245 0.998328984
vn 0.457588 -0.158953 -1.003063
vt 0.183925077 0.992100000
vn 0.457588 -0.158953 -1.003063
vt 0.159081936 0.982304990
vn 0.457588 -0.158953 -1.003063
vt 0.156041190 0.998411000
vn 0.431189 -0.034754 -1.026455
vt 0.093228221 0.662575006
vn 0.431189 -0.034754 -1.026455
vt 0.070351504 0.661854029
vn 0.431189 -0.034754 -1.026455
vt 0.073033385 0.693165004
vn 0.463826 -0.012364 1.012643
vt 0.093499660 0.662433982
vn 0.463826 -0.012364 1.012643
vt 0.092581615 0.693553984
vn 0.463826 -0.012364 1.012643
vt 0.073112771 0.693350017
vn -0.176330 -1.079031 -0.212866
vt 0.062756069 0.358473003
vn -0.176330 -1.079031 -0.212866
vt 0.056106452 0.354099989
vn -0.176330 -1.079031 -0.212866
vt 0.070997424 0.344433993
vn -0.082428 -1.100084 0.154609
vt 0.062755153 0.395449013
vn -0.082428 -1.100084 0.154609
vt 0.074534483 0.402355999
vn -0.082428 -1.100084 0.154609
vt 0.070996277 0.409487009
vn -1.025230 -0.005347 0.435533
vt 0.094207995 0.410369009
vn -1.025230 -0.005347 0.435533
vt 0.120085061 0.427078009
vn -1.025230 -0.005347 0.435533
vt 0.118499756 0.430052012
vn -1.035812 -0.008020 -0.409802
vt 0.094183668 0.348475009
vn -1.035812 -0.008020 -0.409802
vt 0.092108704 0.345789999
vn -1.035812 -0.008020 -0.409802
vt 0.118473366 0.328792006
vn -0.490226 0.477193 -0.878975
vt 0.070093371 0.371569008
vn -0.490226 0.477193 -0.878975
vt 0.066860110 0.370543003
vn -0.490226 0.477193 -0.878975
vt 0.092118114 0.345789999
vn -0.984573 0.376385 0.360123
vt 0.070097499 0.387273997
vn -0.984573 0.376385 0.360123
vt 0.094210058 0.410369009
vn -0.984573 0.376385 0.360123
vt 0.092135549 0.413053006
vn -1.015093 -0.199387 -0.413033
vt 0.120059825 0.331764996
vn -1.012531 -0.186800 -0.424951
vt 0.147407934 0.315268993
vn -1.011974 -0.193261 -0.423503
vt 0.148810819 0.318354994
vn -1.015093 -0.199387 -0.413033
vt 0.120059825 0.331764996
vn -1.015873 -0.192815 -0.414147
vt 0.118473366 0.328792006
vn -1.012531 -0.186800 -0.424951
vt 0.147407934 0.315268993
vn -1.015093 -0.199387 0.413033
vt 0.120083913 0.427078009
vn -1.012531 -0.186800 0.424951
vt 0.147423312 0.443574011
vn -1.015873 -0.192815 0.414147
vt 0.118498378 0.430052012
vn -1.015093 -0.199387 0.413033
vt 0.120083913 0.427078009
vn -1.011974 -0.193261 0.423503
vt 0.148825973 0.440488011
vn -1.012531 -0.186800 0.424951
vt 0.147423312 0.443574011
v 23.241840 16.720357 10.537345
vn -1.113896 0.000000 0.000000
vt 0.288652450 0.756268978
v 23.241840 11.899636 10.537345
vn -1.113896 0.000000 0.000000
vt 0.299627781 0.756268978
v 23.241840 11.899635 14.464295
vn -1.113896 0.000000 0.000000
vt 0.299625009 0.745323002
vn -1.113896 0.000000 0.000000
vt 0.288652450 0.756268978
vn -1.113896 0.000000 0.000000
vt 0.299625009 0.745323002
v 23.241840 16.720357 14.464298
vn -1.113896 0.000000 0.000000
vt 0.288660496 0.745323002
vn -1.108215 -0.111835 0.000000
vt 0.084854931 0.882018983
vn -1.108215 -0.111835 0.000000
vt 0.084856309 0.890619993
v 26.813234 8.517354 14.464293
vn -1.108215 -0.111835 0.000000
vt 0.115005381 0.894329011
vn -1.108215 -0.111835 0.000000
vt 0.084854931 0.882018983
vn -1.108215 -0.111835 0.000000
vt 0.115005381 0.894329011
v 26.813234 8.517354 10.537341
vn -1.108215 -0.111835 0.000000
vt 0.114998266 0.878310025
vn -0.765915 -0.808800 0.000000
vt 0.296450049 0.756268978
vn -0.765915 -0.808800 0.000000
vt 0.305305868 0.756268978
vn -0.765915 -0.808800 0.000000
vt 0.305311859 0.745323002
vn -0.765915 -0.808800 0.000000
vt 0.296450049 0.756268978
vn -0.765915 -0.808800 0.000000
vt 0.305311859 0.745323002
vn -0.765915 -0.808800 0.000000
vt 0.296448886 0.745323002
v 30.853109 8.517354 10.537342
vn -0.000000 -0.108716 -1.108549
vt 0.112977907 0.880306005
vn -0.000000 -0.108716 -1.108549
vt 0.092180751 0.880306005
vn -0.000000 -0.108716 -1.108549
vt 0.092177309 0.894595027
vn -0.000000 -0.108716 -1.108549
vt 0.112977907 0.880306005
vn -0.000000 -0.108716 -1.108549
vt 0.092177309 0.894595027
vn -0.000000 -0.108716 -1.108549
vt 0.112980895 0.894595027
vn 1.108215 -0.111835 0.000000
vt 0.084869154 0.881892025
vn 1.108215 -0.111835 0.000000
vt 0.084868699 0.890492976
vn 1.108215 -0.111835 0.000000
vt 0.114991382 0.894201994
vn 1.108215 -0.111835 0.000000
vt 0.084869154 0.881892025
vn 1.108215 -0.111835 0.000000
vt 0.114991382 0.894201994
v 30.853109 8.517354 14.464293
vn 1.108215 -0.111835 0.000000
vt 0.114991382 0.878183007
vn -0.000000 -0.108716 1.108549
vt 0.112941198 0.880279005
vn -0.000000 -0.108716 1.108549
vt 0.092131190 0.880279005
vn -0.000000 -0.108716 1.108549
vt 0.092132106 0.894568980
vn -0.000000 -0.108716 1.108549
vt 0.112941198 0.880279005
vn -0.000000 -0.108716 1.108549
vt 0.092132106 0.894568980
vn -0.000000 -0.108716 1.108549
vt 0.112921923 0.894568980
v 30.853109 19.969978 14.464298
vn -0.000000 1.113896 0.000000
vt 0.273383588 0.745323002
v 30.853109 19.969978 10.537346
vn -0.000000 1.113896 0.000000
vt 0.273384720 0.756268978
v 27.943985 19.969978 10.537347
vn -0.000000 1.113896 0.000000
vt 0.280055463 0.756268978
vn -0.000000 1.113896 0.000000
vt 0.273383588 0.745323002
vn -0.000000 1.113896 0.000000
vt 0.280055463 0.756268978
v 27.943985 19.969978 14.464298
vn -0.000000 1.113896 0.000000
vt 0.280057967 0.745323002
vn -0.633250 0.916402 0.000000
vt 0.288666457 0.745323002
vn -0.633250 0.916402 0.000000
vt 0.275665730 0.745323002
vn -0.633250 0.916402 0.000000
vt 0.275662065 0.756268978
vn -0.633250 0.916402 0.000000
vt 0.288666457 0.745323002
vn -0.633250 0.916402 0.000000
vt 0.275662065 0.756268978
vn -0.633250 0.916402 0.000000
vt 0.288661629 0.756268978
vn -1.042495 -0.392426 0.000000
vt 0.090823755 0.398048997
vn -1.042495 -0.392426 0.000000
vt 0.046520490 0.374410003
vn -1.042495 -0.392426 0.000000
vt 0.091737218 0.374909997
vn -1.042495 -0.392426 0.000000
vt 0.090823755 0.398048997
vn -1.042495 -0.392426 0.000000
vt 0.046830945 0.398301005
vn -1.042495 -0.392426 0.000000
vt 0.046520490 0.374410003
vn -1.078028 0.280256 0.000000
vt 0.173953414 0.375200003
vn -1.078028 0.280256 0.000000
vt 0.129520044 0.399989009
vn -1.078028 0.280256 0.000000
vt 0.129945680 0.373106003
vn -1.078028 0.280256 0.000000
vt 0.173953414 0.375200003
vn -1.078028 0.280256 0.000000
vt 0.174080074 0.398362011
vn -1.078028 0.280256 0.000000
vt 0.129520044 0.399989009
vn -1.106544 0.127430 0.000000
vt 0.129520044 0.399989009
vn -1.106544 0.127430 0.000000
vt 0.091737449 0.374909997
vn -1.106544 0.127430 0.000000
vt 0.129945680 0.373106003
vn -1.106544 0.127430 0.000000
vt 0.129520044 0.399989009
vn -1.106544 0.127430 0.000000
vt 0.090823755 0.398048997
vn -1.106544 0.127430 0.000000
vt 0.091737449 0.374909997
vn 1.047396 0.379282 -0.000000
vt 0.248411015 0.946038008
vn 1.047396 0.379282 -0.000000
vt 0.223325804 0.929525018
vn 1.047396 0.379282 -0.000000
vt 0.248411253 0.929750979
vn 1.047396 0.379282 -0.000000
vt 0.248411015 0.946038008
vn 1.047396 0.379282 -0.000000
vt 0.223325342 0.946264982
vn 1.047396 0.379282 -0.000000
vt 0.223325804 0.929525018
vn 1.078028 -0.280368 0.000000
vt 0.183634818 0.876451015
vn 1.078028 -0.280368 0.000000
vt 0.125541285 0.848089993
vn 1.078028 -0.280368 0.000000
vt 0.183635518 0.848164976
vn 1.078028 -0.280368 0.000000
vt 0.183634818 0.876451015
vn 1.078028 -0.280368 0.000000
vt 0.125540599 0.876525998
vn 1.078028 -0.280368 0.000000
vt 0.125541285 0.848089993
vn 1.106767 -0.125982 0.000000
vt 0.077694081 0.694544017
vn 1.106767 -0.125982 0.000000
vt 0.069818482 0.662185013
vn 1.106767 -0.125982 0.000000
vt 0.077874437 0.662185013
vn 1.106767 -0.125982 0.000000
vt 0.077694081 0.694544017
vn 1.106767 -0.125982 0.000000
vt 0.070004113 0.694544017
vn 1.106767 -0.125982 0.000000
vt 0.069818482 0.662185013
vn -0.319131 -1.067224 0.000000
vt 0.062754922 0.395449013
vn -0.319131 -1.067224 0.000000
vt 0.056106683 0.354099989
vn -0.319131 -1.067224 0.000000
vt 0.062756762 0.358473003
vn -0.319131 -1.067224 0.000000
vt 0.062754922 0.395449013
vn -0.319131 -1.067224 0.000000
vt 0.056104615 0.399821997
vn -0.319131 -1.067224 0.000000
vt 0.056106683 0.354099989
vn -0.411139 1.035255 0.000000
vt 0.070101857 0.371569008
vn -0.411139 1.035255 0.000000
vt 0.066870436 0.388300002
vn -0.411139 1.035255 0.000000
vt 0.066868141 0.370543003
vn -0.411139 1.035255 0.000000
vt 0.070101857 0.371569008
vn -0.411139 1.035255 0.000000
vt 0.070103928 0.387273997
vn -0.411139 1.035255 0.000000
vt 0.066870436 0.388300002
v 30.853109 16.720357 14.464298
vn -0.000000 0.000000 1.113896
vt 0.038766503 0.669966996
vn -0.000000 0.000000 1.113896
vt 0.038766045 0.660130024
vn -0.000000 0.000000 1.113896
vt 0.046606995 0.660130024
vn -0.000000 0.000000 1.113896
vt 0.059245635 0.669966996
vn -0.000000 0.000000 1.113896
vt 0.038766503 0.669966996
vn -0.000000 0.000000 1.113896
vt 0.046606995 0.660130024
vn -0.000000 0.000000 1.113896
vt 0.059245635 0.669966996
v 30.853109 11.899635 14.464295
vn -0.000000 0.000000 1.113896
vt 0.038763750 0.684560001
vn -0.000000 0.000000 1.113896
vt 0.038766503 0.669966996
vn -0.000000 0.000000 1.113896
vt 0.059245635 0.669966996
vn -0.000000 0.000000 1.113896
vt 0.059205480 0.684560001
vn -0.000000 0.000000 1.113896
vt 0.038763750 0.684560001
vn -0.000000 0.000000 1.113896
vt 0.059205480 0.684560001
vn -0.000000 0.000000 1.113896
vt 0.049647741 0.694799006
vn -0.000000 0.000000 1.113896
vt 0.038763750 0.684560001
vn -0.000000 0.000000 1.113896
vt 0.038763750 0.684560001
vn -0.000000 0.000000 1.113896
vt 0.049647741 0.694799006
vn -0.000000 0.000000 1.113896
vt 0.038764209 0.694799006
v 30.853109 11.899636 10.537344
vn -0.000000 0.000000 -1.113896
vt 0.038758703 0.684629023
vn -0.000000 0.000000 -1.113896
vt 0.038759161 0.694868028
vn -0.000000 0.000000 -1.113896
vt 0.049626399 0.694868028
vn -0.000000 0.000000 -1.113896
vt 0.038758703 0.684629023
vn -0.000000 0.000000 -1.113896
vt 0.049626399 0.694868028
vn -0.000000 0.000000 -1.113896
vt 0.059205249 0.684629023
v 30.853109 16.720357 10.537344
vn -0.000000 0.000000 -1.113896
vt 0.038758472 0.670036018
vn -0.000000 0.000000 -1.113896
vt 0.038758703 0.684629023
vn -0.000000 0.000000 -1.113896
vt 0.059205249 0.684629023
vn -0.000000 0.000000 -1.113896
vt 0.038758472 0.670036018
vn -0.000000 0.000000 -1.113896
vt 0.059205249 0.684629023
vn -0.000000 0.000000 -1.113896
vt 0.059216261 0.670036018
vn -0.000000 0.000000 -1.113896
vt 0.038758472 0.670036018
vn -0.000000 0.000000 -1.113896
vt 0.059216261 0.670036018
vn -0.000000 0.000000 -1.113896
vt 0.046583131 0.660198987
vn -0.000000 0.000000 -1.113896
vt 0.038758472 0.670036018
vn -0.000000 0.000000 -1.113896
vt 0.046583131 0.660198987
vn -0.000000 0.000000 -1.113896
vt 0.038758703 0.660198987
vn 1.113896 0.000000 0.000000
vt 0.221741870 0.457356989
vn 1.113896 0.000000 0.000000
vt 0.221741870 0.446889013
vn 1.113896 0.000000 0.000000
vt 0.209534839 0.446889013
vn 1.113896 0.000000 0.000000
vt 0.221741870 0.457356989
vn 1.113896 0.000000 0.000000
vt 0.209534839 0.446889013
vn 1.113896 0.000000 0.000000
vt 0.209534839 0.457356989
vn 1.113896 0.000000 0.000000
vt 0.221741870 0.472277999
vn 1.113896 0.000000 0.000000
vt 0.221741870 0.457356989
vn 1.113896 0.000000 0.000000
vt 0.209534839 0.457356989
vn 1.113896 0.000000 0.000000
vt 0.221741870 0.472277999
vn 1.113896 0.000000 0.000000
vt 0.209534839 0.457356989
vn 1.113896 0.000000 0.000000
vt 0.209534839 0.472277999
vn 1.113896 0.000000 0.000000
vt 0.221741870 0.472277999
vn 1.113896 0.000000 0.000000
vt 0.209534839 0.472277999
vn 1.113896 0.000000 0.000000
vt 0.209534839 0.482336015
vn 1.113896 0.000000 0.000000
vt 0.221741870 0.472277999
vn 1.113896 0.000000 0.000000
vt 0.209534839 0.482336015
vn 1.113896 0.000000 0.000000
vt 0.221741870 0.482336015
s off
f 862/4267/4267 863/4268/4268 864/4269/4269
f 864/4270/4270 863/4271/4271 865/4272/4272
f 865/4273/4273 863/4274/4274 866/4275/4275
f 866/4276/4276 863/4277/4277 862/4278/4278
f 867/4279/4279 868/4280/4280 869/4281/4281
f 870/4282/4282 871/4283/4283 872/4284/4284
f 873/4285/4285 874/4286/4286 875/4287/4287
f 876/4288/4288 870/4289/4289 874/4290/4290
f 877/4291/4291 878/4292/4292 879/4293/4293
f 879/4294/4294 880/4295/4295 867/4296/4296
f 881/4297/4297 882/4298/4298 883/4299/4299
f 884/4300/4300 885/4301/4301 886/4302/4302
f 887/4303/4303 888/4304/4304 889/4305/4305
f 884/4306/4306 888/4307/4307 890/4308/4308
f 891/4309/4309 892/4310/4310 893/4311/4311
f 892/4312/4312 882/4313/4313 893/4314/4314
f 868/4315/4315 881/4316/4316 869/4317/4317
f 873/4318/4318 887/4319/4319 889/4320/4320
f 879/4321/4321 883/4322/4322 892/4323/4323
f 870/4324/4324 890/4325/4325 874/4326/4326
f 872/4327/4327 884/4328/4328 870/4329/4329
f 877/4330/4330 892/4331/4331 891/4332/4332
f 867/4333/4333 880/4334/4334 868/4335/4335
f 873/4336/4336 876/4337/4337 874/4338/4338
f 876/4339/4339 871/4340/4340 870/4341/4341
f 879/4342/4342 878/4343/4343 880/4344/4344
f 881/4345/4345 894/4346/4346 882/4347/4347
f 887/4348/4348 890/4349/4349 888/4350/4350
f 884/4351/4351 886/4352/4352 888/4353/4353
f 892/4354/4354 883/4355/4355 882/4356/4356
f 868/4357/4357 894/4358/4358 881/4359/4359
f 873/4360/4360 875/4361/4361 887/4362/4362
f 879/4363/4363 867/4364/4364 883/4365/4365
f 870/4366/4366 884/4367/4367 890/4368/4368
f 872/4369/4369 885/4370/4370 884/4371/4371
f 877/4372/4372 879/4373/4373 892/4374/4374
s 128
f 874/4375/4375 887/4376/4376 875/4377/4377
f 874/4378/4378 890/4379/4379 887/4380/4380
s 129
f 867/4381/4381 881/4382/4382 883/4383/4383
f 867/4384/4384 869/4385/4385 881/4386/4386
s 130
f 895/4387/4387 896/4388/4388 897/4389/4389
f 895/4390/4390 897/4391/4391 898/4392/4392
s 131
f 865/4393/4393 866/4394/4394 899/4395/4395
f 865/4396/4396 899/4397/4397 900/4398/4398
s 132
f 896/4399/4399 900/4400/4400 899/4401/4401
f 896/4402/4402 899/4403/4403 897/4404/4404
s 133
f 901/4405/4405 864/4406/4406 865/4407/4407
f 901/4408/4408 865/4409/4409 900/4410/4410
s 134
f 862/4411/4411 864/4412/4412 901/4413/4413
f 862/4414/4414 901/4415/4415 902/4416/4416
s 135
f 899/4417/4417 866/4418/4418 862/4419/4419
f 899/4420/4420 862/4421/4421 902/4422/4422
s 136
f 903/4423/4423 904/4424/4424 905/4425/4425
f 903/4426/4426 905/4427/4427 906/4428/4428
s 137
f 898/4429/4429 906/4430/4430 905/4431/4431
f 898/4432/4432 905/4433/4433 895/4434/4434
s 138
f 878/4435/4435 872/4436/4436 871/4437/4437
f 878/4438/4438 877/4439/4439 872/4440/4440
s 139
f 873/4441/4441 880/4442/4442 876/4443/4443
f 873/4444/4444 868/4445/4445 880/4446/4446
s 140
f 880/4447/4447 871/4448/4448 876/4449/4449
f 880/4450/4450 878/4451/4451 871/4452/4452
s 141
f 886/4453/4453 891/4454/4454 893/4455/4455
f 886/4456/4456 885/4457/4457 891/4458/4458
s 142
f 889/4459/4459 882/4460/4460 894/4461/4461
f 889/4462/4462 888/4463/4463 882/4464/4464
s 143
f 886/4465/4465 882/4466/4466 888/4467/4467
f 886/4468/4468 893/4469/4469 882/4470/4470
s 144
f 873/4471/4471 894/4472/4472 868/4473/4473
f 873/4474/4474 889/4475/4475 894/4476/4476
s 145
f 872/4477/4477 891/4478/4478 885/4479/4479
f 872/4480/4480 877/4481/4481 891/4482/4482
s 146
f 907/4483/4483 903/4484/4484 906/4485/4485
f 898/4486/4486 907/4487/4487 906/4488/4488
f 898/4489/4489 908/4490/4490 907/4491/4491
f 898/4492/4492 897/4493/4493 908/4494/4494
f 897/4495/4495 899/4496/4496 908/4497/4497
f 908/4498/4498 899/4499/4499 902/4500/4500
s 147
f 909/4501/4501 901/4502/4502 900/4503/4503
f 909/4504/4504 900/4505/4505 896/4506/4506
f 910/4507/4507 909/4508/4508 896/4509/4509
f 910/4510/4510 896/4511/4511 895/4512/4512
f 910/4513/4513 895/4514/4514 905/4515/4515
f 910/4516/4516 905/4517/4517 904/4518/4518
s 148
f 908/4519/4519 902/4520/4520 901/4521/4521
f 908/4522/4522 901/4523/4523 909/4524/4524
f 907/4525/4525 908/4526/4526 909/4527/4527
f 907/4528/4528 909/4529/4529 910/4530/4530
f 907/4531/4531 910/4532/4532 904/4533/4533
f 907/4534/4534 904/4535/4535 903/4536/4536
o rbhip,ox=-10.56,oy=-6.10,oz=-15.35,p=pelvis,
v -19.842301 13.446522 -14.649333
vn 0.250404 0.448343 0.988471
vt 0.134833544 0.505236983
v -12.887279 10.889331 -14.781384
vn 0.409245 0.679365 0.782178
vt 0.127198413 0.529756010
v -19.201554 14.551566 -14.658014
vn -0.311222 -0.516736 0.936452
vt 0.127204835 0.505236983
vn 0.250404 0.448343 0.988471
vt 0.134833544 0.505236983
v -13.528023 9.784294 -14.772697
vn -0.380841 -0.683375 0.792871
vt 0.134827808 0.529756010
vn 0.409245 0.679365 0.782178
vt 0.127198413 0.529756010
vn -0.311222 -0.516736 0.936452
vt 0.134848922 0.505236983
v -12.910308 10.892650 -16.058567
vn 0.380841 0.683375 -0.792871
vt 0.127198413 0.529756010
v -19.224583 14.554882 -15.935198
vn 0.380841 0.683375 -0.792871
vt 0.127221122 0.505236983
vn -0.311222 -0.516736 0.936452
vt 0.134848922 0.505236983
vn 0.409245 0.679365 0.782178
vt 0.134827808 0.529756010
vn 0.380841 0.683375 -0.792871
vt 0.127198413 0.529756010
vn 0.250404 0.448343 0.988471
vt 0.127199784 0.505236983
v -13.551055 9.787610 -16.049882
vn -0.409245 -0.679365 -0.782178
vt 0.134827808 0.529756010
vn -0.380841 -0.683375 0.792871
vt 0.127198413 0.529756010
vn 0.250404 0.448343 0.988471
vt 0.127199784 0.505236983
v -19.865330 13.449844 -15.926516
vn -0.409245 -0.679365 -0.782178
vt 0.134829640 0.505236983
vn -0.409245 -0.679365 -0.782178
vt 0.134827808 0.529756010
vn -0.409245 -0.679365 -0.782178
vt 0.127220675 0.505236983
vn 0.380841 0.683375 -0.792871
vt 0.134827808 0.529756010
vn -0.409245 -0.679365 -0.782178
vt 0.127198413 0.529756010
vn -0.409245 -0.679365 -0.782178
vt 0.127220675 0.505236983
vn 0.380841 0.683375 -0.792871
vt 0.134854883 0.505236983
vn 0.380841 0.683375 -0.792871
vt 0.134827808 0.529756010
vn -0.963409 0.558730 0.018825
vt 0.139976785 0.525183976
vn -0.963409 0.558730 0.018825
vt 0.124477759 0.525192022
vn -0.963409 0.558730 0.018825
vt 0.124469727 0.510250986
vn -0.963409 0.558730 0.018825
vt 0.139976785 0.525183976
vn -0.963409 0.558730 0.018825
vt 0.124469727 0.510250986
vn -0.963409 0.558730 0.018825
vt 0.139964864 0.510244012
v -26.490375 17.488196 -14.678249
vn -0.380618 -0.683487 0.792982
vt 0.125489429 0.509382010
v -19.781230 13.589429 -15.765800
vn -0.409468 -0.679142 -0.782289
vt 0.131290063 0.528760016
v -19.764036 13.586951 -14.812250
vn -0.380730 -0.683598 0.792760
vt 0.125491038 0.528760016
vn -0.380618 -0.683487 0.792982
vt 0.125489429 0.509382010
v -26.507567 17.490674 -15.631800
vn -0.409580 -0.679254 -0.782066
vt 0.131287768 0.509382010
vn -0.409468 -0.679142 -0.782289
vt 0.131290063 0.528760016
vn -0.409580 -0.679254 -0.782066
vt 0.125489429 0.509382010
v -19.302848 14.414456 -15.772283
vn 0.380618 0.683487 -0.792982
vt 0.131307036 0.528760016
vn -0.409468 -0.679142 -0.782289
vt 0.125506178 0.528760016
vn -0.409580 -0.679254 -0.782066
vt 0.125489429 0.509382010
v -26.029183 18.315699 -15.638283
vn 0.380730 0.683598 -0.792760
vt 0.131287768 0.509382010
vn 0.380618 0.683487 -0.792982
vt 0.131307036 0.528760016
vn 0.380618 0.683487 -0.792982
vt 0.125508934 0.528760016
v -26.011992 18.313222 -14.684734
vn 0.409468 0.679142 0.782289
vt 0.131287768 0.509382010
v -19.285651 14.411978 -14.818733
vn 0.409580 0.679254 0.782066
vt 0.131306812 0.528760016
vn 0.380618 0.683487 -0.792982
vt 0.125508934 0.528760016
vn 0.380730 0.683598 -0.792760
vt 0.125489429 0.509382010
vn 0.409468 0.679142 0.782289
vt 0.131287768 0.509382010
vn 0.409580 0.679254 0.782066
vt 0.125495851 0.528760016
vn -0.380618 -0.683487 0.792982
vt 0.131287768 0.509382010
vn -0.380730 -0.683598 0.792760
vt 0.131293505 0.528760016
vn 0.409580 0.679254 0.782066
vt 0.125495851 0.528760016
vn 0.409468 0.679142 0.782289
vt 0.125489429 0.509382010
vn -0.380618 -0.683487 0.792982
vt 0.131287768 0.509382010
v -16.687548 11.916824 -13.146030
vn 0.000111 -1.108326 -0.111167
vt 0.903267741 0.875409007
v -21.549932 11.916825 -17.654710
vn 0.000000 0.787636 -0.787636
vt 0.938480675 0.859942019
v -21.549932 11.916824 -13.146029
vn -0.000000 0.787636 0.787636
vt 0.938485026 0.875409007
vn 0.000111 -1.108326 -0.111167
vt 0.903267741 0.875409007
v -16.687542 11.916824 -17.654710
vn -0.642272 0.901699 -0.123308
vt 0.903278351 0.859942019
vn 0.000000 0.787636 -0.787636
vt 0.938480675 0.859942019
v -16.687548 8.246304 -13.146031
vn -1.025787 -0.320913 0.292398
vt 0.903266132 0.859942019
v -21.549932 9.017892 -17.654710
vn -0.117405 -0.739961 -0.824283
vt 0.938478649 0.875409007
v -16.687544 8.246304 -17.654710
vn -1.025787 -0.320913 -0.292398
vt 0.903268218 0.875409007
vn -1.025787 -0.320913 0.292398
vt 0.903266132 0.859942019
v -21.549929 9.017892 -13.146029
vn -0.117405 -0.739961 0.824283
vt 0.938484371 0.859942019
vn -0.117405 -0.739961 -0.824283
vt 0.938478649 0.875409007
vn -0.642272 0.901699 -0.123308
vt 0.903282464 0.875409007
vn -0.117405 -0.739961 -0.824283
vt 0.938477695 0.859942019
vn 0.000000 0.787636 -0.787636
vt 0.938477695 0.875409007
vn -0.642272 0.901699 -0.123308
vt 0.903282464 0.875409007
vn -1.025787 -0.320913 -0.292398
vt 0.903273046 0.859942019
vn -0.117405 -0.739961 -0.824283
vt 0.938477695 0.859942019
vn 0.000111 -1.108326 -0.111167
vt 0.903263867 0.859942019
vn -0.117405 -0.739961 0.824283
vt 0.938477695 0.875409007
vn -1.025787 -0.320913 0.292398
vt 0.903261364 0.875409007
vn 0.000111 -1.108326 -0.111167
vt 0.903263867 0.859942019
vn -0.000000 0.787636 0.787636
vt 0.938477695 0.859942019
vn -0.117405 -0.739961 0.824283
vt 0.938477695 0.875409007
vn -0.369256 0.738847 0.747313
vt 0.317341268 0.964591026
v -14.559284 12.717134 -19.795399
vn -0.289947 1.070454 -0.103592
vt 0.327465773 0.973607004
v -16.687544 10.877735 -19.795399
vn -0.107380 0.997382 -0.484099
vt 0.313388675 0.974777997
vn -0.369256 0.738847 0.747313
vt 0.317341268 0.964591026
v -14.559284 12.717130 -11.005340
vn -0.289947 1.070454 0.103592
vt 0.327456594 0.936583996
vn -0.289947 1.070454 -0.103592
vt 0.327465773 0.973607004
vn -0.369256 0.738847 0.747313
vt 0.317341268 0.964591026
vn -0.263993 0.299081 1.040045
vt 0.317330271 0.945600986
vn -0.289947 1.070454 0.103592
vt 0.327456594 0.936583996
vn -0.289947 1.070454 0.103592
vt 0.327456594 0.936583996
vn -0.263993 0.299081 1.040045
vt 0.317330271 0.945600986
v -16.687544 10.877733 -11.005340
vn -1.048065 0.339515 0.164745
vt 0.313364804 0.935413003
vn -1.025787 -0.320913 -0.292398
vt 0.069288440 0.966166973
vn -0.642272 0.901699 -0.123308
vt 0.095966309 0.966166973
vn -1.048065 -0.159510 0.342077
vt 0.088408045 0.977231026
vn -1.025787 -0.320913 -0.292398
vt 0.069288440 0.966166973
vn -1.048065 -0.238040 -0.292843
vt 0.088408045 0.977231026
v -16.687544 7.465823 -19.795400
vn -0.779839 -0.795322 0.000000
vt 0.063626170 0.977231026
v -16.687544 7.465819 -11.005340
vn -0.779839 -0.795322 0.000000
vt 0.063609876 0.931801021
vn -1.025787 -0.320913 -0.292398
vt 0.069288440 0.966166973
vn -0.779839 -0.795322 0.000000
vt 0.063626170 0.977231026
vn -1.025787 -0.320913 0.292398
vt 0.069281556 0.942865014
vn -1.025787 -0.320913 -0.292398
vt 0.069288440 0.966166973
vn -0.779839 -0.795322 0.000000
vt 0.063609876 0.931801021
vn -1.048065 0.339515 0.164745
vt 0.088389233 0.931801021
vn -1.025787 -0.320913 0.292398
vt 0.069281556 0.942865014
vn -0.779839 -0.795322 0.000000
vt 0.063609876 0.931801021
vn -1.048065 0.339515 0.164745
vt 0.088389233 0.931801021
vn -0.263993 0.299081 1.040045
vt 0.095955983 0.942865014
vn -1.025787 -0.320913 0.292398
vt 0.069281556 0.942865014
v -10.534911 7.586630 -11.005340
vn 0.124199 -1.106990 0.000000
vt 0.039934661 0.937300026
v -6.280874 8.627819 -17.721253
vn 0.264773 -1.081927 0.000000
vt 0.053918134 0.916424990
v -6.280874 8.627818 -13.079485
vn 0.264773 -1.081927 0.000000
vt 0.053913087 0.930853009
vn 0.124199 -1.106990 0.000000
vt 0.039934661 0.937300026
v -10.534911 7.586632 -19.795400
vn 0.124199 -1.106990 0.000000
vt 0.039944068 0.909977019
vn 0.264773 -1.081927 0.000000
vt 0.053918134 0.916424990
vn 0.124199 -1.106990 0.000000
vt 0.039934661 0.937300026
vn -0.779839 -0.795322 0.000000
vt 0.020839605 0.909977019
vn 0.124199 -1.106990 0.000000
vt 0.039944068 0.909977019
vn 0.124199 -1.106990 0.000000
vt 0.039934661 0.937300026
vn -0.779839 -0.795322 0.000000
vt 0.020829510 0.937300026
vn -0.779839 -0.795322 0.000000
vt 0.020839605 0.909977019
v -6.280872 12.717128 -13.079485
vn -0.000000 1.113896 0.000000
vt 0.261355519 0.930585980
v -6.280872 12.717131 -17.721253
vn -0.000000 1.113896 0.000000
vt 0.261361718 0.915727019
v -10.534909 12.717133 -19.795399
vn -0.000000 1.113896 0.000000
vt 0.274975091 0.909088016
v -10.534911 12.717128 -11.005339
vn -0.000000 1.113896 0.000000
vt 0.274964750 0.937225997
vn -0.000000 1.113896 0.000000
vt 0.261355519 0.930585980
vn -0.000000 1.113896 0.000000
vt 0.274975091 0.909088016
vn -0.000000 1.113896 0.000000
vt 0.274964750 0.937225997
vn -0.000000 1.113896 0.000000
vt 0.274975091 0.909088016
vn -0.289947 1.070454 0.103592
vt 0.287843645 0.937225997
vn -0.000000 1.113896 0.000000
vt 0.274975091 0.909088016
vn -0.289947 1.070454 -0.103592
vt 0.287850738 0.909088016
vn -0.289947 1.070454 0.103592
vt 0.287843645 0.937225997
v -10.555268 17.203850 -18.104881
vn -0.000000 0.000000 -1.113896
vt 0.138189793 0.506388009
v -8.213089 11.794821 -16.752625
vn 0.964634 0.000000 -0.556948
vt 0.124940112 0.530718982
v -10.555268 11.794821 -18.104885
vn -0.000000 0.000000 -1.113896
vt 0.124940112 0.506388009
vn -0.000000 0.000000 -1.113896
vt 0.138189793 0.506388009
v -8.213088 17.203850 -16.752623
vn 0.964634 0.000000 -0.556948
vt 0.138187498 0.530718982
vn 0.964634 0.000000 -0.556948
vt 0.124940112 0.530718982
vn 0.964634 0.000000 -0.556948
vt 0.138184741 0.506388009
v -8.213089 11.794820 -14.048112
vn 0.964634 0.000000 0.556948
vt 0.124940112 0.530718982
vn 0.964634 0.000000 -0.556948
vt 0.124940112 0.506388009
vn 0.964634 0.000000 -0.556948
vt 0.138184741 0.506388009
v -8.213088 17.203848 -14.048110
vn 0.964634 0.000000 0.556948
vt 0.138184741 0.530718982
vn 0.964634 0.000000 0.556948
vt 0.124940112 0.530718982
vn 0.964634 0.000000 0.556948
vt 0.124940112 0.506388009
v -10.555269 17.203848 -12.695849
vn -0.000000 0.000000 1.113896
vt 0.138184741 0.530718982
v -10.555268 11.794819 -12.695852
vn -0.000000 0.000000 1.113896
vt 0.124940112 0.530718982
vn 0.964634 0.000000 0.556948
vt 0.124940112 0.506388009
vn 0.964634 0.000000 0.556948
vt 0.138184741 0.506388009
vn -0.000000 0.000000 1.113896
vt 0.138184741 0.530718982
vn -0.000000 0.000000 1.113896
vt 0.124940112 0.506388009
v -12.897445 17.203848 -14.048110
vn -0.964634 0.000000 0.556948
vt 0.138184741 0.530718982
v -12.897445 11.794820 -14.048112
vn -0.964634 0.000000 0.556948
vt 0.124940112 0.530718982
vn -0.000000 0.000000 1.113896
vt 0.124940112 0.506388009
vn -0.000000 0.000000 1.113896
vt 0.138184741 0.506388009
vn -0.964634 0.000000 0.556948
vt 0.138184741 0.530718982
vn -0.964634 0.000000 0.556948
vt 0.138184741 0.506388009
v -12.897445 11.794821 -16.752625
vn -0.964634 0.000000 -0.556948
vt 0.124940112 0.530718982
vn -0.964634 0.000000 0.556948
vt 0.124940112 0.506388009
vn -0.964634 0.000000 0.556948
vt 0.138184741 0.506388009
v -12.897445 17.203850 -16.752623
vn -0.964634 0.000000 -0.556948
vt 0.138184965 0.530718982
vn -0.964634 0.000000 -0.556948
vt 0.124940112 0.530718982
vn -0.964634 0.000000 -0.556948
vt 0.138187960 0.506388009
vn -0.000000 0.000000 -1.113896
vt 0.124940112 0.530718982
vn -0.964634 0.000000 -0.556948
vt 0.124940112 0.506388009
vn -0.964634 0.000000 -0.556948
vt 0.138187960 0.506388009
vn -0.000000 0.000000 -1.113896
vt 0.138189793 0.530718982
vn -0.000000 0.000000 -1.113896
vt 0.124940112 0.530718982
vn -0.000000 0.000000 1.113896
vt 0.076422669 0.984791994
vn -0.000000 0.000000 1.113896
vt 0.066781640 0.984791994
vn 0.230354 0.000000 1.089836
vt 0.067146242 0.971219003
vn -0.000000 0.000000 1.113896
vt 0.076422669 0.984791994
vn 0.230354 0.000000 1.089836
vt 0.067146242 0.971219003
vn -0.000000 0.000000 1.113896
vt 0.081668943 0.980096996
vn 0.250515 0.000000 1.085380
vt 0.081667334 0.971219003
vn -0.000000 0.000000 1.113896
vt 0.081668943 0.980096996
vn 0.230354 0.000000 1.089836
vt 0.067146242 0.971219003
vn 0.920078 0.000000 0.627903
vt 0.070079602 0.960779011
vn 0.250515 0.000000 1.085380
vt 0.081667334 0.971219003
vn 0.230354 0.000000 1.089836
vt 0.067146242 0.971219003
vn 0.920078 0.000000 0.627903
vt 0.070079602 0.960779011
vn 0.944584 0.000000 0.590365
vt 0.081671923 0.960779011
vn 0.250515 0.000000 1.085380
vt 0.081667334 0.971219003
vn 0.944584 0.000000 -0.590365
vt 0.081689134 0.950538993
vn 0.944584 0.000000 0.590365
vt 0.081671923 0.960779011
vn 0.920078 0.000000 0.627903
vt 0.070079602 0.960779011
vn 0.944584 0.000000 -0.590365
vt 0.081689134 0.950538993
vn 0.920078 0.000000 0.627903
vt 0.070079602 0.960779011
vn 0.920078 0.000000 -0.627903
vt 0.070105076 0.950538993
vn 0.944584 0.000000 -0.590365
vt 0.081689134 0.950538993
vn 0.920078 0.000000 -0.627903
vt 0.070105076 0.950538993
vn 0.250515 0.000000 -1.085380
vt 0.081702903 0.940099001
vn 0.920078 0.000000 -0.627903
vt 0.070105076 0.950538993
vn 0.230354 0.000000 -1.089836
vt 0.067188695 0.940099001
vn 0.250515 0.000000 -1.085380
vt 0.081702903 0.940099001
vn -0.000000 0.000000 -1.113896
vt 0.081702210 0.931221008
vn 0.250515 0.000000 -1.085380
vt 0.081702903 0.940099001
vn 0.230354 0.000000 -1.089836
vt 0.067188695 0.940099001
vn -0.000000 0.000000 -1.113896
vt 0.081702210 0.931221008
vn 0.230354 0.000000 -1.089836
vt 0.067188695 0.940099001
vn -0.000000 0.000000 -1.113896
vt 0.076465577 0.926526010
vn 0.230354 0.000000 -1.089836
vt 0.067188695 0.940099001
vn -0.000000 0.000000 -1.113896
vt 0.066823632 0.926526010
vn -0.000000 0.000000 -1.113896
vt 0.076465577 0.926526010
s 110
f 911/4537/4537 912/4538/4538 913/4539/4539
f 911/4540/4540 914/4541/4541 912/4542/4542
f 913/4543/4543 915/4544/4544 916/4545/4545
f 913/4546/4546 912/4547/4547 915/4548/4548
f 911/4549/4549 917/4550/4550 914/4551/4551
f 911/4552/4552 918/4553/4553 917/4554/4554
f 918/4555/4555 915/4556/4556 917/4557/4557
f 918/4558/4558 916/4559/4559 915/4560/4560
s 111
f 913/4561/4561 916/4562/4562 918/4563/4563
f 913/4564/4564 918/4565/4565 911/4566/4566
s 112
f 919/4567/4567 920/4568/4568 921/4569/4569
f 919/4570/4570 922/4571/4571 920/4572/4572
f 922/4573/4573 923/4574/4574 920/4575/4575
f 922/4576/4576 924/4577/4577 923/4578/4578
f 923/4579/4579 925/4580/4580 926/4581/4581
f 923/4582/4582 924/4583/4583 925/4584/4584
f 926/4585/4585 919/4586/4586 921/4587/4587
f 926/4588/4588 925/4589/4589 919/4590/4590
s 113
f 927/4591/4591 928/4592/4592 929/4593/4593
f 927/4594/4594 930/4595/4595 928/4596/4596
f 931/4597/4597 932/4598/4598 933/4599/4599
f 931/4600/4600 934/4601/4601 932/4602/4602
f 930/4603/4603 932/4604/4604 928/4605/4605
f 930/4606/4606 933/4607/4607 932/4608/4608
f 927/4609/4609 934/4610/4610 931/4611/4611
f 927/4612/4612 929/4613/4613 934/4614/4614
f 930/4615/4615 935/4616/4616 936/4617/4617
f 930/4618/4618 937/4619/4619 935/4620/4620
f 930/4621/4621 927/4622/4622 937/4623/4623
f 937/4624/4624 927/4625/4625 938/4626/4626
f 933/4627/4627 930/4628/4628 936/4629/4629
f 933/4630/4630 936/4631/4631 939/4632/4632
f 940/4633/4633 933/4634/4634 939/4635/4635
f 931/4636/4636 933/4637/4637 940/4638/4638
f 938/4639/4639 931/4640/4640 940/4641/4641
f 938/4642/4642 927/4643/4643 931/4644/4644
f 941/4645/4645 942/4646/4646 943/4647/4647
f 941/4648/4648 944/4649/4649 942/4650/4650
f 941/4651/4651 939/4652/4652 944/4653/4653
f 941/4654/4654 940/4655/4655 939/4656/4656
f 945/4657/4657 946/4658/4658 947/4659/4659
f 948/4660/4660 945/4661/4661 947/4662/4662
f 948/4663/4663 947/4664/4664 937/4665/4665
f 947/4666/4666 935/4667/4667 937/4668/4668
s 114
f 949/4669/4669 950/4670/4670 951/4671/4671
f 949/4672/4672 952/4673/4673 950/4674/4674
f 952/4675/4675 953/4676/4676 950/4677/4677
f 952/4678/4678 954/4679/4679 953/4680/4680
f 953/4681/4681 955/4682/4682 956/4683/4683
f 953/4684/4684 954/4685/4685 955/4686/4686
f 956/4687/4687 957/4688/4688 958/4689/4689
f 956/4690/4690 955/4691/4691 957/4692/4692
f 957/4693/4693 959/4694/4694 958/4695/4695
f 957/4696/4696 960/4697/4697 959/4698/4698
f 960/4699/4699 951/4700/4700 959/4701/4701
f 960/4702/4702 949/4703/4703 951/4704/4704
s 115
f 938/4705/4705 940/4706/4706 941/4707/4707
f 938/4708/4708 941/4709/4709 937/4710/4710
f 948/4711/4711 937/4712/4712 941/4713/4713
f 943/4714/4714 948/4715/4715 941/4716/4716
f 943/4717/4717 945/4718/4718 948/4719/4719
f 946/4720/4720 945/4721/4721 943/4722/4722
f 946/4723/4723 943/4724/4724 942/4725/4725
f 946/4726/4726 942/4727/4727 947/4728/4728
f 942/4729/4729 944/4730/4730 947/4731/4731
f 935/4732/4732 947/4733/4733 944/4734/4734
f 935/4735/4735 944/4736/4736 936/4737/4737
f 944/4738/4738 939/4739/4739 936/4740/4740
o rbleg,ox=-9.28,oy=-5.22,oz=-0.04,p=rbhip,
v -27.633246 16.257441 -12.605908
vn -0.102813 1.109106 0.000000
vt 0.068247862 0.939163983
v -21.189268 13.054573 -13.067647
vn 0.258981 1.083375 0.000000
vt 0.065079994 0.982179999
v -27.633246 16.257441 -13.459926
vn -0.192370 1.097188 0.000000
vt 0.063111499 0.939114988
vn -0.102813 1.109106 0.000000
vt 0.068247862 0.939163983
v -21.189268 13.054572 -11.425161
vn 0.240713 1.087608 0.000000
vt 0.074908033 0.982276022
vn 0.258981 1.083375 0.000000
vt 0.065079994 0.982179999
v -21.189268 6.372879 -11.425164
vn -0.333055 -1.062991 0.000000
vt 0.068253599 0.517105997
v -19.176346 6.372879 -13.067651
vn 0.420384 -1.031579 0.000000
vt 0.075884141 0.526404977
v -19.176345 6.372879 -11.425164
vn 0.420384 -1.031579 0.000000
vt 0.068253823 0.526404977
vn -0.333055 -1.062991 0.000000
vt 0.068253599 0.517105997
v -21.189268 6.372879 -13.067649
vn -0.354999 -1.055862 0.000000
vt 0.075883910 0.517105997
vn 0.420384 -1.031579 0.000000
vt 0.075884141 0.526404977
vn 0.258981 1.083375 0.000000
vt 0.075883217 0.580983996
v -19.176345 13.054572 -11.425161
vn 0.420384 1.031579 0.000000
vt 0.068256348 0.571684003
v -19.176345 13.054573 -13.067648
vn 0.420384 1.031579 0.000000
vt 0.075883217 0.571684003
vn 0.258981 1.083375 0.000000
vt 0.075883217 0.580983996
vn 0.240713 1.087608 0.000000
vt 0.068256348 0.580983996
vn 0.420384 1.031579 0.000000
vt 0.068256348 0.571684003
v -28.668575 11.927228 -12.767037
vn -0.983904 -0.522194 0.000000
vt 0.072632983 0.519244015
vn -0.354999 -1.055862 0.000000
vt 0.077408642 0.578139007
vn -0.333055 -1.062991 0.000000
vt 0.066970937 0.578637004
vn -0.983904 -0.522194 0.000000
vt 0.072632983 0.519244015
v -28.668575 11.927229 -13.513454
vn -0.998942 -0.492788 0.000000
vt 0.077393726 0.519017994
vn -0.354999 -1.055862 0.000000
vt 0.077408642 0.578139007
vn 0.420384 1.031579 0.000000
vt 0.068251528 0.566147983
v -17.773259 11.683402 -13.067647
vn 1.026678 0.432192 0.000000
vt 0.075872667 0.557084978
vn 0.420384 1.031579 0.000000
vt 0.075878859 0.566147983
vn 0.420384 1.031579 0.000000
vt 0.068251528 0.566147983
v -17.773259 11.683402 -11.425163
vn 1.026678 0.432192 0.000000
vt 0.068247631 0.557084978
vn 1.026678 0.432192 0.000000
vt 0.075872667 0.557084978
vn 0.420384 -1.031579 0.000000
vt 0.068251073 0.529823005
v -17.773259 7.744049 -13.067648
vn 1.026678 -0.432192 0.000000
vt 0.075876795 0.538886011
v -17.773259 7.744049 -11.425164
vn 1.026678 -0.432192 0.000000
vt 0.068247400 0.538886011
vn 0.420384 -1.031579 0.000000
vt 0.068251073 0.529823005
vn 0.420384 -1.031579 0.000000
vt 0.075881384 0.529823005
vn 1.026678 -0.432192 0.000000
vt 0.075876795 0.538886011
vn 1.026678 -0.432192 0.000000
vt 0.075874045 0.557084978
vn 1.026678 0.432192 0.000000
vt 0.068239599 0.538886011
vn 1.026678 -0.432192 0.000000
vt 0.068245105 0.557084978
vn 1.026678 -0.432192 0.000000
vt 0.075874045 0.557084978
vn 1.026678 0.432192 0.000000
vt 0.075868078 0.538886011
vn 1.026678 0.432192 0.000000
vt 0.068239599 0.538886011
v -28.668575 15.259461 -12.767036
vn -1.018658 0.450571 0.000000
vt 0.113161936 0.358597010
vn -0.998942 -0.492788 0.000000
vt 0.105775073 0.319426000
vn -0.983904 -0.522194 0.000000
vt 0.114442065 0.319720000
vn -1.018658 0.450571 0.000000
vt 0.113161936 0.358597010
v -28.668575 15.259461 -13.513453
vn -1.027346 0.430521 0.000000
vt 0.104432300 0.358303010
vn -0.998942 -0.492788 0.000000
vt 0.105775073 0.319426000
vn -1.018658 0.450571 0.000000
vt 0.113161936 0.358597010
vn -0.192370 1.097188 0.000000
vt 0.104493335 0.375101000
vn -1.027346 0.430521 0.000000
vt 0.104432300 0.358303010
vn -1.018658 0.450571 0.000000
vt 0.113161936 0.358597010
vn -0.102813 1.109106 0.000000
vt 0.114449635 0.375436991
vn -0.192370 1.097188 0.000000
vt 0.104493335 0.375101000
v -21.189271 6.372881 -17.742124
vn -0.354999 -1.055862 0.000000
vt 0.077291615 0.578140020
v -28.668575 11.927229 -18.033806
vn -0.983904 -0.522194 0.000000
vt 0.072578371 0.519244015
v -21.189268 6.372882 -19.375570
vn -0.333055 -1.062991 0.000000
vt 0.066980116 0.578638017
vn -0.354999 -1.055862 0.000000
vt 0.077291615 0.578140020
v -28.668575 11.927229 -17.293383
vn -0.999053 -0.492676 0.000000
vt 0.077271655 0.519017994
vn -0.983904 -0.522194 0.000000
vt 0.072578371 0.519244015
v -21.189268 13.054577 -19.375568
vn 0.240713 1.087608 0.000000
vt 0.068330005 0.581192017
v -19.176349 13.054575 -17.742124
vn 0.420384 1.031579 0.000000
vt 0.075891942 0.571892023
v -19.176349 13.054577 -19.375564
vn 0.420384 1.031579 0.000000
vt 0.068328395 0.571892023
vn 0.240713 1.087608 0.000000
vt 0.068330005 0.581192017
v -21.189271 13.054575 -17.742124
vn 0.258981 1.083375 0.000000
vt 0.075892165 0.581192017
vn 0.420384 1.031579 0.000000
vt 0.075891942 0.571892023
vn -0.333055 -1.062991 0.000000
vt 0.068323582 0.580330014
v -19.176349 6.372881 -17.742124
vn 0.420384 -1.031579 0.000000
vt 0.075889185 0.571030021
vn -0.354999 -1.055862 0.000000
vt 0.075888954 0.580330014
vn -0.333055 -1.062991 0.000000
vt 0.068323582 0.580330014
v -19.176349 6.372882 -19.375568
vn 0.420384 -1.031579 0.000000
vt 0.068323582 0.571030021
vn 0.420384 -1.031579 0.000000
vt 0.075889185 0.571030021
vn 0.258981 1.083375 0.000000
vt 0.065088943 0.982179999
v -27.633246 16.257443 -18.194931
vn -0.102813 1.109106 0.000000
vt 0.068204492 0.939164996
v -27.633246 16.257443 -17.347275
vn -0.192481 1.097188 0.000000
vt 0.063115858 0.939113975
vn 0.258981 1.083375 0.000000
vt 0.065088943 0.982179999
vn 0.240713 1.087608 0.000000
vt 0.074860767 0.982279003
vn -0.102813 1.109106 0.000000
vt 0.068204492 0.939164996
v -28.668575 15.259463 -17.293381
vn -1.027346 0.430409 0.000000
vt 0.114442065 0.336558014
vn -0.983904 -0.522194 0.000000
vt 0.124391481 0.375142992
vn -0.999053 -0.492676 0.000000
vt 0.115784839 0.375434995
vn -1.027346 0.430409 0.000000
vt 0.114442065 0.336558014
v -28.668575 15.259463 -18.033803
vn -1.018658 0.450571 0.000000
vt 0.123114564 0.336266011
vn -0.983904 -0.522194 0.000000
vt 0.124391481 0.375142992
vn -1.027346 0.430409 0.000000
vt 0.114442065 0.336558014
vn -0.192481 1.097188 0.000000
vt 0.114507005 0.319759995
vn -1.018658 0.450571 0.000000
vt 0.123114564 0.336266011
vn -0.192481 1.097188 0.000000
vt 0.114507005 0.319759995
vn -0.102813 1.109106 0.000000
vt 0.124410070 0.319426000
vn -1.018658 0.450571 0.000000
vt 0.123114564 0.336266011
v -17.773259 7.744049 -17.742126
vn 1.026678 -0.432192 0.000000
vt 0.075880237 0.557084978
vn 0.420384 -1.031579 0.000000
vt 0.075887583 0.566147983
vn 0.420384 -1.031579 0.000000
vt 0.068323351 0.566147983
v -17.773259 7.744052 -19.375568
vn 1.026678 -0.432192 0.000000
vt 0.068319678 0.557084978
vn 1.026678 -0.432192 0.000000
vt 0.075880237 0.557084978
vn 0.420384 -1.031579 0.000000
vt 0.068323351 0.566147983
vn 1.026678 -0.432192 0.000000
vt 0.068319678 0.557084978
v -17.773259 11.683403 -17.742126
vn 1.026678 0.432192 0.000000
vt 0.075879090 0.538886011
vn 1.026678 -0.432192 0.000000
vt 0.075880237 0.557084978
vn 1.026678 -0.432192 0.000000
vt 0.068319678 0.557084978
v -17.773259 11.683404 -19.375564
vn 1.026678 0.432192 0.000000
vt 0.068320140 0.538886011
vn 1.026678 0.432192 0.000000
vt 0.075879090 0.538886011
vn 1.026678 0.432192 0.000000
vt 0.075879090 0.538886011
vn 1.026678 0.432192 0.000000
vt 0.068320140 0.538886011
vn 0.420384 1.031579 0.000000
vt 0.068326794 0.529823005
vn 1.026678 0.432192 0.000000
vt 0.075879090 0.538886011
vn 0.420384 1.031579 0.000000
vt 0.068326794 0.529823005
vn 0.420384 1.031579 0.000000
vt 0.075889647 0.529823005
v -19.823286 11.370683 -20.253312
vn -0.000000 1.113896 0.000000
vt 0.356599957 0.503216028
v -21.298703 10.518845 -10.547427
vn -0.964634 0.556948 0.000000
vt 0.313063532 0.517714977
v -19.823286 11.370679 -10.547424
vn -0.000000 1.113896 0.000000
vt 0.313063085 0.503216028
vn -0.000000 1.113896 0.000000
vt 0.356599957 0.503216028
v -21.298703 10.518848 -20.253312
vn -0.964634 0.556948 0.000000
vt 0.356599748 0.517714977
vn -0.964634 0.556948 0.000000
vt 0.313063532 0.517714977
vn -0.964634 0.556948 0.000000
vt 0.313063532 0.517714977
vn -0.964634 0.556948 0.000000
vt 0.356599748 0.517714977
v -21.298703 8.815180 -10.547427
vn -0.964634 -0.556948 0.000000
vt 0.313058257 0.532213986
vn -0.964634 0.556948 0.000000
vt 0.356599748 0.517714977
v -21.298703 8.815184 -20.253312
vn -0.964634 -0.556948 0.000000
vt 0.356594920 0.532213986
vn -0.964634 -0.556948 0.000000
vt 0.313058257 0.532213986
vn -0.964634 -0.556948 0.000000
vt 0.313058257 0.532213986
vn -0.964634 -0.556948 0.000000
vt 0.356594920 0.532213986
v -19.823286 7.963353 -20.253312
vn -0.000000 -1.113896 0.000000
vt 0.356592864 0.546711981
vn -0.964634 -0.556948 0.000000
vt 0.313058257 0.532213986
vn -0.000000 -1.113896 0.000000
vt 0.356592864 0.546711981
v -19.823286 7.963349 -10.547424
vn -0.000000 -1.113896 0.000000
vt 0.313055962 0.546711981
vn -0.000000 -1.113896 0.000000
vt 0.356592864 0.546711981
v -18.347865 8.815180 -10.547423
vn 0.964634 -0.556948 0.000000
vt 0.313052058 0.561210990
vn -0.000000 -1.113896 0.000000
vt 0.313055962 0.546711981
vn -0.000000 -1.113896 0.000000
vt 0.356592864 0.546711981
v -18.347866 8.815184 -20.253312
vn 0.964634 -0.556948 0.000000
vt 0.356591702 0.561210990
vn 0.964634 -0.556948 0.000000
vt 0.313052058 0.561210990
vn 0.964634 -0.556948 0.000000
vt 0.313052058 0.561210990
vn 0.964634 -0.556948 0.000000
vt 0.356591702 0.561210990
v -18.347865 10.518845 -10.547423
vn 0.964634 0.556948 0.000000
vt 0.313054144 0.575709999
vn 0.964634 -0.556948 0.000000
vt 0.356591702 0.561210990
v -18.347866 10.518848 -20.253312
vn 0.964634 0.556948 0.000000
vt 0.356594920 0.575709999
vn 0.964634 0.556948 0.000000
vt 0.313054144 0.575709999
vn 0.964634 0.556948 0.000000
vt 0.313054144 0.575709999
vn 0.964634 0.556948 0.000000
vt 0.356594920 0.575709999
vn -0.000000 1.113896 0.000000
vt 0.356598139 0.590207994
vn 0.964634 0.556948 0.000000
vt 0.313054144 0.575709999
vn -0.000000 1.113896 0.000000
vt 0.356598139 0.590207994
vn -0.000000 1.113896 0.000000
vt 0.313059419 0.590207994
vn -0.189808 0.004567 1.097633
vt 0.047004871 0.937637985
vn -0.171317 0.000000 1.100641
vt 0.049136743 0.934010983
vn -0.194486 0.003453 1.096742
vt 0.046450049 0.924727023
vn -0.111390 0.001114 1.108326
vt 0.026197162 0.934005022
vn -0.189808 0.004567 1.097633
vt 0.047004871 0.937637985
vn -0.194486 0.003453 1.096742
vt 0.046450049 0.924727023
vn -0.111390 0.001114 1.108326
vt 0.026197162 0.934005022
vn -0.194486 0.003453 1.096742
vt 0.046450049 0.924727023
vn -0.073851 0.000000 1.111445
vt 0.020826297 0.915387988
vn -0.000000 0.000000 1.113896
vt 0.015571767 0.932944000
vn -0.000000 0.000000 1.113896
vt 0.020580091 0.935630977
vn -0.111390 0.001114 1.108326
vt 0.026197162 0.934005022
vn -0.000000 0.000000 1.113896
vt 0.012397479 0.921967983
vn -0.000000 0.000000 1.113896
vt 0.015571767 0.932944000
vn -0.111390 0.001114 1.108326
vt 0.026197162 0.934005022
vn -0.000000 0.000000 1.113896
vt 0.012397479 0.921967983
vn -0.111390 0.001114 1.108326
vt 0.026197162 0.934005022
vn -0.073851 0.000000 1.111445
vt 0.020826297 0.915387988
vn -0.000000 0.000000 1.113896
vt 0.012397479 0.921967983
vn -0.073851 0.000000 1.111445
vt 0.020826297 0.915387988
vn -0.000000 0.000000 1.113896
vt 0.015209227 0.917014003
vn -0.194486 0.003453 -1.096742
vt 0.046467945 0.924786985
vn -0.171317 0.000000 -1.100641
vt 0.049158312 0.934071004
vn -0.189808 0.004567 -1.097633
vt 0.047035389 0.937698007
vn -0.111390 0.001114 -1.108326
vt 0.026236627 0.934064984
vn -0.194486 0.003453 -1.096742
vt 0.046467945 0.924786985
vn -0.189808 0.004567 -1.097633
vt 0.047035389 0.937698007
vn -0.111390 0.001114 -1.108326
vt 0.026236627 0.934064984
vn -0.073851 0.000000 -1.111445
vt 0.020802204 0.915448010
vn -0.194486 0.003453 -1.096742
vt 0.046467945 0.924786985
vn -0.000000 0.000000 -1.113896
vt 0.012373157 0.922026992
vn -0.000000 0.000000 -1.113896
vt 0.015184904 0.917074025
vn -0.073851 0.000000 -1.111445
vt 0.020802204 0.915448010
vn -0.000000 0.000000 -1.113896
vt 0.015548132 0.933004022
vn -0.000000 0.000000 -1.113896
vt 0.012373157 0.922026992
vn -0.073851 0.000000 -1.111445
vt 0.020802204 0.915448010
vn -0.111390 0.001114 -1.108326
vt 0.026236627 0.934064984
vn -0.000000 0.000000 -1.113896
vt 0.015548132 0.933004022
vn -0.073851 0.000000 -1.111445
vt 0.020802204 0.915448010
vn -0.111390 0.001114 -1.108326
vt 0.026236627 0.934064984
vn -0.000000 0.000000 -1.113896
vt 0.020619558 0.935690999
vn -0.000000 0.000000 -1.113896
vt 0.015548132 0.933004022
vn 0.065497 -0.001225 -1.112002
vt 0.046387866 0.924751997
vn 0.057477 0.000000 -1.112448
vt 0.049134448 0.934018016
vn 0.063938 -0.001559 -1.112114
vt 0.047059253 0.937650025
vn 0.037427 -0.000334 -1.113228
vt 0.026500043 0.934077978
vn 0.065497 -0.001225 -1.112002
vt 0.046387866 0.924751997
vn 0.063938 -0.001559 -1.112114
vt 0.047059253 0.937650025
vn 0.037427 -0.000334 -1.113228
vt 0.026500043 0.934077978
vn 0.024728 0.000000 -1.113673
vt 0.020952726 0.915498018
vn 0.065497 -0.001225 -1.112002
vt 0.046387866 0.924751997
vn 0.037427 -0.000334 -1.113228
vt 0.026500043 0.934077978
vn -0.000000 0.000000 -1.113896
vt 0.020883890 0.935742021
vn -0.000000 0.000000 -1.113896
vt 0.015872354 0.933088005
vn 0.037427 -0.000334 -1.113228
vt 0.026500043 0.934077978
vn -0.000000 0.000000 -1.113896
vt 0.015872354 0.933088005
vn 0.024728 0.000000 -1.113673
vt 0.020952726 0.915498018
vn -0.000000 0.000000 -1.113896
vt 0.015872354 0.933088005
vn -0.000000 0.000000 -1.113896
vt 0.012585633 0.922133982
vn 0.024728 0.000000 -1.113673
vt 0.020952726 0.915498018
vn -0.000000 0.000000 -1.113896
vt 0.012585633 0.922133982
vn -0.000000 0.000000 -1.113896
vt 0.015398527 0.917160988
vn 0.024728 0.000000 -1.113673
vt 0.020952726 0.915498018
vn 0.064272 -0.001559 1.112002
vt 0.047120288 0.937547028
vn 0.057923 0.000000 1.112336
vt 0.049195483 0.933915019
vn 0.065943 -0.001225 1.111891
vt 0.046387866 0.924649000
vn 0.037650 -0.000334 1.113228
vt 0.026493158 0.933974981
vn 0.064272 -0.001559 1.112002
vt 0.047120288 0.937547028
vn 0.065943 -0.001225 1.111891
vt 0.046387866 0.924649000
vn 0.037650 -0.000334 1.113228
vt 0.026493158 0.933974981
vn 0.065943 -0.001225 1.111891
vt 0.046387866 0.924649000
vn 0.024840 0.000000 1.113673
vt 0.021002060 0.915395021
vn -0.000000 0.000000 1.113896
vt 0.015871435 0.932985008
vn -0.000000 0.000000 1.113896
vt 0.020938501 0.935639024
vn 0.037650 -0.000334 1.113228
vt 0.026493158 0.933974981
vn -0.000000 0.000000 1.113896
vt 0.015871435 0.932985008
vn 0.037650 -0.000334 1.113228
vt 0.026493158 0.933974981
vn 0.024840 0.000000 1.113673
vt 0.021002060 0.915395021
vn -0.000000 0.000000 1.113896
vt 0.015871435 0.932985008
vn 0.024840 0.000000 1.113673
vt 0.021002060 0.915395021
vn -0.000000 0.000000 1.113896
vt 0.012637949 0.922030985
vn 0.024840 0.000000 1.113673
vt 0.021002060 0.915395021
vn -0.000000 0.000000 1.113896
vt 0.015387285 0.917057991
vn -0.000000 0.000000 1.113896
vt 0.012637949 0.922030985
vn -0.000000 0.000000 1.113896
vt 0.741282284 0.885608971
vn -0.000000 0.000000 1.113896
vt 0.725045562 0.894968987
vn -0.000000 0.000000 1.113896
vt 0.725045323 0.913689017
vn -0.000000 0.000000 1.113896
vt 0.741282284 0.885608971
vn -0.000000 0.000000 1.113896
vt 0.725045323 0.913689017
vn -0.000000 0.000000 1.113896
vt 0.741281867 0.923048973
vn -0.000000 0.000000 1.113896
vt 0.741282284 0.885608971
vn -0.000000 0.000000 1.113896
vt 0.741281867 0.923048973
vn -0.000000 0.000000 1.113896
vt 0.757456839 0.913689017
vn -0.000000 0.000000 1.113896
vt 0.741282284 0.885608971
vn -0.000000 0.000000 1.113896
vt 0.757456839 0.913689017
vn -0.000000 0.000000 1.113896
vt 0.757456362 0.894968987
v -26.477434 14.761371 -19.350546
vn -0.000000 1.113896 0.000000
vt 0.357085258 0.518890023
v -27.910427 13.934029 -11.450184
vn -0.964634 0.556948 0.000000
vt 0.314583927 0.533044994
v -26.477429 14.761366 -11.450182
vn -0.000000 1.113896 0.000000
vt 0.314591259 0.518890023
vn -0.000000 1.113896 0.000000
vt 0.357085258 0.518890023
v -27.910427 13.934032 -19.350554
vn -0.964634 0.556948 0.000000
vt 0.357077003 0.533044994
vn -0.964634 0.556948 0.000000
vt 0.314583927 0.533044994
vn -0.964634 0.556948 0.000000
vt 0.314583927 0.533044994
vn -0.964634 0.556948 0.000000
vt 0.357077003 0.533044994
v -27.910427 12.279351 -19.350554
vn -0.964634 -0.556948 0.000000
vt 0.357072860 0.547199011
vn -0.964634 0.556948 0.000000
vt 0.314583927 0.533044994
vn -0.964634 -0.556948 0.000000
vt 0.357072860 0.547199011
v -27.910427 12.279349 -11.450184
vn -0.964634 -0.556948 0.000000
vt 0.314579546 0.547199011
vn -0.964634 -0.556948 0.000000
vt 0.357072860 0.547199011
v -26.477434 11.452012 -19.350549
vn -0.000000 -1.113896 0.000000
vt 0.357078850 0.561353028
vn -0.964634 -0.556948 0.000000
vt 0.314579546 0.547199011
vn -0.964634 -0.556948 0.000000
vt 0.314579546 0.547199011
vn -0.000000 -1.113896 0.000000
vt 0.357078850 0.561353028
v -26.477429 11.452006 -11.450185
vn -0.000000 -1.113896 0.000000
vt 0.314580232 0.561353028
vn -0.000000 -1.113896 0.000000
vt 0.357078850 0.561353028
v -25.044442 12.279349 -11.450185
vn 0.964634 -0.556948 0.000000
vt 0.314576566 0.575506985
vn -0.000000 -1.113896 0.000000
vt 0.314580232 0.561353028
vn -0.000000 -1.113896 0.000000
vt 0.357078850 0.561353028
v -25.044442 12.279351 -19.350551
vn 0.964634 -0.556948 0.000000
vt 0.357080907 0.575506985
vn 0.964634 -0.556948 0.000000
vt 0.314576566 0.575506985
vn 0.964634 -0.556948 0.000000
vt 0.314576566 0.575506985
vn 0.964634 -0.556948 0.000000
vt 0.357080907 0.575506985
v -25.044442 13.934029 -11.450185
vn 0.964634 0.556948 0.000000
vt 0.314584821 0.589662015
vn 0.964634 -0.556948 0.000000
vt 0.357080907 0.575506985
v -25.044442 13.934032 -19.350551
vn 0.964634 0.556948 0.000000
vt 0.357086182 0.589662015
vn 0.964634 0.556948 0.000000
vt 0.314584821 0.589662015
vn 0.964634 0.556948 0.000000
vt 0.314584821 0.589662015
vn 0.964634 0.556948 0.000000
vt 0.357086182 0.589662015
vn -0.000000 1.113896 0.000000
vt 0.357087314 0.603815973
vn 0.964634 0.556948 0.000000
vt 0.314584821 0.589662015
vn -0.000000 1.113896 0.000000
vt 0.357087314 0.603815973
vn -0.000000 1.113896 0.000000
vt 0.314588517 0.603815973
vn -0.000000 0.000000 -1.113896
vt 0.740836918 0.922656000
vn -0.000000 0.000000 -1.113896
vt 0.724843860 0.913408995
vn -0.000000 0.000000 -1.113896
vt 0.724838853 0.894914985
vn -0.000000 0.000000 -1.113896
vt 0.740836918 0.922656000
vn -0.000000 0.000000 -1.113896
vt 0.724838853 0.894914985
vn -0.000000 0.000000 -1.113896
vt 0.756889880 0.913408995
vn -0.000000 0.000000 -1.113896
vt 0.724838853 0.894914985
vn -0.000000 0.000000 -1.113896
vt 0.756888688 0.894914985
vn -0.000000 0.000000 -1.113896
vt 0.756889880 0.913408995
vn -0.000000 0.000000 -1.113896
vt 0.724838853 0.894914985
vn -0.000000 0.000000 -1.113896
vt 0.740830481 0.885668993
vn -0.000000 0.000000 -1.113896
vt 0.756888688 0.894914985
vn -0.000000 0.000000 -1.113896
vt 0.757684469 0.894968987
vn -0.000000 0.000000 -1.113896
vt 0.757684708 0.913689017
vn -0.000000 0.000000 -1.113896
vt 0.741509914 0.923048973
vn -0.000000 0.000000 -1.113896
vt 0.741509438 0.885608971
vn -0.000000 0.000000 -1.113896
vt 0.757684469 0.894968987
vn -0.000000 0.000000 -1.113896
vt 0.741509914 0.923048973
vn -0.000000 0.000000 -1.113896
vt 0.741509438 0.885608971
vn -0.000000 0.000000 -1.113896
vt 0.741509914 0.923048973
vn -0.000000 0.000000 -1.113896
vt 0.725273907 0.894968987
vn -0.000000 0.000000 -1.113896
vt 0.741509914 0.923048973
vn -0.000000 0.000000 -1.113896
vt 0.725273669 0.913689017
vn -0.000000 0.000000 -1.113896
vt 0.725273907 0.894968987
vn -0.000000 0.000000 1.113896
vt 0.756849706 0.913408995
vn -0.000000 0.000000 1.113896
vt 0.740858495 0.922656000
vn -0.000000 0.000000 1.113896
vt 0.724801183 0.913408995
vn -0.000000 0.000000 1.113896
vt 0.756848812 0.894914985
vn -0.000000 0.000000 1.113896
vt 0.756849706 0.913408995
vn -0.000000 0.000000 1.113896
vt 0.724801183 0.913408995
vn -0.000000 0.000000 1.113896
vt 0.756848812 0.894914985
vn -0.000000 0.000000 1.113896
vt 0.724801183 0.913408995
vn -0.000000 0.000000 1.113896
vt 0.740856647 0.885668993
vn -0.000000 0.000000 1.113896
vt 0.724801183 0.913408995
vn -0.000000 0.000000 1.113896
vt 0.724800527 0.894914985
vn -0.000000 0.000000 1.113896
vt 0.740856647 0.885668993
s 116
f 961/4741/4741 962/4742/4742 963/4743/4743
f 961/4744/4744 964/4745/4745 962/4746/4746
f 965/4747/4747 966/4748/4748 967/4749/4749
f 965/4750/4750 968/4751/4751 966/4752/4752
f 962/4753/4753 969/4754/4754 970/4755/4755
f 962/4756/4756 964/4757/4757 969/4758/4758
f 971/4759/4759 968/4760/4760 965/4761/4761
f 971/4762/4762 972/4763/4763 968/4764/4764
f 969/4765/4765 973/4766/4766 970/4767/4767
f 969/4768/4768 974/4769/4769 973/4770/4770
f 967/4771/4771 975/4772/4772 976/4773/4773
f 967/4774/4774 966/4775/4775 975/4776/4776
f 975/4777/4777 974/4778/4778 976/4779/4779
f 975/4780/4780 973/4781/4781 974/4782/4782
f 977/4783/4783 972/4784/4784 971/4785/4785
f 977/4786/4786 978/4787/4787 972/4788/4788
f 977/4789/4789 963/4790/4790 978/4791/4791
f 977/4792/4792 961/4793/4793 963/4794/4794
s 117
f 979/4795/4795 980/4796/4796 981/4797/4797
f 979/4798/4798 982/4799/4799 980/4800/4800
f 983/4801/4801 984/4802/4802 985/4803/4803
f 983/4804/4804 986/4805/4805 984/4806/4806
f 981/4807/4807 987/4808/4808 979/4809/4809
f 981/4810/4810 988/4811/4811 987/4812/4812
f 986/4813/4813 989/4814/4814 990/4815/4815
f 986/4816/4816 983/4817/4817 989/4818/4818
f 991/4819/4819 980/4820/4820 982/4821/4821
f 991/4822/4822 992/4823/4823 980/4824/4824
f 991/4825/4825 990/4826/4826 992/4827/4827
f 990/4828/4828 989/4829/4829 992/4830/4830
f 993/4831/4831 987/4832/4832 988/4833/4833
f 994/4834/4834 993/4835/4835 988/4836/4836
f 994/4837/4837 995/4838/4838 993/4839/4839
f 994/4840/4840 996/4841/4841 995/4842/4842
f 995/4843/4843 996/4844/4844 985/4845/4845
f 995/4846/4846 985/4847/4847 984/4848/4848
s 118
f 997/4849/4849 998/4850/4850 999/4851/4851
f 997/4852/4852 1000/4853/4853 998/4854/4854
f 998/4855/4855 1000/4856/4856 1001/4857/4857
f 1000/4858/4858 1002/4859/4859 1001/4860/4860
f 1001/4861/4861 1002/4862/4862 1003/4863/4863
f 1001/4864/4864 1003/4865/4865 1004/4866/4866
f 1003/4867/4867 1005/4868/4868 1004/4869/4869
f 1003/4870/4870 1006/4871/4871 1005/4872/4872
f 1005/4873/4873 1006/4874/4874 1007/4875/4875
f 1006/4876/4876 1008/4877/4877 1007/4878/4878
f 1007/4879/4879 1008/4880/4880 997/4881/4881
f 1007/4882/4882 997/4883/4883 999/4884/4884
s 119
f 961/4885/4885 977/4886/4886 971/4887/4887
f 964/4888/4888 961/4889/4889 971/4890/4890
f 964/4891/4891 971/4892/4892 965/4893/4893
f 974/4894/4894 969/4895/4895 964/4896/4896
f 976/4897/4897 974/4898/4898 964/4899/4899
f 976/4900/4900 964/4901/4901 965/4902/4902
f 976/4903/4903 965/4904/4904 967/4905/4905
s 120
f 980/4906/4906 992/4907/4907 989/4908/4908
f 983/4909/4909 980/4910/4910 989/4911/4911
f 983/4912/4912 981/4913/4913 980/4914/4914
f 994/4915/4915 988/4916/4916 981/4917/4917
f 996/4918/4918 994/4919/4919 981/4920/4920
f 983/4921/4921 996/4922/4922 981/4923/4923
f 983/4924/4924 985/4925/4925 996/4926/4926
s 121
f 972/4927/4927 978/4928/4928 963/4929/4929
f 962/4930/4930 972/4931/4931 963/4932/4932
f 962/4933/4933 968/4934/4934 972/4935/4935
f 962/4936/4936 970/4937/4937 973/4938/4938
f 962/4939/4939 973/4940/4940 968/4941/4941
f 973/4942/4942 975/4943/4943 968/4944/4944
f 975/4945/4945 966/4946/4946 968/4947/4947
s 122
f 990/4948/4948 991/4949/4949 982/4950/4950
f 986/4951/4951 990/4952/4952 982/4953/4953
f 986/4954/4954 982/4955/4955 979/4956/4956
f 995/4957/4957 984/4958/4958 986/4959/4959
f 995/4960/4960 986/4961/4961 979/4962/4962
f 995/4963/4963 979/4964/4964 993/4965/4965
f 979/4966/4966 987/4967/4967 993/4968/4968
s 123
f 1004/4969/4969 1005/4970/4970 1007/4971/4971
f 1004/4972/4972 1007/4973/4973 999/4974/4974
f 1004/4975/4975 999/4976/4976 998/4977/4977
f 1004/4978/4978 998/4979/4979 1001/4980/4980
s 124
f 1009/4981/4981 1010/4982/4982 1011/4983/4983
f 1009/4984/4984 1012/4985/4985 1010/4986/4986
f 1010/4987/4987 1012/4988/4988 1013/4989/4989
f 1010/4990/4990 1013/4991/4991 1014/4992/4992
f 1013/4993/4993 1015/4994/4994 1014/4995/4995
f 1014/4996/4996 1015/4997/4997 1016/4998/4998
f 1015/4999/4999 1017/5000/5000 1016/5001/5001
f 1015/5002/5002 1018/5003/5003 1017/5004/5004
f 1017/5005/5005 1018/5006/5006 1019/5007/5007
f 1018/5008/5008 1020/5009/5009 1019/5010/5010
f 1019/5011/5011 1020/5012/5012 1009/5013/5013
f 1019/5014/5014 1009/5015/5015 1011/5016/5016
s 125
f 1018/5017/5017 1015/5018/5018 1013/5019/5019
f 1018/5020/5020 1013/5021/5021 1020/5022/5022
f 1013/5023/5023 1009/5024/5024 1020/5025/5025
f 1013/5026/5026 1012/5027/5027 1009/5028/5028
s 126
f 1002/5029/5029 1000/5030/5030 997/5031/5031
f 1003/5032/5032 1002/5033/5033 997/5034/5034
f 1003/5035/5035 997/5036/5036 1006/5037/5037
f 997/5038/5038 1008/5039/5039 1006/5040/5040
s 127
f 1019/5041/5041 1011/5042/5042 1010/5043/5043
f 1017/5044/5044 1019/5045/5045 1010/5046/5046
f 1017/5047/5047 1010/5048/5048 1016/5049/5049
f 1010/5050/5050 1014/5051/5051 1016/5052/5052
o rbfoot,ox=-6.58,oy=3.47,oz=0.00,p=rbleg,
v -28.854226 9.338813 -11.336925
vn 0.527764 0.145029 -0.970203
vt 0.132998824 0.424396008
v -29.625038 1.970484 -12.857577
vn 0.527764 0.145029 -0.970203
vt 0.175787210 0.406688988
v -30.844869 1.972296 -13.520868
vn 0.527764 0.145029 -0.970203
vt 0.174078688 0.398362011
v -28.854870 16.700418 -19.555102
vn 0.393317 -0.209858 1.020774
vt 0.088812120 0.345640987
v -30.839383 24.073100 -17.274643
vn 0.393317 -0.209858 1.020774
vt 0.046523016 0.374410003
v -33.610080 16.712137 -17.720686
vn 0.393317 -0.209858 1.020774
vt 0.091739051 0.374909997
v -30.844872 1.972299 -17.279871
vn 0.527764 0.145029 0.970203
vt 0.173957303 0.375200003
v -29.625038 1.970485 -17.943153
vn 0.527764 0.145029 0.970203
vt 0.175789282 0.366990000
v -28.854223 9.338816 -19.463804
vn 0.527764 0.145029 0.970203
vt 0.133674562 0.348935008
v -32.761276 9.344281 -17.811994
vn 0.433751 0.012810 1.025898
vt 0.129947066 0.373106003
vn 0.433751 0.012810 1.025898
vt 0.133672044 0.348935008
vn 0.433751 0.012810 1.025898
vt 0.088814184 0.345640987
v -30.839383 24.073098 -13.526081
vn 0.393317 -0.209858 -1.020774
vt 0.046843335 0.398301005
v -28.854862 16.700417 -11.245628
vn 0.393317 -0.209858 -1.020774
vt 0.087835789 0.427073002
v -33.610087 16.712136 -13.080035
vn 0.393317 -0.209858 -1.020774
vt 0.090823524 0.398048997
vn 0.433751 0.012810 -1.025898
vt 0.087836705 0.427073002
vn 0.433751 0.012810 -1.025898
vt 0.132998824 0.424396008
v -32.761269 9.344280 -12.988740
vn 0.433751 0.012810 -1.025898
vt 0.129518211 0.399989009
v -29.953595 1.843694 -12.130406
vn -0.457588 -0.158953 1.003063
vt 0.183192432 0.990513980
v -29.169307 9.269771 -10.596145
vn -0.457588 -0.158953 1.003063
vt 0.152246684 0.978223026
v -33.425126 9.216353 -12.546350
vn -0.457588 -0.158953 1.003063
vt 0.148412034 0.998328984
v -29.150954 16.757776 -20.304652
vn -0.419382 0.235589 -1.004734
vt 0.171568453 0.979853988
v -34.288938 16.807393 -18.148314
vn -0.419382 0.235589 -1.004734
vt 0.176878512 0.998620987
v -31.554986 24.357285 -17.519440
vn -0.419382 0.235589 -1.004734
vt 0.148680270 0.998573005
v -29.953588 1.843696 -18.670325
vn -0.566193 -0.213868 -0.935116
vt 0.183944359 0.992100000
v -31.491246 1.778978 -17.724426
vn -0.566193 -0.213868 -0.935116
vt 0.183028832 0.998359978
v -33.425139 9.216354 -18.254391
vn -0.566193 -0.213868 -0.935116
vt 0.156061620 0.998411000
vn -0.463826 -0.012364 -1.012643
vt 0.093259424 0.662575006
v -29.169297 9.269775 -20.204582
vn -0.463826 -0.012364 -1.012643
vt 0.092342518 0.693367004
vn -0.463826 -0.012364 -1.012643
vt 0.073055409 0.693165004
v -31.554996 24.357284 -13.281279
vn -0.419382 0.235589 1.004734
vt 0.139259517 0.998512030
v -34.288961 16.807390 -12.652406
vn -0.419382 0.235589 1.004734
vt 0.174477950 0.998736978
v -29.150944 16.757773 -10.496061
vn -0.419382 0.235589 1.004734
vt 0.167936161 0.975269020
vn -0.431189 -0.034754 1.026455
vt 0.093472585 0.662433982
vn -0.431189 -0.034754 1.026455
vt 0.070290245 0.661705017
vn -0.431189 -0.034754 1.026455
vt 0.073094420 0.693350017
vn 0.082428 -1.100084 -0.154609
vt 0.062755845 0.358473003
vn 0.082428 -1.100084 -0.154609
vt 0.074534483 0.351565987
vn 0.082428 -1.100084 -0.154609
vt 0.070996508 0.344433993
vn 0.176330 -1.079031 0.212866
vt 0.062760204 0.395449013
vn 0.176330 -1.079031 0.212866
vt 0.056110583 0.399821997
vn 0.176330 -1.079031 0.212866
vt 0.071002699 0.409487009
vn 1.035812 -0.008020 0.409691
vt 0.094184816 0.410369009
vn 1.035812 -0.008020 0.409691
vt 0.092110313 0.413053006
vn 1.035812 -0.008020 0.409691
vt 0.118474290 0.430052012
vn 1.025230 -0.005347 -0.435533
vt 0.094214417 0.348475009
vn 1.025230 -0.005347 -0.435533
vt 0.120090574 0.331764996
vn 1.025230 -0.005347 -0.435533
vt 0.118505493 0.328792006
vn 0.984573 0.376385 -0.360123
vt 0.070106909 0.371569008
vn 0.984573 0.376385 -0.360123
vt 0.094215110 0.348475009
vn 0.984573 0.376385 -0.360123
vt 0.092140831 0.345789999
vn 0.490226 0.477193 0.878975
vt 0.070096582 0.387273997
vn 0.490226 0.477193 0.878975
vt 0.066862404 0.388300002
vn 0.490226 0.477193 0.878975
vt 0.092119493 0.413053006
v -29.955372 -0.847018 -14.346079
vn -0.822389 -0.751323 0.000000
vt 0.488487303 0.448891014
v -29.955366 -0.847018 -16.454662
vn -0.822389 -0.751323 0.000000
vt 0.449120075 0.448891014
v -28.870756 -2.034140 -15.400371
vn -0.822389 -0.751323 0.000000
vt 0.468768597 0.428636998
vn -0.000000 -0.739627 -0.832860
vt 0.449120075 0.448891014
v -27.786155 -0.847018 -16.454665
vn -0.000000 -0.739627 -0.832860
vt 0.449119389 0.408383012
vn -0.000000 -0.739627 -0.832860
vt 0.468768805 0.428636998
vn 0.822389 -0.751323 0.000000
vt 0.449110448 0.408383012
v -27.786155 -0.847018 -14.346079
vn 0.822389 -0.751323 0.000000
vt 0.488477200 0.408383012
vn 0.822389 -0.751323 0.000000
vt 0.468761921 0.428636998
vn -0.000000 -0.739627 0.832860
vt 0.488476276 0.408383012
vn -0.000000 -0.739627 0.832860
vt 0.488478124 0.448891014
vn -0.000000 -0.739627 0.832860
vt 0.468761474 0.428636998
vn 0.427959 0.184238 -1.011752
vt 0.132998824 0.424396008
vn 0.427959 0.184238 -1.011752
vt 0.174078688 0.398362011
vn 0.427959 0.184238 -1.011752
vt 0.129517972 0.399989009
vn 0.427959 0.184238 1.011752
vt 0.173956618 0.375200003
vn 0.427959 0.184238 1.011752
vt 0.133673415 0.348935008
vn 0.427959 0.184238 1.011752
vt 0.129947513 0.373106003
vn 0.400780 0.033305 1.038708
vt 0.129946828 0.373106003
vn 0.400780 0.033305 1.038708
vt 0.088813953 0.345640987
vn 0.400780 0.033305 1.038708
vt 0.091739282 0.374909997
vn 0.400780 0.033305 -1.038708
vt 0.087836705 0.427073002
vn 0.400780 0.033305 -1.038708
vt 0.129517972 0.399989009
vn 0.400780 0.033305 -1.038708
vt 0.090823524 0.398048997
vn -0.566193 -0.213868 0.935116
vt 0.183193579 0.990513980
vn -0.566193 -0.213868 0.935116
vt 0.148413867 0.998328984
v -31.491257 1.778975 -13.076322
vn -0.566193 -0.213868 0.935116
vt 0.182097927 0.998329997
vn -0.457588 -0.158953 -1.003063
vt 0.183945045 0.992100000
vn -0.457588 -0.158953 -1.003063
vt 0.156062081 0.998411000
vn -0.457588 -0.158953 -1.003063
vt 0.159113601 0.982304990
vn -0.431189 -0.034754 -1.026455
vt 0.093259424 0.662575006
vn -0.431189 -0.034754 -1.026455
vt 0.073055178 0.693165004
vn -0.431189 -0.034754 -1.026455
vt 0.070371240 0.661854029
vn -0.463826 -0.012364 1.012643
vt 0.093473278 0.662433982
vn -0.463826 -0.012364 1.012643
vt 0.073095106 0.693350017
vn -0.463826 -0.012364 1.012643
vt 0.092554994 0.693553984
vn 0.176330 -1.079031 -0.212866
vt 0.062755845 0.358473003
vn 0.176330 -1.079031 -0.212866
vt 0.070996046 0.344433993
vn 0.176330 -1.079031 -0.212866
vt 0.056106452 0.354099989
vn 0.082428 -1.100084 0.154609
vt 0.062760435 0.395449013
vn 0.082428 -1.100084 0.154609
vt 0.071003847 0.409487009
vn 0.082428 -1.100084 0.154609
vt 0.074541822 0.402355999
vn 1.025230 -0.005347 0.435533
vt 0.094185047 0.410369009
vn 1.025230 -0.005347 0.435533
vt 0.118474290 0.430052012
vn 1.025230 -0.005347 0.435533
vt 0.120060973 0.427078009
vn 1.035812 -0.008020 -0.409802
vt 0.094213963 0.348475009
vn 1.035812 -0.008020 -0.409802
vt 0.118504807 0.328792006
vn 1.035812 -0.008020 -0.409802
vt 0.092139915 0.345789999
vn 0.490226 0.477193 -0.878975
vt 0.070119068 0.371569008
vn 0.490226 0.477193 -0.878975
vt 0.092153676 0.345789999
vn 0.490226 0.477193 -0.878975
vt 0.066884667 0.370543003
vn 0.984573 0.376385 0.360123
vt 0.070095435 0.387273997
vn 0.984573 0.376385 0.360123
vt 0.092114441 0.413053006
vn 0.984573 0.376385 0.360123
vt 0.094188720 0.410369009
vn 1.015093 -0.199387 -0.413033
vt 0.120089427 0.331764996
vn 1.011974 -0.193261 -0.423503
vt 0.148830563 0.318354994
vn 1.012531 -0.186800 -0.424951
vt 0.147428125 0.315268993
vn 1.015093 -0.199387 -0.413033
vt 0.120089427 0.331764996
vn 1.012531 -0.186800 -0.424951
vt 0.147428125 0.315268993
vn 1.015873 -0.192815 -0.414147
vt 0.118504114 0.328792006
vn 1.015093 -0.199387 0.413033
vt 0.120060511 0.427078009
vn 1.015873 -0.192815 0.414147
vt 0.118473828 0.430052012
vn 1.012531 -0.186800 0.424951
vt 0.147408158 0.443574011
vn 1.015093 -0.199387 0.413033
vt 0.120060511 0.427078009
vn 1.012531 -0.186800 0.424951
vt 0.147408158 0.443574011
vn 1.011974 -0.193261 0.423503
vt 0.148811057 0.440488011
vn 1.042495 -0.392426 0.000000
vt 0.091739967 0.374909997
vn 1.042495 -0.392426 0.000000
vt 0.046536323 0.374410003
vn 1.042495 -0.392426 0.000000
vt 0.046834156 0.398301005
vn 1.042495 -0.392426 0.000000
vt 0.091739967 0.374909997
vn 1.042495 -0.392426 0.000000
vt 0.046834156 0.398301005
vn 1.042495 -0.392426 0.000000
vt 0.090823293 0.398048997
vn 1.078028 0.280256 -0.000000
vt 0.173960298 0.375200003
vn 1.078028 0.280256 -0.000000
vt 0.129947975 0.373106003
vn 1.078028 0.280256 -0.000000
vt 0.129518211 0.399989009
vn 1.078028 0.280256 -0.000000
vt 0.173960298 0.375200003
vn 1.078028 0.280256 -0.000000
vt 0.129518211 0.399989009
vn 1.078028 0.280256 -0.000000
vt 0.174075246 0.398362011
vn 1.106544 0.127430 -0.000000
vt 0.129518211 0.399989009
vn 1.106544 0.127430 -0.000000
vt 0.129947975 0.373106003
vn 1.106544 0.127430 -0.000000
vt 0.091739967 0.374909997
vn 1.106544 0.127430 -0.000000
vt 0.129518211 0.399989009
vn 1.106544 0.127430 -0.000000
vt 0.091739967 0.374909997
vn 1.106544 0.127430 -0.000000
vt 0.090823524 0.398048997
vn -1.047396 0.379282 0.000000
vt 0.248411015 0.946038008
vn -1.047396 0.379282 0.000000
vt 0.248410791 0.929750979
vn -1.047396 0.379282 0.000000
vt 0.223324195 0.929525018
vn -1.047396 0.379282 0.000000
vt 0.248411015 0.946038008
vn -1.047396 0.379282 0.000000
vt 0.223324195 0.929525018
vn -1.047396 0.379282 0.000000
vt 0.223325118 0.946264982
vn -1.078028 -0.280368 0.000000
vt 0.183636889 0.876451015
vn -1.078028 -0.280368 0.000000
vt 0.183635280 0.848164976
vn -1.078028 -0.280368 0.000000
vt 0.125541061 0.848089993
vn -1.078028 -0.280368 0.000000
vt 0.183636889 0.876451015
vn -1.078028 -0.280368 0.000000
vt 0.125541061 0.848089993
vn -1.078028 -0.280368 0.000000
vt 0.125542432 0.876525998
vn -1.106767 -0.125982 0.000000
vt 0.077694774 0.694544017
vn -1.106767 -0.125982 0.000000
vt 0.077875808 0.662185013
vn -1.106767 -0.125982 0.000000
vt 0.069818251 0.662185013
vn -1.106767 -0.125982 0.000000
vt 0.077694774 0.694544017
vn -1.106767 -0.125982 0.000000
vt 0.069818251 0.662185013
vn -1.106767 -0.125982 0.000000
vt 0.070003882 0.694544017
vn 0.319131 -1.067224 0.000000
vt 0.062760659 0.395449013
vn 0.319131 -1.067224 0.000000
vt 0.062755615 0.358473003
vn 0.319131 -1.067224 0.000000
vt 0.056105305 0.354099989
vn 0.319131 -1.067224 0.000000
vt 0.062760659 0.395449013
vn 0.319131 -1.067224 0.000000
vt 0.056105305 0.354099989
vn 0.319131 -1.067224 0.000000
vt 0.056110810 0.399821997
vn 0.411139 1.035255 0.000000
vt 0.070108972 0.387273997
vn 0.411139 1.035255 0.000000
vt 0.070112184 0.371569008
vn 0.411139 1.035255 0.000000
vt 0.066878013 0.370543003
vn 0.411139 1.035255 0.000000
vt 0.070108972 0.387273997
vn 0.411139 1.035255 0.000000
vt 0.066878013 0.370543003
vn 0.411139 1.035255 0.000000
vt 0.066874340 0.388300002
v -23.279428 16.624992 -17.363840
vn 1.113896 0.000000 0.000000
vt 0.288659334 0.756268978
v -23.279428 11.804271 -13.436890
vn 1.113896 0.000000 0.000000
vt 0.299627781 0.745323002
v -23.279428 11.804271 -17.363843
vn 1.113896 0.000000 0.000000
vt 0.299625009 0.756268978
vn 1.113896 0.000000 0.000000
vt 0.288659334 0.756268978
v -23.279428 16.624990 -13.436889
vn 1.113896 0.000000 0.000000
vt 0.288649470 0.745323002
vn 1.113896 0.000000 0.000000
vt 0.299627781 0.745323002
v -26.850819 8.421995 -17.363846
vn 1.108215 -0.111835 0.000000
vt 0.115007900 0.878310025
vn 1.108215 -0.111835 0.000000
vt 0.084855847 0.890619993
vn 1.108215 -0.111835 0.000000
vt 0.084857680 0.882018983
vn 1.108215 -0.111835 0.000000
vt 0.115007900 0.878310025
v -26.850819 8.421995 -13.436893
vn 1.108215 -0.111835 0.000000
vt 0.115000561 0.894329011
vn 1.108215 -0.111835 0.000000
vt 0.084855847 0.890619993
vn 0.765915 -0.808800 0.000000
vt 0.296448886 0.756268978
vn 0.765915 -0.808800 0.000000
vt 0.305307955 0.745323002
vn 0.765915 -0.808800 0.000000
vt 0.305316448 0.756268978
vn 0.765915 -0.808800 0.000000
vt 0.296448886 0.756268978
vn 0.765915 -0.808800 0.000000
vt 0.296451420 0.745323002
vn 0.765915 -0.808800 0.000000
vt 0.305307955 0.745323002
v -30.890694 8.421995 -17.363843
vn -0.000000 -0.108716 -1.108549
vt 0.112984560 0.880306005
vn -0.000000 -0.108716 -1.108549
vt 0.092194289 0.894595027
vn -0.000000 -0.108716 -1.108549
vt 0.092195213 0.880306005
vn -0.000000 -0.108716 -1.108549
vt 0.112984560 0.880306005
vn -0.000000 -0.108716 -1.108549
vt 0.113006823 0.894595027
vn -0.000000 -0.108716 -1.108549
vt 0.092194289 0.894595027
vn -1.108215 -0.111835 0.000000
vt 0.084868699 0.881892025
vn -1.108215 -0.111835 0.000000
vt 0.114991382 0.894201994
vn -1.108215 -0.111835 0.000000
vt 0.084869847 0.890492976
vn -1.108215 -0.111835 0.000000
vt 0.084868699 0.881892025
v -30.890694 8.421995 -13.436893
vn -1.108215 -0.111835 0.000000
vt 0.114991382 0.878183007
vn -1.108215 -0.111835 0.000000
vt 0.114991382 0.894201994
vn -0.000000 -0.108716 1.108549
vt 0.092116505 0.880279005
vn -0.000000 -0.108716 1.108549
vt 0.112916872 0.894568980
vn -0.000000 -0.108716 1.108549
vt 0.092119493 0.894568980
vn -0.000000 -0.108716 1.108549
vt 0.092116505 0.880279005
vn -0.000000 -0.108716 1.108549
vt 0.112920545 0.880279005
vn -0.000000 -0.108716 1.108549
vt 0.112916872 0.894568980
v -30.890694 19.874621 -13.436888
vn -0.000000 1.113896 0.000000
vt 0.273389786 0.745323002
v -27.981568 19.874622 -17.363840
vn -0.000000 1.113896 0.000000
vt 0.280063957 0.756268978
v -30.890694 19.874622 -17.363840
vn -0.000000 1.113896 0.000000
vt 0.273386776 0.756268978
vn -0.000000 1.113896 0.000000
vt 0.273389786 0.745323002
v -27.981575 19.874621 -13.436887
vn -0.000000 1.113896 0.000000
vt 0.280060500 0.745323002
vn -0.000000 1.113896 0.000000
vt 0.280063957 0.756268978
vn 0.633250 0.916402 0.000000
vt 0.288663030 0.745323002
vn 0.633250 0.916402 0.000000
vt 0.275670797 0.756268978
vn 0.633250 0.916402 0.000000
vt 0.275666654 0.745323002
vn 0.633250 0.916402 0.000000
vt 0.288663030 0.745323002
vn 0.633250 0.916402 0.000000
vt 0.288668305 0.756268978
vn 0.633250 0.916402 0.000000
vt 0.275670797 0.756268978
v -30.890694 16.624990 -13.436889
vn -0.000000 0.000000 1.113896
vt 0.038758472 0.669966996
vn -0.000000 0.000000 1.113896
vt 0.046582446 0.660130024
vn -0.000000 0.000000 1.113896
vt 0.038758472 0.660130024
vn -0.000000 0.000000 1.113896
vt 0.059215575 0.669966996
vn -0.000000 0.000000 1.113896
vt 0.046582446 0.660130024
vn -0.000000 0.000000 1.113896
vt 0.038758472 0.669966996
vn -0.000000 0.000000 1.113896
vt 0.059215575 0.669966996
vn -0.000000 0.000000 1.113896
vt 0.038758472 0.669966996
v -30.890694 11.804271 -13.436890
vn -0.000000 0.000000 1.113896
vt 0.038758472 0.684560001
vn -0.000000 0.000000 1.113896
vt 0.059215575 0.669966996
vn -0.000000 0.000000 1.113896
vt 0.038758472 0.684560001
vn -0.000000 0.000000 1.113896
vt 0.059205249 0.684560001
vn -0.000000 0.000000 1.113896
vt 0.038758472 0.684560001
vn -0.000000 0.000000 1.113896
vt 0.049627088 0.694799006
vn -0.000000 0.000000 1.113896
vt 0.059205249 0.684560001
vn -0.000000 0.000000 1.113896
vt 0.038758472 0.684560001
vn -0.000000 0.000000 1.113896
vt 0.038759161 0.694799006
vn -0.000000 0.000000 1.113896
vt 0.049627088 0.694799006
v -30.890694 11.804271 -17.363843
vn -0.000000 0.000000 -1.113896
vt 0.038766045 0.684629023
vn -0.000000 0.000000 -1.113896
vt 0.049652331 0.694868028
vn -0.000000 0.000000 -1.113896
vt 0.038766045 0.694868028
vn -0.000000 0.000000 -1.113896
vt 0.059205707 0.684629023
vn -0.000000 0.000000 -1.113896
vt 0.049652331 0.694868028
vn -0.000000 0.000000 -1.113896
vt 0.038766045 0.684629023
v -30.890694 16.624992 -17.363840
vn -0.000000 0.000000 -1.113896
vt 0.038768567 0.670036018
vn -0.000000 0.000000 -1.113896
vt 0.059205707 0.684629023
vn -0.000000 0.000000 -1.113896
vt 0.038766045 0.684629023
vn -0.000000 0.000000 -1.113896
vt 0.038768567 0.670036018
vn -0.000000 0.000000 -1.113896
vt 0.059248157 0.670036018
vn -0.000000 0.000000 -1.113896
vt 0.059205707 0.684629023
vn -0.000000 0.000000 -1.113896
vt 0.038768567 0.670036018
vn -0.000000 0.000000 -1.113896
vt 0.046613880 0.660198987
vn -0.000000 0.000000 -1.113896
vt 0.059248157 0.670036018
vn -0.000000 0.000000 -1.113896
vt 0.038768567 0.670036018
vn -0.000000 0.000000 -1.113896
vt 0.038769715 0.660198987
vn -0.000000 0.000000 -1.113896
vt 0.046613880 0.660198987
vn -1.113896 0.000000 0.000000
vt 0.221741870 0.457356989
vn -1.113896 0.000000 0.000000
vt 0.209534839 0.446889013
vn -1.113896 0.000000 0.000000
vt 0.221741870 0.446889013
vn -1.113896 0.000000 0.000000
vt 0.209534839 0.457356989
vn -1.113896 0.000000 0.000000
vt 0.209534839 0.446889013
vn -1.113896 0.000000 0.000000
vt 0.221741870 0.457356989
vn -1.113896 0.000000 0.000000
vt 0.221741870 0.472277999
vn -1.113896 0.000000 0.000000
vt 0.209534839 0.457356989
vn -1.113896 0.000000 0.000000
vt 0.221741870 0.457356989
vn -1.113896 0.000000 0.000000
vt 0.221741870 0.472277999
vn -1.113896 0.000000 0.000000
vt 0.209534839 0.472277999
vn -1.113896 0.000000 0.000000
vt 0.209534839 0.457356989
vn -1.113896 0.000000 0.000000
vt 0.221741870 0.472277999
vn -1.113896 0.000000 0.000000
vt 0.209534839 0.482336015
vn -1.113896 0.000000 0.000000
vt 0.209534839 0.472277999
vn -1.113896 0.000000 0.000000
vt 0.221741870 0.472277999
vn -1.113896 0.000000 0.000000
vt 0.221741870 0.482336015
vn -1.113896 0.000000 0.000000
vt 0.209534839 0.482336015
s off
f 1021/5053/5053 1022/5054/5054 1023/5055/5055
f 1024/5056/5056 1025/5057/5057 1026/5058/5058
f 1027/5059/5059 1028/5060/5060 1029/5061/5061
f 1030/5062/5062 1029/5063/5063 1024/5064/5064
f 1031/5065/5065 1032/5066/5066 1033/5067/5067
f 1032/5068/5068 1021/5069/5069 1034/5070/5070
f 1035/5071/5071 1036/5072/5072 1037/5073/5073
f 1038/5074/5074 1039/5075/5075 1040/5076/5076
f 1041/5077/5077 1042/5078/5078 1043/5079/5079
f 1038/5080/5080 1044/5081/5081 1043/5082/5082
f 1045/5083/5083 1046/5084/5084 1047/5085/5085
f 1047/5086/5086 1046/5087/5087 1037/5088/5088
f 1023/5089/5089 1022/5090/5090 1035/5091/5091
f 1027/5092/5092 1042/5093/5093 1041/5094/5094
f 1032/5095/5095 1047/5096/5096 1036/5097/5097
f 1024/5098/5098 1029/5099/5099 1044/5100/5100
f 1025/5101/5101 1024/5102/5102 1038/5103/5103
f 1031/5104/5104 1045/5105/5105 1047/5106/5106
f 1048/5107/5107 1049/5108/5108 1050/5109/5109
f 1049/5110/5110 1051/5111/5111 1050/5112/5112
f 1051/5113/5113 1052/5114/5114 1050/5115/5115
f 1052/5116/5116 1048/5117/5117 1050/5118/5118
f 1021/5119/5119 1023/5120/5120 1034/5121/5121
f 1027/5122/5122 1029/5123/5123 1030/5124/5124
f 1030/5125/5125 1024/5126/5126 1026/5127/5127
f 1032/5128/5128 1034/5129/5129 1033/5130/5130
f 1035/5131/5131 1037/5132/5132 1053/5133/5133
f 1041/5134/5134 1043/5135/5135 1044/5136/5136
f 1038/5137/5137 1043/5138/5138 1039/5139/5139
f 1047/5140/5140 1037/5141/5141 1036/5142/5142
f 1023/5143/5143 1035/5144/5144 1053/5145/5145
f 1027/5146/5146 1041/5147/5147 1028/5148/5148
f 1032/5149/5149 1036/5150/5150 1021/5151/5151
f 1024/5152/5152 1044/5153/5153 1038/5154/5154
f 1025/5155/5155 1038/5156/5156 1040/5157/5157
f 1031/5158/5158 1047/5159/5159 1032/5160/5160
s 128
f 1029/5161/5161 1028/5162/5162 1041/5163/5163
f 1029/5164/5164 1041/5165/5165 1044/5166/5166
s 129
f 1021/5167/5167 1036/5168/5168 1035/5169/5169
f 1021/5170/5170 1035/5171/5171 1022/5172/5172
s 130
f 1026/5173/5173 1025/5174/5174 1031/5175/5175
f 1026/5176/5176 1031/5177/5177 1033/5178/5178
s 131
f 1027/5179/5179 1030/5180/5180 1034/5181/5181
f 1027/5182/5182 1034/5183/5183 1023/5184/5184
s 132
f 1034/5185/5185 1030/5186/5186 1026/5187/5187
f 1034/5188/5188 1026/5189/5189 1033/5190/5190
s 133
f 1039/5191/5191 1046/5192/5192 1045/5193/5193
f 1039/5194/5194 1045/5195/5195 1040/5196/5196
s 134
f 1042/5197/5197 1053/5198/5198 1037/5199/5199
f 1042/5200/5200 1037/5201/5201 1043/5202/5202
s 135
f 1039/5203/5203 1043/5204/5204 1037/5205/5205
f 1039/5206/5206 1037/5207/5207 1046/5208/5208
s 136
f 1027/5209/5209 1023/5210/5210 1053/5211/5211
f 1027/5212/5212 1053/5213/5213 1042/5214/5214
s 137
f 1031/5215/5215 1025/5216/5216 1040/5217/5217
f 1031/5218/5218 1040/5219/5219 1045/5220/5220
s 138
f 1054/5221/5221 1055/5222/5222 1056/5223/5223
f 1054/5224/5224 1057/5225/5225 1055/5226/5226
s 139
f 1058/5227/5227 1052/5228/5228 1051/5229/5229
f 1058/5230/5230 1059/5231/5231 1052/5232/5232
s 140
f 1056/5233/5233 1059/5234/5234 1058/5235/5235
f 1056/5236/5236 1055/5237/5237 1059/5238/5238
s 141
f 1060/5239/5239 1051/5240/5240 1049/5241/5241
f 1060/5242/5242 1058/5243/5243 1051/5244/5244
s 142
f 1048/5245/5245 1060/5246/5246 1049/5247/5247
f 1048/5248/5248 1061/5249/5249 1060/5250/5250
s 143
f 1052/5251/5251 1061/5252/5252 1048/5253/5253
f 1052/5254/5254 1059/5255/5255 1061/5256/5256
s 144
f 1062/5257/5257 1063/5258/5258 1064/5259/5259
f 1062/5260/5260 1065/5261/5261 1063/5262/5262
s 145
f 1057/5263/5263 1063/5264/5264 1065/5265/5265
f 1057/5266/5266 1054/5267/5267 1063/5268/5268
s 146
f 1066/5269/5269 1065/5270/5270 1062/5271/5271
f 1057/5272/5272 1065/5273/5273 1066/5274/5274
f 1057/5275/5275 1066/5276/5276 1067/5277/5277
f 1057/5278/5278 1067/5279/5279 1055/5280/5280
f 1067/5281/5281 1059/5282/5282 1055/5283/5283
f 1067/5284/5284 1061/5285/5285 1059/5286/5286
s 147
f 1068/5287/5287 1058/5288/5288 1060/5289/5289
f 1056/5290/5290 1058/5291/5291 1068/5292/5292
f 1069/5293/5293 1056/5294/5294 1068/5295/5295
f 1069/5296/5296 1054/5297/5297 1056/5298/5298
f 1069/5299/5299 1063/5300/5300 1054/5301/5301
f 1069/5302/5302 1064/5303/5303 1063/5304/5304
s 148
f 1067/5305/5305 1060/5306/5306 1061/5307/5307
f 1068/5308/5308 1060/5309/5309 1067/5310/5310
f 1066/5311/5311 1068/5312/5312 1067/5313/5313
f 1066/5314/5314 1069/5315/5315 1068/5316/5316
f 1066/5317/5317 1064/5318/5318 1069/5319/5319
f 1066/5320/5320 1062/5321/5321 1064/5322/5322
o rmhip,ox=-11.58,oy=-6.10,oz=-1.27,p=pelvis,
v -20.852271 13.446520 -0.509768
vn 0.249179 0.449123 0.988471
vt 0.134837449 0.505236983
v -13.897248 10.889328 -0.641821
vn 0.409245 0.679365 0.782178
vt 0.127198413 0.529756010
v -20.211523 14.551562 -0.518453
vn -0.311222 -0.516736 0.936452
vt 0.127209201 0.505236983
vn 0.249179 0.449123 0.988471
vt 0.134837449 0.505236983
v -14.537995 9.784291 -0.633136
vn -0.380841 -0.683375 0.792871
vt 0.134827808 0.529756010
vn 0.409245 0.679365 0.782178
vt 0.127198413 0.529756010
vn -0.311222 -0.516736 0.936452
vt 0.134845018 0.505236983
v -13.920278 10.892646 -1.919004
vn 0.380841 0.683375 -0.792871
vt 0.127198413 0.529756010
v -20.234553 14.554877 -1.795636
vn 0.380841 0.683375 -0.792871
vt 0.127215624 0.505236983
vn -0.311222 -0.516736 0.936452
vt 0.134845018 0.505236983
vn 0.409245 0.679365 0.782178
vt 0.134827808 0.529756010
vn 0.380841 0.683375 -0.792871
vt 0.127198413 0.529756010
vn 0.249179 0.449123 0.988471
vt 0.127198875 0.505236983
v -14.561024 9.787606 -1.910320
vn -0.409245 -0.679365 -0.782178
vt 0.134827808 0.529756010
vn -0.380841 -0.683375 0.792871
vt 0.127198413 0.529756010
vn 0.249179 0.449123 0.988471
vt 0.127198875 0.505236983
v -20.875299 13.449839 -1.786952
vn -0.409245 -0.679365 -0.782178
vt 0.134828269 0.505236983
vn -0.409245 -0.679365 -0.782178
vt 0.134827808 0.529756010
vn -0.409245 -0.679365 -0.782178
vt 0.127207816 0.505236983
vn 0.380841 0.683375 -0.792871
vt 0.134827808 0.529756010
vn -0.409245 -0.679365 -0.782178
vt 0.127198413 0.529756010
vn -0.409245 -0.679365 -0.782178
vt 0.127207816 0.505236983
vn 0.380841 0.683375 -0.792871
vt 0.134838358 0.505236983
vn 0.380841 0.683375 -0.792871
vt 0.134827808 0.529756010
vn -0.963409 0.558730 0.018825
vt 0.139972880 0.525183976
vn -0.963409 0.558730 0.018825
vt 0.124470420 0.525192022
vn -0.963409 0.558730 0.018825
vt 0.124461010 0.510250986
vn -0.963409 0.558730 0.018825
vt 0.139972880 0.525183976
vn -0.963409 0.558730 0.018825
vt 0.124461010 0.510250986
vn -0.963409 0.558730 0.018825
vt 0.139964402 0.510244012
v -27.500345 17.488193 -0.538688
vn -0.380618 -0.683487 0.792982
vt 0.125489429 0.509382010
v -20.791201 13.589424 -1.626235
vn -0.409468 -0.679142 -0.782289
vt 0.131288454 0.528760016
v -20.774005 13.586948 -0.672685
vn -0.380730 -0.683598 0.792760
vt 0.125489891 0.528760016
vn -0.380618 -0.683487 0.792982
vt 0.125489429 0.509382010
v -27.517536 17.490669 -1.492238
vn -0.409580 -0.679254 -0.782066
vt 0.131287768 0.509382010
vn -0.409468 -0.679142 -0.782289
vt 0.131288454 0.528760016
vn -0.409580 -0.679254 -0.782066
vt 0.125489429 0.509382010
v -20.312818 14.414452 -1.632719
vn 0.380618 0.683487 -0.792982
vt 0.131297410 0.528760016
vn -0.409468 -0.679142 -0.782289
vt 0.125498146 0.528760016
vn -0.409580 -0.679254 -0.782066
vt 0.125489429 0.509382010
v -27.039156 18.315693 -1.498721
vn 0.380730 0.683598 -0.792760
vt 0.131287768 0.509382010
vn 0.380618 0.683487 -0.792982
vt 0.131297410 0.528760016
vn 0.380618 0.683487 -0.792982
vt 0.125505954 0.528760016
v -27.021960 18.313221 -0.545170
vn 0.409468 0.679142 0.782289
vt 0.131287768 0.509382010
v -20.295621 14.411976 -0.679168
vn 0.409580 0.679254 0.782066
vt 0.131304055 0.528760016
vn 0.380618 0.683487 -0.792982
vt 0.125505954 0.528760016
vn 0.380730 0.683598 -0.792760
vt 0.125489429 0.509382010
vn 0.409468 0.679142 0.782289
vt 0.131287768 0.509382010
vn 0.409580 0.679254 0.782066
vt 0.125499532 0.528760016
vn -0.380618 -0.683487 0.792982
vt 0.131287768 0.509382010
vn -0.380730 -0.683598 0.792760
vt 0.131296948 0.528760016
vn 0.409580 0.679254 0.782066
vt 0.125499532 0.528760016
vn 0.409468 0.679142 0.782289
vt 0.125489429 0.509382010
vn -0.380618 -0.683487 0.792982
vt 0.131287768 0.509382010
v -17.697521 11.916821 0.993534
vn 0.000223 -1.108326 -0.111167
vt 0.903268456 0.875409007
v -22.559902 11.916823 -3.515147
vn 0.000000 0.787636 -0.787636
vt 0.938480675 0.859942019
v -22.559897 11.916821 0.993536
vn -0.000000 0.787636 0.787636
vt 0.938480914 0.875409007
vn 0.000223 -1.108326 -0.111167
vt 0.903268456 0.875409007
v -17.697514 11.916822 -3.515147
vn -0.642272 0.901699 -0.123308
vt 0.903269589 0.859942019
vn 0.000000 0.787636 -0.787636
vt 0.938480675 0.859942019
v -17.697521 8.246299 0.993531
vn -1.025787 -0.320913 0.292398
vt 0.903263867 0.859942019
v -22.559902 9.017889 -3.515147
vn -0.117405 -0.739961 -0.824283
vt 0.938479066 0.875409007
v -17.697514 8.246300 -3.515147
vn -1.025787 -0.320913 -0.292398
vt 0.903264105 0.875409007
vn -1.025787 -0.320913 0.292398
vt 0.903263867 0.859942019
v -22.559896 9.017887 0.993534
vn -0.117405 -0.739961 0.824283
vt 0.938479304 0.859942019
vn -0.117405 -0.739961 -0.824283
vt 0.938479066 0.875409007
vn -0.642272 0.901699 -0.123308
vt 0.903267562 0.875409007
vn -0.117405 -0.739961 -0.824283
vt 0.938477695 0.859942019
vn 0.000000 0.787636 -0.787636
vt 0.938477695 0.875409007
vn -0.642272 0.901699 -0.123308
vt 0.903267562 0.875409007
vn -1.025787 -0.320913 -0.292398
vt 0.903264344 0.859942019
vn -0.117405 -0.739961 -0.824283
vt 0.938477695 0.859942019
vn 0.000223 -1.108326 -0.111167
vt 0.903266132 0.859942019
vn -0.117405 -0.739961 0.824283
vt 0.938477695 0.875409007
vn -1.025787 -0.320913 0.292398
vt 0.903263152 0.875409007
vn 0.000223 -1.108326 -0.111167
vt 0.903266132 0.859942019
vn -0.000000 0.787636 0.787636
vt 0.938477695 0.859942019
vn -0.117405 -0.739961 0.824283
vt 0.938477695 0.875409007
vn -0.369256 0.738847 0.747313
vt 0.317332089 0.964591026
v -15.569257 12.717128 -5.655841
vn -0.289947 1.070454 -0.103592
vt 0.327457041 0.973607004
v -17.697514 10.877732 -5.655838
vn -0.107491 0.997494 -0.484099
vt 0.313367337 0.974777997
vn -0.369256 0.738847 0.747313
vt 0.317332089 0.964591026
v -15.569253 12.717125 3.134222
vn -0.289947 1.070454 0.103592
vt 0.327456832 0.936583996
vn -0.289947 1.070454 -0.103592
vt 0.327457041 0.973607004
vn -0.369256 0.738847 0.747313
vt 0.317332089 0.964591026
vn -0.264105 0.298970 1.040045
vt 0.317330956 0.945600986
vn -0.289947 1.070454 0.103592
vt 0.327456832 0.936583996
vn -0.289947 1.070454 0.103592
vt 0.327456832 0.936583996
vn -0.264105 0.298970 1.040045
vt 0.317330956 0.945600986
v -17.697514 10.877729 3.134221
vn -1.048065 0.339515 0.164745
vt 0.313365966 0.935413003
vn -1.025787 -0.320913 -0.292398
vt 0.069281101 0.966166973
vn -0.642272 0.901699 -0.123308
vt 0.095956676 0.966166973
vn -1.048065 -0.159398 0.342077
vt 0.088390380 0.977231026
vn -1.025787 -0.320913 -0.292398
vt 0.069281101 0.966166973
vn -1.048065 -0.238151 -0.292732
vt 0.088390380 0.977231026
v -17.697514 7.465817 -5.655839
vn -0.779839 -0.795322 0.000000
vt 0.063609876 0.977231026
v -17.697514 7.465816 3.134221
vn -0.779839 -0.795322 0.000000
vt 0.063608266 0.931801021
vn -1.025787 -0.320913 -0.292398
vt 0.069281101 0.966166973
vn -0.779839 -0.795322 0.000000
vt 0.063609876 0.977231026
vn -1.025787 -0.320913 0.292398
vt 0.069280177 0.942865014
vn -1.025787 -0.320913 -0.292398
vt 0.069281101 0.966166973
vn -0.779839 -0.795322 0.000000
vt 0.063608266 0.931801021
vn -1.048065 0.339515 0.164745
vt 0.088389002 0.931801021
vn -1.025787 -0.320913 0.292398
vt 0.069280177 0.942865014
vn -0.779839 -0.795322 0.000000
vt 0.063608266 0.931801021
vn -1.048065 0.339515 0.164745
vt 0.088389002 0.931801021
vn -0.264105 0.298970 1.040045
vt 0.095955297 0.942865014
vn -1.025787 -0.320913 0.292398
vt 0.069280177 0.942865014
v -11.544882 7.586631 -5.655837
vn 0.124199 -1.106990 0.000000
vt 0.039932366 0.909977019
v -7.290846 8.627817 -3.581690
vn 0.264773 -1.081927 0.000000
vt 0.053908497 0.916424990
v -7.290843 8.627816 1.060076
vn 0.264773 -1.081927 0.000000
vt 0.053907812 0.930853009
vn 0.124199 -1.106990 0.000000
vt 0.039932366 0.909977019
vn 0.264773 -1.081927 0.000000
vt 0.053907812 0.930853009
v -11.544882 7.586627 3.134221
vn 0.124199 -1.106990 0.000000
vt 0.039930988 0.937300026
vn 0.124199 -1.106990 0.000000
vt 0.039932366 0.909977019
vn 0.124199 -1.106990 0.000000
vt 0.039930988 0.937300026
vn -0.779839 -0.795322 0.000000
vt 0.020825839 0.937300026
vn 0.124199 -1.106990 0.000000
vt 0.039932366 0.909977019
vn -0.779839 -0.795322 0.000000
vt 0.020825839 0.937300026
vn -0.779839 -0.795322 0.000000
vt 0.020826984 0.909977019
v -7.290843 12.717126 1.060078
vn -0.000000 1.113896 0.000000
vt 0.261353672 0.930585980
v -7.290843 12.717128 -3.581688
vn -0.000000 1.113896 0.000000
vt 0.261353672 0.915727019
v -11.544882 12.717128 -5.655837
vn -0.000000 1.113896 0.000000
vt 0.274964511 0.909088016
v -11.544882 12.717125 3.134224
vn -0.000000 1.113896 0.000000
vt 0.274964511 0.937225997
vn -0.000000 1.113896 0.000000
vt 0.261353672 0.930585980
vn -0.000000 1.113896 0.000000
vt 0.274964511 0.909088016
vn -0.000000 1.113896 0.000000
vt 0.274964511 0.937225997
vn -0.000000 1.113896 0.000000
vt 0.274964511 0.909088016
vn -0.289947 1.070454 0.103592
vt 0.287843853 0.937225997
vn -0.000000 1.113896 0.000000
vt 0.274964511 0.909088016
vn -0.289947 1.070454 -0.103592
vt 0.287843853 0.909088016
vn -0.289947 1.070454 0.103592
vt 0.287843853 0.937225997
v -11.565235 17.203846 -3.965321
vn 0.000000 0.000000 -1.113896
vt 0.138184741 0.506388009
v -9.223060 11.794816 -2.613064
vn 0.964634 0.000000 -0.556948
vt 0.124940112 0.530718982
v -11.565238 11.794817 -3.965323
vn 0.000000 0.000000 -1.113896
vt 0.124940112 0.506388009
vn 0.000000 0.000000 -1.113896
vt 0.138184741 0.506388009
v -9.223060 17.203846 -2.613062
vn 0.964634 0.000000 -0.556948
vt 0.138184741 0.530718982
vn 0.964634 0.000000 -0.556948
vt 0.124940112 0.530718982
vn 0.964634 0.000000 -0.556948
vt 0.138184741 0.506388009
v -9.223060 11.794815 0.091450
vn 0.964634 0.000000 0.556948
vt 0.124940112 0.530718982
vn 0.964634 0.000000 -0.556948
vt 0.124940112 0.506388009
vn 0.964634 0.000000 -0.556948
vt 0.138184741 0.506388009
v -9.223060 17.203846 0.091452
vn 0.964634 0.000000 0.556948
vt 0.138184741 0.530718982
vn 0.964634 0.000000 0.556948
vt 0.124940112 0.530718982
vn 0.964634 0.000000 0.556948
vt 0.124940112 0.506388009
v -11.565238 17.203845 1.443710
vn -0.000000 0.000000 1.113896
vt 0.138184741 0.530718982
v -11.565238 11.794815 1.443708
vn -0.000000 0.000000 1.113896
vt 0.124940112 0.530718982
vn 0.964634 0.000000 0.556948
vt 0.124940112 0.506388009
vn 0.964634 0.000000 0.556948
vt 0.138184741 0.506388009
vn -0.000000 0.000000 1.113896
vt 0.138184741 0.530718982
vn -0.000000 0.000000 1.113896
vt 0.124940112 0.506388009
v -13.907415 17.203846 0.091452
vn -0.964634 0.000000 0.556948
vt 0.138184741 0.530718982
v -13.907417 11.794816 0.091450
vn -0.964634 0.000000 0.556948
vt 0.124940112 0.530718982
vn -0.000000 0.000000 1.113896
vt 0.124940112 0.506388009
vn -0.000000 0.000000 1.113896
vt 0.138184741 0.506388009
vn -0.964634 0.000000 0.556948
vt 0.138184741 0.530718982
vn -0.964634 0.000000 0.556948
vt 0.138184741 0.506388009
v -13.907417 11.794817 -2.613064
vn -0.964634 0.000000 -0.556948
vt 0.124940112 0.530718982
vn -0.964634 0.000000 0.556948
vt 0.124940112 0.506388009
vn -0.964634 0.000000 0.556948
vt 0.138184741 0.506388009
v -13.907415 17.203846 -2.613062
vn -0.964634 0.000000 -0.556948
vt 0.138184741 0.530718982
vn -0.964634 0.000000 -0.556948
vt 0.124940112 0.530718982
vn -0.964634 0.000000 -0.556948
vt 0.138185203 0.506388009
vn 0.000000 0.000000 -1.113896
vt 0.124940112 0.530718982
vn -0.964634 0.000000 -0.556948
vt 0.124940112 0.506388009
vn -0.964634 0.000000 -0.556948
vt 0.138185203 0.506388009
vn 0.000000 0.000000 -1.113896
vt 0.138184741 0.530718982
vn 0.000000 0.000000 -1.113896
vt 0.124940112 0.530718982
vn -0.000000 0.000000 1.113896
vt 0.076425195 0.984791994
vn -0.000000 0.000000 1.113896
vt 0.066785313 0.984791994
vn 0.230354 0.000000 1.089836
vt 0.067149684 0.971219003
vn -0.000000 0.000000 1.113896
vt 0.076425195 0.984791994
vn 0.230354 0.000000 1.089836
vt 0.067149684 0.971219003
vn -0.000000 0.000000 1.113896
vt 0.081669629 0.980096996
vn 0.250515 0.000000 1.085380
vt 0.081668019 0.971219003
vn -0.000000 0.000000 1.113896
vt 0.081669629 0.980096996
vn 0.230354 0.000000 1.089836
vt 0.067149684 0.971219003
vn 0.920078 0.000000 0.627903
vt 0.070077993 0.960779011
vn 0.250515 0.000000 1.085380
vt 0.081668019 0.971219003
vn 0.230354 0.000000 1.089836
vt 0.067149684 0.971219003
vn 0.920078 0.000000 0.627903
vt 0.070077993 0.960779011
vn 0.944584 0.000000 0.590365
vt 0.081668712 0.960779011
vn 0.250515 0.000000 1.085380
vt 0.081668019 0.971219003
vn 0.944584 0.000000 -0.590365
vt 0.081670091 0.950538993
vn 0.944584 0.000000 0.590365
vt 0.081668712 0.960779011
vn 0.920078 0.000000 0.627903
vt 0.070077993 0.960779011
vn 0.944584 0.000000 -0.590365
vt 0.081670091 0.950538993
vn 0.920078 0.000000 0.627903
vt 0.070077993 0.960779011
vn 0.920078 0.000000 -0.627903
vt 0.070080064 0.950538993
vn 0.944584 0.000000 -0.590365
vt 0.081670091 0.950538993
vn 0.920078 0.000000 -0.627903
vt 0.070080064 0.950538993
vn 0.250515 0.000000 -1.085380
vt 0.081669167 0.940099001
vn 0.920078 0.000000 -0.627903
vt 0.070080064 0.950538993
vn 0.230354 0.000000 -1.089836
vt 0.067152210 0.940099001
vn 0.250515 0.000000 -1.085380
vt 0.081669167 0.940099001
vn 0.000000 0.000000 -1.113896
vt 0.081670545 0.931221008
vn 0.250515 0.000000 -1.085380
vt 0.081669167 0.940099001
vn 0.230354 0.000000 -1.089836
vt 0.067152210 0.940099001
vn 0.000000 0.000000 -1.113896
vt 0.081670545 0.931221008
vn 0.230354 0.000000 -1.089836
vt 0.067152210 0.940099001
vn 0.000000 0.000000 -1.113896
vt 0.076427944 0.926526010
vn 0.230354 0.000000 -1.089836
vt 0.067152210 0.940099001
vn 0.000000 0.000000 -1.113896
vt 0.066788293 0.926526010
vn 0.000000 0.000000 -1.113896
vt 0.076427944 0.926526010
s 110
f 1070/5323/5323 1071/5324/5324 1072/5325/5325
f 1070/5326/5326 1073/5327/5327 1071/5328/5328
f 1072/5329/5329 1074/5330/5330 1075/5331/5331
f 1072/5332/5332 1071/5333/5333 1074/5334/5334
f 1070/5335/5335 1076/5336/5336 1073/5337/5337
f 1070/5338/5338 1077/5339/5339 1076/5340/5340
f 1077/5341/5341 1074/5342/5342 1076/5343/5343
f 1077/5344/5344 1075/5345/5345 1074/5346/5346
s 111
f 1072/5347/5347 1075/5348/5348 1077/5349/5349
f 1072/5350/5350 1077/5351/5351 1070/5352/5352
s 112
f 1078/5353/5353 1079/5354/5354 1080/5355/5355
f 1078/5356/5356 1081/5357/5357 1079/5358/5358
f 1081/5359/5359 1082/5360/5360 1079/5361/5361
f 1081/5362/5362 1083/5363/5363 1082/5364/5364
f 1082/5365/5365 1084/5366/5366 1085/5367/5367
f 1082/5368/5368 1083/5369/5369 1084/5370/5370
f 1085/5371/5371 1078/5372/5372 1080/5373/5373
f 1085/5374/5374 1084/5375/5375 1078/5376/5376
s 113
f 1086/5377/5377 1087/5378/5378 1088/5379/5379
f 1086/5380/5380 1089/5381/5381 1087/5382/5382
f 1090/5383/5383 1091/5384/5384 1092/5385/5385
f 1090/5386/5386 1093/5387/5387 1091/5388/5388
f 1089/5389/5389 1091/5390/5390 1087/5391/5391
f 1089/5392/5392 1092/5393/5393 1091/5394/5394
f 1086/5395/5395 1093/5396/5396 1090/5397/5397
f 1086/5398/5398 1088/5399/5399 1093/5400/5400
f 1089/5401/5401 1094/5402/5402 1095/5403/5403
f 1089/5404/5404 1096/5405/5405 1094/5406/5406
f 1089/5407/5407 1086/5408/5408 1096/5409/5409
f 1096/5410/5410 1086/5411/5411 1097/5412/5412
f 1092/5413/5413 1089/5414/5414 1095/5415/5415
f 1092/5416/5416 1095/5417/5417 1098/5418/5418
f 1099/5419/5419 1092/5420/5420 1098/5421/5421
f 1090/5422/5422 1092/5423/5423 1099/5424/5424
f 1097/5425/5425 1090/5426/5426 1099/5427/5427
f 1097/5428/5428 1086/5429/5429 1090/5430/5430
f 1100/5431/5431 1101/5432/5432 1102/5433/5433
f 1100/5434/5434 1102/5435/5435 1103/5436/5436
f 1100/5437/5437 1103/5438/5438 1099/5439/5439
f 1100/5440/5440 1099/5441/5441 1098/5442/5442
f 1104/5443/5443 1105/5444/5444 1106/5445/5445
f 1107/5446/5446 1104/5447/5447 1106/5448/5448
f 1107/5449/5449 1106/5450/5450 1096/5451/5451
f 1106/5452/5452 1094/5453/5453 1096/5454/5454
s 114
f 1108/5455/5455 1109/5456/5456 1110/5457/5457
f 1108/5458/5458 1111/5459/5459 1109/5460/5460
f 1111/5461/5461 1112/5462/5462 1109/5463/5463
f 1111/5464/5464 1113/5465/5465 1112/5466/5466
f 1112/5467/5467 1114/5468/5468 1115/5469/5469
f 1112/5470/5470 1113/5471/5471 1114/5472/5472
f 1115/5473/5473 1116/5474/5474 1117/5475/5475
f 1115/5476/5476 1114/5477/5477 1116/5478/5478
f 1116/5479/5479 1118/5480/5480 1117/5481/5481
f 1116/5482/5482 1119/5483/5483 1118/5484/5484
f 1119/5485/5485 1110/5486/5486 1118/5487/5487
f 1119/5488/5488 1108/5489/5489 1110/5490/5490
s 115
f 1097/5491/5491 1099/5492/5492 1103/5493/5493
f 1097/5494/5494 1103/5495/5495 1096/5496/5496
f 1107/5497/5497 1096/5498/5498 1103/5499/5499
f 1102/5500/5500 1107/5501/5501 1103/5502/5502
f 1102/5503/5503 1104/5504/5504 1107/5505/5505
f 1105/5506/5506 1104/5507/5507 1102/5508/5508
f 1105/5509/5509 1102/5510/5510 1101/5511/5511
f 1105/5512/5512 1101/5513/5513 1106/5514/5514
f 1101/5515/5515 1100/5516/5516 1106/5517/5517
f 1094/5518/5518 1106/5519/5519 1100/5520/5520
f 1094/5521/5521 1100/5522/5522 1095/5523/5523
f 1100/5524/5524 1098/5525/5525 1095/5526/5526
o rmleg,ox=-9.43,oy=-5.22,oz=0.00,p=rmhip,
v -28.643202 16.257437 1.533652
vn -0.102813 1.109106 0.000000
vt 0.068250157 0.939163983
v -22.199236 13.054568 1.071915
vn 0.258981 1.083375 0.000000
vt 0.065077245 0.982179999
v -28.643202 16.257437 0.679636
vn -0.192370 1.097188 0.000000
vt 0.063111499 0.939114988
vn -0.102813 1.109106 0.000000
vt 0.068250157 0.939163983
v -22.199236 13.054566 2.714400
vn 0.240713 1.087608 0.000000
vt 0.074905969 0.982276022
vn 0.258981 1.083375 0.000000
vt 0.065077245 0.982179999
v -22.199236 6.372875 2.714397
vn -0.333055 -1.062991 0.000000
vt 0.068250380 0.517105997
v -20.186315 6.372876 1.071910
vn 0.420384 -1.031579 0.000000
vt 0.075879551 0.526404977
v -20.186311 6.372875 2.714398
vn 0.420384 -1.031579 0.000000
vt 0.068250380 0.526404977
vn -0.333055 -1.062991 0.000000
vt 0.068250380 0.517105997
v -22.199236 6.372876 1.071912
vn -0.354999 -1.055862 0.000000
vt 0.075879321 0.517105997
vn 0.420384 -1.031579 0.000000
vt 0.075879551 0.526404977
vn 0.240713 1.087608 0.000000
vt 0.068254285 0.580983996
v -20.186311 13.054568 1.071914
vn 0.420384 1.031579 0.000000
vt 0.075881153 0.571684003
vn 0.258981 1.083375 0.000000
vt 0.075880468 0.580983996
vn 0.240713 1.087608 0.000000
vt 0.068254285 0.580983996
v -20.186311 13.054566 2.714401
vn 0.420384 1.031579 0.000000
vt 0.068254746 0.571684003
vn 0.420384 1.031579 0.000000
vt 0.075881153 0.571684003
v -29.678529 11.927223 1.372523
vn -0.983904 -0.522194 0.000000
vt 0.072633214 0.519244015
vn -0.354999 -1.055862 0.000000
vt 0.077404283 0.578139007
vn -0.333055 -1.062991 0.000000
vt 0.066967957 0.578637004
vn -0.983904 -0.522194 0.000000
vt 0.072633214 0.519244015
v -29.678529 11.927223 0.626107
vn -0.998942 -0.492788 0.000000
vt 0.077393726 0.519017994
vn -0.354999 -1.055862 0.000000
vt 0.077404283 0.578139007
vn 0.420384 1.031579 0.000000
vt 0.068251073 0.566147983
v -18.783226 11.683398 1.071913
vn 1.026678 0.432192 0.000000
vt 0.075874045 0.557084978
vn 0.420384 1.031579 0.000000
vt 0.075877942 0.566147983
vn 0.420384 1.031579 0.000000
vt 0.068251073 0.566147983
v -18.783226 11.683397 2.714398
vn 1.026678 0.432192 0.000000
vt 0.068247631 0.557084978
vn 1.026678 0.432192 0.000000
vt 0.075874045 0.557084978
vn 0.420384 -1.031579 0.000000
vt 0.068248086 0.529823005
v -18.783226 7.744044 1.071913
vn 1.026678 -0.432192 0.000000
vt 0.075873122 0.538886011
v -18.783226 7.744043 2.714398
vn 1.026678 -0.432192 0.000000
vt 0.068244874 0.538886011
vn 0.420384 -1.031579 0.000000
vt 0.068248086 0.529823005
vn 0.420384 -1.031579 0.000000
vt 0.075877257 0.529823005
vn 1.026678 -0.432192 0.000000
vt 0.075873122 0.538886011
vn 1.026678 -0.432192 0.000000
vt 0.075872205 0.557084978
vn 1.026678 0.432192 0.000000
vt 0.068240516 0.538886011
vn 1.026678 -0.432192 0.000000
vt 0.068244420 0.557084978
vn 1.026678 -0.432192 0.000000
vt 0.075872205 0.557084978
vn 1.026678 0.432192 0.000000
vt 0.075869225 0.538886011
vn 1.026678 0.432192 0.000000
vt 0.068240516 0.538886011
v -29.678529 15.259455 1.372525
vn -1.018658 0.450571 0.000000
vt 0.113163084 0.358597010
vn -0.998942 -0.492788 0.000000
vt 0.105775073 0.319426000
vn -0.983904 -0.522194 0.000000
vt 0.114442065 0.319720000
vn -1.018658 0.450571 0.000000
vt 0.113163084 0.358597010
v -29.678529 15.259455 0.626110
vn -1.027346 0.430521 0.000000
vt 0.104432300 0.358303010
vn -0.998942 -0.492788 0.000000
vt 0.105775073 0.319426000
vn -1.018658 0.450571 0.000000
vt 0.113163084 0.358597010
vn -0.192370 1.097188 0.000000
vt 0.104493335 0.375101000
vn -1.027346 0.430521 0.000000
vt 0.104432300 0.358303010
vn -1.018658 0.450571 0.000000
vt 0.113163084 0.358597010
vn -0.102813 1.109106 0.000000
vt 0.114451014 0.375436991
vn -0.192370 1.097188 0.000000
vt 0.104493335 0.375101000
v -22.199238 6.372876 -3.602564
vn -0.354999 -1.055862 0.000000
vt 0.077282667 0.578140020
v -29.678529 11.927224 -3.894246
vn -0.983904 -0.522194 0.000000
vt 0.072572634 0.519244015
v -22.199236 6.372876 -5.236007
vn -0.333055 -1.062991 0.000000
vt 0.066968642 0.578638017
vn -0.354999 -1.055862 0.000000
vt 0.077282667 0.578140020
v -29.678529 11.927224 -3.153822
vn -0.999053 -0.492676 0.000000
vt 0.077271655 0.519017994
vn -0.983904 -0.522194 0.000000
vt 0.072572634 0.519244015
v -22.199236 13.054570 -5.236005
vn 0.240713 1.087608 0.000000
vt 0.068316005 0.581192017
v -20.186316 13.054568 -3.602561
vn 0.420384 1.031579 0.000000
vt 0.075882070 0.571892023
v -20.186316 13.054570 -5.236003
vn 0.420384 1.031579 0.000000
vt 0.068316236 0.571892023
vn 0.240713 1.087608 0.000000
vt 0.068316005 0.581192017
v -22.199238 13.054568 -3.602561
vn 0.258981 1.083375 0.000000
vt 0.075881384 0.581192017
vn 0.420384 1.031579 0.000000
vt 0.075882070 0.571892023
vn -0.333055 -1.062991 0.000000
vt 0.068311878 0.580330014
v -20.186316 6.372876 -3.602564
vn 0.420384 -1.031579 0.000000
vt 0.075880237 0.571030021
vn -0.354999 -1.055862 0.000000
vt 0.075879775 0.580330014
vn -0.333055 -1.062991 0.000000
vt 0.068311878 0.580330014
v -20.186316 6.372876 -5.236006
vn 0.420384 -1.031579 0.000000
vt 0.068312109 0.571030021
vn 0.420384 -1.031579 0.000000
vt 0.075880237 0.571030021
vn 0.258981 1.083375 0.000000
vt 0.065078162 0.982179999
v -28.643202 16.257437 -4.055372
vn -0.102813 1.109106 0.000000
vt 0.068189345 0.939164996
v -28.643202 16.257437 -3.207714
vn -0.192481 1.097188 0.000000
vt 0.063113563 0.939113975
vn 0.258981 1.083375 0.000000
vt 0.065078162 0.982179999
vn 0.240713 1.087608 0.000000
vt 0.074845619 0.982279003
vn -0.102813 1.109106 0.000000
vt 0.068189345 0.939164996
v -29.678529 15.259455 -3.153820
vn -1.027346 0.430409 0.000000
vt 0.114442065 0.336558014
vn -0.983904 -0.522194 0.000000
vt 0.124390796 0.375142992
vn -0.999053 -0.492676 0.000000
vt 0.115784839 0.375434995
vn -1.027346 0.430409 0.000000
vt 0.114442065 0.336558014
v -29.678529 15.259455 -3.894243
vn -1.018658 0.450571 0.000000
vt 0.123111352 0.336266011
vn -0.983904 -0.522194 0.000000
vt 0.124390796 0.375142992
vn -1.027346 0.430409 0.000000
vt 0.114442065 0.336558014
vn -0.192481 1.097188 0.000000
vt 0.114504248 0.319759995
vn -1.018658 0.450571 0.000000
vt 0.123111352 0.336266011
vn -0.192481 1.097188 0.000000
vt 0.114504248 0.319759995
vn -0.102813 1.109106 0.000000
vt 0.124400429 0.319426000
vn -1.018658 0.450571 0.000000
vt 0.123111352 0.336266011
v -18.783226 7.744045 -3.602564
vn 1.026678 -0.432192 0.000000
vt 0.075872667 0.557084978
vn 0.420384 -1.031579 0.000000
vt 0.075877942 0.566147983
vn 0.420384 -1.031579 0.000000
vt 0.068309814 0.566147983
v -18.783226 7.744047 -5.236006
vn 1.026678 -0.432192 0.000000
vt 0.068305455 0.557084978
vn 1.026678 -0.432192 0.000000
vt 0.075872667 0.557084978
vn 0.420384 -1.031579 0.000000
vt 0.068309814 0.566147983
vn 1.026678 -0.432192 0.000000
vt 0.068305455 0.557084978
v -18.783226 11.683399 -3.602564
vn 1.026678 0.432192 0.000000
vt 0.075870603 0.538886011
vn 1.026678 -0.432192 0.000000
vt 0.075872667 0.557084978
vn 1.026678 -0.432192 0.000000
vt 0.068305455 0.557084978
v -18.783226 11.683401 -5.236006
vn 1.026678 0.432192 0.000000
vt 0.068304762 0.538886011
vn 1.026678 0.432192 0.000000
vt 0.075870603 0.538886011
vn 1.026678 0.432192 0.000000
vt 0.075870603 0.538886011
vn 1.026678 0.432192 0.000000
vt 0.068304762 0.538886011
vn 0.420384 1.031579 0.000000
vt 0.068312339 0.529823005
vn 1.026678 0.432192 0.000000
vt 0.075870603 0.538886011
vn 0.420384 1.031579 0.000000
vt 0.068312339 0.529823005
vn 0.420384 1.031579 0.000000
vt 0.075879321 0.529823005
vn -0.189808 0.004567 1.097633
vt 0.047009692 0.937637985
vn -0.171317 0.000000 1.100641
vt 0.049139954 0.934010983
vn -0.194486 0.003453 1.096742
vt 0.046450738 0.924727023
vn -0.111390 0.001114 1.108326
vt 0.026201291 0.934005022
vn -0.189808 0.004567 1.097633
vt 0.047009692 0.937637985
vn -0.194486 0.003453 1.096742
vt 0.046450738 0.924727023
vn -0.111390 0.001114 1.108326
vt 0.026201291 0.934005022
vn -0.194486 0.003453 1.096742
vt 0.046450738 0.924727023
vn -0.073851 0.000000 1.111445
vt 0.020830426 0.915387988
vn -0.000000 0.000000 1.113896
vt 0.015574979 0.932944000
vn -0.000000 0.000000 1.113896
vt 0.020584680 0.935630977
vn -0.111390 0.001114 1.108326
vt 0.026201291 0.934005022
vn -0.000000 0.000000 1.113896
vt 0.012401151 0.921967983
vn -0.000000 0.000000 1.113896
vt 0.015574979 0.932944000
vn -0.111390 0.001114 1.108326
vt 0.026201291 0.934005022
vn -0.000000 0.000000 1.113896
vt 0.012401151 0.921967983
vn -0.111390 0.001114 1.108326
vt 0.026201291 0.934005022
vn -0.073851 0.000000 1.111445
vt 0.020830426 0.915387988
vn -0.000000 0.000000 1.113896
vt 0.012401151 0.921967983
vn -0.073851 0.000000 1.111445
vt 0.020830426 0.915387988
vn -0.000000 0.000000 1.113896
vt 0.015212668 0.917014003
v -27.487387 14.761364 -5.210986
vn -0.000000 1.113896 0.000000
vt 0.357073098 0.518890023
v -28.920384 13.934024 2.689377
vn -0.964634 0.556948 0.000000
vt 0.314585984 0.533044994
v -27.487387 14.761363 2.689377
vn -0.000000 1.113896 0.000000
vt 0.314591259 0.518890023
vn -0.000000 1.113896 0.000000
vt 0.357073098 0.518890023
v -28.920384 13.934027 -5.210990
vn -0.964634 0.556948 0.000000
vt 0.357067138 0.533044994
vn -0.964634 0.556948 0.000000
vt 0.314585984 0.533044994
vn -0.964634 0.556948 0.000000
vt 0.314585984 0.533044994
vn -0.964634 0.556948 0.000000
vt 0.357067138 0.533044994
v -28.920384 12.279344 2.689377
vn -0.964634 -0.556948 0.000000
vt 0.314581841 0.547199011
vn -0.964634 0.556948 0.000000
vt 0.357067138 0.533044994
v -28.920384 12.279346 -5.210991
vn -0.964634 -0.556948 0.000000
vt 0.357062787 0.547199011
vn -0.964634 -0.556948 0.000000
vt 0.314581841 0.547199011
vn -0.964634 -0.556948 0.000000
vt 0.314581841 0.547199011
vn -0.964634 -0.556948 0.000000
vt 0.357062787 0.547199011
v -27.487387 11.452006 -5.210989
vn -0.000000 -1.113896 0.000000
vt 0.357063472 0.561353028
vn -0.964634 -0.556948 0.000000
vt 0.314581841 0.547199011
vn -0.000000 -1.113896 0.000000
vt 0.357063472 0.561353028
v -27.487387 11.452002 2.689375
vn -0.000000 -1.113896 0.000000
vt 0.314582080 0.561353028
vn -0.000000 -1.113896 0.000000
vt 0.357063472 0.561353028
v -26.054399 12.279344 2.689377
vn 0.964634 -0.556948 0.000000
vt 0.314577937 0.575506985
vn -0.000000 -1.113896 0.000000
vt 0.314582080 0.561353028
vn -0.000000 -1.113896 0.000000
vt 0.357063472 0.561353028
v -26.054387 12.279348 -5.210988
vn 0.964634 -0.556948 0.000000
vt 0.357060492 0.575506985
vn 0.964634 -0.556948 0.000000
vt 0.314577937 0.575506985
vn 0.964634 -0.556948 0.000000
vt 0.314577937 0.575506985
vn 0.964634 -0.556948 0.000000
vt 0.357060492 0.575506985
v -26.054399 13.934024 2.689377
vn 0.964634 0.556948 0.000000
vt 0.314584821 0.589662015
vn 0.964634 -0.556948 0.000000
vt 0.357060492 0.575506985
v -26.054387 13.934027 -5.210987
vn 0.964634 0.556948 0.000000
vt 0.357065976 0.589662015
vn 0.964634 0.556948 0.000000
vt 0.314584821 0.589662015
vn 0.964634 0.556948 0.000000
vt 0.314584821 0.589662015
vn 0.964634 0.556948 0.000000
vt 0.357065976 0.589662015
vn -0.000000 1.113896 0.000000
vt 0.357069880 0.603815973
vn 0.964634 0.556948 0.000000
vt 0.314584821 0.589662015
vn -0.000000 1.113896 0.000000
vt 0.357069880 0.603815973
vn -0.000000 1.113896 0.000000
vt 0.314588726 0.603815973
v -19.357835 10.518844 -6.113751
vn 0.964634 0.556948 0.000000
vt 0.356576324 0.575709999
v -20.833254 11.370678 -6.113750
vn -0.000000 1.113896 0.000000
vt 0.356579095 0.590207994
v -20.833254 11.370674 3.592139
vn -0.000000 1.113896 0.000000
vt 0.313060552 0.590207994
v -19.357831 10.518841 3.592139
vn 0.964634 0.556948 0.000000
vt 0.313055515 0.575709999
vn 0.964634 0.556948 0.000000
vt 0.356576324 0.575709999
vn -0.000000 1.113896 0.000000
vt 0.313060552 0.590207994
v -19.357835 8.815179 -6.113752
vn 0.964634 -0.556948 0.000000
vt 0.356572658 0.561210990
vn 0.964634 0.556948 0.000000
vt 0.356576324 0.575709999
vn 0.964634 0.556948 0.000000
vt 0.313055515 0.575709999
vn 0.964634 -0.556948 0.000000
vt 0.356572658 0.561210990
vn 0.964634 0.556948 0.000000
vt 0.313055515 0.575709999
v -19.357831 8.815175 3.592138
vn 0.964634 -0.556948 0.000000
vt 0.313052982 0.561210990
v -20.833254 7.963344 3.592138
vn -0.000000 -1.113896 0.000000
vt 0.313057810 0.546711981
vn 0.964634 -0.556948 0.000000
vt 0.356572658 0.561210990
vn 0.964634 -0.556948 0.000000
vt 0.313052982 0.561210990
vn -0.000000 -1.113896 0.000000
vt 0.313057810 0.546711981
v -20.833254 7.963347 -6.113751
vn -0.000000 -1.113896 0.000000
vt 0.356577694 0.546711981
vn 0.964634 -0.556948 0.000000
vt 0.356572658 0.561210990
v -22.308660 8.815179 -6.113751
vn -0.964634 -0.556948 0.000000
vt 0.356578618 0.532213986
vn -0.000000 -1.113896 0.000000
vt 0.356577694 0.546711981
vn -0.000000 -1.113896 0.000000
vt 0.313057810 0.546711981
v -22.308660 8.815175 3.592136
vn -0.964634 -0.556948 0.000000
vt 0.313061237 0.532213986
vn -0.964634 -0.556948 0.000000
vt 0.356578618 0.532213986
vn -0.000000 -1.113896 0.000000
vt 0.313057810 0.546711981
v -22.308660 10.518844 -6.113750
vn -0.964634 0.556948 0.000000
vt 0.356583893 0.517714977
vn -0.964634 -0.556948 0.000000
vt 0.356578618 0.532213986
vn -0.964634 -0.556948 0.000000
vt 0.313061237 0.532213986
vn -0.964634 0.556948 0.000000
vt 0.356583893 0.517714977
vn -0.964634 -0.556948 0.000000
vt 0.313061237 0.532213986
v -22.308660 10.518841 3.592137
vn -0.964634 0.556948 0.000000
vt 0.313064933 0.517714977
vn -0.000000 1.113896 0.000000
vt 0.313064218 0.503216028
vn -0.964634 0.556948 0.000000
vt 0.356583893 0.517714977
vn -0.964634 0.556948 0.000000
vt 0.313064933 0.517714977
vn -0.000000 1.113896 0.000000
vt 0.313064218 0.503216028
vn -0.000000 1.113896 0.000000
vt 0.356582999 0.503216028
vn -0.964634 0.556948 0.000000
vt 0.356583893 0.517714977
vn -0.194486 0.003453 -1.096742
vt 0.046452343 0.924786985
vn -0.171317 0.000000 -1.100641
vt 0.049141102 0.934071004
vn -0.189808 0.004567 -1.097633
vt 0.047011066 0.937698007
vn -0.111390 0.001114 -1.108326
vt 0.026202438 0.934064984
vn -0.194486 0.003453 -1.096742
vt 0.046452343 0.924786985
vn -0.189808 0.004567 -1.097633
vt 0.047011066 0.937698007
vn -0.111390 0.001114 -1.108326
vt 0.026202438 0.934064984
vn -0.073851 0.000000 -1.111445
vt 0.020771457 0.915448010
vn -0.194486 0.003453 -1.096742
vt 0.046452343 0.924786985
vn 0.000000 0.000000 -1.113896
vt 0.012342410 0.922026992
vn 0.000000 0.000000 -1.113896
vt 0.015153928 0.917074025
vn -0.073851 0.000000 -1.111445
vt 0.020771457 0.915448010
vn 0.000000 0.000000 -1.113896
vt 0.015515779 0.933004022
vn 0.000000 0.000000 -1.113896
vt 0.012342410 0.922026992
vn -0.073851 0.000000 -1.111445
vt 0.020771457 0.915448010
vn -0.111390 0.001114 -1.108326
vt 0.026202438 0.934064984
vn 0.000000 0.000000 -1.113896
vt 0.015515779 0.933004022
vn -0.073851 0.000000 -1.111445
vt 0.020771457 0.915448010
vn -0.111390 0.001114 -1.108326
vt 0.026202438 0.934064984
vn 0.000000 0.000000 -1.113896
vt 0.020585598 0.935690999
vn 0.000000 0.000000 -1.113896
vt 0.015515779 0.933004022
vn 0.065497 -0.001225 -1.112002
vt 0.046387866 0.924751997
vn 0.057477 0.000000 -1.112448
vt 0.049134448 0.934018016
vn 0.063938 -0.001559 -1.112114
vt 0.047059253 0.937650025
vn 0.037427 -0.000334 -1.113228
vt 0.026492929 0.934077978
vn 0.065497 -0.001225 -1.112002
vt 0.046387866 0.924751997
vn 0.063938 -0.001559 -1.112114
vt 0.047059253 0.937650025
vn 0.037427 -0.000334 -1.113228
vt 0.026492929 0.934077978
vn 0.024728 0.000000 -1.113673
vt 0.020943778 0.915498018
vn 0.065497 -0.001225 -1.112002
vt 0.046387866 0.924751997
vn 0.037427 -0.000334 -1.113228
vt 0.026492929 0.934077978
vn 0.000000 0.000000 -1.113896
vt 0.020877466 0.935742021
vn 0.000000 0.000000 -1.113896
vt 0.015870517 0.933088005
vn 0.037427 -0.000334 -1.113228
vt 0.026492929 0.934077978
vn 0.000000 0.000000 -1.113896
vt 0.015870517 0.933088005
vn 0.024728 0.000000 -1.113673
vt 0.020943778 0.915498018
vn 0.000000 0.000000 -1.113896
vt 0.015870517 0.933088005
vn 0.000000 0.000000 -1.113896
vt 0.012578978 0.922133982
vn 0.024728 0.000000 -1.113673
vt 0.020943778 0.915498018
vn 0.000000 0.000000 -1.113896
vt 0.012578978 0.922133982
vn 0.000000 0.000000 -1.113896
vt 0.015389808 0.917160988
vn 0.024728 0.000000 -1.113673
vt 0.020943778 0.915498018
vn 0.064272 -0.001559 1.112002
vt 0.047120288 0.937547028
vn 0.057923 0.000000 1.112336
vt 0.049195483 0.933915019
vn 0.065943 -0.001225 1.111891
vt 0.046387866 0.924649000
vn 0.037650 -0.000334 1.113228
vt 0.026494306 0.933974981
vn 0.064272 -0.001559 1.112002
vt 0.047120288 0.937547028
vn 0.065943 -0.001225 1.111891
vt 0.046387866 0.924649000
vn 0.037650 -0.000334 1.113228
vt 0.026494306 0.933974981
vn 0.065943 -0.001225 1.111891
vt 0.046387866 0.924649000
vn 0.024840 0.000000 1.113673
vt 0.021004355 0.915395021
vn -0.000000 0.000000 1.113896
vt 0.015871206 0.932985008
vn -0.000000 0.000000 1.113896
vt 0.020940106 0.935639024
vn 0.037650 -0.000334 1.113228
vt 0.026494306 0.933974981
vn -0.000000 0.000000 1.113896
vt 0.015871206 0.932985008
vn 0.037650 -0.000334 1.113228
vt 0.026494306 0.933974981
vn 0.024840 0.000000 1.113673
vt 0.021004355 0.915395021
vn -0.000000 0.000000 1.113896
vt 0.015871206 0.932985008
vn 0.024840 0.000000 1.113673
vt 0.021004355 0.915395021
vn -0.000000 0.000000 1.113896
vt 0.012639096 0.922030985
vn 0.024840 0.000000 1.113673
vt 0.021004355 0.915395021
vn -0.000000 0.000000 1.113896
vt 0.015389349 0.917057991
vn -0.000000 0.000000 1.113896
vt 0.012639096 0.922030985
vn -0.000000 0.000000 1.113896
vt 0.741286218 0.885608971
vn -0.000000 0.000000 1.113896
vt 0.725048780 0.894968987
vn -0.000000 0.000000 1.113896
vt 0.725048542 0.913689017
vn -0.000000 0.000000 1.113896
vt 0.741286218 0.885608971
vn -0.000000 0.000000 1.113896
vt 0.725048542 0.913689017
vn -0.000000 0.000000 1.113896
vt 0.741285503 0.923048973
vn -0.000000 0.000000 1.113896
vt 0.741286218 0.885608971
vn -0.000000 0.000000 1.113896
vt 0.741285503 0.923048973
vn -0.000000 0.000000 1.113896
vt 0.757460296 0.913689017
vn -0.000000 0.000000 1.113896
vt 0.741286218 0.885608971
vn -0.000000 0.000000 1.113896
vt 0.757460296 0.913689017
vn -0.000000 0.000000 1.113896
vt 0.757460535 0.894968987
vn 0.000000 0.000000 -1.113896
vt 0.740802765 0.922656000
vn 0.000000 0.000000 -1.113896
vt 0.724811316 0.913408995
vn 0.000000 0.000000 -1.113896
vt 0.724807143 0.894914985
vn 0.000000 0.000000 -1.113896
vt 0.740802765 0.922656000
vn 0.000000 0.000000 -1.113896
vt 0.724807143 0.894914985
vn 0.000000 0.000000 -1.113896
vt 0.740799069 0.885668993
vn 0.000000 0.000000 -1.113896
vt 0.740802765 0.922656000
vn 0.000000 0.000000 -1.113896
vt 0.740799069 0.885668993
vn 0.000000 0.000000 -1.113896
vt 0.756856143 0.894914985
vn 0.000000 0.000000 -1.113896
vt 0.740802765 0.922656000
vn 0.000000 0.000000 -1.113896
vt 0.756856143 0.894914985
vn 0.000000 0.000000 -1.113896
vt 0.756855905 0.913408995
vn 0.000000 0.000000 -1.113896
vt 0.757646382 0.894968987
vn 0.000000 0.000000 -1.113896
vt 0.757645428 0.913689017
vn 0.000000 0.000000 -1.113896
vt 0.741469979 0.923048973
vn 0.000000 0.000000 -1.113896
vt 0.741472065 0.885608971
vn 0.000000 0.000000 -1.113896
vt 0.757646382 0.894968987
vn 0.000000 0.000000 -1.113896
vt 0.741469979 0.923048973
vn 0.000000 0.000000 -1.113896
vt 0.741472065 0.885608971
vn 0.000000 0.000000 -1.113896
vt 0.741469979 0.923048973
vn 0.000000 0.000000 -1.113896
vt 0.725235105 0.894968987
vn 0.000000 0.000000 -1.113896
vt 0.741469979 0.923048973
vn 0.000000 0.000000 -1.113896
vt 0.725234210 0.913689017
vn 0.000000 0.000000 -1.113896
vt 0.725235105 0.894968987
vn -0.000000 0.000000 1.113896
vt 0.756854534 0.913408995
vn -0.000000 0.000000 1.113896
vt 0.740863562 0.922656000
vn -0.000000 0.000000 1.113896
vt 0.724806249 0.913408995
vn -0.000000 0.000000 1.113896
vt 0.756853580 0.894914985
vn -0.000000 0.000000 1.113896
vt 0.756854534 0.913408995
vn -0.000000 0.000000 1.113896
vt 0.724806249 0.913408995
vn -0.000000 0.000000 1.113896
vt 0.756853580 0.894914985
vn -0.000000 0.000000 1.113896
vt 0.724806249 0.913408995
vn -0.000000 0.000000 1.113896
vt 0.740861714 0.885668993
vn -0.000000 0.000000 1.113896
vt 0.724806249 0.913408995
vn -0.000000 0.000000 1.113896
vt 0.724805534 0.894914985
vn -0.000000 0.000000 1.113896
vt 0.740861714 0.885668993
s 116
f 1120/5527/5527 1121/5528/5528 1122/5529/5529
f 1120/5530/5530 1123/5531/5531 1121/5532/5532
f 1124/5533/5533 1125/5534/5534 1126/5535/5535
f 1124/5536/5536 1127/5537/5537 1125/5538/5538
f 1123/5539/5539 1128/5540/5540 1121/5541/5541
f 1123/5542/5542 1129/5543/5543 1128/5544/5544
f 1130/5545/5545 1127/5546/5546 1124/5547/5547
f 1130/5548/5548 1131/5549/5549 1127/5550/5550
f 1129/5551/5551 1132/5552/5552 1128/5553/5553
f 1129/5554/5554 1133/5555/5555 1132/5556/5556
f 1126/5557/5557 1134/5558/5558 1135/5559/5559
f 1126/5560/5560 1125/5561/5561 1134/5562/5562
f 1134/5563/5563 1133/5564/5564 1135/5565/5565
f 1134/5566/5566 1132/5567/5567 1133/5568/5568
f 1136/5569/5569 1131/5570/5570 1130/5571/5571
f 1136/5572/5572 1137/5573/5573 1131/5574/5574
f 1136/5575/5575 1122/5576/5576 1137/5577/5577
f 1136/5578/5578 1120/5579/5579 1122/5580/5580
s 117
f 1138/5581/5581 1139/5582/5582 1140/5583/5583
f 1138/5584/5584 1141/5585/5585 1139/5586/5586
f 1142/5587/5587 1143/5588/5588 1144/5589/5589
f 1142/5590/5590 1145/5591/5591 1143/5592/5592
f 1140/5593/5593 1146/5594/5594 1138/5595/5595
f 1140/5596/5596 1147/5597/5597 1146/5598/5598
f 1145/5599/5599 1148/5600/5600 1149/5601/5601
f 1145/5602/5602 1142/5603/5603 1148/5604/5604
f 1150/5605/5605 1139/5606/5606 1141/5607/5607
f 1150/5608/5608 1151/5609/5609 1139/5610/5610
f 1150/5611/5611 1149/5612/5612 1151/5613/5613
f 1149/5614/5614 1148/5615/5615 1151/5616/5616
f 1152/5617/5617 1146/5618/5618 1147/5619/5619
f 1153/5620/5620 1152/5621/5621 1147/5622/5622
f 1153/5623/5623 1154/5624/5624 1152/5625/5625
f 1153/5626/5626 1155/5627/5627 1154/5628/5628
f 1154/5629/5629 1155/5630/5630 1144/5631/5631
f 1154/5632/5632 1144/5633/5633 1143/5634/5634
s 118
f 1120/5635/5635 1136/5636/5636 1130/5637/5637
f 1123/5638/5638 1120/5639/5639 1130/5640/5640
f 1123/5641/5641 1130/5642/5642 1124/5643/5643
f 1133/5644/5644 1129/5645/5645 1123/5646/5646
f 1135/5647/5647 1133/5648/5648 1123/5649/5649
f 1135/5650/5650 1123/5651/5651 1124/5652/5652
f 1135/5653/5653 1124/5654/5654 1126/5655/5655
s 119
f 1156/5656/5656 1157/5657/5657 1158/5658/5658
f 1156/5659/5659 1159/5660/5660 1157/5661/5661
f 1157/5662/5662 1159/5663/5663 1160/5664/5664
f 1159/5665/5665 1161/5666/5666 1160/5667/5667
f 1160/5668/5668 1161/5669/5669 1162/5670/5670
f 1160/5671/5671 1162/5672/5672 1163/5673/5673
f 1162/5674/5674 1164/5675/5675 1163/5676/5676
f 1162/5677/5677 1165/5678/5678 1164/5679/5679
f 1164/5680/5680 1165/5681/5681 1166/5682/5682
f 1165/5683/5683 1167/5684/5684 1166/5685/5685
f 1166/5686/5686 1167/5687/5687 1156/5688/5688
f 1166/5689/5689 1156/5690/5690 1158/5691/5691
s 120
f 1168/5692/5692 1169/5693/5693 1170/5694/5694
f 1171/5695/5695 1168/5696/5696 1170/5697/5697
f 1172/5698/5698 1168/5699/5699 1171/5700/5700
f 1172/5701/5701 1171/5702/5702 1173/5703/5703
f 1174/5704/5704 1172/5705/5705 1173/5706/5706
f 1174/5707/5707 1175/5708/5708 1172/5709/5709
f 1176/5710/5710 1175/5711/5711 1174/5712/5712
f 1177/5713/5713 1176/5714/5714 1174/5715/5715
f 1178/5716/5716 1176/5717/5717 1177/5718/5718
f 1178/5719/5719 1177/5720/5720 1179/5721/5721
f 1170/5722/5722 1178/5723/5723 1179/5724/5724
f 1170/5725/5725 1169/5726/5726 1178/5727/5727
s 121
f 1139/5728/5728 1151/5729/5729 1148/5730/5730
f 1142/5731/5731 1139/5732/5732 1148/5733/5733
f 1142/5734/5734 1140/5735/5735 1139/5736/5736
f 1153/5737/5737 1147/5738/5738 1140/5739/5739
f 1155/5740/5740 1153/5741/5741 1140/5742/5742
f 1142/5743/5743 1155/5744/5744 1140/5745/5745
f 1142/5746/5746 1144/5747/5747 1155/5748/5748
s 122
f 1131/5749/5749 1137/5750/5750 1122/5751/5751
f 1121/5752/5752 1131/5753/5753 1122/5754/5754
f 1121/5755/5755 1127/5756/5756 1131/5757/5757
f 1121/5758/5758 1128/5759/5759 1132/5760/5760
f 1121/5761/5761 1132/5762/5762 1127/5763/5763
f 1132/5764/5764 1134/5765/5765 1127/5766/5766
f 1134/5767/5767 1125/5768/5768 1127/5769/5769
s 123
f 1149/5770/5770 1150/5771/5771 1141/5772/5772
f 1145/5773/5773 1149/5774/5774 1141/5775/5775
f 1145/5776/5776 1141/5777/5777 1138/5778/5778
f 1154/5779/5779 1143/5780/5780 1145/5781/5781
f 1154/5782/5782 1145/5783/5783 1138/5784/5784
f 1154/5785/5785 1138/5786/5786 1152/5787/5787
f 1138/5788/5788 1146/5789/5789 1152/5790/5790
s 124
f 1174/5791/5791 1173/5792/5792 1171/5793/5793
f 1174/5794/5794 1171/5795/5795 1170/5796/5796
f 1174/5797/5797 1170/5798/5798 1179/5799/5799
f 1174/5800/5800 1179/5801/5801 1177/5802/5802
s 125
f 1165/5803/5803 1162/5804/5804 1161/5805/5805
f 1165/5806/5806 1161/5807/5807 1159/5808/5808
f 1165/5809/5809 1159/5810/5810 1156/5811/5811
f 1165/5812/5812 1156/5813/5813 1167/5814/5814
s 126
f 1176/5815/5815 1178/5816/5816 1169/5817/5817
f 1175/5818/5818 1176/5819/5819 1169/5820/5820
f 1175/5821/5821 1169/5822/5822 1172/5823/5823
f 1169/5824/5824 1168/5825/5825 1172/5826/5826
s 127
f 1166/5827/5827 1158/5828/5828 1157/5829/5829
f 1164/5830/5830 1166/5831/5831 1157/5832/5832
f 1164/5833/5833 1157/5834/5834 1163/5835/5835
f 1157/5836/5836 1160/5837/5837 1163/5838/5838
o rmfoot,ox=-5.39,oy=3.43,oz=0.00,p=rmleg,
v -29.864179 9.338805 2.802635
vn 0.527764 0.145029 -0.970203
vt 0.132998362 0.424396008
v -30.634991 1.970477 1.281985
vn 0.527764 0.145029 -0.970203
vt 0.175786987 0.406688988
v -31.854825 1.972288 0.618693
vn 0.527764 0.145029 -0.970203
vt 0.174077779 0.398362011
v -29.864826 16.700417 -5.415539
vn 0.393317 -0.209858 1.020774
vt 0.088808447 0.345640987
v -31.849339 24.073097 -3.135083
vn 0.393317 -0.209858 1.020774
vt 0.046523243 0.374410003
v -34.620033 16.712134 -3.581128
vn 0.393317 -0.209858 1.020774
vt 0.091737218 0.374909997
v -31.854825 1.972288 -3.140308
vn 0.527764 0.145029 0.970203
vt 0.173955470 0.375200003
v -30.634991 1.970480 -3.803593
vn 0.527764 0.145029 0.970203
vt 0.175786763 0.366990000
v -29.864179 9.338809 -5.324242
vn 0.527764 0.145029 0.970203
vt 0.133669063 0.348935008
v -33.771221 9.344274 -3.672431
vn 0.433751 0.012810 1.025898
vt 0.129945457 0.373106003
vn 0.433751 0.012810 1.025898
vt 0.133668825 0.348935008
vn 0.433751 0.012810 1.025898
vt 0.088808678 0.345640987
v -31.849339 24.073097 0.613482
vn 0.393317 -0.209858 -1.020774
vt 0.046827503 0.398301005
v -29.864815 16.700413 2.893932
vn 0.393317 -0.209858 -1.020774
vt 0.087831199 0.427073002
v -34.620033 16.712134 1.059527
vn 0.393317 -0.209858 -1.020774
vt 0.090821460 0.398048997
vn 0.433751 0.012810 -1.025898
vt 0.087831885 0.427073002
vn 0.433751 0.012810 -1.025898
vt 0.132997677 0.424396008
v -33.771221 9.344273 1.150821
vn 0.433751 0.012810 -1.025898
vt 0.129517972 0.399989009
v -30.963541 1.843688 2.009153
vn -0.457588 -0.158953 1.003063
vt 0.183196560 0.990513980
v -30.179260 9.269761 3.543414
vn -0.457588 -0.158953 1.003063
vt 0.152250826 0.978223026
v -34.435082 9.216347 1.593210
vn -0.457588 -0.158953 1.003063
vt 0.148416385 0.998328984
v -30.160910 16.757775 -6.165093
vn -0.419382 0.235589 -1.004734
vt 0.171544820 0.979853988
v -35.298894 16.807385 -4.008754
vn -0.419382 0.235589 -1.004734
vt 0.176864505 0.998620987
v -32.564938 24.357285 -3.379878
vn -0.419382 0.235589 -1.004734
vt 0.148665816 0.998573005
v -30.963541 1.843691 -4.530762
vn -0.566193 -0.213868 -0.935116
vt 0.183930367 0.992100000
v -32.501199 1.778971 -3.584865
vn -0.566193 -0.213868 -0.935116
vt 0.183018044 0.998359978
v -34.435093 9.216349 -4.114832
vn -0.566193 -0.213868 -0.935116
vt 0.156048074 0.998411000
vn -0.463826 -0.012364 -1.012643
vt 0.093237169 0.662575006
v -30.179250 9.269767 -6.065022
vn -0.463826 -0.012364 -1.012643
vt 0.092317507 0.693367004
vn -0.463826 -0.012364 -1.012643
vt 0.073040269 0.693165004
v -32.564949 24.357285 0.858283
vn -0.419382 0.235589 1.004734
vt 0.139266625 0.998512030
v -35.298915 16.807385 1.487153
vn -0.419382 0.235589 1.004734
vt 0.174483225 0.998736978
v -30.160901 16.757766 3.643501
vn -0.419382 0.235589 1.004734
vt 0.167941675 0.975269020
vn -0.431189 -0.034754 1.026455
vt 0.093477868 0.662433982
vn -0.431189 -0.034754 1.026455
vt 0.070295058 0.661705017
vn -0.431189 -0.034754 1.026455
vt 0.073099233 0.693350017
vn 0.082428 -1.100084 -0.154609
vt 0.062756300 0.358473003
vn 0.082428 -1.100084 -0.154609
vt 0.074535631 0.351565987
vn 0.082428 -1.100084 -0.154609
vt 0.070997193 0.344433993
vn 0.176330 -1.079031 0.212866
vt 0.062756531 0.395449013
vn 0.176330 -1.079031 0.212866
vt 0.056107372 0.399821997
vn 0.176330 -1.079031 0.212866
vt 0.070996962 0.409487009
vn 1.035812 -0.008020 0.409691
vt 0.094184361 0.410369009
vn 1.035812 -0.008020 0.409691
vt 0.092108704 0.413053006
vn 1.035812 -0.008020 0.409691
vt 0.118474513 0.430052012
vn 1.025230 -0.005347 -0.435533
vt 0.094185963 0.348475009
vn 1.025230 -0.005347 -0.435533
vt 0.120063037 0.331764996
vn 1.025230 -0.005347 -0.435533
vt 0.118475892 0.328792006
vn 0.984573 0.376385 -0.360123
vt 0.070088096 0.371569008
vn 0.984573 0.376385 -0.360123
vt 0.094189174 0.348475009
vn 0.984573 0.376385 -0.360123
vt 0.092114441 0.345789999
vn 0.490226 0.477193 0.878975
vt 0.070096582 0.387273997
vn 0.490226 0.477193 0.878975
vt 0.066863097 0.388300002
vn 0.490226 0.477193 0.878975
vt 0.092120863 0.413053006
v -30.965329 -0.847026 -0.206518
vn -0.822389 -0.751323 0.000000
vt 0.488487989 0.448891014
v -30.965319 -0.847026 -2.315099
vn -0.822389 -0.751323 0.000000
vt 0.449120313 0.448891014
v -29.880709 -2.034148 -1.260810
vn -0.822389 -0.751323 0.000000
vt 0.468768805 0.428636998
vn -0.000000 -0.739627 -0.832860
vt 0.449113429 0.448891014
v -28.796111 -0.847026 -2.315104
vn -0.000000 -0.739627 -0.832860
vt 0.449111581 0.408383012
vn -0.000000 -0.739627 -0.832860
vt 0.468764007 0.428636998
vn 0.822389 -0.751323 0.000000
vt 0.449106991 0.408383012
v -28.796125 -0.847026 -0.206518
vn 0.822389 -0.751323 0.000000
vt 0.488474667 0.408383012
vn 0.822389 -0.751323 0.000000
vt 0.468760103 0.428636998
vn -0.000000 -0.739627 0.832860
vt 0.488479257 0.408383012
vn -0.000000 -0.739627 0.832860
vt 0.488481104 0.448891014
vn -0.000000 -0.739627 0.832860
vt 0.468764007 0.428636998
vn 0.427959 0.184238 -1.011752
vt 0.132998124 0.424396008
vn 0.427959 0.184238 -1.011752
vt 0.174077779 0.398362011
vn 0.427959 0.184238 -1.011752
vt 0.129518211 0.399989009
vn 0.427959 0.184238 1.011752
vt 0.173955470 0.375200003
vn 0.427959 0.184238 1.011752
vt 0.133668825 0.348935008
vn 0.427959 0.184238 1.011752
vt 0.129945457 0.373106003
vn 0.400780 0.033305 1.038708
vt 0.129945219 0.373106003
vn 0.400780 0.033305 1.038708
vt 0.088808678 0.345640987
vn 0.400780 0.033305 1.038708
vt 0.091736987 0.374909997
vn 0.400780 0.033305 -1.038708
vt 0.087831885 0.427073002
vn 0.400780 0.033305 -1.038708
vt 0.129517972 0.399989009
vn 0.400780 0.033305 -1.038708
vt 0.090821460 0.398048997
vn -0.566193 -0.213868 0.935116
vt 0.183197245 0.990513980
vn -0.566193 -0.213868 0.935116
vt 0.148417771 0.998328984
v -32.501210 1.778965 1.063238
vn -0.566193 -0.213868 0.935116
vt 0.182102054 0.998329997
vn -0.457588 -0.158953 -1.003063
vt 0.183929905 0.992100000
vn -0.457588 -0.158953 -1.003063
vt 0.156046927 0.998411000
vn -0.457588 -0.158953 -1.003063
vt 0.159088820 0.982304990
vn -0.431189 -0.034754 -1.026455
vt 0.093236476 0.662575006
vn -0.431189 -0.034754 -1.026455
vt 0.073039576 0.693165004
vn -0.431189 -0.034754 -1.026455
vt 0.070357934 0.661854029
vn -0.463826 -0.012364 1.012643
vt 0.093478553 0.662433982
vn -0.463826 -0.012364 1.012643
vt 0.073099926 0.693350017
vn -0.463826 -0.012364 1.012643
vt 0.092559814 0.693553984
vn 0.176330 -1.079031 -0.212866
vt 0.062756300 0.358473003
vn 0.176330 -1.079031 -0.212866
vt 0.070996508 0.344433993
vn 0.176330 -1.079031 -0.212866
vt 0.056106910 0.354099989
vn 0.082428 -1.100084 0.154609
vt 0.062756762 0.395449013
vn 0.082428 -1.100084 0.154609
vt 0.070997655 0.409487009
vn 0.082428 -1.100084 0.154609
vt 0.074536085 0.402355999
vn 1.025230 -0.005347 0.435533
vt 0.094184592 0.410369009
vn 1.025230 -0.005347 0.435533
vt 0.118474513 0.430052012
vn 1.025230 -0.005347 0.435533
vt 0.120061658 0.427078009
vn 1.035812 -0.008020 -0.409802
vt 0.094185732 0.348475009
vn 1.035812 -0.008020 -0.409802
vt 0.118475661 0.328792006
vn 1.035812 -0.008020 -0.409802
vt 0.092110768 0.345789999
vn 0.490226 0.477193 -0.878975
vt 0.070097044 0.371569008
vn 0.490226 0.477193 -0.878975
vt 0.092122704 0.345789999
vn 0.490226 0.477193 -0.878975
vt 0.066863552 0.370543003
vn 0.984573 0.376385 0.360123
vt 0.070087403 0.387273997
vn 0.984573 0.376385 0.360123
vt 0.092112377 0.413053006
vn 0.984573 0.376385 0.360123
vt 0.094187804 0.410369009
vn 1.015093 -0.199387 -0.413033
vt 0.120062575 0.331764996
vn 1.011974 -0.193261 -0.423503
vt 0.148813114 0.318354994
vn 1.012531 -0.186800 -0.424951
vt 0.147409767 0.315268993
vn 1.015093 -0.199387 -0.413033
vt 0.120062575 0.331764996
vn 1.012531 -0.186800 -0.424951
vt 0.147409767 0.315268993
vn 1.015873 -0.192815 -0.414147
vt 0.118475437 0.328792006
vn 1.015093 -0.199387 0.413033
vt 0.120061204 0.427078009
vn 1.015873 -0.192815 0.414147
vt 0.118474059 0.430052012
vn 1.012531 -0.186800 0.424951
vt 0.147409305 0.443574011
vn 1.015093 -0.199387 0.413033
vt 0.120061204 0.427078009
vn 1.012531 -0.186800 0.424951
vt 0.147409305 0.443574011
vn 1.011974 -0.193261 0.423503
vt 0.148812667 0.440488011
vn 1.042495 -0.392426 0.000000
vt 0.091736987 0.374909997
vn 1.042495 -0.392426 0.000000
vt 0.046519343 0.374410003
vn 1.042495 -0.392426 0.000000
vt 0.046823144 0.398301005
vn 1.042495 -0.392426 0.000000
vt 0.091736987 0.374909997
vn 1.042495 -0.392426 0.000000
vt 0.046823144 0.398301005
vn 1.042495 -0.392426 0.000000
vt 0.090821460 0.398048997
vn 1.078028 0.280256 0.000000
vt 0.173953861 0.375200003
vn 1.078028 0.280256 0.000000
vt 0.129945457 0.373106003
vn 1.078028 0.280256 0.000000
vt 0.129518211 0.399989009
vn 1.078028 0.280256 0.000000
vt 0.173953861 0.375200003
vn 1.078028 0.280256 0.000000
vt 0.129518211 0.399989009
vn 1.078028 0.280256 0.000000
vt 0.174075931 0.398362011
vn 1.106544 0.127430 0.000000
vt 0.129518211 0.399989009
vn 1.106544 0.127430 0.000000
vt 0.129945457 0.373106003
vn 1.106544 0.127430 0.000000
vt 0.091737218 0.374909997
vn 1.106544 0.127430 0.000000
vt 0.129518211 0.399989009
vn 1.106544 0.127430 0.000000
vt 0.091737218 0.374909997
vn 1.106544 0.127430 0.000000
vt 0.090821460 0.398048997
vn -1.047396 0.379282 0.000000
vt 0.248411015 0.946038008
vn -1.047396 0.379282 0.000000
vt 0.248411253 0.929750979
vn -1.047396 0.379282 0.000000
vt 0.223324656 0.929525018
vn -1.047396 0.379282 0.000000
vt 0.248411015 0.946038008
vn -1.047396 0.379282 0.000000
vt 0.223324656 0.929525018
vn -1.047396 0.379282 0.000000
vt 0.223323971 0.946264982
vn -1.078028 -0.280368 0.000000
vt 0.125542209 0.876525998
vn -1.078028 -0.280368 0.000000
vt 0.183637112 0.876451015
vn -1.078028 -0.280368 0.000000
vt 0.183637112 0.848164976
vn -1.078028 -0.280368 0.000000
vt 0.125542209 0.876525998
vn -1.078028 -0.280368 0.000000
vt 0.183637112 0.848164976
vn -1.078028 -0.280368 0.000000
vt 0.125542209 0.848089993
vn -1.106767 -0.125982 0.000000
vt 0.077694997 0.694544017
vn -1.106767 -0.125982 0.000000
vt 0.077876270 0.662185013
vn -1.106767 -0.125982 0.000000
vt 0.069819398 0.662185013
vn -1.106767 -0.125982 0.000000
vt 0.077694997 0.694544017
vn -1.106767 -0.125982 0.000000
vt 0.069819398 0.662185013
vn -1.106767 -0.125982 0.000000
vt 0.070004568 0.694544017
vn 0.319131 -1.067224 0.000000
vt 0.062756531 0.395449013
vn 0.319131 -1.067224 0.000000
vt 0.062756531 0.358473003
vn 0.319131 -1.067224 0.000000
vt 0.056105994 0.354099989
vn 0.319131 -1.067224 0.000000
vt 0.062756531 0.395449013
vn 0.319131 -1.067224 0.000000
vt 0.056105994 0.354099989
vn 0.319131 -1.067224 0.000000
vt 0.056106452 0.399821997
vn 0.411139 1.035255 0.000000
vt 0.070101634 0.387273997
vn 0.411139 1.035255 0.000000
vt 0.070101857 0.371569008
vn 0.411139 1.035255 0.000000
vt 0.066868141 0.370543003
vn 0.411139 1.035255 0.000000
vt 0.070101634 0.387273997
vn 0.411139 1.035255 0.000000
vt 0.066868141 0.370543003
vn 0.411139 1.035255 0.000000
vt 0.066868141 0.388300002
v -24.289391 16.624986 -3.224280
vn 1.113896 0.000000 0.000000
vt 0.288645804 0.756268978
v -24.289391 11.804266 0.702668
vn 1.113896 0.000000 0.000000
vt 0.299624801 0.745323002
v -24.289391 11.804267 -3.224282
vn 1.113896 0.000000 0.000000
vt 0.299624562 0.756268978
vn 1.113896 0.000000 0.000000
vt 0.288645804 0.756268978
v -24.289391 16.624986 0.702670
vn 1.113896 0.000000 0.000000
vt 0.288646042 0.745323002
vn 1.113896 0.000000 0.000000
vt 0.299624801 0.745323002
v -27.860784 8.421989 -3.224285
vn 1.108215 -0.111835 0.000000
vt 0.114998266 0.878310025
vn 1.108215 -0.111835 0.000000
vt 0.084852174 0.890619993
vn 1.108215 -0.111835 0.000000
vt 0.084851943 0.882018983
vn 1.108215 -0.111835 0.000000
vt 0.114998266 0.878310025
v -27.860784 8.421988 0.702668
vn 1.108215 -0.111835 0.000000
vt 0.114997350 0.894329011
vn 1.108215 -0.111835 0.000000
vt 0.084852174 0.890619993
vn 0.765915 -0.808800 0.000000
vt 0.296448886 0.756268978
vn 0.765915 -0.808800 0.000000
vt 0.305304497 0.745323002
vn 0.765915 -0.808800 0.000000
vt 0.305304974 0.756268978
vn 0.765915 -0.808800 0.000000
vt 0.296448886 0.756268978
vn 0.765915 -0.808800 0.000000
vt 0.296448886 0.745323002
vn 0.765915 -0.808800 0.000000
vt 0.305304497 0.745323002
vn -0.000000 -0.108716 -1.108549
vt 0.092184424 0.880306005
vn -0.000000 -0.108716 -1.108549
vt 0.112986170 0.894595027
vn -0.000000 -0.108716 -1.108549
vt 0.092181899 0.894595027
vn -0.000000 -0.108716 -1.108549
vt 0.092184424 0.880306005
v -31.900646 8.421989 -3.224282
vn -0.000000 -0.108716 -1.108549
vt 0.112978831 0.880306005
vn -0.000000 -0.108716 -1.108549
vt 0.112986170 0.894595027
v -31.900646 8.421988 0.702669
vn -1.108215 -0.111835 0.000000
vt 0.114991382 0.878183007
vn -1.108215 -0.111835 0.000000
vt 0.084870532 0.890492976
vn -1.108215 -0.111835 0.000000
vt 0.084870532 0.881892025
vn -1.108215 -0.111835 0.000000
vt 0.114991382 0.878183007
vn -1.108215 -0.111835 0.000000
vt 0.114991382 0.894201994
vn -1.108215 -0.111835 0.000000
vt 0.084870532 0.890492976
vn -0.000000 -0.108716 1.108549
vt 0.092120640 0.880279005
vn -0.000000 -0.108716 1.108549
vt 0.112917796 0.894568980
vn -0.000000 -0.108716 1.108549
vt 0.092123158 0.894568980
vn -0.000000 -0.108716 1.108549
vt 0.092120640 0.880279005
vn -0.000000 -0.108716 1.108549
vt 0.112923302 0.880279005
vn -0.000000 -0.108716 1.108549
vt 0.112917796 0.894568980
v -31.900646 19.874619 0.702672
vn -0.000000 1.113896 0.000000
vt 0.273383111 0.745323002
v -28.991518 19.874619 -3.224279
vn -0.000000 1.113896 0.000000
vt 0.280054986 0.756268978
v -31.900646 19.874619 -3.224280
vn -0.000000 1.113896 0.000000
vt 0.273382187 0.756268978
vn -0.000000 1.113896 0.000000
vt 0.273383111 0.745323002
v -28.991528 19.874619 0.702672
vn -0.000000 1.113896 0.000000
vt 0.280054778 0.745323002
vn -0.000000 1.113896 0.000000
vt 0.280054986 0.756268978
vn 0.633250 0.916402 0.000000
vt 0.288657278 0.745323002
vn 0.633250 0.916402 0.000000
vt 0.275660008 0.756268978
vn 0.633250 0.916402 0.000000
vt 0.275660008 0.745323002
vn 0.633250 0.916402 0.000000
vt 0.288657278 0.745323002
vn 0.633250 0.916402 0.000000
vt 0.288657755 0.756268978
vn 0.633250 0.916402 0.000000
vt 0.275660008 0.756268978
v -31.900646 16.624986 0.702672
vn -0.000000 0.000000 1.113896
vt 0.038759850 0.669966996
vn -0.000000 0.000000 1.113896
vt 0.046588410 0.660130024
vn -0.000000 0.000000 1.113896
vt 0.038759850 0.660130024
vn -0.000000 0.000000 1.113896
vt 0.059221312 0.669966996
vn -0.000000 0.000000 1.113896
vt 0.046588410 0.660130024
vn -0.000000 0.000000 1.113896
vt 0.038759850 0.669966996
vn -0.000000 0.000000 1.113896
vt 0.059221312 0.669966996
vn -0.000000 0.000000 1.113896
vt 0.038759850 0.669966996
v -31.900646 11.804266 0.702669
vn -0.000000 0.000000 1.113896
vt 0.038759619 0.684560001
vn -0.000000 0.000000 1.113896
vt 0.059221312 0.669966996
vn -0.000000 0.000000 1.113896
vt 0.038759619 0.684560001
vn -0.000000 0.000000 1.113896
vt 0.059205249 0.684560001
vn -0.000000 0.000000 1.113896
vt 0.038759619 0.684560001
vn -0.000000 0.000000 1.113896
vt 0.049629841 0.694799006
vn -0.000000 0.000000 1.113896
vt 0.059205249 0.684560001
vn -0.000000 0.000000 1.113896
vt 0.038759619 0.684560001
vn -0.000000 0.000000 1.113896
vt 0.038760077 0.694799006
vn -0.000000 0.000000 1.113896
vt 0.049629841 0.694799006
v -31.900646 11.804267 -3.224282
vn -0.000000 0.000000 -1.113896
vt 0.038759619 0.684629023
vn -0.000000 0.000000 -1.113896
vt 0.049631678 0.694868028
vn -0.000000 0.000000 -1.113896
vt 0.038760077 0.694868028
vn -0.000000 0.000000 -1.113896
vt 0.059205249 0.684629023
vn -0.000000 0.000000 -1.113896
vt 0.049631678 0.694868028
vn -0.000000 0.000000 -1.113896
vt 0.038759619 0.684629023
v -31.900646 16.624986 -3.224280
vn -0.000000 0.000000 -1.113896
vt 0.038759850 0.670036018
vn -0.000000 0.000000 -1.113896
vt 0.059205249 0.684629023
vn -0.000000 0.000000 -1.113896
vt 0.038759619 0.684629023
vn -0.000000 0.000000 -1.113896
vt 0.038759850 0.670036018
vn -0.000000 0.000000 -1.113896
vt 0.059221540 0.670036018
vn -0.000000 0.000000 -1.113896
vt 0.059205249 0.684629023
vn -0.000000 0.000000 -1.113896
vt 0.038759850 0.670036018
vn -0.000000 0.000000 -1.113896
vt 0.046588868 0.660198987
vn -0.000000 0.000000 -1.113896
vt 0.059221540 0.670036018
vn -0.000000 0.000000 -1.113896
vt 0.038759850 0.670036018
vn -0.000000 0.000000 -1.113896
vt 0.038759619 0.660198987
vn -0.000000 0.000000 -1.113896
vt 0.046588868 0.660198987
vn -1.113896 0.000000 0.000000
vt 0.221741870 0.457356989
vn -1.113896 0.000000 0.000000
vt 0.209534839 0.446889013
vn -1.113896 0.000000 0.000000
vt 0.221741870 0.446889013
vn -1.113896 0.000000 0.000000
vt 0.209534839 0.457356989
vn -1.113896 0.000000 0.000000
vt 0.209534839 0.446889013
vn -1.113896 0.000000 0.000000
vt 0.221741870 0.457356989
vn -1.113896 0.000000 0.000000
vt 0.221741870 0.472277999
vn -1.113896 0.000000 0.000000
vt 0.209534839 0.457356989
vn -1.113896 0.000000 0.000000
vt 0.221741870 0.457356989
vn -1.113896 0.000000 0.000000
vt 0.221741870 0.472277999
vn -1.113896 0.000000 0.000000
vt 0.209534839 0.472277999
vn -1.113896 0.000000 0.000000
vt 0.209534839 0.457356989
vn -1.113896 0.000000 0.000000
vt 0.221741870 0.472277999
vn -1.113896 0.000000 0.000000
vt 0.209534839 0.482336015
vn -1.113896 0.000000 0.000000
vt 0.209534839 0.472277999
vn -1.113896 0.000000 0.000000
vt 0.221741870 0.472277999
vn -1.113896 0.000000 0.000000
vt 0.221741870 0.482336015
vn -1.113896 0.000000 0.000000
vt 0.209534839 0.482336015
s off
f 1180/5839/5839 1181/5840/5840 1182/5841/5841
f 1183/5842/5842 1184/5843/5843 1185/5844/5844
f 1186/5845/5845 1187/5846/5846 1188/5847/5847
f 1189/5848/5848 1188/5849/5849 1183/5850/5850
f 1190/5851/5851 1191/5852/5852 1192/5853/5853
f 1191/5854/5854 1180/5855/5855 1193/5856/5856
f 1194/5857/5857 1195/5858/5858 1196/5859/5859
f 1197/5860/5860 1198/5861/5861 1199/5862/5862
f 1200/5863/5863 1201/5864/5864 1202/5865/5865
f 1197/5866/5866 1203/5867/5867 1202/5868/5868
f 1204/5869/5869 1205/5870/5870 1206/5871/5871
f 1206/5872/5872 1205/5873/5873 1196/5874/5874
f 1182/5875/5875 1181/5876/5876 1194/5877/5877
f 1186/5878/5878 1201/5879/5879 1200/5880/5880
f 1191/5881/5881 1206/5882/5882 1195/5883/5883
f 1183/5884/5884 1188/5885/5885 1203/5886/5886
f 1184/5887/5887 1183/5888/5888 1197/5889/5889
f 1190/5890/5890 1204/5891/5891 1206/5892/5892
f 1207/5893/5893 1208/5894/5894 1209/5895/5895
f 1208/5896/5896 1210/5897/5897 1209/5898/5898
f 1210/5899/5899 1211/5900/5900 1209/5901/5901
f 1211/5902/5902 1207/5903/5903 1209/5904/5904
f 1180/5905/5905 1182/5906/5906 1193/5907/5907
f 1186/5908/5908 1188/5909/5909 1189/5910/5910
f 1189/5911/5911 1183/5912/5912 1185/5913/5913
f 1191/5914/5914 1193/5915/5915 1192/5916/5916
f 1194/5917/5917 1196/5918/5918 1212/5919/5919
f 1200/5920/5920 1202/5921/5921 1203/5922/5922
f 1197/5923/5923 1202/5924/5924 1198/5925/5925
f 1206/5926/5926 1196/5927/5927 1195/5928/5928
f 1182/5929/5929 1194/5930/5930 1212/5931/5931
f 1186/5932/5932 1200/5933/5933 1187/5934/5934
f 1191/5935/5935 1195/5936/5936 1180/5937/5937
f 1183/5938/5938 1203/5939/5939 1197/5940/5940
f 1184/5941/5941 1197/5942/5942 1199/5943/5943
f 1190/5944/5944 1206/5945/5945 1191/5946/5946
s 128
f 1188/5947/5947 1187/5948/5948 1200/5949/5949
f 1188/5950/5950 1200/5951/5951 1203/5952/5952
s 129
f 1180/5953/5953 1195/5954/5954 1194/5955/5955
f 1180/5956/5956 1194/5957/5957 1181/5958/5958
s 130
f 1185/5959/5959 1184/5960/5960 1190/5961/5961
f 1185/5962/5962 1190/5963/5963 1192/5964/5964
s 131
f 1186/5965/5965 1189/5966/5966 1193/5967/5967
f 1186/5968/5968 1193/5969/5969 1182/5970/5970
s 132
f 1193/5971/5971 1189/5972/5972 1185/5973/5973
f 1193/5974/5974 1185/5975/5975 1192/5976/5976
s 133
f 1198/5977/5977 1205/5978/5978 1204/5979/5979
f 1198/5980/5980 1204/5981/5981 1199/5982/5982
s 134
f 1202/5983/5983 1201/5984/5984 1212/5985/5985
f 1202/5986/5986 1212/5987/5987 1196/5988/5988
s 135
f 1198/5989/5989 1202/5990/5990 1196/5991/5991
f 1198/5992/5992 1196/5993/5993 1205/5994/5994
s 136
f 1186/5995/5995 1182/5996/5996 1212/5997/5997
f 1186/5998/5998 1212/5999/5999 1201/6000/6000
s 137
f 1190/6001/6001 1184/6002/6002 1199/6003/6003
f 1190/6004/6004 1199/6005/6005 1204/6006/6006
s 138
f 1213/6007/6007 1214/6008/6008 1215/6009/6009
f 1213/6010/6010 1216/6011/6011 1214/6012/6012
s 139
f 1217/6013/6013 1211/6014/6014 1210/6015/6015
f 1217/6016/6016 1218/6017/6017 1211/6018/6018
s 140
f 1215/6019/6019 1218/6020/6020 1217/6021/6021
f 1215/6022/6022 1214/6023/6023 1218/6024/6024
s 141
f 1208/6025/6025 1217/6026/6026 1210/6027/6027
f 1208/6028/6028 1219/6029/6029 1217/6030/6030
s 142
f 1220/6031/6031 1208/6032/6032 1207/6033/6033
f 1220/6034/6034 1219/6035/6035 1208/6036/6036
s 143
f 1211/6037/6037 1220/6038/6038 1207/6039/6039
f 1211/6040/6040 1218/6041/6041 1220/6042/6042
s 144
f 1221/6043/6043 1222/6044/6044 1223/6045/6045
f 1221/6046/6046 1224/6047/6047 1222/6048/6048
s 145
f 1216/6049/6049 1222/6050/6050 1224/6051/6051
f 1216/6052/6052 1213/6053/6053 1222/6054/6054
s 146
f 1225/6055/6055 1224/6056/6056 1221/6057/6057
f 1216/6058/6058 1224/6059/6059 1225/6060/6060
f 1216/6061/6061 1225/6062/6062 1226/6063/6063
f 1216/6064/6064 1226/6065/6065 1214/6066/6066
f 1226/6067/6067 1218/6068/6068 1214/6069/6069
f 1226/6070/6070 1220/6071/6071 1218/6072/6072
s 147
f 1227/6073/6073 1217/6074/6074 1219/6075/6075
f 1215/6076/6076 1217/6077/6077 1227/6078/6078
f 1228/6079/6079 1215/6080/6080 1227/6081/6081
f 1228/6082/6082 1213/6083/6083 1215/6084/6084
f 1228/6085/6085 1222/6086/6086 1213/6087/6087
f 1228/6088/6088 1223/6089/6089 1222/6090/6090
s 148
f 1226/6091/6091 1219/6092/6092 1220/6093/6093
f 1227/6094/6094 1219/6095/6095 1226/6096/6096
f 1225/6097/6097 1227/6098/6098 1226/6099/6099
f 1225/6100/6100 1228/6101/6101 1227/6102/6102
f 1225/6103/6103 1223/6104/6104 1228/6105/6105
f 1225/6106/6106 1221/6107/6107 1223/6108/6108
o aimy1,ox=-0.00,oy=3.32,oz=-4.44,p=pelvis,,e=0
v 0.000000 24.321675 -4.443862
v 0.000000 24.321675 -0.443862
v 0.000000 26.321675 -4.443862
f 1229/1/1 1230/2/2 1231/3/3
o turret,ox=-0.00,oy=0.00,oz=0.00,p=aimy1,
v -6.182177 25.709645 15.628821
vn -1.065441 -0.262879 0.191256
vt 0.138582394 0.511061013
v -5.855463 25.731330 17.172452
vn -0.631245 -0.634921 0.662657
vt 0.124119118 0.525541008
v -6.182177 26.363337 16.255187
vn -1.067781 -0.219549 0.229128
vt 0.124118201 0.511061013
vn -1.065441 -0.262879 0.191256
vt 0.138582394 0.511061013
v -5.855463 24.995764 16.467635
vn -0.634475 -0.725480 0.558396
vt 0.138583302 0.525541008
vn -0.631245 -0.634921 0.662657
vt 0.124119118 0.525541008
v -6.182177 25.152859 14.604600
vn -1.059092 -0.315789 0.138680
vt 0.138579175 0.511061013
vn -0.634475 -0.725480 0.558396
vt 0.124116369 0.525541008
vn -1.065441 -0.262879 0.191256
vt 0.124115452 0.511061013
vn -1.059092 -0.315789 0.138680
vt 0.138579175 0.511061013
v -5.855463 24.369241 15.315131
vn -0.642050 -0.827179 0.380061
vt 0.138579860 0.525541008
vn -0.634475 -0.725480 0.558396
vt 0.124116369 0.525541008
vn -0.634475 -0.725480 0.558396
vt 0.138589039 0.511061013
v -4.550994 25.731330 17.172452
vn 0.647953 -0.626901 0.654191
vt 0.124124400 0.525541008
vn -0.631245 -0.634921 0.662657
vt 0.124124400 0.511061013
vn -0.634475 -0.725480 0.558396
vt 0.138589039 0.511061013
v -4.550994 24.995764 16.467635
vn 0.651740 -0.716012 0.550710
vt 0.138581932 0.525541008
vn 0.647953 -0.626901 0.654191
vt 0.124124400 0.525541008
v -4.272677 25.152859 14.604600
vn 1.073350 -0.272682 0.119744
vt 0.124109022 0.511061013
v -4.272677 25.709645 15.628821
vn 1.078028 -0.226678 0.164857
vt 0.138575733 0.511061013
vn 0.651740 -0.716012 0.550710
vt 0.138581932 0.525541008
v -4.550994 24.369241 15.315131
vn 0.660986 -0.814815 0.374158
vt 0.124114305 0.525541008
vn 1.073350 -0.272682 0.119744
vt 0.124109022 0.511061013
vn 0.651740 -0.716012 0.550710
vt 0.138581932 0.525541008
v -5.855463 22.183816 9.471621
vn -0.585130 -0.887775 0.332052
vt 0.138564944 0.511061013
vn 0.660986 -0.814815 0.374158
vt 0.124114305 0.525541008
vn -0.642050 -0.827179 0.380061
vt 0.124114528 0.511061013
vn -0.585130 -0.887775 0.332052
vt 0.138564944 0.511061013
v -4.550994 22.183816 9.471621
vn 0.602061 -0.877750 0.328265
vt 0.138564721 0.525541008
vn 0.660986 -0.814815 0.374158
vt 0.124114305 0.525541008
v -6.182177 23.210697 9.411530
vn -1.056976 -0.329156 0.123086
vt 0.138567701 0.511061013
vn -0.642050 -0.827179 0.380061
vt 0.124113843 0.525541008
vn -1.059092 -0.315789 0.138680
vt 0.124113157 0.511061013
vn -1.056976 -0.329156 0.123086
vt 0.138567701 0.511061013
vn -0.585130 -0.887775 0.332052
vt 0.138566554 0.525541008
vn -0.642050 -0.827179 0.380061
vt 0.124113843 0.525541008
vn 1.078028 -0.226678 0.164857
vt 0.124111317 0.511061013
v -4.272677 26.363337 16.255187
vn 1.079811 -0.189140 0.197382
vt 0.138577566 0.511061013
vn 0.647953 -0.626901 0.654191
vt 0.138579637 0.525541008
vn 0.651740 -0.716012 0.550710
vt 0.124117747 0.525541008
vn 1.078028 -0.226678 0.164857
vt 0.124111317 0.511061013
vn 0.647953 -0.626901 0.654191
vt 0.138579637 0.525541008
vn -0.642050 -0.827179 0.380061
vt 0.138582394 0.511061013
vn 0.651740 -0.716012 0.550710
vt 0.124117747 0.525541008
vn -0.634475 -0.725480 0.558396
vt 0.124118432 0.511061013
vn 0.660986 -0.814815 0.374158
vt 0.138575956 0.525541008
vn 0.651740 -0.716012 0.550710
vt 0.124117747 0.525541008
vn -0.642050 -0.827179 0.380061
vt 0.138582394 0.511061013
v -4.272677 23.210697 9.411530
vn 1.071791 -0.284266 0.106266
vt 0.124096863 0.511061013
vn 0.660986 -0.814815 0.374158
vt 0.138575956 0.525541008
vn 0.602061 -0.877750 0.328265
vt 0.124096632 0.525541008
vn 1.071791 -0.284266 0.106266
vt 0.124096863 0.511061013
vn 1.073350 -0.272682 0.119744
vt 0.138573661 0.511061013
vn 0.660986 -0.814815 0.374158
vt 0.138575956 0.525541008
v -4.272677 32.785269 18.094350
vn 1.089947 0.059371 0.221665
vt 0.124110170 0.511061013
v -4.550994 33.065119 19.387788
vn 1.089947 0.059371 0.221665
vt 0.124125771 0.525541008
v -4.550994 32.348713 19.579745
vn 1.089947 0.059371 0.221665
vt 0.138585135 0.525541008
vn 1.089947 0.059371 0.221665
vt 0.124110170 0.511061013
vn 1.089947 0.059371 0.221665
vt 0.138585135 0.525541008
v -4.272677 32.148612 18.264939
vn 1.089947 0.059371 0.221665
vt 0.138573214 0.511061013
v -4.272677 39.851215 2.110481
vn 1.072236 0.301643 -0.004901
vt 0.138586745 0.511061013
v -4.550994 40.668486 2.575866
vn 0.692509 0.868616 0.081537
vt 0.124124400 0.525541008
v -4.272677 39.750263 2.677357
vn 1.062768 0.328599 0.058480
vt 0.124121413 0.511061013
vn 1.072236 0.301643 -0.004901
vt 0.138586745 0.511061013
v -4.550994 40.782076 1.256107
vn 0.636926 0.899582 -0.160735
vt 0.138599366 0.525541008
vn 0.692509 0.868616 0.081537
vt 0.124124400 0.525541008
v -5.855463 40.782076 1.256107
vn -0.620663 0.910276 -0.164077
vt 0.138602346 0.511061013
vn 0.636926 0.899582 -0.160735
vt 0.138599366 0.525541008
v -4.550994 40.371855 0.322350
vn 0.639710 0.679477 -0.608187
vt 0.124125771 0.525541008
vn -0.620663 0.910276 -0.164077
vt 0.138602346 0.511061013
vn 0.639710 0.679477 -0.608187
vt 0.124125771 0.525541008
v -5.855463 40.371855 0.322350
vn -0.626121 0.686271 -0.614648
vt 0.124136098 0.511061013
vn 0.639710 0.679477 -0.608187
vt 0.124125771 0.525541008
v -4.272677 39.486655 1.280658
vn 1.089279 0.177666 -0.150710
vt 0.124113843 0.511061013
v -4.550994 37.111718 -1.582485
vn 0.694514 0.437761 -0.752882
vt 0.138550952 0.525541008
vn 1.089279 0.177666 -0.150710
vt 0.124113843 0.511061013
v -4.272677 36.476981 -0.412151
vn 1.090281 0.111724 -0.198719
vt 0.138550952 0.511061013
vn 0.694514 0.437761 -0.752882
vt 0.138550952 0.525541008
vn -0.626121 0.686271 -0.614648
vt 0.138588816 0.511061013
vn 0.694514 0.437761 -0.752882
vt 0.124085620 0.525541008
v -5.855463 37.111718 -1.582485
vn -0.679477 0.443442 -0.763130
vt 0.124085620 0.511061013
vn 0.639710 0.679477 -0.608187
vt 0.138588816 0.525541008
vn 0.694514 0.437761 -0.752882
vt 0.124085620 0.525541008
vn -0.626121 0.686271 -0.614648
vt 0.138588816 0.511061013
vn 1.072236 0.301643 -0.004901
vt 0.124118894 0.511061013
vn 1.089279 0.177666 -0.150710
vt 0.138581470 0.511061013
vn 0.639710 0.679477 -0.608187
vt 0.138588816 0.525541008
vn 1.072236 0.301643 -0.004901
vt 0.124118894 0.511061013
vn 0.639710 0.679477 -0.608187
vt 0.138588816 0.525541008
vn 0.636926 0.899582 -0.160735
vt 0.124140687 0.525541008
vn 0.636926 0.899582 -0.160735
vt 0.124140687 0.525541008
vn -0.620663 0.910276 -0.164077
vt 0.124142982 0.511061013
v -5.855463 40.668486 2.575866
vn -0.668226 0.887218 0.083876
vt 0.138608545 0.511061013
vn 0.636926 0.899582 -0.160735
vt 0.124140687 0.525541008
vn -0.668226 0.887218 0.083876
vt 0.138608545 0.511061013
vn 0.692509 0.868616 0.081537
vt 0.138608545 0.525541008
v -6.182177 39.486655 1.280658
vn -1.080368 0.206850 -0.175550
vt 0.138583988 0.511061013
vn -0.679477 0.443442 -0.763130
vt 0.124085620 0.525541008
v -6.182177 36.476981 -0.412151
vn -1.081816 0.130103 -0.231356
vt 0.124085620 0.511061013
vn -1.080368 0.206850 -0.175550
vt 0.138583988 0.511061013
vn -0.626121 0.686271 -0.614648
vt 0.138585374 0.525541008
vn -0.679477 0.443442 -0.763130
vt 0.124085620 0.525541008
v -6.182177 39.851215 2.110481
vn -1.057867 0.348872 -0.006126
vt 0.124125317 0.511061013
vn -0.668226 0.887218 0.083876
vt 0.138592258 0.525541008
vn -0.620663 0.910276 -0.164077
vt 0.124126233 0.525541008
vn -1.057867 0.348872 -0.006126
vt 0.124125317 0.511061013
v -6.182177 39.750263 2.677357
vn -1.045169 0.379393 0.067502
vt 0.138590872 0.511061013
vn -0.668226 0.887218 0.083876
vt 0.138592258 0.525541008
vn -1.057867 0.348872 -0.006126
vt 0.138588130 0.511061013
vn -0.626121 0.686271 -0.614648
vt 0.124122791 0.525541008
vn -1.080368 0.206850 -0.175550
vt 0.124121644 0.511061013
vn -1.057867 0.348872 -0.006126
vt 0.138588130 0.511061013
vn -0.620663 0.910276 -0.164077
vt 0.138589039 0.525541008
vn -0.626121 0.686271 -0.614648
vt 0.124122791 0.525541008
v -6.182177 32.785269 18.094350
vn -1.067112 0.232470 0.219215
vt 0.138592720 0.511061013
v -6.182177 32.148612 18.264939
vn -1.080034 -0.022501 0.271791
vt 0.124127150 0.511061013
v -5.855463 32.348713 19.579745
vn -0.628015 -0.034865 0.919298
vt 0.124128297 0.525541008
vn -1.067112 0.232470 0.219215
vt 0.138592720 0.511061013
vn -0.628015 -0.034865 0.919298
vt 0.124128297 0.525541008
v -5.855463 33.065119 19.387788
vn -0.609190 0.558842 0.746533
vt 0.138593867 0.525541008
vn -0.628015 -0.034865 0.919298
vt 0.138600051 0.511061013
vn -0.606628 -0.319354 0.877973
vt 0.124131739 0.511061013
vn 0.622668 -0.315789 0.867948
vt 0.124131970 0.525541008
vn -0.628015 -0.034865 0.919298
vt 0.138600051 0.511061013
vn 0.622668 -0.315789 0.867948
vt 0.124131970 0.525541008
vn 0.344305 -0.069953 1.057087
vt 0.138600290 0.525541008
v -5.855463 33.645372 18.375287
vn -0.623559 0.820496 0.422612
vt 0.138609007 0.511061013
vn -0.609190 0.558842 0.746533
vt 0.124143675 0.511061013
vn 0.251852 0.685714 0.840880
vt 0.124143675 0.525541008
vn -0.623559 0.820496 0.422612
vt 0.138609007 0.511061013
vn 0.251852 0.685714 0.840880
vt 0.124143675 0.525541008
v -4.550994 33.645372 18.375287
vn 0.645837 0.807129 0.415038
vt 0.138588816 0.525541008
vn 1.051741 0.335283 0.149039
vt 0.124122106 0.511061013
vn 0.517070 0.901587 0.400780
vt 0.124124624 0.525541008
vn 0.645837 0.807129 0.415038
vt 0.138588816 0.525541008
vn 1.051741 0.335283 0.149039
vt 0.124122106 0.511061013
vn 0.645837 0.807129 0.415038
vt 0.138588816 0.525541008
v -4.272677 33.300940 17.194549
vn 1.054303 0.324701 0.153829
vt 0.138586521 0.511061013
vn -1.030799 0.385742 0.171429
vt 0.138591573 0.511061013
v -6.182177 33.300940 17.194549
vn -1.034252 0.373712 0.177109
vt 0.124129675 0.511061013
vn -0.623559 0.820496 0.422612
vt 0.124130361 0.525541008
vn -1.030799 0.385742 0.171429
vt 0.138591573 0.511061013
vn -0.623559 0.820496 0.422612
vt 0.124130361 0.525541008
vn -0.500585 0.909273 0.404233
vt 0.138592944 0.525541008
vn -1.066778 -0.109162 0.301420
vt 0.124120042 0.511061013
vn -0.606628 -0.319354 0.877973
vt 0.124121189 0.525541008
vn -0.628015 -0.034865 0.919298
vt 0.138592020 0.525541008
vn -1.066778 -0.109162 0.301420
vt 0.124120042 0.511061013
vn -0.628015 -0.034865 0.919298
vt 0.138592020 0.525541008
vn -1.080034 -0.022501 0.271791
vt 0.138590872 0.511061013
vn -1.067112 0.232470 0.219215
vt 0.124129444 0.511061013
vn -0.609190 0.558842 0.746533
vt 0.124130361 0.525541008
vn -0.623559 0.820496 0.422612
vt 0.138595462 0.525541008
vn -1.067112 0.232470 0.219215
vt 0.124129444 0.511061013
vn -0.623559 0.820496 0.422612
vt 0.138595462 0.525541008
vn -1.034252 0.373712 0.177109
vt 0.138594553 0.511061013
vn 1.062657 0.289613 0.165970
vt 0.138579637 0.511061013
vn 1.054303 0.324701 0.153829
vt 0.124120496 0.511061013
vn 0.645837 0.807129 0.415038
vt 0.124143898 0.525541008
vn 1.062657 0.289613 0.165970
vt 0.138579637 0.511061013
vn 0.645837 0.807129 0.415038
vt 0.124143898 0.525541008
vn 0.251852 0.685714 0.840880
vt 0.138602346 0.525541008
vn 0.645837 0.807129 0.415038
vt 0.124143898 0.525541008
vn -0.500585 0.909273 0.404233
vt 0.138609231 0.511061013
vn -0.623559 0.820496 0.422612
vt 0.124143675 0.511061013
vn 0.645837 0.807129 0.415038
vt 0.124143898 0.525541008
vn 0.517070 0.901587 0.400780
vt 0.138609231 0.525541008
vn -0.500585 0.909273 0.404233
vt 0.138609231 0.511061013
vn -0.609190 0.558842 0.746533
vt 0.138608083 0.511061013
vn 0.344305 -0.069953 1.057087
vt 0.124122106 0.525541008
vn 0.251852 0.685714 0.840880
vt 0.138602346 0.525541008
vn -0.609190 0.558842 0.746533
vt 0.138608083 0.511061013
vn -0.628015 -0.034865 0.919298
vt 0.124142751 0.511061013
vn 0.344305 -0.069953 1.057087
vt 0.124122106 0.525541008
vn 0.344305 -0.069953 1.057087
vt 0.124122106 0.525541008
vn 1.079031 -0.094124 0.259761
vt 0.138578951 0.511061013
vn 1.083932 -0.084211 0.242272
vt 0.124108106 0.511061013
vn 0.344305 -0.069953 1.057087
vt 0.124122106 0.525541008
vn 0.622668 -0.315789 0.867948
vt 0.138581008 0.525541008
vn 1.079031 -0.094124 0.259761
vt 0.138578951 0.511061013
vn 0.000000 0.365581 -1.052186
vt 0.138560131 0.511061013
vn 0.000000 0.365581 -1.052186
vt 0.124096401 0.511061013
vn 0.000000 0.040434 -1.113116
vt 0.124102600 0.525541008
vn 0.000000 0.365581 -1.052186
vt 0.138560131 0.511061013
vn 0.000000 0.040434 -1.113116
vt 0.124102600 0.525541008
vn 0.000000 0.040434 -1.113116
vt 0.138562202 0.525541008
vn 0.000000 0.040434 -1.113116
vt 0.138561279 0.511061013
vn 0.000000 0.040434 -1.113116
vt 0.124096863 0.511061013
vn -0.000000 -0.679477 -0.882651
vt 0.124096863 0.525541008
vn 0.000000 0.040434 -1.113116
vt 0.138561279 0.511061013
vn -0.000000 -0.679477 -0.882651
vt 0.124096863 0.525541008
vn -0.000000 -0.679477 -0.882651
vt 0.138556004 0.525541008
vn -0.000000 -0.993484 -0.503704
vt 0.124092735 0.525541008
vn -0.000000 -0.679477 -0.882651
vt 0.138556004 0.525541008
vn -0.000000 -0.679477 -0.882651
vt 0.138560593 0.511061013
vn -0.000000 -0.993484 -0.503704
vt 0.124092735 0.525541008
vn -0.000000 -0.679477 -0.882651
vt 0.138560593 0.511061013
vn -0.000000 -0.993484 -0.503704
vt 0.124095716 0.511061013
vn -0.000000 -1.017990 -0.452242
vt 0.138554618 0.511061013
vn -0.000000 -1.017990 -0.452242
vt 0.124088377 0.511061013
vn -0.000000 -0.993484 -0.503704
vt 0.124092735 0.525541008
vn -0.000000 -1.017990 -0.452242
vt 0.138554618 0.511061013
vn -0.000000 -0.993484 -0.503704
vt 0.124092735 0.525541008
vn -0.000000 -0.993484 -0.503704
vt 0.138560817 0.525541008
vn 0.000000 0.885213 -0.676135
vt 0.138564497 0.511061013
vn 0.000000 0.770705 -0.804233
vt 0.124097325 0.525541008
vn 0.000000 0.885213 -0.676135
vt 0.124097094 0.511061013
vn 0.000000 0.885213 -0.676135
vt 0.138564497 0.511061013
vn 0.000000 0.770705 -0.804233
vt 0.138565868 0.525541008
vn 0.000000 0.770705 -0.804233
vt 0.124097325 0.525541008
vn 0.000000 1.013423 -0.462267
vt 0.138566554 0.511061013
vn 0.000000 0.885213 -0.676135
vt 0.124099620 0.525541008
vn 0.000000 1.013423 -0.462267
vt 0.124099158 0.511061013
vn 0.000000 1.013423 -0.462267
vt 0.138566554 0.511061013
vn 0.000000 0.885213 -0.676135
vt 0.138567016 0.525541008
vn 0.000000 0.885213 -0.676135
vt 0.124099620 0.525541008
vn 0.000000 1.013423 -0.462267
vt 0.138565406 0.511061013
vn 0.000000 1.043275 -0.390198
vt 0.124093421 0.525541008
vn 0.000000 1.013423 -0.462267
vt 0.124102138 0.511061013
vn 0.000000 1.013423 -0.462267
vt 0.138565406 0.511061013
vn 0.000000 1.043275 -0.390198
vt 0.138555765 0.525541008
vn 0.000000 1.043275 -0.390198
vt 0.124093421 0.525541008
v -6.182177 23.072443 8.344052
vn -0.000000 1.099193 0.180340
vt 0.138558760 0.511061013
vn 0.000000 1.104651 -0.143024
vt 0.124095030 0.511061013
vn 0.000000 1.104651 -0.143024
vt 0.124092042 0.525541008
vn -0.000000 1.099193 0.180340
vt 0.138558760 0.511061013
vn 0.000000 1.104651 -0.143024
vt 0.124092042 0.525541008
v -4.272677 23.072443 8.344052
vn -0.000000 1.099193 0.180340
vt 0.138557836 0.525541008
v -4.272677 23.429177 7.613270
vn -0.000000 0.846115 0.724478
vt 0.138560593 0.511061013
vn -0.000000 1.099193 0.180340
vt 0.124097325 0.525541008
vn -0.000000 1.099193 0.180340
vt 0.138557836 0.525541008
vn -0.000000 0.846115 0.724478
vt 0.138560593 0.511061013
v -6.182177 23.429177 7.613270
vn -0.000000 0.846115 0.724478
vt 0.124095947 0.511061013
vn -0.000000 1.099193 0.180340
vt 0.124097325 0.525541008
v -4.272677 35.076508 -0.506696
vn -0.000000 0.461710 1.013757
vt 0.138550952 0.511061013
v -6.182177 35.076508 -0.506696
vn -0.000000 0.461710 1.013757
vt 0.124085620 0.511061013
vn -0.000000 0.846115 0.724478
vt 0.124097548 0.525541008
vn -0.000000 0.461710 1.013757
vt 0.138550952 0.511061013
vn -0.000000 0.846115 0.724478
vt 0.124097548 0.525541008
vn -0.000000 0.846115 0.724478
vt 0.138561964 0.525541008
v -4.272677 35.779443 -0.683094
vn -0.000000 -0.069396 1.111780
vt 0.138550952 0.511061013
v -6.182177 35.779443 -0.683094
vn -0.000000 -0.069396 1.111780
vt 0.124085620 0.511061013
vn -0.000000 0.461710 1.013757
vt 0.124085620 0.525541008
vn -0.000000 -0.069396 1.111780
vt 0.138550952 0.511061013
vn -0.000000 0.461710 1.013757
vt 0.124085620 0.525541008
vn -0.000000 0.461710 1.013757
vt 0.138550952 0.525541008
vn -0.000000 -0.403342 1.038262
vt 0.138550952 0.511061013
vn -0.000000 -0.403342 1.038262
vt 0.124085620 0.511061013
vn -0.000000 -0.069396 1.111780
vt 0.124085620 0.525541008
vn -0.000000 -0.403342 1.038262
vt 0.138550952 0.511061013
vn -0.000000 -0.069396 1.111780
vt 0.124085620 0.525541008
vn -0.000000 -0.069396 1.111780
vt 0.138550952 0.525541008
vn -0.000000 -0.825397 0.747981
vt 0.138567701 0.511061013
vn -0.000000 -0.546032 0.970872
vt 0.124085620 0.525541008
vn -0.000000 -0.825397 0.747981
vt 0.124101453 0.511061013
vn -0.000000 -0.825397 0.747981
vt 0.138567701 0.511061013
vn -0.000000 -0.546032 0.970872
vt 0.138550952 0.525541008
vn -0.000000 -0.546032 0.970872
vt 0.124085620 0.525541008
vn -0.000000 -1.105987 0.132108
vt 0.138560593 0.511061013
vn -0.000000 -0.825397 0.747981
vt 0.124094568 0.525541008
vn -0.000000 -1.105987 0.132108
vt 0.124094337 0.511061013
vn -0.000000 -1.105987 0.132108
vt 0.138560593 0.511061013
vn -0.000000 -0.825397 0.747981
vt 0.138560593 0.525541008
vn -0.000000 -0.825397 0.747981
vt 0.124094568 0.525541008
vn -0.000000 -1.096631 -0.195266
vt 0.138555080 0.511061013
vn -0.000000 -1.105987 0.132108
vt 0.124088377 0.525541008
vn -0.000000 -1.096631 -0.195266
vt 0.124088377 0.511061013
vn -0.000000 -1.096631 -0.195266
vt 0.138555080 0.511061013
vn -0.000000 -1.105987 0.132108
vt 0.138555080 0.525541008
vn -0.000000 -1.105987 0.132108
vt 0.124088377 0.525541008
vn -0.000000 0.909719 0.642829
vt 0.124132432 0.511061013
v 4.272677 32.785269 18.094350
vn 0.000000 1.088722 -0.235589
vt 0.138580784 0.525541008
vn 0.000000 1.088722 -0.235589
vt 0.124115221 0.525541008
v 4.550994 33.065119 19.387788
vn -0.000000 0.909719 0.642829
vt 0.138609007 0.511061013
vn 0.000000 1.088722 -0.235589
vt 0.138580784 0.525541008
vn -0.000000 0.909719 0.642829
vt 0.124132432 0.511061013
vn -0.000000 0.909719 0.642829
vt 0.138609007 0.511061013
vn -0.000000 0.288276 1.075912
vt 0.124142751 0.525541008
v 4.550994 32.348713 19.579747
vn -0.000000 0.288276 1.075912
vt 0.124142751 0.511061013
vn -0.000000 0.909719 0.642829
vt 0.138609007 0.511061013
vn -0.000000 0.909719 0.642829
vt 0.138608083 0.525541008
vn -0.000000 0.288276 1.075912
vt 0.124142751 0.525541008
vn -0.000000 -1.101197 0.167641
vt 0.124114305 0.511061013
vn -0.000000 -1.101197 0.167641
vt 0.138568163 0.525541008
v 4.272677 32.148612 18.264939
vn -0.000000 -1.101197 0.167641
vt 0.124102831 0.525541008
vn -0.000000 -1.101197 0.167641
vt 0.124114305 0.511061013
vn -0.000000 -1.101197 0.167641
vt 0.138579637 0.511061013
vn -0.000000 -1.101197 0.167641
vt 0.138568163 0.525541008
vn -0.000000 -0.288276 -1.075912
vt 0.138561741 0.511061013
vn -0.000000 -0.288276 -1.075912
vt 0.124095716 0.525541008
vn -0.000000 -0.288276 -1.075912
vt 0.124095947 0.511061013
vn -0.000000 -0.288276 -1.075912
vt 0.138561741 0.511061013
vn -0.000000 -0.288276 -1.075912
vt 0.138561279 0.525541008
vn -0.000000 -0.288276 -1.075912
vt 0.124095716 0.525541008
v 8.973122 42.046946 -9.811864
vn 0.000000 1.090838 -0.225341
vt 0.203845263 0.929158986
v 14.472331 41.204344 -13.890373
vn 0.000000 1.090838 -0.225341
vt 0.187250122 0.981383979
v 9.550386 41.204344 -13.890373
vn 0.000000 1.090838 -0.225341
vt 0.187250122 0.929158986
vn 0.000000 1.090838 -0.225341
vt 0.203845263 0.929158986
v 15.049593 42.046946 -9.811862
vn 0.000000 1.090838 -0.225341
vt 0.203845724 0.981383979
vn 0.000000 1.090838 -0.225341
vt 0.187250122 0.981383979
v 10.053722 40.501465 -13.415805
vn -0.000000 0.000000 -1.113896
vt 0.378394336 0.450847000
v 13.968996 31.486045 -13.415809
vn -0.000000 0.000000 -1.113896
vt 0.300877392 0.328474998
v 10.053722 31.486043 -13.415809
vn -0.000000 0.000000 -1.113896
vt 0.378395706 0.328474998
vn -0.000000 0.000000 -1.113896
vt 0.378394336 0.450847000
v 13.968996 40.501465 -13.415805
vn -0.000000 0.000000 -1.113896
vt 0.300877154 0.450847000
vn -0.000000 0.000000 -1.113896
vt 0.300877392 0.328474998
v 15.049593 29.940555 -9.811865
vn -0.000000 -1.090838 -0.225341
vt 0.203797534 0.929158986
v 9.550386 30.783164 -13.890377
vn -0.000000 -1.090838 -0.225341
vt 0.187217996 0.981383979
v 14.472331 30.783168 -13.890377
vn -0.000000 -1.090838 -0.225341
vt 0.187221676 0.929158986
vn -0.000000 -1.090838 -0.225341
vt 0.203797534 0.929158986
v 8.973122 29.940555 -9.811867
vn -0.000000 -1.090838 -0.225341
vt 0.203797534 0.981383979
vn -0.000000 -1.090838 -0.225341
vt 0.187217996 0.981383979
v 15.049593 36.678803 -9.811864
vn 1.113896 0.000000 0.000000
vt 0.243226245 0.886264980
v 15.049591 42.046942 -6.349281
vn 1.113896 0.000000 0.000000
vt 0.208963037 0.904645026
v 15.049591 36.678800 -2.532080
vn 1.113896 0.000000 0.000000
vt 0.243226245 0.924907029
vn 1.113896 0.000000 0.000000
vt 0.243226245 0.886264980
vn 1.113896 0.000000 0.000000
vt 0.208966479 0.886264980
vn 1.113896 0.000000 0.000000
vt 0.208963037 0.904645026
vn -0.000000 1.113896 0.000000
vt 0.184253201 0.970565975
vn -0.000000 1.113896 0.000000
vt 0.126153246 0.998571992
vn -0.000000 1.113896 0.000000
vt 0.126148418 0.970565975
vn -0.000000 1.113896 0.000000
vt 0.184253201 0.970565975
v 8.973119 42.046942 -6.349284
vn -0.000000 1.113896 0.000000
vt 0.184258476 0.998571992
vn -0.000000 1.113896 0.000000
vt 0.126153246 0.998571992
v 8.973122 36.678803 -9.811867
vn -1.113896 0.000000 0.000000
vt 0.243226245 0.886264980
vn -1.113896 0.000000 0.000000
vt 0.208959132 0.904645026
vn -1.113896 0.000000 0.000000
vt 0.208960518 0.886264980
vn -1.113896 0.000000 0.000000
vt 0.243226245 0.886264980
v 8.973119 36.678800 -2.532083
vn -1.113896 0.000000 0.000000
vt 0.243226245 0.924907029
vn -1.113896 0.000000 0.000000
vt 0.208959132 0.904645026
v 14.545992 37.341292 -3.003170
vn -0.787636 0.641938 -0.456475
vt 0.341859043 0.249972001
v 9.476720 37.095362 -3.349031
vn 0.787636 0.641938 -0.456475
vt 0.270753086 0.252995998
v 9.476720 37.341297 -3.003172
vn 0.787636 0.641938 -0.456475
vt 0.270753086 0.249972001
vn -0.787636 0.641938 -0.456475
vt 0.341859043 0.249972001
v 14.545992 37.095362 -3.349028
vn -0.787636 0.641938 -0.456475
vt 0.341859043 0.252995998
vn 0.787636 0.641938 -0.456475
vt 0.270753086 0.252995998
vn -0.787636 0.641938 -0.456475
vt 0.222840503 0.978914022
v 14.545992 41.138512 -6.224050
vn -0.787636 -0.641938 0.456475
vt 0.220154956 0.933682978
vn -0.787636 0.641938 -0.456475
vt 0.220154956 0.980821013
vn -0.787636 0.641938 -0.456475
vt 0.222840503 0.978914022
v 14.545992 41.384445 -5.878191
vn -0.787636 -0.641938 0.456475
vt 0.222840503 0.931777000
vn -0.787636 -0.641938 0.456475
vt 0.220154956 0.933682978
vn 0.787636 0.641938 -0.456475
vt 0.220154956 0.933682978
v 9.476720 41.138512 -6.224052
vn 0.787636 -0.641938 0.456475
vt 0.222901538 0.978914022
v 9.476720 41.384445 -5.878194
vn 0.787636 -0.641938 0.456475
vt 0.220154956 0.980821013
vn 0.787636 0.641938 -0.456475
vt 0.220154956 0.933682978
vn 0.787636 0.641938 -0.456475
vt 0.222901538 0.931777000
vn 0.787636 -0.641938 0.456475
vt 0.222901538 0.978914022
vn 0.787636 -0.641938 0.456475
vt 0.341859043 0.250095010
vn -0.787636 -0.641938 0.456475
vt 0.270753086 0.253118008
vn -0.787636 -0.641938 0.456475
vt 0.270753086 0.250095010
vn 0.787636 -0.641938 0.456475
vt 0.341859043 0.250095010
vn 0.787636 -0.641938 0.456475
vt 0.341859043 0.253118008
vn -0.787636 -0.641938 0.456475
vt 0.270753086 0.253118008
vn -0.000000 0.645503 0.907825
vt 0.179383472 0.995069027
vn -0.000000 0.645503 0.907825
vt 0.125964165 0.998699009
vn -0.000000 0.645503 0.907825
vt 0.130738452 0.995069027
vn -0.000000 0.645503 0.907825
vt 0.179383472 0.995069027
vn -0.000000 0.645503 0.907825
vt 0.184253886 0.998699009
vn -0.000000 0.645503 0.907825
vt 0.125964165 0.998699009
vn -0.000000 0.645503 0.907825
vt 0.179993823 0.995377004
vn -0.000000 0.645503 0.907825
vt 0.184815601 0.969596028
vn -0.000000 0.645503 0.907825
vt 0.184864238 0.999005973
vn -0.000000 0.645503 0.907825
vt 0.179993823 0.995377004
vn -0.000000 0.645503 0.907825
vt 0.179993823 0.973226011
vn -0.000000 0.645503 0.907825
vt 0.184815601 0.969596028
vn -0.000000 0.645503 0.907825
vt 0.184815601 0.969596028
vn -0.000000 0.645503 0.907825
vt 0.179993823 0.973226011
vn -0.000000 0.645503 0.907825
vt 0.126527026 0.969596028
vn -0.000000 0.645503 0.907825
vt 0.126527026 0.969596028
vn -0.000000 0.645503 0.907825
vt 0.179993823 0.973226011
vn -0.000000 0.645503 0.907825
vt 0.131409839 0.973226011
vn -0.000000 0.645503 0.907825
vt 0.131409839 0.995377004
vn -0.000000 0.645503 0.907825
vt 0.126527026 0.969596028
vn -0.000000 0.645503 0.907825
vt 0.131409839 0.973226011
vn -0.000000 0.645503 0.907825
vt 0.131409839 0.995377004
vn -0.000000 0.645503 0.907825
vt 0.126574516 0.999005973
vn -0.000000 0.645503 0.907825
vt 0.126527026 0.969596028
vn -0.000000 0.645503 0.907825
vt 0.323060215 0.764784992
vn -0.000000 0.645503 0.907825
vt 0.253724277 0.737549007
vn -0.000000 0.645503 0.907825
vt 0.323060215 0.737549007
vn -0.000000 0.645503 0.907825
vt 0.323060215 0.764784992
vn -0.000000 0.645503 0.907825
vt 0.253724277 0.764784992
vn -0.000000 0.645503 0.907825
vt 0.253724277 0.737549007
v -8.973122 42.046946 -9.811864
vn 0.000000 1.090838 -0.225341
vt 0.203845263 0.929158986
v -9.550386 41.204344 -13.890373
vn 0.000000 1.090838 -0.225341
vt 0.187249899 0.929158986
v -14.472331 41.204344 -13.890373
vn 0.000000 1.090838 -0.225341
vt 0.187250122 0.981383979
vn 0.000000 1.090838 -0.225341
vt 0.203845263 0.929158986
vn 0.000000 1.090838 -0.225341
vt 0.187250122 0.981383979
v -15.049593 42.046946 -9.811862
vn 0.000000 1.090838 -0.225341
vt 0.203845724 0.981383979
v -10.053722 40.501465 -13.415805
vn -0.000000 0.000000 -1.113896
vt 0.378394336 0.450847000
v -10.053722 31.486043 -13.415809
vn -0.000000 0.000000 -1.113896
vt 0.378395706 0.328474998
v -13.968996 31.486045 -13.415809
vn -0.000000 0.000000 -1.113896
vt 0.300877392 0.328474998
vn -0.000000 0.000000 -1.113896
vt 0.378394336 0.450847000
vn -0.000000 0.000000 -1.113896
vt 0.300877392 0.328474998
v -13.968996 40.501465 -13.415805
vn -0.000000 0.000000 -1.113896
vt 0.300877154 0.450847000
v -15.049593 29.940555 -9.811865
vn -0.000000 -1.090838 -0.225341
vt 0.203797534 0.929158986
v -14.472331 30.783168 -13.890377
vn -0.000000 -1.090838 -0.225341
vt 0.187221676 0.929158986
v -9.550386 30.783164 -13.890377
vn -0.000000 -1.090838 -0.225341
vt 0.187217534 0.981383979
vn -0.000000 -1.090838 -0.225341
vt 0.203797534 0.929158986
vn -0.000000 -1.090838 -0.225341
vt 0.187217534 0.981383979
v -8.973122 29.940555 -9.811867
vn -0.000000 -1.090838 -0.225341
vt 0.203797534 0.981383979
v -15.049593 36.678803 -9.811864
vn -1.113896 0.000000 0.000000
vt 0.243226245 0.886264980
v -15.049591 36.678800 -2.532080
vn -1.113896 0.000000 0.000000
vt 0.243226245 0.924907029
v -15.049591 42.046942 -6.349281
vn -1.113896 0.000000 0.000000
vt 0.208963037 0.904645026
vn -1.113896 0.000000 0.000000
vt 0.243226245 0.886264980
vn -1.113896 0.000000 0.000000
vt 0.208963037 0.904645026
vn -1.113896 0.000000 0.000000
vt 0.208966255 0.886264980
vn -0.000000 1.113896 0.000000
vt 0.184253439 0.970565975
vn -0.000000 1.113896 0.000000
vt 0.126148418 0.970565975
vn -0.000000 1.113896 0.000000
vt 0.126153246 0.998571992
vn -0.000000 1.113896 0.000000
vt 0.184253439 0.970565975
vn -0.000000 1.113896 0.000000
vt 0.126153246 0.998571992
v -8.973119 42.046942 -6.349284
vn -0.000000 1.113896 0.000000
vt 0.184258476 0.998571992
v -8.973122 36.678803 -9.811867
vn 1.113896 0.000000 0.000000
vt 0.243226245 0.886264980
vn 1.113896 0.000000 0.000000
vt 0.208960518 0.886264980
vn 1.113896 0.000000 0.000000
vt 0.208959132 0.904645026
vn 1.113896 0.000000 0.000000
vt 0.243226245 0.886264980
vn 1.113896 0.000000 0.000000
vt 0.208959132 0.904645026
v -8.973119 36.678800 -2.532083
vn 1.113896 0.000000 0.000000
vt 0.243226245 0.924907029
v -14.545992 37.341292 -3.003170
vn 0.787636 0.641938 -0.456475
vt 0.341859043 0.249972001
v -9.476720 37.341297 -3.003172
vn -0.787636 0.641938 -0.456475
vt 0.270753086 0.249972001
v -9.476720 37.095362 -3.349031
vn -0.787636 0.641938 -0.456475
vt 0.270753086 0.252995998
vn 0.787636 0.641938 -0.456475
vt 0.341859043 0.249972001
vn -0.787636 0.641938 -0.456475
vt 0.270753086 0.252995998
v -14.545992 37.095362 -3.349028
vn 0.787636 0.641938 -0.456475
vt 0.341859043 0.252995998
vn 0.787636 0.641938 -0.456475
vt 0.222840503 0.978914022
vn 0.787636 0.641938 -0.456475
vt 0.220154956 0.980821013
v -14.545992 41.138512 -6.224050
vn 0.787636 -0.641938 0.456475
vt 0.220154956 0.933682978
vn 0.787636 0.641938 -0.456475
vt 0.222840503 0.978914022
vn 0.787636 -0.641938 0.456475
vt 0.220154956 0.933682978
v -14.545992 41.384445 -5.878191
vn 0.787636 -0.641938 0.456475
vt 0.222840503 0.931777000
vn -0.787636 0.641938 -0.456475
vt 0.220154956 0.933682978
v -9.476720 41.384445 -5.878194
vn -0.787636 -0.641938 0.456475
vt 0.220154956 0.980821013
v -9.476720 41.138512 -6.224052
vn -0.787636 -0.641938 0.456475
vt 0.222901538 0.978914022
vn -0.787636 0.641938 -0.456475
vt 0.220154956 0.933682978
vn -0.787636 -0.641938 0.456475
vt 0.222901538 0.978914022
vn -0.787636 0.641938 -0.456475
vt 0.222901538 0.931777000
vn -0.787636 -0.641938 0.456475
vt 0.341859043 0.250095010
vn 0.787636 -0.641938 0.456475
vt 0.270753086 0.250095010
vn 0.787636 -0.641938 0.456475
vt 0.270753086 0.253118008
vn -0.787636 -0.641938 0.456475
vt 0.341859043 0.250095010
vn 0.787636 -0.641938 0.456475
vt 0.270753086 0.253118008
vn -0.787636 -0.641938 0.456475
vt 0.341859043 0.253118008
vn -0.000000 0.645503 0.907825
vt 0.179383472 0.995069027
vn -0.000000 0.645503 0.907825
vt 0.130738452 0.995069027
vn -0.000000 0.645503 0.907825
vt 0.125964165 0.998699009
vn -0.000000 0.645503 0.907825
vt 0.179383472 0.995069027
vn -0.000000 0.645503 0.907825
vt 0.125964165 0.998699009
vn -0.000000 0.645503 0.907825
vt 0.184253886 0.998699009
vn -0.000000 0.645503 0.907825
vt 0.179993823 0.995377004
vn -0.000000 0.645503 0.907825
vt 0.184864238 0.999005973
vn -0.000000 0.645503 0.907825
vt 0.184815601 0.969596028
vn -0.000000 0.645503 0.907825
vt 0.179993823 0.995377004
vn -0.000000 0.645503 0.907825
vt 0.184815601 0.969596028
vn -0.000000 0.645503 0.907825
vt 0.179993823 0.973226011
vn -0.000000 0.645503 0.907825
vt 0.184815601 0.969596028
vn -0.000000 0.645503 0.907825
vt 0.126527026 0.969596028
vn -0.000000 0.645503 0.907825
vt 0.179993823 0.973226011
vn -0.000000 0.645503 0.907825
vt 0.126527026 0.969596028
vn -0.000000 0.645503 0.907825
vt 0.131409839 0.973226011
vn -0.000000 0.645503 0.907825
vt 0.179993823 0.973226011
vn -0.000000 0.645503 0.907825
vt 0.131409839 0.995377004
vn -0.000000 0.645503 0.907825
vt 0.131409839 0.973226011
vn -0.000000 0.645503 0.907825
vt 0.126527026 0.969596028
vn -0.000000 0.645503 0.907825
vt 0.131409839 0.995377004
vn -0.000000 0.645503 0.907825
vt 0.126527026 0.969596028
vn -0.000000 0.645503 0.907825
vt 0.126574516 0.999005973
vn -0.000000 0.645503 0.907825
vt 0.323060215 0.764784992
vn -0.000000 0.645503 0.907825
vt 0.323060215 0.737549007
vn -0.000000 0.645503 0.907825
vt 0.253724277 0.737549007
vn -0.000000 0.645503 0.907825
vt 0.323060215 0.764784992
vn -0.000000 0.645503 0.907825
vt 0.253724277 0.737549007
vn -0.000000 0.645503 0.907825
vt 0.253724277 0.764784992
vn -0.000000 0.000000 -1.113896
vt 0.253724277 0.764784992
vn -0.000000 0.000000 -1.113896
vt 0.323060215 0.764784992
v 14.545992 40.815115 -6.224050
vn -0.000000 0.000000 -1.113896
vt 0.323060215 0.764784992
vn -0.000000 0.000000 -1.113896
vt 0.253724277 0.764784992
vn -0.000000 0.000000 -1.113896
vt 0.323060215 0.764784992
v 9.476720 40.815115 -6.224052
vn -0.000000 0.000000 -1.113896
vt 0.253724277 0.764784992
v 1.938426 38.527245 2.990753
vn 0.688945 0.641938 -0.595043
vt 0.592140615 0.861778021
v -1.657752 39.101403 4.108701
vn -0.573211 0.950376 -0.095238
vt 0.612714708 0.877831995
v 1.657749 39.101403 4.108701
vn 0.573211 0.950376 -0.095238
vt 0.593793809 0.877831995
vn 0.688945 0.641938 -0.595043
vt 0.592140615 0.861778021
v -1.938427 38.527245 2.990753
vn -0.688945 0.641938 -0.595043
vt 0.614296377 0.861777008
vn -0.573211 0.950376 -0.095238
vt 0.612714708 0.877831995
v -1.435783 38.994452 4.847545
vn -0.136118 1.083152 0.221108
vt 0.682124794 0.753409982
v 1.435782 38.221752 8.204087
vn 0.147368 1.048287 0.346644
vt 0.684445977 0.759981990
v 1.435782 38.994452 4.847545
vn 0.136118 1.083152 0.221108
vt 0.682124794 0.759981990
vn -0.136118 1.083152 0.221108
vt 0.682124794 0.753409982
v -1.435783 38.221752 8.204087
vn -0.147368 1.048287 0.346644
vt 0.684445977 0.753409982
vn 0.147368 1.048287 0.346644
vt 0.684445977 0.759981990
vn 0.688945 0.641938 -0.595043
vt 0.674775064 0.765278995
v 1.657749 38.160717 8.194955
vn 0.708661 0.816820 0.267112
vt 0.678079247 0.766273022
v 2.527220 36.353864 7.647499
vn 1.087274 0.238040 0.045447
vt 0.677275896 0.768275976
vn 0.688945 0.641938 -0.595043
vt 0.674775064 0.765278995
vn 0.573211 0.950376 -0.095238
vt 0.675755084 0.764636993
vn 0.708661 0.816820 0.267112
vt 0.678079247 0.766273022
vn -0.688945 0.641938 -0.595043
vt 0.674774885 0.756407022
v -1.657752 38.160717 8.194955
vn -0.708661 0.816820 0.267112
vt 0.678079009 0.755412996
vn -0.573211 0.950376 -0.095238
vt 0.675755084 0.757049024
vn -0.688945 0.641938 -0.595043
vt 0.674774885 0.756407022
v -2.527222 36.353864 7.647499
vn -1.087274 0.238040 0.045447
vt 0.677276134 0.753409982
vn -0.708661 0.816820 0.267112
vt 0.678079009 0.755412996
v 1.679532 34.135380 12.592925
vn 0.003342 0.240156 1.087719
vt 0.687170029 0.761309981
v -1.456783 35.122813 12.390315
vn -0.027513 0.438318 1.023671
vt 0.686076224 0.753718019
v -1.679534 34.135380 12.592925
vn -0.003342 0.240156 1.087719
vt 0.687169790 0.752794027
vn 0.003342 0.240156 1.087719
vt 0.687170029 0.761309981
v 1.456782 35.122813 12.390315
vn 0.027513 0.438318 1.023671
vt 0.686076224 0.760385990
vn -0.027513 0.438318 1.023671
vt 0.686076224 0.753718019
v -1.435783 38.095763 8.489959
vn -0.136341 0.958396 0.551044
vt 0.678096473 0.753409982
v 1.435782 35.303366 12.261899
vn -0.000891 0.774158 0.800891
vt 0.682120442 0.759981990
v 1.435782 38.095763 8.489959
vn 0.136341 0.958396 0.551044
vt 0.678096712 0.759981990
vn -0.136341 0.958396 0.551044
vt 0.678096473 0.753409982
v -1.435783 35.303366 12.261899
vn 0.000891 0.774158 0.800891
vt 0.682120442 0.753409982
vn -0.000891 0.774158 0.800891
vt 0.682120442 0.759981990
vn 0.688945 0.641938 -0.595043
vt 0.658290803 0.748727977
v -1.938427 38.234762 2.852769
vn -0.740518 0.354999 -0.752548
vt 0.657715976 0.738956988
vn -0.688945 0.641938 -0.595043
vt 0.658290803 0.738956988
vn 0.688945 0.641938 -0.595043
vt 0.658290803 0.748727977
v 1.938426 38.234762 2.852769
vn 0.740518 0.354999 -0.752548
vt 0.657715976 0.748727977
vn -0.740518 0.354999 -0.752548
vt 0.657715976 0.738956988
vn 1.087274 0.238040 0.045447
vt 0.658590913 0.742498994
vn 0.740518 0.354999 -0.752548
vt 0.657349765 0.731909990
vn 0.688945 0.641938 -0.595043
vt 0.658592999 0.731920004
vn 1.087274 0.238040 0.045447
vt 0.658590913 0.742498994
v 2.527220 36.061387 7.509517
vn 1.112114 0.027179 -0.057588
vt 0.657349765 0.742488027
vn 0.740518 0.354999 -0.752548
vt 0.657349765 0.731909990
vn 1.087274 0.238040 0.045447
vt 0.658590913 0.742498994
v 2.527220 36.219373 7.935667
vn 1.086828 0.190142 0.153049
vt 0.658590913 0.743121982
vn 1.112114 0.027179 -0.057588
vt 0.657349765 0.742488027
v 2.527220 35.926893 7.797685
vn 1.112114 -0.026845 0.057031
vt 0.657349765 0.743112028
vn 1.112114 0.027179 -0.057588
vt 0.657349765 0.742488027
vn 1.086828 0.190142 0.153049
vt 0.658590913 0.743121982
v 1.938426 34.035241 12.615464
vn 0.686605 -0.053133 0.875522
vt 0.658591568 0.753748000
vn 1.112114 -0.026845 0.057031
vt 0.657349765 0.743112028
vn 1.086828 0.190142 0.153049
vt 0.658590913 0.743121982
vn 0.686605 -0.053133 0.875522
vt 0.658591568 0.753748000
v 1.938426 33.742765 12.477479
vn 0.742634 -0.354219 0.750877
vt 0.657349765 0.753737986
vn 1.112114 -0.026845 0.057031
vt 0.657349765 0.743112028
v -1.938427 34.035241 12.615464
vn -0.686605 -0.053133 0.875522
vt 0.659873307 0.731909990
v -2.527222 35.926893 7.797685
vn -1.112114 -0.026845 0.057031
vt 0.658570468 0.742546022
v -1.938427 33.742765 12.477479
vn -0.742634 -0.354219 0.750766
vt 0.658570468 0.731920004
vn -0.686605 -0.053133 0.875522
vt 0.659873307 0.731909990
v -2.527222 36.219373 7.935667
vn -1.086828 0.190142 0.153049
vt 0.659872651 0.742536008
vn -1.112114 -0.026845 0.057031
vt 0.658570468 0.742546022
v -2.527222 36.061387 7.509517
vn -1.112114 0.027179 -0.057588
vt 0.658570468 0.743169010
vn -1.112114 -0.026845 0.057031
vt 0.658570468 0.742546022
vn -1.086828 0.190142 0.153049
vt 0.659872651 0.742536008
vn -1.087274 0.238040 0.045447
vt 0.659872890 0.743158996
vn -1.112114 0.027179 -0.057588
vt 0.658570468 0.743169010
vn -1.086828 0.190142 0.153049
vt 0.659872651 0.742536008
vn -1.087274 0.238040 0.045447
vt 0.659872890 0.743158996
vn -0.740518 0.354999 -0.752548
vt 0.658570468 0.753748000
vn -1.112114 0.027179 -0.057588
vt 0.658570468 0.743169010
vn -1.087274 0.238040 0.045447
vt 0.659872890 0.743158996
vn -0.688945 0.641938 -0.595043
vt 0.659874499 0.753737986
vn -0.740518 0.354999 -0.752548
vt 0.658570468 0.753748000
v -1.657752 35.339664 12.228862
vn -0.562183 0.708215 0.650404
vt 0.686071396 0.754746020
v -1.657752 38.035116 8.483760
vn -0.690059 0.757004 0.437538
vt 0.686075568 0.758660972
vn -1.086828 0.190142 0.153049
vt 0.684416831 0.757268012
vn -0.562183 0.708215 0.650404
vt 0.686071396 0.754746020
vn -1.086828 0.190142 0.153049
vt 0.684416831 0.757268012
v -1.680495 35.160597 12.362132
vn -0.598830 0.477527 0.808800
vt 0.686008334 0.754531980
vn -1.086828 0.190142 0.153049
vt 0.684416831 0.757268012
vn -0.686605 -0.053133 0.875522
vt 0.685149014 0.753409982
vn -0.598830 0.477527 0.808800
vt 0.686008334 0.754531980
vn 1.086828 0.190142 0.153049
vt 0.684416831 0.760058999
v 1.680492 35.160597 12.362132
vn 0.598830 0.477527 0.808800
vt 0.686008513 0.762795985
vn 0.686605 -0.053133 0.875522
vt 0.685148776 0.763917029
vn 1.086828 0.190142 0.153049
vt 0.684416831 0.760058999
v 1.657749 35.339664 12.228862
vn 0.562183 0.708215 0.650404
vt 0.686071634 0.762582004
vn 0.598830 0.477527 0.808800
vt 0.686008513 0.762795985
vn 1.086828 0.190142 0.153049
vt 0.684416831 0.760058999
v 1.657749 38.035116 8.483760
vn 0.690059 0.757004 0.437538
vt 0.686075747 0.758665979
vn 0.562183 0.708215 0.650404
vt 0.686071634 0.762582004
vn 0.690059 0.757004 0.437538
vt 0.657462001 0.741690993
vn 1.086828 0.190142 0.153049
vt 0.658172131 0.743067026
vn 1.087274 0.238040 0.045447
vt 0.657989025 0.743061006
vn 0.708661 0.816820 0.267112
vt 0.657339454 0.741690993
vn 0.690059 0.757004 0.437538
vt 0.657462001 0.741690993
vn 1.087274 0.238040 0.045447
vt 0.657989025 0.743061006
vn 0.708661 0.816820 0.267112
vt 0.657339454 0.741690993
vn 0.136341 0.958396 0.551044
vt 0.657468617 0.741328001
vn 0.690059 0.757004 0.437538
vt 0.657462001 0.741690993
vn -0.000891 0.774158 0.800891
vt 0.660330415 0.741352975
vn 0.690059 0.757004 0.437538
vt 0.657462001 0.741690993
vn 0.136341 0.958396 0.551044
vt 0.657468617 0.741328001
vn -0.000891 0.774158 0.800891
vt 0.660330415 0.741352975
vn 0.562183 0.708215 0.650404
vt 0.660269618 0.741715014
vn 0.690059 0.757004 0.437538
vt 0.657462001 0.741690993
vn 0.027513 0.438318 1.023671
vt 0.660448134 0.741387010
vn 0.562183 0.708215 0.650404
vt 0.660269618 0.741715014
vn -0.000891 0.774158 0.800891
vt 0.660330415 0.741352975
vn 0.598830 0.477527 0.808800
vt 0.660442591 0.741752028
vn 0.562183 0.708215 0.650404
vt 0.660269618 0.741715014
vn 0.027513 0.438318 1.023671
vt 0.660448134 0.741387010
vn 0.027513 0.438318 1.023671
vt 0.660448134 0.741387010
vn -0.000891 0.774158 0.800891
vt 0.660330415 0.741352975
vn 0.000891 0.774158 0.800891
vt 0.660330176 0.736674011
vn 0.708661 0.816820 0.267112
vt 0.657339454 0.741690993
vn 0.147368 1.048287 0.346644
vt 0.657284856 0.741326988
vn 0.136341 0.958396 0.551044
vt 0.657468617 0.741328001
vn 0.136118 1.083152 0.221108
vt 0.655634165 0.741334975
vn 0.147368 1.048287 0.346644
vt 0.657284856 0.741326988
vn 0.708661 0.816820 0.267112
vt 0.657339454 0.741690993
vn 0.136118 1.083152 0.221108
vt 0.655634165 0.741334975
vn 0.708661 0.816820 0.267112
vt 0.657339454 0.741690993
vn 0.573211 0.950376 -0.095238
vt 0.655328512 0.741698980
vn -0.147368 1.048287 0.346644
vt 0.657285511 0.736697972
vn 0.136341 0.958396 0.551044
vt 0.657468617 0.741328001
vn 0.147368 1.048287 0.346644
vt 0.657284856 0.741326988
vn -0.136118 1.083152 0.221108
vt 0.655634582 0.736688018
vn 0.136118 1.083152 0.221108
vt 0.655634165 0.741334975
vn 0.573211 0.950376 -0.095238
vt 0.655328512 0.741698980
vn -0.136118 1.083152 0.221108
vt 0.655634582 0.736688018
vn 0.573211 0.950376 -0.095238
vt 0.655328512 0.741698980
vn -0.573211 0.950376 -0.095238
vt 0.655328512 0.736324012
vn -0.147368 1.048287 0.346644
vt 0.657285511 0.736697972
vn -0.136341 0.958396 0.551044
vt 0.657467484 0.736697018
vn 0.136341 0.958396 0.551044
vt 0.657468617 0.741328001
vn 0.003342 0.240156 1.087719
vt 0.661230326 0.742047012
vn 0.598830 0.477527 0.808800
vt 0.660442591 0.741752028
vn 0.027513 0.438318 1.023671
vt 0.660448134 0.741387010
vn 0.003342 0.240156 1.087719
vt 0.661230326 0.742047012
vn 0.686605 -0.053133 0.875522
vt 0.661343932 0.742174029
vn 0.598830 0.477527 0.808800
vt 0.660442591 0.741752028
vn -0.136118 1.083152 0.221108
vt 0.655634582 0.736688018
vn -0.573211 0.950376 -0.095238
vt 0.655328512 0.736324012
vn -0.708661 0.816820 0.267112
vt 0.657339454 0.736334026
vn -0.136118 1.083152 0.221108
vt 0.655634582 0.736688018
vn -0.708661 0.816820 0.267112
vt 0.657339454 0.736334026
vn -0.147368 1.048287 0.346644
vt 0.657285511 0.736697972
vn -0.708661 0.816820 0.267112
vt 0.657339454 0.736334026
vn -0.136341 0.958396 0.551044
vt 0.657467484 0.736697018
vn -0.147368 1.048287 0.346644
vt 0.657285511 0.736697972
vn 0.027513 0.438318 1.023671
vt 0.660448134 0.741387010
vn 0.000891 0.774158 0.800891
vt 0.660330176 0.736674011
vn -0.027513 0.438318 1.023671
vt 0.660447180 0.736639977
vn -0.686605 -0.053133 0.875522
vt 0.661342978 0.735853016
vn 0.686605 -0.053133 0.875522
vt 0.661343932 0.742174029
vn 0.003342 0.240156 1.087719
vt 0.661230326 0.742047012
vn -0.686605 -0.053133 0.875522
vt 0.661342978 0.735853016
vn 0.742634 -0.354219 0.750877
vt 0.661317050 0.742174029
vn 0.686605 -0.053133 0.875522
vt 0.661343932 0.742174029
vn -0.686605 -0.053133 0.875522
vt 0.661342978 0.735853016
vn -0.742634 -0.354219 0.750766
vt 0.661317050 0.735853016
vn 0.742634 -0.354219 0.750877
vt 0.661317050 0.742174029
vn -0.003342 0.240156 1.087719
vt 0.661230087 0.735979974
vn -0.686605 -0.053133 0.875522
vt 0.661342978 0.735853016
vn 0.003342 0.240156 1.087719
vt 0.661230326 0.742047012
vn -0.003342 0.240156 1.087719
vt 0.661230087 0.735979974
vn -0.598830 0.477527 0.808800
vt 0.660442591 0.736275017
vn -0.686605 -0.053133 0.875522
vt 0.661342978 0.735853016
vn -0.003342 0.240156 1.087719
vt 0.661230087 0.735979974
vn -0.027513 0.438318 1.023671
vt 0.660447180 0.736639977
vn -0.598830 0.477527 0.808800
vt 0.660442591 0.736275017
vn -0.598830 0.477527 0.808800
vt 0.660442591 0.736275017
vn -0.027513 0.438318 1.023671
vt 0.660447180 0.736639977
vn -0.562183 0.708215 0.650404
vt 0.660269618 0.736311972
vn 0.000891 0.774158 0.800891
vt 0.660330176 0.736674011
vn -0.562183 0.708215 0.650404
vt 0.660269618 0.736311972
vn -0.027513 0.438318 1.023671
vt 0.660447180 0.736639977
vn 0.000891 0.774158 0.800891
vt 0.660330176 0.736674011
vn -0.690059 0.757004 0.437538
vt 0.657523036 0.736334026
vn -0.562183 0.708215 0.650404
vt 0.660269618 0.736311972
vn 0.000891 0.774158 0.800891
vt 0.660330176 0.736674011
vn -0.136341 0.958396 0.551044
vt 0.657467484 0.736697018
vn -0.690059 0.757004 0.437538
vt 0.657523036 0.736334026
vn -0.708661 0.816820 0.267112
vt 0.657339454 0.736334026
vn -0.690059 0.757004 0.437538
vt 0.657523036 0.736334026
vn -0.136341 0.958396 0.551044
vt 0.657467484 0.736697018
vn -0.708661 0.816820 0.267112
vt 0.657339454 0.736334026
vn -1.087274 0.238040 0.045447
vt 0.657989264 0.734965980
vn -0.690059 0.757004 0.437538
vt 0.657523036 0.736334026
vn -0.690059 0.757004 0.437538
vt 0.657523036 0.736334026
vn -1.087274 0.238040 0.045447
vt 0.657989264 0.734965980
vn -1.086828 0.190142 0.153049
vt 0.658172131 0.734960020
v 8.234869 25.788786 -1.317337
vn -0.000000 -1.113896 0.000000
vt 0.814033687 0.846410990
v 12.582581 25.788783 10.322522
vn -0.000000 -1.113896 0.000000
vt 0.830952346 0.862680018
v 8.234869 25.788783 10.322522
vn -0.000000 -1.113896 0.000000
vt 0.814042628 0.862680018
vn -0.000000 -1.113896 0.000000
vt 0.814033687 0.846410990
v 15.787849 25.788788 -1.317336
vn -0.000000 -1.113896 0.000000
vt 0.843457699 0.846410990
vn -0.000000 -1.113896 0.000000
vt 0.830952346 0.862680018
vn -0.000000 -1.113896 0.000000
vt 0.814033687 0.846410990
v 8.234869 25.788788 -5.610544
vn -0.000000 -1.113896 0.000000
vt 0.814033449 0.840411007
vn -0.000000 -1.113896 0.000000
vt 0.843457699 0.846410990
vn -0.000000 -1.113896 0.000000
vt 0.814033449 0.840411007
v 15.787849 25.788794 -9.903748
vn -0.000000 -1.113896 0.000000
vt 0.843461096 0.834410012
vn -0.000000 -1.113896 0.000000
vt 0.843457699 0.846410990
vn -0.000000 -1.113896 0.000000
vt 0.814033449 0.840411007
v 8.234869 25.788790 -9.903750
vn -0.000000 -1.113896 0.000000
vt 0.814036667 0.834410012
vn -0.000000 -1.113896 0.000000
vt 0.843461096 0.834410012
v -15.787849 25.788794 -9.903748
vn -0.000000 -1.113896 0.000000
vt 0.843461096 0.834425986
v -8.234869 25.788790 -9.903750
vn -0.000000 -1.113896 0.000000
vt 0.814036667 0.834425986
v -8.234869 25.788788 -5.610544
vn -0.000000 -1.113896 0.000000
vt 0.814033449 0.840426028
vn -0.000000 -1.113896 0.000000
vt 0.843461096 0.834425986
vn -0.000000 -1.113896 0.000000
vt 0.814033449 0.840426028
v -15.787849 25.788788 -1.317336
vn -0.000000 -1.113896 0.000000
vt 0.843457878 0.846427023
vn -0.000000 -1.113896 0.000000
vt 0.814033449 0.840426028
v -8.234869 25.788786 -1.317337
vn -0.000000 -1.113896 0.000000
vt 0.814033926 0.846427023
vn -0.000000 -1.113896 0.000000
vt 0.843457878 0.846427023
vn -0.000000 -1.113896 0.000000
vt 0.814033926 0.846427023
v -12.582581 25.788783 10.322522
vn -0.000000 -1.113896 0.000000
vt 0.831013381 0.862695992
vn -0.000000 -1.113896 0.000000
vt 0.843457878 0.846427023
vn -0.000000 -1.113896 0.000000
vt 0.814033926 0.846427023
v -8.234869 25.788783 10.322522
vn -0.000000 -1.113896 0.000000
vt 0.814042628 0.862695992
vn -0.000000 -1.113896 0.000000
vt 0.831013381 0.862695992
v -4.209348 28.304959 14.099734
vn -0.383180 -0.417377 0.958953
vt 0.037739690 0.608303010
v -6.559450 29.360797 12.695460
vn -0.652186 -0.337733 0.837538
vt 0.059818584 0.623403013
v -6.559450 28.304959 12.269746
vn -0.652186 -0.337733 0.837538
vt 0.037784662 0.623403013
v -4.120100 29.360797 14.594951
vn -0.294848 -0.435645 0.981899
vt 0.059825238 0.607881010
vn -0.652186 -0.337733 0.837538
vt 0.059818584 0.623403013
vn -0.383180 -0.417377 0.958953
vt 0.037739690 0.608303010
v 4.209348 28.304959 14.099734
vn 0.383180 -0.417377 0.958953
vt 0.037799805 0.581981003
vn -0.294848 -0.435645 0.981899
vt 0.059825238 0.607881010
vn -0.383180 -0.417377 0.958953
vt 0.037739690 0.608303010
vn 0.383180 -0.417377 0.958953
vt 0.037799805 0.581981003
v 4.120100 29.360797 14.594951
vn 0.294848 -0.435645 0.981899
vt 0.059886504 0.582404017
vn -0.294848 -0.435645 0.981899
vt 0.059825238 0.607881010
v 6.559450 29.360797 12.695460
vn 0.652186 -0.337733 0.837538
vt 0.059818584 0.567026973
vn 0.294848 -0.435645 0.981899
vt 0.059886504 0.582404017
vn 0.383180 -0.417377 0.958953
vt 0.037799805 0.581981003
vn 0.652186 -0.337733 0.837538
vt 0.059818584 0.567026973
vn 0.383180 -0.417377 0.958953
vt 0.037799805 0.581981003
v 6.559450 28.304959 12.269746
vn 0.652186 -0.337733 0.837538
vt 0.037784662 0.567026973
v 8.234869 36.720203 -1.317335
vn -0.000000 1.096853 0.194263
vt 0.572123587 0.453119993
v 8.234869 31.606767 12.668357
vn -0.000000 1.046171 0.382512
vt 0.537213802 0.453119993
v 12.582581 31.606767 12.668357
vn -0.000000 1.046171 0.382512
vt 0.537219763 0.440867007
vn -0.000000 1.096853 0.194263
vt 0.572123587 0.453119993
vn -0.000000 1.046171 0.382512
vt 0.537219763 0.440867007
v 15.787849 36.720200 -1.317333
vn -0.000000 1.099193 0.180117
vt 0.572121322 0.431834012
vn -0.000000 1.096853 0.194263
vt 0.572123587 0.453119993
vn -0.000000 1.099193 0.180117
vt 0.572121322 0.431834012
v 8.234869 36.720203 -9.903746
vn -0.000000 1.113896 0.000000
vt 0.589381158 0.453119993
vn -0.000000 1.099193 0.180117
vt 0.572121322 0.431834012
v 15.787849 36.720203 -9.903745
vn -0.000000 1.113896 0.000000
vt 0.589373589 0.431834012
vn -0.000000 1.113896 0.000000
vt 0.589381158 0.453119993
v 6.559450 28.169857 12.587205
vn 0.325035 0.980228 0.417488
vt 0.064779870 0.265695006
vn 0.324923 0.980340 0.417265
vt 0.067264415 0.265695006
vn 0.190588 1.009858 0.429741
vt 0.058917284 0.305615991
vn 0.325035 0.980228 0.417488
vt 0.064779870 0.265695006
vn 0.190588 1.009858 0.429741
vt 0.058917284 0.305615991
v 4.209484 28.168490 14.430385
vn 0.125313 1.018435 0.433417
vt 0.056418743 0.305615991
vn 0.190588 1.009858 0.429741
vt 0.058917284 0.305615991
vn -0.190810 1.009858 0.429630
vt 0.058917284 0.446346015
vn 0.125313 1.018435 0.433417
vt 0.056418743 0.305615991
vn 0.125313 1.018435 0.433417
vt 0.056418743 0.305615991
vn -0.190810 1.009858 0.429630
vt 0.058917284 0.446346015
v -4.209348 28.169857 14.417199
vn -0.125536 1.018435 0.433417
vt 0.056418743 0.446346015
v -6.559450 28.169857 12.587205
vn -0.324923 0.980340 0.417265
vt 0.064780101 0.486274004
vn -0.125536 1.018435 0.433417
vt 0.056418743 0.446346015
vn -0.190810 1.009858 0.429630
vt 0.058917284 0.446346015
vn -0.324923 0.980340 0.417265
vt 0.064780101 0.486274004
vn -0.190810 1.009858 0.429630
vt 0.058917284 0.446346015
vn -0.324923 0.980340 0.417265
vt 0.067264415 0.486274004
v -6.559450 29.225691 13.012921
vn 0.324923 -0.980340 -0.417265
vt 0.033945415 0.281585008
vn 0.324923 -0.980340 -0.417265
vt 0.035831768 0.281585008
vn 0.190588 -1.009858 -0.429741
vt 0.029186048 0.313551009
v -4.120100 29.225691 14.912406
vn 0.125313 -1.018435 -0.433417
vt 0.027233383 0.313551009
vn 0.324923 -0.980340 -0.417265
vt 0.033945415 0.281585008
vn 0.190588 -1.009858 -0.429741
vt 0.029186048 0.313551009
vn -0.190588 -1.009858 -0.429741
vt 0.029185819 0.419813007
vn 0.125313 -1.018435 -0.433417
vt 0.027233383 0.313551009
vn 0.190588 -1.009858 -0.429741
vt 0.029186048 0.313551009
vn -0.190588 -1.009858 -0.429741
vt 0.029185819 0.419813007
v 4.120100 29.225691 14.912406
vn -0.125313 -1.018435 -0.433417
vt 0.027233612 0.419813007
vn 0.125313 -1.018435 -0.433417
vt 0.027233383 0.313551009
v 6.559450 29.225691 13.012921
vn -0.324923 -0.980340 -0.417265
vt 0.033945415 0.451781005
vn -0.125313 -1.018435 -0.433417
vt 0.027233612 0.419813007
vn -0.190588 -1.009858 -0.429741
vt 0.029185819 0.419813007
vn -0.324923 -0.980340 -0.417265
vt 0.033945415 0.451781005
vn -0.190588 -1.009858 -0.429741
vt 0.029185819 0.419813007
vn -0.324923 -0.980340 -0.417265
vt 0.035831537 0.451781005
vn 1.102868 0.000000 -0.156057
vt 0.203797534 0.955272019
vn 1.102868 0.000000 -0.156057
vt 0.187240943 0.929158986
vn 1.102868 0.000000 -0.156057
vt 0.203839749 0.929158986
vn 1.102868 0.000000 -0.156057
vt 0.203797534 0.955272019
vn 1.102868 0.000000 -0.156057
vt 0.187229007 0.981383979
vn 1.102868 0.000000 -0.156057
vt 0.187240943 0.929158986
vn 1.102868 0.000000 -0.156057
vt 0.203797534 0.955272019
vn 1.102868 0.000000 -0.156057
vt 0.203797534 0.981383979
vn 1.102868 0.000000 -0.156057
vt 0.187229007 0.981383979
vn -1.102868 0.000000 -0.156057
vt 0.203797534 0.955272019
vn -1.102868 0.000000 -0.156057
vt 0.187213182 0.929158986
vn -1.102868 0.000000 -0.156057
vt 0.203797534 0.929158986
vn -1.102868 0.000000 -0.156057
vt 0.203797534 0.955272019
vn -1.102868 0.000000 -0.156057
vt 0.187234297 0.981383979
vn -1.102868 0.000000 -0.156057
vt 0.187213182 0.929158986
vn -1.102868 0.000000 -0.156057
vt 0.203797534 0.955272019
vn -1.102868 0.000000 -0.156057
vt 0.203834251 0.981383979
vn -1.102868 0.000000 -0.156057
vt 0.187234297 0.981383979
vn -1.102868 0.000000 -0.156057
vt 0.203797534 0.955272019
vn -1.102868 0.000000 -0.156057
vt 0.203839749 0.929158986
vn -1.102868 0.000000 -0.156057
vt 0.187240943 0.929158986
vn -1.102868 0.000000 -0.156057
vt 0.203797534 0.955272019
vn -1.102868 0.000000 -0.156057
vt 0.187240943 0.929158986
vn -1.102868 0.000000 -0.156057
vt 0.187229007 0.981383979
vn -1.102868 0.000000 -0.156057
vt 0.203797534 0.955272019
vn -1.102868 0.000000 -0.156057
vt 0.187229007 0.981383979
vn -1.102868 0.000000 -0.156057
vt 0.203797534 0.981383979
vn 1.102868 0.000000 -0.156057
vt 0.203797534 0.955272019
vn 1.102868 0.000000 -0.156057
vt 0.203797534 0.929158986
vn 1.102868 0.000000 -0.156057
vt 0.187213182 0.929158986
vn 1.102868 0.000000 -0.156057
vt 0.203797534 0.955272019
vn 1.102868 0.000000 -0.156057
vt 0.187213182 0.929158986
vn 1.102868 0.000000 -0.156057
vt 0.187234521 0.981383979
vn 1.102868 0.000000 -0.156057
vt 0.203797534 0.955272019
vn 1.102868 0.000000 -0.156057
vt 0.187234521 0.981383979
vn 1.102868 0.000000 -0.156057
vt 0.203834474 0.981383979
v -8.234869 36.720203 -1.317335
vn -0.000000 1.096853 0.194263
vt 0.572123110 0.453130007
v -12.582581 31.606767 12.668357
vn -0.000000 1.046171 0.382512
vt 0.537220001 0.465382993
v -8.234869 31.606767 12.668357
vn -0.000000 1.046171 0.382512
vt 0.537213802 0.453130007
vn -0.000000 1.096853 0.194263
vt 0.572123110 0.453130007
v -15.787849 36.720200 -1.317333
vn -0.000000 1.099193 0.180117
vt 0.572121978 0.474415988
vn -0.000000 1.046171 0.382512
vt 0.537220001 0.465382993
vn -0.000000 1.096853 0.194263
vt 0.572123110 0.453130007
v -15.787849 36.720203 -9.903745
vn -0.000000 1.113896 0.000000
vt 0.589373350 0.474415988
vn -0.000000 1.099193 0.180117
vt 0.572121978 0.474415988
vn -0.000000 1.096853 0.194263
vt 0.572123110 0.453130007
v -8.234869 36.720203 -9.903746
vn -0.000000 1.113896 0.000000
vt 0.589381397 0.453130007
vn -0.000000 1.113896 0.000000
vt 0.589373350 0.474415988
vn 1.104762 -0.024840 0.139905
vt 0.629047155 0.491486996
vn 1.078028 -0.062712 0.273127
vt 0.612278044 0.444988996
vn 1.067781 -0.118519 0.294069
vt 0.629056752 0.450282991
vn 1.104762 -0.024840 0.139905
vt 0.629047155 0.491486996
vn 1.107547 0.010025 0.118296
vt 0.597675979 0.491679013
vn 1.078028 -0.062712 0.273127
vt 0.612278044 0.444988996
vn 1.104762 -0.024840 0.139905
vt 0.629047155 0.491486996
v 15.838349 31.006006 -1.579645
vn 1.101086 -0.000111 0.168755
vt 0.614085257 0.492413998
vn 1.107547 0.010025 0.118296
vt 0.597675979 0.491679013
vn 1.104762 -0.024840 0.139905
vt 0.629047155 0.491486996
v 15.838349 28.186435 -2.747553
vn 1.113673 -0.013590 0.016486
vt 0.622141004 0.495597988
vn 1.101086 -0.000111 0.168755
vt 0.614085257 0.492413998
vn 1.104762 -0.024840 0.139905
vt 0.629047155 0.491486996
v 15.838349 27.018531 -5.567127
vn 1.113339 -0.036424 0.000000
vt 0.625503421 0.503486991
vn 1.113673 -0.013590 0.016486
vt 0.622141004 0.495597988
vn 1.107547 0.010025 0.118296
vt 0.597675979 0.491679013
vn 1.101086 -0.000111 0.168755
vt 0.614085257 0.492413998
v 15.838349 33.825578 -2.747551
vn 1.113673 0.011919 0.015260
vt 0.605965972 0.495700985
vn 1.107547 0.010025 0.118296
vt 0.597675979 0.491679013
vn 1.113673 0.011919 0.015260
vt 0.605965972 0.495700985
v 15.838349 34.993484 -5.567124
vn 1.113562 0.026065 0.000000
vt 0.602668464 0.503630996
vn 1.107547 0.010025 0.118296
vt 0.597675979 0.491679013
vn 1.113562 0.026065 0.000000
vt 0.602668464 0.503630996
vn 1.113673 0.017377 -0.014815
vt 0.597735405 0.515882015
vn 1.104762 -0.024840 0.139905
vt 0.629047155 0.491486996
vn 1.113562 -0.019605 -0.017488
vt 0.629053116 0.515681982
vn 1.113339 -0.036424 0.000000
vt 0.625503421 0.503486991
vn 1.113339 -0.036424 0.000000
vt 0.625503421 0.503486991
vn 1.113562 -0.019605 -0.017488
vt 0.629053116 0.515681982
v 15.838349 28.186439 -8.386699
vn 1.113673 -0.013367 -0.015929
vt 0.622141659 0.511422992
vn 1.113562 0.026065 0.000000
vt 0.602668464 0.503630996
v 15.838349 33.825578 -8.386697
vn 1.113785 0.011696 -0.014703
vt 0.606027007 0.511524022
vn 1.113673 0.017377 -0.014815
vt 0.597735405 0.515882015
vn 1.113673 0.017377 -0.014815
vt 0.597735405 0.515882015
vn 1.113785 0.011696 -0.014703
vt 0.606027007 0.511524022
v 15.838349 31.006010 -9.554604
vn 1.106544 -0.000111 -0.127541
vt 0.614087582 0.514720023
vn 1.113673 0.017377 -0.014815
vt 0.597735405 0.515882015
vn 1.106544 -0.000111 -0.127541
vt 0.614087582 0.514720023
vn 1.113562 -0.019605 -0.017488
vt 0.629053116 0.515681982
vn 1.106544 -0.000111 -0.127541
vt 0.614087582 0.514720023
vn 1.113673 -0.013367 -0.015929
vt 0.622141659 0.511422992
vn 1.113562 -0.019605 -0.017488
vt 0.629053116 0.515681982
vn -1.078028 -0.062712 0.273127
vt 0.612278283 0.444988996
vn -1.106099 -0.014703 0.131106
vt 0.629047394 0.491479009
vn -1.067781 -0.118519 0.294069
vt 0.629117787 0.450275987
vn -1.078028 -0.062712 0.273127
vt 0.612278283 0.444988996
vn -1.108438 0.000000 0.109942
vt 0.597675741 0.491683006
vn -1.106099 -0.014703 0.131106
vt 0.629047394 0.491479009
vn -1.106099 -0.014703 0.131106
vt 0.629047394 0.491479009
vn -1.108438 0.000000 0.109942
vt 0.597675741 0.491683006
v -15.787852 31.006006 -1.620044
vn -1.113896 0.000000 0.000000
vt 0.614084601 0.492426008
vn -1.106099 -0.014703 0.131106
vt 0.629047394 0.491479009
vn -1.113896 0.000000 0.000000
vt 0.614084601 0.492426008
v -15.787852 28.186435 -2.787952
vn -1.113896 0.000000 0.000000
vt 0.622141004 0.495651990
vn -1.106099 -0.014703 0.131106
vt 0.629047394 0.491479009
vn -1.113896 0.000000 0.000000
vt 0.622141004 0.495651990
v -15.787852 27.018531 -5.607523
vn -1.113896 0.000000 0.000000
vt 0.625564694 0.503546000
vn -1.108438 0.000000 0.109942
vt 0.597675741 0.491683006
v -15.787852 33.825578 -2.787951
vn -1.113896 0.000000 0.000000
vt 0.605965734 0.495757014
vn -1.113896 0.000000 0.000000
vt 0.614084601 0.492426008
v -15.787852 34.993484 -5.607521
vn -1.113896 0.000000 0.000000
vt 0.602668703 0.503695011
vn -1.113896 0.000000 0.000000
vt 0.605965734 0.495757014
vn -1.108438 0.000000 0.109942
vt 0.597675741 0.491683006
vn -1.113896 0.000000 0.000000
vt 0.602668703 0.503695011
vn -1.108438 0.000000 0.109942
vt 0.597675741 0.491683006
vn -1.113896 0.000000 0.000000
vt 0.597735167 0.515788972
vn -1.106099 -0.014703 0.131106
vt 0.629047394 0.491479009
vn -1.113896 0.000000 0.000000
vt 0.625564694 0.503546000
vn -1.113896 0.000000 0.000000
vt 0.629114389 0.515585005
vn -1.113896 0.000000 0.000000
vt 0.625564694 0.503546000
v -15.787852 28.186439 -8.427098
vn -1.113896 0.000000 0.000000
vt 0.622203171 0.511484027
vn -1.113896 0.000000 0.000000
vt 0.629114389 0.515585005
vn -1.113896 0.000000 0.000000
vt 0.602668703 0.503695011
vn -1.113896 0.000000 0.000000
vt 0.597735167 0.515788972
v -15.787852 33.825578 -8.427096
vn -1.113896 0.000000 0.000000
vt 0.606027246 0.511590004
vn -1.113896 0.000000 0.000000
vt 0.597735167 0.515788972
v -15.787852 31.006010 -9.595000
vn -1.113896 0.000000 0.000000
vt 0.614087343 0.514815986
vn -1.113896 0.000000 0.000000
vt 0.606027246 0.511590004
vn -1.113896 0.000000 0.000000
vt 0.629114389 0.515585005
vn -1.113896 0.000000 0.000000
vt 0.614087343 0.514815986
vn -1.113896 0.000000 0.000000
vt 0.597735167 0.515788972
vn -1.113896 0.000000 0.000000
vt 0.622203171 0.511484027
vn -1.113896 0.000000 0.000000
vt 0.614087343 0.514815986
vn -1.113896 0.000000 0.000000
vt 0.629114389 0.515585005
v 14.727384 29.012267 -5.567126
vn 0.972988 0.542244 0.000000
vt 0.206299976 0.713716984
vn 0.972988 0.542244 0.000000
vt 0.207411230 0.717321992
vn 0.972988 0.383403 0.383403
vt 0.204351440 0.716432989
vn 0.972988 0.383403 -0.383403
vt 0.209480003 0.714843988
vn 0.972988 0.542244 0.000000
vt 0.207411230 0.717321992
vn 0.972988 0.542244 0.000000
vt 0.206299976 0.713716984
vn 0.972988 0.383403 -0.383403
vt 0.209480003 0.714843988
vn 0.972988 0.542244 0.000000
vt 0.206299976 0.713716984
v 14.727384 29.596220 -4.157338
vn 0.972988 0.383403 -0.383403
vt 0.206971362 0.712683976
vn 0.972988 0.542244 0.000000
vt 0.206299976 0.713716984
vn 0.972988 0.383403 0.383403
vt 0.204351440 0.716432989
v 14.727384 29.596220 -6.976913
vn 0.972988 0.383403 0.383403
vt 0.205201343 0.713245988
vn 0.972988 0.383403 0.383403
vt 0.204351440 0.716432989
vn 0.972988 0.000000 0.542244
vt 0.201602101 0.712418973
vn 0.972988 0.383403 0.383403
vt 0.205201343 0.713245988
vn 0.972988 0.383403 -0.383403
vt 0.209480003 0.714843988
vn 0.972988 0.383403 -0.383403
vt 0.206971362 0.712683976
vn 0.972988 0.000000 -0.542244
vt 0.209476560 0.709976971
vn 0.972988 0.383403 -0.383403
vt 0.206971362 0.712683976
v 14.727384 31.006006 -3.573385
vn 0.972988 0.000000 -0.542244
vt 0.206727222 0.710808992
vn 0.972988 0.000000 -0.542244
vt 0.209476560 0.709976971
vn 0.972988 0.000000 0.542244
vt 0.201602101 0.712418973
v 14.727384 31.006006 -7.560863
vn 0.972988 0.000000 0.542244
vt 0.204285815 0.711587012
vn 0.972988 0.383403 0.383403
vt 0.205201343 0.713245988
v 14.727384 32.415791 -6.976912
vn 0.972988 -0.383403 0.383403
vt 0.204102710 0.709712029
vn 0.972988 0.000000 0.542244
vt 0.204285815 0.711587012
vn 0.972988 0.000000 0.542244
vt 0.201602101 0.712418973
vn 0.972988 0.000000 -0.542244
vt 0.209476560 0.709976971
vn 0.972988 0.000000 -0.542244
vt 0.206727222 0.710808992
v 14.727384 32.415791 -4.157338
vn 0.972988 -0.383403 -0.383403
vt 0.205872729 0.709150016
vn 0.972988 0.000000 -0.542244
vt 0.209476560 0.709976971
vn 0.972988 -0.383403 -0.383403
vt 0.205872729 0.709150016
vn 0.972988 -0.383403 -0.383403
vt 0.206728831 0.705963016
vn 0.972988 -0.383403 0.383403
vt 0.201602787 0.707552016
vn 0.972988 -0.383403 0.383403
vt 0.204102710 0.709712029
vn 0.972988 0.000000 0.542244
vt 0.201602101 0.712418973
vn 0.972988 -0.383403 0.383403
vt 0.201602787 0.707552016
v 14.727384 32.999745 -5.567125
vn 0.972988 -0.542244 0.000000
vt 0.204774097 0.708679020
vn 0.972988 -0.383403 0.383403
vt 0.204102710 0.709712029
vn 0.972988 -0.383403 -0.383403
vt 0.205872729 0.709150016
vn 0.972988 -0.542244 0.000000
vt 0.204774097 0.708679020
vn 0.972988 -0.383403 -0.383403
vt 0.206728831 0.705963016
vn 0.972988 -0.383403 -0.383403
vt 0.206728831 0.705963016
vn 0.972988 -0.542244 0.000000
vt 0.204774097 0.708679020
vn 0.972988 -0.542244 0.000000
vt 0.203617185 0.705074012
vn 0.972988 -0.383403 0.383403
vt 0.201602787 0.707552016
vn 0.972988 -0.542244 0.000000
vt 0.203617185 0.705074012
vn 0.972988 -0.542244 0.000000
vt 0.204774097 0.708679020
vn -0.972988 0.383403 -0.383403
vt 0.193732694 0.714843988
v -14.676885 29.012267 -5.607522
vn -0.972988 0.542244 0.000000
vt 0.196900561 0.713716984
vn -0.972988 0.542244 0.000000
vt 0.195814550 0.717321992
vn -0.972988 0.542244 0.000000
vt 0.196900561 0.713716984
vn -0.972988 0.383403 0.383403
vt 0.198858738 0.716432989
vn -0.972988 0.542244 0.000000
vt 0.195814550 0.717321992
vn -0.972988 0.383403 -0.383403
vt 0.193732694 0.714843988
v -14.676885 29.596220 -4.197737
vn -0.972988 0.383403 -0.383403
vt 0.196229175 0.712683976
vn -0.972988 0.542244 0.000000
vt 0.196900561 0.713716984
vn -0.972988 0.542244 0.000000
vt 0.196900561 0.713716984
v -14.676885 29.596220 -7.017311
vn -0.972988 0.383403 0.383403
vt 0.197999194 0.713245988
vn -0.972988 0.383403 0.383403
vt 0.198858738 0.716432989
vn -0.972988 0.383403 -0.383403
vt 0.193732694 0.714843988
vn -0.972988 0.000000 -0.542244
vt 0.193729252 0.709976971
vn -0.972988 0.383403 -0.383403
vt 0.196229175 0.712683976
vn -0.972988 0.000000 0.542244
vt 0.201602563 0.712418973
vn -0.972988 0.383403 0.383403
vt 0.198858738 0.716432989
vn -0.972988 0.383403 0.383403
vt 0.197999194 0.713245988
vn -0.972988 0.000000 -0.542244
vt 0.193729252 0.709976971
v -14.676885 31.006006 -3.613784
vn -0.972988 0.000000 -0.542244
vt 0.196473315 0.710808992
vn -0.972988 0.383403 -0.383403
vt 0.196229175 0.712683976
vn -0.972988 0.000000 0.542244
vt 0.201602563 0.712418973
vn -0.972988 0.383403 0.383403
vt 0.197999194 0.713245988
v -14.676885 31.006006 -7.601262
vn -0.972988 0.000000 0.542244
vt 0.198914722 0.711587012
v -14.676885 32.415791 -4.197737
vn -0.972988 -0.383403 -0.383403
vt 0.197327808 0.709150016
vn -0.972988 0.000000 -0.542244
vt 0.196473315 0.710808992
vn -0.972988 0.000000 -0.542244
vt 0.193729252 0.709976971
vn -0.972988 -0.383403 -0.383403
vt 0.196474925 0.705963016
vn -0.972988 -0.383403 -0.383403
vt 0.197327808 0.709150016
vn -0.972988 0.000000 -0.542244
vt 0.193729252 0.709976971
vn -0.972988 0.000000 0.542244
vt 0.201602563 0.712418973
vn -0.972988 0.000000 0.542244
vt 0.198914722 0.711587012
v -14.676885 32.415791 -7.017309
vn -0.972988 -0.383403 0.383403
vt 0.199097827 0.709712029
vn -0.972988 0.000000 0.542244
vt 0.201602563 0.712418973
vn -0.972988 -0.383403 0.383403
vt 0.199097827 0.709712029
vn -0.972988 -0.383403 0.383403
vt 0.201602787 0.707552016
vn -0.972988 -0.383403 -0.383403
vt 0.196474925 0.705963016
v -14.676885 32.999745 -5.607522
vn -0.972988 -0.542244 0.000000
vt 0.198426440 0.708679020
vn -0.972988 -0.383403 -0.383403
vt 0.197327808 0.709150016
vn -0.972988 -0.542244 0.000000
vt 0.198426440 0.708679020
vn -0.972988 -0.383403 0.383403
vt 0.201602787 0.707552016
vn -0.972988 -0.383403 0.383403
vt 0.199097827 0.709712029
vn -0.972988 -0.383403 -0.383403
vt 0.196474925 0.705963016
vn -0.972988 -0.542244 0.000000
vt 0.199589089 0.705074012
vn -0.972988 -0.542244 0.000000
vt 0.198426440 0.708679020
vn -0.972988 -0.542244 0.000000
vt 0.198426440 0.708679020
vn -0.972988 -0.542244 0.000000
vt 0.199589089 0.705074012
vn -0.972988 -0.383403 0.383403
vt 0.201602787 0.707552016
vn -0.451239 -0.327931 -0.964188
vt 0.133396462 0.479984999
vn -0.365135 0.396658 -0.974770
vt 0.125957295 0.411738992
vn -0.451128 0.327931 -0.964188
vt 0.133396924 0.419140011
vn -0.365135 0.396658 -0.974770
vt 0.125957295 0.411738992
vn 0.451128 0.327931 -0.964188
vt 0.190956742 0.419140011
vn -0.451128 0.327931 -0.964188
vt 0.133396924 0.419140011
vn -0.451239 -0.327931 -0.964188
vt 0.133396462 0.479984999
vn -0.365135 -0.396658 -0.974770
vt 0.125961185 0.487385988
vn -0.365135 0.396658 -0.974770
vt 0.125957295 0.411738992
vn -0.451239 -0.327931 -0.964188
vt 0.133396462 0.479984999
vn 0.451239 -0.327931 -0.964188
vt 0.190955147 0.479984999
vn -0.365135 -0.396658 -0.974770
vt 0.125961185 0.487385988
vn -0.365135 0.396658 -0.974770
vt 0.125957295 0.411738992
vn 0.365135 0.396658 -0.974770
vt 0.198347732 0.411738992
vn 0.451128 0.327931 -0.964188
vt 0.190956742 0.419140011
vn 0.451128 0.327931 -0.964188
vt 0.190956742 0.419140011
vn 0.365135 0.396658 -0.974770
vt 0.198347732 0.411738992
vn 0.365135 -0.396658 -0.974770
vt 0.198350951 0.487385988
vn 0.451239 -0.327931 -0.964188
vt 0.190955147 0.479984999
vn 0.451128 0.327931 -0.964188
vt 0.190956742 0.419140011
vn 0.365135 -0.396658 -0.974770
vt 0.198350951 0.487385988
vn 0.451239 -0.327931 -0.964188
vt 0.190955147 0.479984999
vn 0.365135 -0.396658 -0.974770
vt 0.198350951 0.487385988
vn -0.365135 -0.396658 -0.974770
vt 0.125961185 0.487385988
vn 0.451239 -0.327931 -0.964188
vt 0.133396462 0.479984999
vn 0.451128 0.327931 -0.964188
vt 0.133396924 0.419140011
vn 0.365135 0.396658 -0.974770
vt 0.125957295 0.411738992
vn 0.365135 0.396658 -0.974770
vt 0.125957295 0.411738992
vn 0.451128 0.327931 -0.964188
vt 0.133396924 0.419140011
vn -0.451128 0.327931 -0.964188
vt 0.190956742 0.419140011
vn 0.451239 -0.327931 -0.964188
vt 0.133396462 0.479984999
vn 0.365135 0.396658 -0.974770
vt 0.125957295 0.411738992
vn 0.365135 -0.396658 -0.974770
vt 0.125960961 0.487385988
vn 0.451239 -0.327931 -0.964188
vt 0.133396462 0.479984999
vn 0.365135 -0.396658 -0.974770
vt 0.125960961 0.487385988
vn -0.451239 -0.327931 -0.964188
vt 0.190955147 0.479984999
vn 0.365135 0.396658 -0.974770
vt 0.125957295 0.411738992
vn -0.451128 0.327931 -0.964188
vt 0.190956742 0.419140011
vn -0.365135 0.396658 -0.974770
vt 0.198347732 0.411738992
vn -0.451128 0.327931 -0.964188
vt 0.190956742 0.419140011
vn -0.365135 -0.396658 -0.974770
vt 0.198350951 0.487385988
vn -0.365135 0.396658 -0.974770
vt 0.198347732 0.411738992
vn -0.451239 -0.327931 -0.964188
vt 0.190955147 0.479984999
vn -0.365135 -0.396658 -0.974770
vt 0.198350951 0.487385988
vn -0.451128 0.327931 -0.964188
vt 0.190956742 0.419140011
vn -0.451239 -0.327931 -0.964188
vt 0.190955147 0.479984999
vn 0.365135 -0.396658 -0.974770
vt 0.125960961 0.487385988
vn -0.365135 -0.396658 -0.974770
vt 0.198350951 0.487385988
v 12.288147 41.269604 -7.790077
vn 1.113896 0.000000 0.000000
vt 0.223084643 0.717683017
v 12.288147 41.269606 -13.544138
vn 1.113896 0.000000 0.000000
vt 0.241903439 0.717683017
v 12.288147 47.330498 -9.579815
vn 1.113896 0.000000 0.000000
vt 0.228991061 0.737500012
vn 1.113896 0.000000 0.000000
vt 0.223084643 0.717683017
vn 1.113896 0.000000 0.000000
vt 0.228991061 0.737500012
v 12.288147 47.330498 -7.790075
vn 1.113896 0.000000 0.000000
vt 0.223130986 0.737500012
vn 0.000000 0.609747 -0.932220
vt 0.442441791 0.368019998
vn 0.000000 0.609747 -0.932220
vt 0.442418844 0.494783998
v 11.652276 41.269606 -13.544138
vn 0.000000 0.609747 -0.932220
vt 0.497777730 0.494783998
vn 0.000000 0.609747 -0.932220
vt 0.442441791 0.368019998
vn 0.000000 0.609747 -0.932220
vt 0.497777730 0.494783998
v 11.652276 47.330498 -9.579815
vn 0.000000 0.609747 -0.932220
vt 0.497800678 0.368019998
vn -1.113896 0.000000 0.000000
vt 0.228864163 0.737599015
vn -1.113896 0.000000 0.000000
vt 0.241781369 0.717782974
v 11.652276 41.269604 -7.790077
vn -1.113896 0.000000 0.000000
vt 0.222962573 0.717782974
vn -1.113896 0.000000 0.000000
vt 0.228864163 0.737599015
vn -1.113896 0.000000 0.000000
vt 0.222962573 0.717782974
v 11.652276 47.330498 -7.790075
vn -1.113896 0.000000 0.000000
vt 0.223003879 0.737599015
vn -0.000000 0.000000 1.113896
vt 0.497785062 0.336694002
vn -0.000000 0.000000 1.113896
vt 0.497742832 0.230608001
vn -0.000000 0.000000 1.113896
vt 0.442383945 0.230608001
vn -0.000000 0.000000 1.113896
vt 0.497785062 0.336694002
vn -0.000000 0.000000 1.113896
vt 0.442383945 0.230608001
vn -0.000000 0.000000 1.113896
vt 0.442426413 0.336694002
vn -0.000000 1.113896 0.000000
vt 0.442442477 0.368019998
vn -0.000000 1.113896 0.000000
vt 0.497801363 0.368019998
vn -0.000000 1.113896 0.000000
vt 0.497801363 0.336694002
vn -0.000000 1.113896 0.000000
vt 0.442442477 0.368019998
vn -0.000000 1.113896 0.000000
vt 0.497801363 0.336694002
vn -0.000000 1.113896 0.000000
vt 0.442442477 0.336694002
v -12.288147 41.269604 -7.790077
vn -1.113896 0.000000 0.000000
vt 0.223084643 0.717683017
v -12.288147 47.330498 -9.579815
vn -1.113896 0.000000 0.000000
vt 0.228991061 0.737500012
v -12.288147 41.269606 -13.544138
vn -1.113896 0.000000 0.000000
vt 0.241903439 0.717683017
vn -1.113896 0.000000 0.000000
vt 0.223084643 0.717683017
v -12.288147 47.330498 -7.790075
vn -1.113896 0.000000 0.000000
vt 0.223130763 0.737500012
vn -1.113896 0.000000 0.000000
vt 0.228991061 0.737500012
vn 0.000000 0.609747 -0.932220
vt 0.442441791 0.368019998
v -11.652276 41.269606 -13.544138
vn 0.000000 0.609747 -0.932220
vt 0.497777730 0.494783998
vn 0.000000 0.609747 -0.932220
vt 0.442418844 0.494783998
vn 0.000000 0.609747 -0.932220
vt 0.442441791 0.368019998
v -11.652276 47.330498 -9.579815
vn 0.000000 0.609747 -0.932220
vt 0.497800678 0.368019998
vn 0.000000 0.609747 -0.932220
vt 0.497777730 0.494783998
vn 1.113896 0.000000 0.000000
vt 0.228864163 0.737599015
v -11.652276 41.269604 -7.790077
vn 1.113896 0.000000 0.000000
vt 0.222962573 0.717782974
vn 1.113896 0.000000 0.000000
vt 0.241781369 0.717782974
vn 1.113896 0.000000 0.000000
vt 0.228864163 0.737599015
v -11.652276 47.330498 -7.790075
vn 1.113896 0.000000 0.000000
vt 0.223004103 0.737599015
vn 1.113896 0.000000 0.000000
vt 0.222962573 0.717782974
vn -0.000000 0.000000 1.113896
vt 0.497785300 0.336694002
vn -0.000000 0.000000 1.113896
vt 0.442383945 0.230608001
vn -0.000000 0.000000 1.113896
vt 0.497742832 0.230608001
vn -0.000000 0.000000 1.113896
vt 0.497785300 0.336694002
vn -0.000000 0.000000 1.113896
vt 0.442426175 0.336694002
vn -0.000000 0.000000 1.113896
vt 0.442383945 0.230608001
vn -0.000000 1.113896 0.000000
vt 0.442442477 0.368019998
vn -0.000000 1.113896 0.000000
vt 0.497801363 0.336694002
vn -0.000000 1.113896 0.000000
vt 0.497801363 0.368019998
vn -0.000000 1.113896 0.000000
vt 0.442442477 0.368019998
vn -0.000000 1.113896 0.000000
vt 0.442442477 0.336694002
vn -0.000000 1.113896 0.000000
vt 0.497801363 0.336694002
vn -0.000000 -0.416597 1.033027
vt 0.001437768 0.906867981
vn -0.000000 -0.416597 1.033027
vt 0.058931738 0.878238976
vn -0.000000 -0.416597 1.033027
vt 0.058927380 0.906867981
vn -0.000000 -0.416597 1.033027
vt 0.001437768 0.906867981
vn -0.000000 -0.416597 1.033027
vt 0.001442128 0.878238976
vn -0.000000 -0.416597 1.033027
vt 0.058931738 0.878238976
v -4.164725 40.410332 -1.317331
vn -0.719354 0.836202 0.155611
vt 0.117174193 0.880986989
v -4.164725 38.390402 -19.900078
vn -0.622111 0.918519 -0.099805
vt 0.117180385 0.925096989
vn -0.649847 0.901253 -0.079309
vt 0.102074184 0.903854012
vn -0.719354 0.836202 0.155611
vt 0.117174193 0.880986989
vn -0.649847 0.901253 -0.079309
vt 0.102074184 0.903854012
vn -0.717238 0.828070 0.201504
vt 0.102089562 0.880986989
vn -0.717238 0.828070 0.201504
vt 0.115396142 0.917288005
v -4.164725 32.213539 15.837714
vn -0.504038 0.924756 0.362573
vt 0.096649855 0.878156006
vn -0.719354 0.836202 0.155611
vt 0.096663855 0.919726014
vn -0.717238 0.828070 0.201504
vt 0.115396142 0.917288005
vn -0.420273 0.968867 0.354219
vt 0.115461074 0.883219004
vn -0.504038 0.924756 0.362573
vt 0.096649855 0.878156006
v 4.164725 40.410332 -1.317331
vn -0.000000 1.098079 0.187023
vt 0.044306934 0.844937027
vn 0.000000 1.107324 -0.120412
vt 0.002254400 0.807533979
vn -0.000000 1.098079 0.187023
vt 0.044306934 0.807533979
vn -0.000000 1.098079 0.187023
vt 0.044306934 0.844937027
v 4.164725 38.390402 -19.900078
vn 0.000000 1.107324 -0.120412
vt 0.002254400 0.844937027
vn 0.000000 1.107324 -0.120412
vt 0.002254400 0.807533979
vn -0.000000 1.098079 0.187023
vt 0.126030937 0.878278971
v 4.164725 32.213539 15.837714
vn -0.000000 1.005068 0.480201
vt 0.183568284 0.907539010
vn -0.000000 1.098079 0.187023
vt 0.126030937 0.907539010
vn -0.000000 1.098079 0.187023
vt 0.126030937 0.878278971
vn -0.000000 1.005068 0.480201
vt 0.183568284 0.878278971
vn -0.000000 1.005068 0.480201
vt 0.183568284 0.907539010
vn 0.719354 0.836202 0.155611
vt 0.117174193 0.880986989
vn 0.717238 0.828070 0.201504
vt 0.102089331 0.880986989
vn 0.649847 0.901253 -0.079309
vt 0.102073953 0.903854012
vn 0.719354 0.836202 0.155611
vt 0.117174193 0.880986989
vn 0.649847 0.901253 -0.079309
vt 0.102073953 0.903854012
vn 0.622111 0.918519 -0.099805
vt 0.117180616 0.925096989
vn 0.717238 0.828070 0.201504
vt 0.115457408 0.917288005
vn 0.504038 0.924756 0.362573
vt 0.096710667 0.878156006
vn 0.420273 0.968867 0.354219
vt 0.115522340 0.883219004
vn 0.717238 0.828070 0.201504
vt 0.115457408 0.917288005
vn 0.719354 0.836202 0.155611
vt 0.096724890 0.919726014
vn 0.504038 0.924756 0.362573
vt 0.096710667 0.878156006
vn -1.031690 0.000000 -0.420050
vt 0.099134170 0.915449977
v -4.164725 25.788795 -19.900083
vn -1.031690 0.000000 -0.420050
vt 0.118755825 0.884620011
vn -1.031690 0.000000 -0.420050
vt 0.099143349 0.884620011
vn -1.031690 0.000000 -0.420050
vt 0.099134170 0.915449977
vn -1.031690 0.000000 -0.420050
vt 0.118760876 0.918448985
vn -1.031690 0.000000 -0.420050
vt 0.118755825 0.884620011
v 4.164725 25.788795 -19.900083
vn 1.031690 0.000000 -0.420050
vt 0.118816860 0.884620011
vn 1.031690 0.000000 -0.420050
vt 0.099194981 0.915449977
vn 1.031690 0.000000 -0.420050
vt 0.099204384 0.884620011
vn 1.031690 0.000000 -0.420050
vt 0.118816860 0.884620011
vn 1.031690 0.000000 -0.420050
vt 0.118822142 0.918448985
vn 1.031690 0.000000 -0.420050
vt 0.099194981 0.915449977
vn -0.000000 -0.416597 1.033027
vt 0.001441898 0.906799018
vn -0.000000 -0.416597 1.033027
vt 0.058927380 0.878170013
vn -0.000000 -0.416597 1.033027
vt 0.058931738 0.906799018
vn -0.000000 -0.416597 1.033027
vt 0.001441898 0.906799018
vn -0.000000 -0.416597 1.033027
vt 0.001437768 0.878170013
vn -0.000000 -0.416597 1.033027
vt 0.058927380 0.878170013
vn -0.000000 0.000000 -1.113896
vt 0.059261926 0.877120972
vn -0.000000 0.000000 -1.113896
vt 0.001524043 0.847654998
vn -0.000000 0.000000 -1.113896
vt 0.059261926 0.847654998
vn -0.000000 0.000000 -1.113896
vt 0.059261926 0.877120972
vn -0.000000 0.000000 -1.113896
vt 0.001524043 0.877120972
vn -0.000000 0.000000 -1.113896
vt 0.001524043 0.847654998
v -4.164725 22.403534 2.722534
vn -0.000000 -1.113896 0.000000
vt 0.474979013 0.250000000
v 4.164725 22.403536 -7.568900
vn -0.000000 -1.113896 0.000000
vt 0.524966359 0.250000000
v 4.164725 22.403534 2.722534
vn -0.000000 -1.113896 0.000000
vt 0.524966836 0.250000000
vn -0.000000 -1.113896 0.000000
vt 0.474979013 0.250000000
v -4.164725 22.403536 -7.568900
vn -0.000000 -1.113896 0.000000
vt 0.474978805 0.250000000
vn -0.000000 -1.113896 0.000000
vt 0.524966359 0.250000000
vn 1.113896 0.000000 0.000000
vt 0.189216092 0.397424012
vn 1.113896 0.000000 0.000000
vt 0.197207808 0.354544997
vn 1.113896 0.000000 0.000000
vt 0.197208494 0.401858985
vn 1.113896 0.000000 0.000000
vt 0.189216092 0.397424012
vn 1.113896 0.000000 0.000000
vt 0.189215869 0.350109994
vn 1.113896 0.000000 0.000000
vt 0.197207808 0.354544997
vn -1.113896 0.000000 0.000000
vt 0.189154834 0.397424012
vn -1.113896 0.000000 0.000000
vt 0.181155562 0.354544997
vn -1.113896 0.000000 0.000000
vt 0.189154834 0.350109994
vn -1.113896 0.000000 0.000000
vt 0.189154834 0.397424012
vn -1.113896 0.000000 0.000000
vt 0.181156248 0.401858985
vn -1.113896 0.000000 0.000000
vt 0.181155562 0.354544997
vn -0.000000 0.000000 -1.113896
vt 0.122093484 0.875939012
vn -0.000000 0.000000 -1.113896
vt 0.099083230 0.920296013
vn -0.000000 0.000000 -1.113896
vt 0.099091038 0.875939012
vn -0.000000 0.000000 -1.113896
vt 0.122093484 0.875939012
vn -0.000000 0.000000 -1.113896
vt 0.122091196 0.920296013
vn -0.000000 0.000000 -1.113896
vt 0.099083230 0.920296013
v -3.474300 22.916114 4.353182
vn 0.434419 -0.819716 0.616541
vt 0.636726558 0.740054011
vn 0.448120 -1.007407 0.157950
vt 0.632331789 0.746653974
v 3.474300 22.916114 4.353182
vn -0.434419 -0.819716 0.616541
vt 0.636726558 0.746653974
vn 0.434419 -0.819716 0.616541
vt 0.636726558 0.740054011
vn -0.448120 -1.007407 0.157950
vt 0.632331789 0.740054011
vn 0.448120 -1.007407 0.157950
vt 0.632331789 0.746653974
vn 0.434419 -0.819716 0.616541
vt 0.632942379 0.737967014
v -4.164455 25.791517 13.465510
vn -0.298858 -0.766026 0.751434
vt 0.636248112 0.746775985
vn -0.448120 -1.007407 0.157950
vt 0.636238039 0.737967014
vn 0.434419 -0.819716 0.616541
vt 0.632942379 0.737967014
v -3.474570 25.798207 13.522985
vn 0.674798 -0.642272 0.610638
vt 0.632955015 0.746775985
vn -0.298858 -0.766026 0.751434
vt 0.636248112 0.746775985
vn -0.434419 -0.819716 0.616541
vt 0.636665523 0.740059018
v 4.164456 25.791517 13.465510
vn 0.298747 -0.766249 0.751211
vt 0.632280648 0.746658981
v 3.474570 25.798207 13.522985
vn -0.674798 -0.642272 0.610638
vt 0.636678159 0.746658981
vn -0.434419 -0.819716 0.616541
vt 0.636665523 0.740059018
vn 0.448120 -1.007407 0.157950
vt 0.632270753 0.740059018
vn 0.298747 -0.766249 0.751211
vt 0.632280648 0.746658981
v 3.500828 27.744889 14.339076
vn -0.189919 -0.590922 0.924979
vt 0.633029103 0.746770978
vn -0.358563 -0.367363 0.988583
vt 0.636322737 0.737962008
v -3.500826 27.744889 14.339076
vn 0.189808 -0.591033 0.924868
vt 0.633029342 0.737962008
vn -0.189919 -0.590922 0.924979
vt 0.633029103 0.746770978
vn 0.358674 -0.367474 0.988471
vt 0.636322737 0.746770978
vn -0.358563 -0.367363 0.988583
vt 0.636322737 0.737962008
vn 0.189808 -0.591033 0.924868
vt 0.632782876 0.744367003
vn -0.298858 -0.766026 0.751434
vt 0.636074901 0.739975989
vn 0.674798 -0.642272 0.610638
vt 0.632781744 0.739975989
vn 0.189808 -0.591033 0.924868
vt 0.632782876 0.744367003
vn -0.358563 -0.367363 0.988583
vt 0.636076987 0.744367003
vn -0.298858 -0.766026 0.751434
vt 0.636074901 0.739975989
vn -0.189919 -0.590922 0.924979
vt 0.632782698 0.739986002
vn 0.298747 -0.766249 0.751211
vt 0.636074901 0.744377971
vn 0.358674 -0.367474 0.988471
vt 0.636076987 0.739986002
vn -0.189919 -0.590922 0.924979
vt 0.632782698 0.739986002
vn -0.674798 -0.642272 0.610638
vt 0.632781982 0.744377971
vn 0.298747 -0.766249 0.751211
vt 0.636074901 0.744377971
vn 0.189808 -0.591033 0.924868
vt 0.636126041 0.751365006
v 3.500961 27.726070 13.681844
vn -0.000000 -1.113450 0.031857
vt 0.635203898 0.735072017
vn -0.189919 -0.590922 0.924979
vt 0.636126041 0.735072017
vn 0.189808 -0.591033 0.924868
vt 0.636126041 0.751365006
v -3.500961 27.726070 13.681844
vn -0.000000 -1.113450 0.031857
vt 0.635203898 0.751365006
vn -0.000000 -1.113450 0.031857
vt 0.635203898 0.735072017
vn 0.448120 -1.007407 0.157950
vt 0.463630170 0.404695004
vn 0.382066 -1.016430 0.248176
vt 0.457843304 0.426328003
vn 0.298747 -0.766249 0.751211
vt 0.446916401 0.412936985
vn 0.448120 -1.007407 0.157950
vt 0.463630170 0.404695004
vn 0.712336 -0.856363 0.000000
vt 0.474373728 0.421921998
vn 0.382066 -1.016430 0.248176
vt 0.457843304 0.426328003
vn 0.469619 -0.996491 -0.164968
vt 0.478279978 0.400799990
vn 0.712336 -0.856363 0.000000
vt 0.474373728 0.421921998
vn 0.448120 -1.007407 0.157950
vt 0.463630170 0.404695004
vn 0.469619 -0.996491 -0.164968
vt 0.478279978 0.400799990
vn 0.712336 -0.856363 0.000000
vt 0.480477244 0.420296997
vn 0.712336 -0.856363 0.000000
vt 0.474373728 0.421921998
vn 0.469619 -0.996491 -0.164968
vt 0.478279978 0.400799990
vn 0.654748 -0.889000 -0.147480
vt 0.486589015 0.418671995
vn 0.712336 -0.856363 0.000000
vt 0.480477244 0.420296997
vn 0.469619 -0.996491 -0.164968
vt 0.478279978 0.400799990
vn 0.143136 -1.065219 -0.292398
vt 0.496431977 0.400799990
vn 0.654748 -0.889000 -0.147480
vt 0.486589015 0.418671995
vn 0.469619 -0.996491 -0.164968
vt 0.478279978 0.400799990
vn -0.469619 -0.996491 -0.164968
vt 0.478279293 0.366670996
vn 0.143136 -1.065219 -0.292398
vt 0.496431977 0.400799990
vn -0.469619 -0.996491 -0.164968
vt 0.478279293 0.366670996
vn -0.143136 -1.065219 -0.292398
vt 0.496432424 0.366670996
vn 0.143136 -1.065219 -0.292398
vt 0.496431977 0.400799990
vn -0.469619 -0.996491 -0.164968
vt 0.478279293 0.366670996
vn -0.654748 -0.889000 -0.147480
vt 0.486589253 0.348798990
vn -0.143136 -1.065219 -0.292398
vt 0.496432424 0.366670996
vn -0.469619 -0.996491 -0.164968
vt 0.478279293 0.366670996
vn -0.712336 -0.856363 0.000000
vt 0.480477244 0.347173989
vn -0.654748 -0.889000 -0.147480
vt 0.486589253 0.348798990
vn -0.469619 -0.996491 -0.164968
vt 0.478279293 0.366670996
vn -0.712336 -0.856363 0.000000
vt 0.474373966 0.345548987
vn -0.712336 -0.856363 0.000000
vt 0.480477244 0.347173989
vn -0.469619 -0.996491 -0.164968
vt 0.478279293 0.366670996
vn -0.448120 -1.007407 0.157950
vt 0.463630170 0.362774998
vn -0.712336 -0.856363 0.000000
vt 0.474373966 0.345548987
vn -0.448120 -1.007407 0.157950
vt 0.463630170 0.362774998
vn -0.382066 -1.016430 0.248176
vt 0.457843304 0.341143012
vn -0.712336 -0.856363 0.000000
vt 0.474373966 0.345548987
vn -0.448120 -1.007407 0.157950
vt 0.463630170 0.362774998
vn -0.298858 -0.766026 0.751434
vt 0.446916401 0.354534000
vn -0.382066 -1.016430 0.248176
vt 0.457843304 0.341143012
vn 0.189808 -0.591033 0.924868
vt 0.635700881 0.723001003
v -3.474300 26.303529 13.129029
vn 1.113896 0.005681 0.005792
vt 0.635759175 0.726312995
vn 1.113673 0.021164 -0.000780
vt 0.635692179 0.723001003
vn 0.189808 -0.591033 0.924868
vt 0.635700881 0.723001003
vn 0.674798 -0.642272 0.610638
vt 0.635761440 0.726312995
vn 1.113896 0.005681 0.005792
vt 0.635759175 0.726312995
vn 1.113896 0.005681 0.005792
vt 0.635759175 0.726312995
vn 0.674798 -0.642272 0.610638
vt 0.635761440 0.726312995
v -3.474300 23.418705 3.985602
vn 1.113896 0.000000 0.000000
vt 0.635747254 0.736401021
vn 0.434419 -0.819716 0.616541
vt 0.635749042 0.736401021
vn 1.113896 0.000000 0.000000
vt 0.635747254 0.736401021
vn 0.674798 -0.642272 0.610638
vt 0.635761440 0.726312995
vn -0.434419 -0.819716 0.616541
vt 0.635871828 0.751452029
vn -0.000000 0.657533 0.899137
vt 0.635747671 0.736401021
vn 0.434419 -0.819716 0.616541
vt 0.635749042 0.736401021
vn -0.434419 -0.819716 0.616541
vt 0.635871828 0.751452029
v 3.474300 23.418705 3.985602
vn -0.000000 0.657533 0.899137
vt 0.635869741 0.751452029
vn -0.000000 0.657533 0.899137
vt 0.635747671 0.736401021
vn -0.674798 -0.642272 0.610638
vt 0.635883749 0.761539996
vn -1.113896 0.000000 0.000000
vt 0.635869563 0.751452029
vn -0.434419 -0.819716 0.616541
vt 0.635871828 0.751452029
vn -0.674798 -0.642272 0.610638
vt 0.635883749 0.761539996
v 3.474300 26.303529 13.129029
vn -1.113896 0.005681 0.005792
vt 0.635881245 0.761539996
vn -1.113896 -0.000446 0.000111
vt 0.635869563 0.751452029
vn -0.674798 -0.642272 0.610638
vt 0.635883749 0.761539996
vn -0.189919 -0.590922 0.924979
vt 0.635944784 0.764851987
vn -1.113896 0.005681 0.005792
vt 0.635881245 0.761539996
vn -0.189919 -0.590922 0.924979
vt 0.635944784 0.764851987
vn -1.113673 0.021164 -0.000780
vt 0.635936320 0.764851987
vn -1.113896 0.005681 0.005792
vt 0.635881245 0.761539996
vn -0.650849 -0.341186 0.837093
vt 0.292510986 0.969965994
vn -0.298858 -0.766026 0.751434
vt 0.258326709 0.960146010
vn -0.358563 -0.367363 0.988583
vt 0.292447656 0.960236013
vn -0.650849 -0.341186 0.837093
vt 0.292510986 0.969965994
vn -0.649624 -0.340295 0.838429
vt 0.258329242 0.976836979
vn -0.298858 -0.766026 0.751434
vt 0.258326709 0.960146010
vn -0.637148 -0.324701 0.854024
vt 0.341833353 0.976836979
vn -0.649624 -0.340295 0.838429
vt 0.258329242 0.976836979
vn -0.650849 -0.341186 0.837093
vt 0.292510986 0.969965994
vn -0.646060 -0.320802 0.848789
vt 0.307649553 0.969965994
vn -0.637148 -0.324701 0.854024
vt 0.341833353 0.976836979
vn -0.650849 -0.341186 0.837093
vt 0.292510986 0.969965994
vn -0.307101 -0.328599 1.019103
vt 0.341825783 0.960146010
vn -0.637148 -0.324701 0.854024
vt 0.341833353 0.976836979
vn -0.646060 -0.320802 0.848789
vt 0.307649553 0.969965994
vn -0.307101 -0.328599 1.019103
vt 0.341825783 0.960146010
vn -0.646060 -0.320802 0.848789
vt 0.307649553 0.969965994
vn -0.365803 -0.316235 1.003509
vt 0.307647943 0.959963024
vn 0.365803 -0.316235 1.003509
vt 0.307709187 0.943545997
vn -0.307101 -0.328599 1.019103
vt 0.341825783 0.960146010
vn -0.365803 -0.316235 1.003509
vt 0.307647943 0.959963024
vn 0.307101 -0.328599 1.019103
vt 0.341825545 0.943455994
vn -0.307101 -0.328599 1.019103
vt 0.341825783 0.960146010
vn 0.365803 -0.316235 1.003509
vt 0.307709187 0.943545997
vn 0.646060 -0.320802 0.848789
vt 0.307649314 0.933637023
vn 0.307101 -0.328599 1.019103
vt 0.341825545 0.943455994
vn 0.365803 -0.316235 1.003509
vt 0.307709187 0.943545997
vn 0.646060 -0.320802 0.848789
vt 0.307649314 0.933637023
vn 0.637148 -0.324701 0.854024
vt 0.341833591 0.926765978
vn 0.307101 -0.328599 1.019103
vt 0.341825545 0.943455994
vn 0.646060 -0.320802 0.848789
vt 0.307649314 0.933637023
vn 0.650849 -0.341186 0.837093
vt 0.292511225 0.933637023
vn 0.637148 -0.324701 0.854024
vt 0.341833591 0.926765978
vn 0.650849 -0.341186 0.837093
vt 0.292511225 0.933637023
vn 0.649624 -0.340295 0.838429
vt 0.258329242 0.926765978
vn 0.637148 -0.324701 0.854024
vt 0.341833591 0.926765978
vn 0.650849 -0.341186 0.837093
vt 0.292511225 0.933637023
vn 0.298747 -0.766249 0.751211
vt 0.258326709 0.943455994
vn 0.649624 -0.340295 0.838429
vt 0.258329242 0.926765978
vn 0.650849 -0.341186 0.837093
vt 0.292511225 0.933637023
vn 0.358674 -0.367474 0.988471
vt 0.292508692 0.943273008
vn 0.298747 -0.766249 0.751211
vt 0.258326709 0.943455994
vn -0.000000 -1.062323 0.335171
vt 0.422063380 0.435618997
vn -0.000000 -1.062323 0.335171
vt 0.273329198 0.467851013
vn -0.000000 -1.062323 0.335171
vt 0.273320705 0.435618997
vn -0.000000 -1.062323 0.335171
vt 0.422063380 0.435618997
vn -0.000000 -1.062323 0.335171
vt 0.422071874 0.467851013
vn -0.000000 -1.062323 0.335171
vt 0.273329198 0.467851013
vn -0.000000 -0.403453 1.038262
vt 0.272778034 0.475560009
vn -0.000000 -0.403453 1.038262
vt 0.422076225 0.466928989
vn -0.000000 -0.403453 1.038262
vt 0.422619343 0.475560009
vn -0.000000 -0.403453 1.038262
vt 0.272778034 0.475560009
vn -0.000000 -0.403453 1.038262
vt 0.273333549 0.466928989
vn -0.000000 -0.403453 1.038262
vt 0.422076225 0.466928989
vn -0.000000 0.000000 -1.113896
vt 0.122101292 0.875939012
vn -0.000000 0.000000 -1.113896
vt 0.099080943 0.920296013
vn -0.000000 0.000000 -1.113896
vt 0.099083230 0.875939012
vn -0.000000 0.000000 -1.113896
vt 0.122101292 0.875939012
vn -0.000000 0.000000 -1.113896
vt 0.122093260 0.920296013
vn -0.000000 0.000000 -1.113896
vt 0.099080943 0.920296013
v 6.182177 36.476981 -0.412151
vn 1.081259 0.096798 -0.249290
vt 0.124085620 0.511061013
v 5.855463 36.326813 -1.887364
vn 0.624227 0.066165 -0.920189
vt 0.138550952 0.525541008
v 5.855463 37.111718 -1.582488
vn 0.658312 0.325369 -0.837538
vt 0.124085620 0.525541008
vn 1.081259 0.096798 -0.249290
vt 0.124085620 0.511061013
v 6.182177 35.779443 -0.683094
vn 1.073907 -0.009245 -0.295517
vt 0.138550952 0.511061013
vn 0.624227 0.066165 -0.920189
vt 0.138550952 0.525541008
vn 1.073907 -0.009245 -0.295517
vt 0.124085620 0.511061013
v 5.855463 35.535835 -1.688873
vn 0.614648 -0.370259 -0.852019
vt 0.138550952 0.525541008
vn 0.624227 0.066165 -0.920189
vt 0.124085620 0.525541008
vn 1.073907 -0.009245 -0.295517
vt 0.124085620 0.511061013
v 6.182177 35.076508 -0.506697
vn 1.028906 -0.215873 -0.368254
vt 0.138550952 0.511061013
vn 0.614648 -0.370259 -0.852019
vt 0.138550952 0.525541008
v 4.272677 23.072443 8.344052
vn -1.076023 -0.283041 -0.052910
vt 0.138559908 0.511061013
v 4.550994 22.183816 9.471621
vn -1.075021 -0.289167 0.037427
vt 0.124095947 0.525541008
v 4.272677 23.210697 9.411530
vn -1.075021 -0.289167 0.037427
vt 0.124096178 0.511061013
vn -1.076023 -0.283041 -0.052910
vt 0.138559908 0.511061013
v 4.550994 22.028249 8.270444
vn -0.624227 -0.910721 -0.147257
vt 0.138555080 0.525541008
vn -1.075021 -0.289167 0.037427
vt 0.124095947 0.525541008
v 4.550994 22.429668 7.448125
vn -0.615093 -0.713896 -0.593929
vt 0.124089748 0.525541008
v 5.855463 22.028249 8.270444
vn 0.607407 -0.921749 -0.148816
vt 0.138553470 0.511061013
vn -0.624227 -0.910721 -0.147257
vt 0.138555080 0.525541008
vn -0.615093 -0.713896 -0.593929
vt 0.124089748 0.525541008
v 5.855463 22.429668 7.448125
vn 0.595489 -0.724589 -0.600947
vt 0.124088377 0.511061013
vn 0.607407 -0.921749 -0.148816
vt 0.138553470 0.511061013
v 4.272677 23.429177 7.613270
vn -1.052854 -0.249513 -0.264439
vt 0.124090210 0.511061013
v 4.550994 35.535835 -1.688873
vn -0.633807 -0.366583 -0.839432
vt 0.138550952 0.525541008
vn -0.615093 -0.713896 -0.593929
vt 0.124089748 0.525541008
vn -1.052854 -0.249513 -0.264439
vt 0.124090210 0.511061013
v 4.272677 35.076508 -0.506697
vn -1.050070 -0.188471 -0.320468
vt 0.138550952 0.511061013
vn -0.633807 -0.366583 -0.839432
vt 0.138550952 0.525541008
vn -0.633807 -0.366583 -0.839432
vt 0.138550952 0.525541008
v 4.550994 36.326813 -1.887364
vn -0.638262 0.064495 -0.910610
vt 0.124085620 0.525541008
vn 0.614648 -0.370259 -0.852019
vt 0.138550952 0.511061013
vn 0.614648 -0.370259 -0.852019
vt 0.138550952 0.511061013
vn -0.638262 0.064495 -0.910610
vt 0.124085620 0.525541008
vn 0.624227 0.066165 -0.920189
vt 0.124085620 0.511061013
vn -0.638262 0.064495 -0.910610
vt 0.124085620 0.525541008
v 4.272677 35.779443 -0.683094
vn -1.084489 -0.008243 -0.254414
vt 0.124085620 0.511061013
v 4.272677 36.476981 -0.412151
vn -1.089947 0.083208 -0.214091
vt 0.138550952 0.511061013
vn -0.638262 0.064495 -0.910610
vt 0.124085620 0.525541008
vn -1.089947 0.083208 -0.214091
vt 0.138550952 0.511061013
v 4.550994 37.111718 -1.582488
vn -0.672570 0.321470 -0.827625
vt 0.138550952 0.525541008
v 6.182177 23.072443 8.344052
vn 1.062657 -0.328154 -0.061264
vt 0.138562426 0.511061013
vn 0.595489 -0.724589 -0.600947
vt 0.124095254 0.525541008
v 6.182177 23.429177 7.613270
vn 1.032582 -0.287385 -0.303425
vt 0.124095716 0.511061013
vn 1.062657 -0.328154 -0.061264
vt 0.138562426 0.511061013
vn 0.607407 -0.921749 -0.148816
vt 0.138561502 0.525541008
vn 0.595489 -0.724589 -0.600947
vt 0.124095254 0.525541008
vn 1.062657 -0.328154 -0.061264
vt 0.124098927 0.511061013
v 5.855463 22.183816 9.471621
vn 0.671011 -0.881760 0.114174
vt 0.138565630 0.525541008
vn 0.607407 -0.921749 -0.148816
vt 0.124098010 0.525541008
vn 1.062657 -0.328154 -0.061264
vt 0.124098927 0.511061013
v 6.182177 23.210697 9.411530
vn 1.061431 -0.335171 0.043442
vt 0.138566777 0.511061013
vn 0.671011 -0.881760 0.114174
vt 0.138565630 0.525541008
vn 0.624227 0.066165 -0.920189
vt 0.138550952 0.511061013
vn -0.672570 0.321470 -0.827625
vt 0.124085620 0.525541008
vn 0.658312 0.325369 -0.837538
vt 0.124085620 0.511061013
vn 0.624227 0.066165 -0.920189
vt 0.138550952 0.511061013
vn -0.638262 0.064495 -0.910610
vt 0.138550952 0.525541008
vn -0.672570 0.321470 -0.827625
vt 0.124085620 0.525541008
vn -0.633807 -0.366583 -0.839432
vt 0.124085620 0.525541008
vn -1.084489 -0.008243 -0.254414
vt 0.138550952 0.511061013
vn -0.638262 0.064495 -0.910610
vt 0.138550952 0.525541008
vn -0.633807 -0.366583 -0.839432
vt 0.124085620 0.525541008
vn -1.050070 -0.188471 -0.320468
vt 0.124085620 0.511061013
vn -1.084489 -0.008243 -0.254414
vt 0.138550952 0.511061013
vn 0.595489 -0.724589 -0.600947
vt 0.138553709 0.511061013
vn -0.633807 -0.366583 -0.839432
vt 0.124085620 0.525541008
vn 0.614648 -0.370259 -0.852019
vt 0.124085620 0.511061013
vn -0.615093 -0.713896 -0.593929
vt 0.138553470 0.525541008
vn -0.633807 -0.366583 -0.839432
vt 0.124085620 0.525541008
vn 0.595489 -0.724589 -0.600947
vt 0.138553709 0.511061013
vn -1.076023 -0.283041 -0.052910
vt 0.124092959 0.511061013
vn -1.052854 -0.249513 -0.264439
vt 0.138557374 0.511061013
vn -0.615093 -0.713896 -0.593929
vt 0.138553470 0.525541008
vn -1.076023 -0.283041 -0.052910
vt 0.124092959 0.511061013
vn -0.615093 -0.713896 -0.593929
vt 0.138553470 0.525541008
vn -0.624227 -0.910721 -0.147257
vt 0.124092504 0.525541008
vn -0.624227 -0.910721 -0.147257
vt 0.124092504 0.525541008
vn 0.607407 -0.921749 -0.148816
vt 0.124093190 0.511061013
vn 0.671011 -0.881760 0.114174
vt 0.138560593 0.511061013
vn -0.624227 -0.910721 -0.147257
vt 0.124092504 0.525541008
vn 0.671011 -0.881760 0.114174
vt 0.138560593 0.511061013
vn -0.000000 -1.104651 0.143024
vt 0.138560355 0.525541008
vn 1.032582 -0.287385 -0.303425
vt 0.138559207 0.511061013
vn 0.614648 -0.370259 -0.852019
vt 0.124085620 0.525541008
vn 1.028906 -0.215873 -0.368254
vt 0.124085620 0.511061013
vn 1.032582 -0.287385 -0.303425
vt 0.138559207 0.511061013
vn 0.595489 -0.724589 -0.600947
vt 0.138558760 0.525541008
vn 0.614648 -0.370259 -0.852019
vt 0.124085620 0.525541008
v 6.182177 25.709645 15.628821
vn 1.065441 -0.262879 0.191256
vt 0.138582617 0.511061013
v 6.182177 26.363337 16.255187
vn 1.067781 -0.219549 0.229128
vt 0.124118201 0.511061013
v 5.855463 25.731330 17.172452
vn 0.631245 -0.634921 0.662657
vt 0.124119349 0.525541008
vn 1.065441 -0.262879 0.191256
vt 0.138582617 0.511061013
vn 0.631245 -0.634921 0.662657
vt 0.124119349 0.525541008
v 5.855463 24.995764 16.467635
vn 0.634475 -0.725480 0.558396
vt 0.138583541 0.525541008
v 6.182177 25.152859 14.604600
vn 1.059092 -0.315789 0.138680
vt 0.138579398 0.511061013
vn 1.065441 -0.262879 0.191256
vt 0.124115676 0.511061013
vn 0.634475 -0.725480 0.558396
vt 0.124116600 0.525541008
vn 1.059092 -0.315789 0.138680
vt 0.138579398 0.511061013
vn 0.634475 -0.725480 0.558396
vt 0.124116600 0.525541008
v 5.855463 24.369241 15.315131
vn 0.642050 -0.827179 0.380061
vt 0.138579860 0.525541008
vn 0.634475 -0.725480 0.558396
vt 0.138589039 0.511061013
vn 0.631245 -0.634921 0.662657
vt 0.124124624 0.511061013
v 4.550994 25.731330 17.172452
vn -0.647953 -0.626901 0.654191
vt 0.124124624 0.525541008
vn 0.634475 -0.725480 0.558396
vt 0.138589039 0.511061013
vn -0.647953 -0.626901 0.654191
vt 0.124124624 0.525541008
v 4.550994 24.995764 16.467635
vn -0.651740 -0.716012 0.550710
vt 0.138581932 0.525541008
v 4.272677 25.152859 14.604600
vn -1.073350 -0.272682 0.119744
vt 0.124108791 0.511061013
vn -0.651740 -0.716012 0.550710
vt 0.138581932 0.525541008
v 4.272677 25.709645 15.628821
vn -1.078028 -0.226678 0.164857
vt 0.138575733 0.511061013
v 4.550994 24.369241 15.315131
vn -0.660986 -0.814815 0.374158
vt 0.124114528 0.525541008
vn -0.651740 -0.716012 0.550710
vt 0.138581932 0.525541008
vn -1.073350 -0.272682 0.119744
vt 0.124108791 0.511061013
vn 0.585130 -0.887775 0.332052
vt 0.138564944 0.511061013
vn 0.642050 -0.827179 0.380061
vt 0.124114528 0.511061013
vn -0.660986 -0.814815 0.374158
vt 0.124114528 0.525541008
vn 0.585130 -0.887775 0.332052
vt 0.138564944 0.511061013
vn -0.660986 -0.814815 0.374158
vt 0.124114528 0.525541008
vn -0.602061 -0.877750 0.328265
vt 0.138564721 0.525541008
vn 1.056976 -0.329156 0.123086
vt 0.138567701 0.511061013
vn 1.059092 -0.315789 0.138680
vt 0.124113157 0.511061013
vn 0.642050 -0.827179 0.380061
vt 0.124113843 0.525541008
vn 1.056976 -0.329156 0.123086
vt 0.138567701 0.511061013
vn 0.642050 -0.827179 0.380061
vt 0.124113843 0.525541008
vn 0.585130 -0.887775 0.332052
vt 0.138566554 0.525541008
vn -1.078028 -0.226678 0.164857
vt 0.124111548 0.511061013
vn -0.647953 -0.626901 0.654191
vt 0.138579398 0.525541008
v 4.272677 26.363337 16.255187
vn -1.079811 -0.189140 0.197382
vt 0.138577804 0.511061013
vn -0.651740 -0.716012 0.550710
vt 0.124117747 0.525541008
vn -0.647953 -0.626901 0.654191
vt 0.138579398 0.525541008
vn -1.078028 -0.226678 0.164857
vt 0.124111548 0.511061013
vn 0.642050 -0.827179 0.380061
vt 0.138582394 0.511061013
vn 0.634475 -0.725480 0.558396
vt 0.124118201 0.511061013
vn -0.651740 -0.716012 0.550710
vt 0.124117747 0.525541008
vn -0.660986 -0.814815 0.374158
vt 0.138575956 0.525541008
vn 0.642050 -0.827179 0.380061
vt 0.138582394 0.511061013
vn -0.651740 -0.716012 0.550710
vt 0.124117747 0.525541008
vn -1.071791 -0.284266 0.106266
vt 0.124096863 0.511061013
vn -0.602061 -0.877750 0.328265
vt 0.124096863 0.525541008
vn -0.660986 -0.814815 0.374158
vt 0.138575956 0.525541008
vn -1.071791 -0.284266 0.106266
vt 0.124096863 0.511061013
vn -0.660986 -0.814815 0.374158
vt 0.138575956 0.525541008
vn -1.073350 -0.272682 0.119744
vt 0.138573661 0.511061013
vn -1.089947 0.059371 0.221665
vt 0.124110401 0.511061013
vn -1.089947 0.059371 0.221665
vt 0.138584912 0.525541008
vn -1.089947 0.059371 0.221665
vt 0.124126002 0.525541008
vn -1.089947 0.059371 0.221665
vt 0.124110401 0.511061013
vn -1.089947 0.059371 0.221665
vt 0.138573214 0.511061013
vn -1.089947 0.059371 0.221665
vt 0.138584912 0.525541008
v 4.272677 39.851215 2.110481
vn -1.072236 0.301643 -0.004901
vt 0.138586983 0.511061013
v 4.272677 39.750263 2.677357
vn -1.062768 0.328599 0.058480
vt 0.124121644 0.511061013
v 4.550994 40.668486 2.575866
vn -0.692509 0.868616 0.081537
vt 0.124124400 0.525541008
vn -1.072236 0.301643 -0.004901
vt 0.138586983 0.511061013
vn -0.692509 0.868616 0.081537
vt 0.124124400 0.525541008
v 4.550994 40.782076 1.256107
vn -0.636926 0.899582 -0.160735
vt 0.138599366 0.525541008
v 5.855463 40.782076 1.256107
vn 0.620663 0.910276 -0.164077
vt 0.138602346 0.511061013
v 4.550994 40.371855 0.322350
vn -0.639710 0.679477 -0.608187
vt 0.124125771 0.525541008
vn -0.636926 0.899582 -0.160735
vt 0.138599366 0.525541008
vn 0.620663 0.910276 -0.164077
vt 0.138602346 0.511061013
v 5.855463 40.371855 0.322350
vn 0.626121 0.686271 -0.614648
vt 0.124136098 0.511061013
vn -0.639710 0.679477 -0.608187
vt 0.124125771 0.525541008
vn -0.639710 0.679477 -0.608187
vt 0.124125771 0.525541008
vn -0.694514 0.437761 -0.752882
vt 0.138550952 0.525541008
v 4.272677 39.486655 1.280658
vn -1.089279 0.177666 -0.150710
vt 0.124113843 0.511061013
vn -1.089279 0.177666 -0.150710
vt 0.124113843 0.511061013
vn -0.694514 0.437761 -0.752882
vt 0.138550952 0.525541008
vn -1.090281 0.111724 -0.198719
vt 0.138550952 0.511061013
vn 0.626121 0.686271 -0.614648
vt 0.138589039 0.511061013
vn 0.679477 0.443442 -0.763130
vt 0.124085620 0.511061013
vn -0.694514 0.437761 -0.752882
vt 0.124085620 0.525541008
vn -0.639710 0.679477 -0.608187
vt 0.138588816 0.525541008
vn 0.626121 0.686271 -0.614648
vt 0.138589039 0.511061013
vn -0.694514 0.437761 -0.752882
vt 0.124085620 0.525541008
vn -1.072236 0.301643 -0.004901
vt 0.124119118 0.511061013
vn -0.639710 0.679477 -0.608187
vt 0.138588816 0.525541008
vn -1.089279 0.177666 -0.150710
vt 0.138581470 0.511061013
vn -1.072236 0.301643 -0.004901
vt 0.124119118 0.511061013
vn -0.636926 0.899582 -0.160735
vt 0.124140687 0.525541008
vn -0.639710 0.679477 -0.608187
vt 0.138588816 0.525541008
vn -0.636926 0.899582 -0.160735
vt 0.124140687 0.525541008
v 5.855463 40.668486 2.575866
vn 0.668226 0.887218 0.083876
vt 0.138608545 0.511061013
vn 0.620663 0.910276 -0.164077
vt 0.124142982 0.511061013
vn -0.636926 0.899582 -0.160735
vt 0.124140687 0.525541008
vn -0.692509 0.868616 0.081537
vt 0.138608545 0.525541008
vn 0.668226 0.887218 0.083876
vt 0.138608545 0.511061013
v 6.182177 39.486655 1.280658
vn 1.080368 0.206850 -0.175550
vt 0.138583988 0.511061013
vn 1.081816 0.130103 -0.231356
vt 0.124085620 0.511061013
vn 0.679477 0.443442 -0.763130
vt 0.124085620 0.525541008
vn 1.080368 0.206850 -0.175550
vt 0.138583988 0.511061013
vn 0.679477 0.443442 -0.763130
vt 0.124085620 0.525541008
vn 0.626121 0.686271 -0.614648
vt 0.138585374 0.525541008
v 6.182177 39.851215 2.110481
vn 1.057867 0.348872 -0.006126
vt 0.124125317 0.511061013
vn 0.620663 0.910276 -0.164077
vt 0.124126233 0.525541008
vn 0.668226 0.887218 0.083876
vt 0.138592020 0.525541008
vn 1.057867 0.348872 -0.006126
vt 0.124125317 0.511061013
vn 0.668226 0.887218 0.083876
vt 0.138592020 0.525541008
v 6.182177 39.750263 2.677357
vn 1.045169 0.379393 0.067502
vt 0.138590649 0.511061013
vn 1.057867 0.348872 -0.006126
vt 0.138587892 0.511061013
vn 1.080368 0.206850 -0.175550
vt 0.124121413 0.511061013
vn 0.626121 0.686271 -0.614648
vt 0.124122560 0.525541008
vn 1.057867 0.348872 -0.006126
vt 0.138587892 0.511061013
vn 0.626121 0.686271 -0.614648
vt 0.124122560 0.525541008
vn 0.620663 0.910276 -0.164077
vt 0.138589039 0.525541008
v 6.182177 32.785269 18.094350
vn 1.067112 0.232470 0.219215
vt 0.138592720 0.511061013
v 5.855463 32.348713 19.579747
vn 0.628015 -0.034865 0.919298
vt 0.124128066 0.525541008
v 6.182177 32.148612 18.264939
vn 1.080034 -0.022501 0.271791
vt 0.124127150 0.511061013
vn 1.067112 0.232470 0.219215
vt 0.138592720 0.511061013
v 5.855463 33.065119 19.387788
vn 0.609190 0.558842 0.746533
vt 0.138593629 0.525541008
vn 0.628015 -0.034865 0.919298
vt 0.124128066 0.525541008
vn 0.628015 -0.034865 0.919298
vt 0.138600051 0.511061013
vn -0.622668 -0.315789 0.867948
vt 0.124131970 0.525541008
vn 0.606628 -0.319354 0.877973
vt 0.124131739 0.511061013
vn 0.628015 -0.034865 0.919298
vt 0.138600051 0.511061013
vn -0.344305 -0.069953 1.057087
vt 0.138600290 0.525541008
vn -0.622668 -0.315789 0.867948
vt 0.124131970 0.525541008
v 5.855463 33.645372 18.375287
vn 0.623559 0.820496 0.422612
vt 0.138609007 0.511061013
vn -0.251852 0.685714 0.840880
vt 0.124143675 0.525541008
vn 0.609190 0.558842 0.746533
vt 0.124143675 0.511061013
vn 0.623559 0.820496 0.422612
vt 0.138609007 0.511061013
v 4.550994 33.645372 18.375287
vn -0.645837 0.807129 0.415038
vt 0.138589039 0.525541008
vn -0.251852 0.685714 0.840880
vt 0.124143675 0.525541008
vn -1.051741 0.335283 0.149039
vt 0.124122106 0.511061013
vn -0.645837 0.807129 0.415038
vt 0.138589039 0.525541008
vn -0.517070 0.901587 0.400780
vt 0.124124624 0.525541008
vn -1.051741 0.335283 0.149039
vt 0.124122106 0.511061013
v 4.272677 33.300940 17.194549
vn -1.054303 0.324701 0.153829
vt 0.138586521 0.511061013
vn -0.645837 0.807129 0.415038
vt 0.138589039 0.525541008
vn 1.030799 0.385742 0.171429
vt 0.138591334 0.511061013
vn 0.623559 0.820496 0.422612
vt 0.124130592 0.525541008
v 6.182177 33.300940 17.194549
vn 1.034252 0.373712 0.177109
vt 0.124129675 0.511061013
vn 1.030799 0.385742 0.171429
vt 0.138591334 0.511061013
vn 0.500585 0.909273 0.404233
vt 0.138592720 0.525541008
vn 0.623559 0.820496 0.422612
vt 0.124130592 0.525541008
vn 1.066778 -0.109162 0.301420
vt 0.124120265 0.511061013
vn 0.628015 -0.034865 0.919298
vt 0.138592020 0.525541008
vn 0.606628 -0.319354 0.877973
vt 0.124121413 0.525541008
vn 1.066778 -0.109162 0.301420
vt 0.124120265 0.511061013
vn 1.080034 -0.022501 0.271791
vt 0.138591111 0.511061013
vn 0.628015 -0.034865 0.919298
vt 0.138592020 0.525541008
vn 1.067112 0.232470 0.219215
vt 0.124129444 0.511061013
vn 0.623559 0.820496 0.422612
vt 0.138595462 0.525541008
vn 0.609190 0.558842 0.746533
vt 0.124130361 0.525541008
vn 1.067112 0.232470 0.219215
vt 0.124129444 0.511061013
vn 1.034252 0.373712 0.177109
vt 0.138594553 0.511061013
vn 0.623559 0.820496 0.422612
vt 0.138595462 0.525541008
vn -1.062657 0.289613 0.165970
vt 0.138579398 0.511061013
vn -0.645837 0.807129 0.415038
vt 0.124143898 0.525541008
vn -1.054303 0.324701 0.153829
vt 0.124120727 0.511061013
vn -1.062657 0.289613 0.165970
vt 0.138579398 0.511061013
vn -0.251852 0.685714 0.840880
vt 0.138602346 0.525541008
vn -0.645837 0.807129 0.415038
vt 0.124143898 0.525541008
vn -0.645837 0.807129 0.415038
vt 0.124143898 0.525541008
vn 0.623559 0.820496 0.422612
vt 0.124143898 0.511061013
vn 0.500585 0.909273 0.404233
vt 0.138609231 0.511061013
vn -0.645837 0.807129 0.415038
vt 0.124143898 0.525541008
vn 0.500585 0.909273 0.404233
vt 0.138609231 0.511061013
vn -0.517070 0.901587 0.400780
vt 0.138609231 0.525541008
vn 0.609190 0.558842 0.746533
vt 0.138608083 0.511061013
vn -0.251852 0.685714 0.840880
vt 0.138602346 0.525541008
vn -0.344305 -0.069953 1.057087
vt 0.124121875 0.525541008
vn 0.609190 0.558842 0.746533
vt 0.138608083 0.511061013
vn -0.344305 -0.069953 1.057087
vt 0.124121875 0.525541008
vn 0.628015 -0.034865 0.919298
vt 0.124142751 0.511061013
vn -0.344305 -0.069953 1.057087
vt 0.124121875 0.525541008
vn -1.083932 -0.084211 0.242272
vt 0.124108106 0.511061013
vn -1.079031 -0.094124 0.259761
vt 0.138578713 0.511061013
vn -0.344305 -0.069953 1.057087
vt 0.124121875 0.525541008
vn -1.079031 -0.094124 0.259761
vt 0.138578713 0.511061013
vn -0.622668 -0.315789 0.867948
vt 0.138580784 0.525541008
vn 0.000000 0.365581 -1.052186
vt 0.138560131 0.511061013
vn 0.000000 0.040434 -1.113116
vt 0.124102369 0.525541008
vn 0.000000 0.365581 -1.052186
vt 0.124096178 0.511061013
vn 0.000000 0.365581 -1.052186
vt 0.138560131 0.511061013
vn 0.000000 0.040434 -1.113116
vt 0.138562426 0.525541008
vn 0.000000 0.040434 -1.113116
vt 0.124102369 0.525541008
vn 0.000000 0.040434 -1.113116
vt 0.138561741 0.511061013
vn -0.000000 -0.679477 -0.882651
vt 0.124096632 0.525541008
vn 0.000000 0.040434 -1.113116
vt 0.124096632 0.511061013
vn 0.000000 0.040434 -1.113116
vt 0.138561741 0.511061013
vn -0.000000 -0.679477 -0.882651
vt 0.138556004 0.525541008
vn -0.000000 -0.679477 -0.882651
vt 0.124096632 0.525541008
vn -0.000000 -0.993484 -0.503704
vt 0.124092959 0.525541008
vn -0.000000 -0.679477 -0.882651
vt 0.138560355 0.511061013
vn -0.000000 -0.679477 -0.882651
vt 0.138556004 0.525541008
vn -0.000000 -0.993484 -0.503704
vt 0.124092959 0.525541008
vn -0.000000 -0.993484 -0.503704
vt 0.124095485 0.511061013
vn -0.000000 -0.679477 -0.882651
vt 0.138560355 0.511061013
vn -0.000000 -1.017990 -0.452242
vt 0.138554394 0.511061013
vn -0.000000 -0.993484 -0.503704
vt 0.124092959 0.525541008
vn -0.000000 -1.017990 -0.452242
vt 0.124088377 0.511061013
vn -0.000000 -1.017990 -0.452242
vt 0.138554394 0.511061013
vn -0.000000 -0.993484 -0.503704
vt 0.138560817 0.525541008
vn -0.000000 -0.993484 -0.503704
vt 0.124092959 0.525541008
vn 0.000000 0.885213 -0.676135
vt 0.138564944 0.511061013
vn 0.000000 0.885213 -0.676135
vt 0.124097325 0.511061013
vn 0.000000 0.770705 -0.804233
vt 0.124097325 0.525541008
vn 0.000000 0.885213 -0.676135
vt 0.138564944 0.511061013
vn 0.000000 0.770705 -0.804233
vt 0.124097325 0.525541008
vn 0.000000 0.770705 -0.804233
vt 0.138565868 0.525541008
vn 0.000000 1.013423 -0.462267
vt 0.138566330 0.511061013
vn 0.000000 1.013423 -0.462267
vt 0.124099158 0.511061013
vn 0.000000 0.885213 -0.676135
vt 0.124099843 0.525541008
vn 0.000000 1.013423 -0.462267
vt 0.138566330 0.511061013
vn 0.000000 0.885213 -0.676135
vt 0.124099843 0.525541008
vn 0.000000 0.885213 -0.676135
vt 0.138567239 0.525541008
vn 0.000000 1.013423 -0.462267
vt 0.138565630 0.511061013
vn 0.000000 1.013423 -0.462267
vt 0.124102138 0.511061013
vn 0.000000 1.043275 -0.390198
vt 0.124093190 0.525541008
vn 0.000000 1.013423 -0.462267
vt 0.138565630 0.511061013
vn 0.000000 1.043275 -0.390198
vt 0.124093190 0.525541008
vn 0.000000 1.043275 -0.390198
vt 0.138555765 0.525541008
vn -0.000000 1.099193 0.180340
vt 0.138558760 0.511061013
vn 0.000000 1.104651 -0.143024
vt 0.124092042 0.525541008
vn 0.000000 1.104651 -0.143024
vt 0.124095030 0.511061013
vn -0.000000 1.099193 0.180340
vt 0.138558760 0.511061013
vn -0.000000 1.099193 0.180340
vt 0.138557836 0.525541008
vn 0.000000 1.104651 -0.143024
vt 0.124092042 0.525541008
vn -0.000000 0.846115 0.724478
vt 0.138560593 0.511061013
vn -0.000000 1.099193 0.180340
vt 0.138557836 0.525541008
vn -0.000000 1.099193 0.180340
vt 0.124097094 0.525541008
vn -0.000000 0.846115 0.724478
vt 0.138560593 0.511061013
vn -0.000000 1.099193 0.180340
vt 0.124097094 0.525541008
vn -0.000000 0.846115 0.724478
vt 0.124095947 0.511061013
vn -0.000000 0.461710 1.013757
vt 0.138550952 0.511061013
vn -0.000000 0.846115 0.724478
vt 0.124097779 0.525541008
vn -0.000000 0.461710 1.013757
vt 0.124085620 0.511061013
vn -0.000000 0.461710 1.013757
vt 0.138550952 0.511061013
vn -0.000000 0.846115 0.724478
vt 0.138561964 0.525541008
vn -0.000000 0.846115 0.724478
vt 0.124097779 0.525541008
vn -0.000000 -0.069396 1.111780
vt 0.138550952 0.511061013
vn -0.000000 0.461710 1.013757
vt 0.124085620 0.525541008
vn -0.000000 -0.069396 1.111780
vt 0.124085620 0.511061013
vn -0.000000 -0.069396 1.111780
vt 0.138550952 0.511061013
vn -0.000000 0.461710 1.013757
vt 0.138550952 0.525541008
vn -0.000000 0.461710 1.013757
vt 0.124085620 0.525541008
vn -0.000000 -0.403342 1.038262
vt 0.138550952 0.511061013
vn -0.000000 -0.069396 1.111780
vt 0.124085620 0.525541008
vn -0.000000 -0.403342 1.038262
vt 0.124085620 0.511061013
vn -0.000000 -0.403342 1.038262
vt 0.138550952 0.511061013
vn -0.000000 -0.069396 1.111780
vt 0.138550952 0.525541008
vn -0.000000 -0.069396 1.111780
vt 0.124085620 0.525541008
vn -0.000000 -0.825397 0.747981
vt 0.138567701 0.511061013
vn -0.000000 -0.825397 0.747981
vt 0.124101453 0.511061013
vn -0.000000 -0.546032 0.970872
vt 0.124085620 0.525541008
vn -0.000000 -0.825397 0.747981
vt 0.138567701 0.511061013
vn -0.000000 -0.546032 0.970872
vt 0.124085620 0.525541008
vn -0.000000 -0.546032 0.970872
vt 0.138550952 0.525541008
vn -0.000000 -1.105987 0.132108
vt 0.138560593 0.511061013
vn -0.000000 -1.105987 0.132108
vt 0.124094106 0.511061013
vn -0.000000 -0.825397 0.747981
vt 0.124094568 0.525541008
vn -0.000000 -1.105987 0.132108
vt 0.138560593 0.511061013
vn -0.000000 -0.825397 0.747981
vt 0.124094568 0.525541008
vn -0.000000 -0.825397 0.747981
vt 0.138560593 0.525541008
vn -0.000000 -1.096631 -0.195266
vt 0.138555080 0.511061013
vn -0.000000 -1.096631 -0.195266
vt 0.124088146 0.511061013
vn -0.000000 -1.105987 0.132108
vt 0.124088146 0.525541008
vn -0.000000 -1.096631 -0.195266
vt 0.138555080 0.511061013
vn -0.000000 -1.105987 0.132108
vt 0.124088146 0.525541008
vn -0.000000 -1.105987 0.132108
vt 0.138555080 0.525541008
vn -1.081259 0.096798 -0.249290
vt 0.124085620 0.511061013
vn -0.658312 0.325369 -0.837538
vt 0.124085620 0.525541008
v -5.855463 36.326813 -1.887364
vn -0.624227 0.066165 -0.920189
vt 0.138550952 0.525541008
vn -1.081259 0.096798 -0.249290
vt 0.124085620 0.511061013
vn -0.624227 0.066165 -0.920189
vt 0.138550952 0.525541008
vn -1.073907 -0.009245 -0.295517
vt 0.138550952 0.511061013
vn -1.073907 -0.009245 -0.295517
vt 0.124085620 0.511061013
vn -0.624227 0.066165 -0.920189
vt 0.124085620 0.525541008
v -5.855463 35.535835 -1.688873
vn -0.614648 -0.370259 -0.852019
vt 0.138550952 0.525541008
vn -1.073907 -0.009245 -0.295517
vt 0.124085620 0.511061013
vn -0.614648 -0.370259 -0.852019
vt 0.138550952 0.525541008
vn -1.028906 -0.215873 -0.368254
vt 0.138550952 0.511061013
vn 1.076023 -0.283041 -0.052910
vt 0.138559669 0.511061013
vn 1.075021 -0.289167 0.037427
vt 0.124096178 0.511061013
vn 1.075021 -0.289167 0.037427
vt 0.124095716 0.525541008
vn 1.076023 -0.283041 -0.052910
vt 0.138559669 0.511061013
vn 1.075021 -0.289167 0.037427
vt 0.124095716 0.525541008
v -4.550994 22.028249 8.270444
vn 0.624227 -0.910721 -0.147257
vt 0.138555318 0.525541008
v -4.550994 22.429668 7.448125
vn 0.615093 -0.713896 -0.593929
vt 0.124089979 0.525541008
vn 0.624227 -0.910721 -0.147257
vt 0.138555318 0.525541008
v -5.855463 22.028249 8.270444
vn -0.607407 -0.921749 -0.148816
vt 0.138553709 0.511061013
vn 0.615093 -0.713896 -0.593929
vt 0.124089979 0.525541008
vn -0.607407 -0.921749 -0.148816
vt 0.138553709 0.511061013
v -5.855463 22.429668 7.448125
vn -0.595489 -0.724589 -0.600947
vt 0.124088377 0.511061013
vn 1.052854 -0.249513 -0.264439
vt 0.124090210 0.511061013
vn 0.615093 -0.713896 -0.593929
vt 0.124089979 0.525541008
v -4.550994 35.535835 -1.688873
vn 0.633807 -0.366583 -0.839432
vt 0.138550952 0.525541008
vn 1.052854 -0.249513 -0.264439
vt 0.124090210 0.511061013
vn 0.633807 -0.366583 -0.839432
vt 0.138550952 0.525541008
vn 1.050070 -0.188471 -0.320468
vt 0.138550952 0.511061013
vn 0.633807 -0.366583 -0.839432
vt 0.138550952 0.525541008
vn -0.614648 -0.370259 -0.852019
vt 0.138550952 0.511061013
v -4.550994 36.326813 -1.887364
vn 0.638262 0.064495 -0.910610
vt 0.124085620 0.525541008
vn -0.614648 -0.370259 -0.852019
vt 0.138550952 0.511061013
vn -0.624227 0.066165 -0.920189
vt 0.124085620 0.511061013
vn 0.638262 0.064495 -0.910610
vt 0.124085620 0.525541008
vn 0.638262 0.064495 -0.910610
vt 0.124085620 0.525541008
vn 1.089947 0.083208 -0.214091
vt 0.138550952 0.511061013
vn 1.084489 -0.008243 -0.254414
vt 0.124085620 0.511061013
vn 0.638262 0.064495 -0.910610
vt 0.124085620 0.525541008
vn 0.672570 0.321470 -0.827625
vt 0.138550952 0.525541008
vn 1.089947 0.083208 -0.214091
vt 0.138550952 0.511061013
vn -1.062657 -0.328154 -0.061264
vt 0.138562426 0.511061013
vn -1.032582 -0.287385 -0.303425
vt 0.124095716 0.511061013
vn -0.595489 -0.724589 -0.600947
vt 0.124095485 0.525541008
vn -1.062657 -0.328154 -0.061264
vt 0.138562426 0.511061013
vn -0.595489 -0.724589 -0.600947
vt 0.124095485 0.525541008
vn -0.607407 -0.921749 -0.148816
vt 0.138561279 0.525541008
vn -1.062657 -0.328154 -0.061264
vt 0.124098927 0.511061013
vn -0.607407 -0.921749 -0.148816
vt 0.124097779 0.525541008
vn -0.671011 -0.881760 0.114174
vt 0.138565630 0.525541008
vn -1.062657 -0.328154 -0.061264
vt 0.124098927 0.511061013
vn -0.671011 -0.881760 0.114174
vt 0.138565630 0.525541008
vn -1.061431 -0.335171 0.043442
vt 0.138566777 0.511061013
vn -0.624227 0.066165 -0.920189
vt 0.138550952 0.511061013
vn -0.658312 0.325369 -0.837538
vt 0.124085620 0.511061013
vn 0.672570 0.321470 -0.827625
vt 0.124085620 0.525541008
vn -0.624227 0.066165 -0.920189
vt 0.138550952 0.511061013
vn 0.672570 0.321470 -0.827625
vt 0.124085620 0.525541008
vn 0.638262 0.064495 -0.910610
vt 0.138550952 0.525541008
vn 0.633807 -0.366583 -0.839432
vt 0.124085620 0.525541008
vn 0.638262 0.064495 -0.910610
vt 0.138550952 0.525541008
vn 1.084489 -0.008243 -0.254414
vt 0.138550952 0.511061013
vn 0.633807 -0.366583 -0.839432
vt 0.124085620 0.525541008
vn 1.084489 -0.008243 -0.254414
vt 0.138550952 0.511061013
vn 1.050070 -0.188471 -0.320468
vt 0.124085620 0.511061013
vn -0.595489 -0.724589 -0.600947
vt 0.138553932 0.511061013
vn -0.614648 -0.370259 -0.852019
vt 0.124085620 0.511061013
vn 0.633807 -0.366583 -0.839432
vt 0.124085620 0.525541008
vn 0.615093 -0.713896 -0.593929
vt 0.138553470 0.525541008
vn -0.595489 -0.724589 -0.600947
vt 0.138553932 0.511061013
vn 0.633807 -0.366583 -0.839432
vt 0.124085620 0.525541008
vn 1.076023 -0.283041 -0.052910
vt 0.124092735 0.511061013
vn 0.615093 -0.713896 -0.593929
vt 0.138553470 0.525541008
vn 1.052854 -0.249513 -0.264439
vt 0.138557151 0.511061013
vn 1.076023 -0.283041 -0.052910
vt 0.124092735 0.511061013
vn 0.624227 -0.910721 -0.147257
vt 0.124092735 0.525541008
vn 0.615093 -0.713896 -0.593929
vt 0.138553470 0.525541008
vn 0.624227 -0.910721 -0.147257
vt 0.124092735 0.525541008
vn -0.671011 -0.881760 0.114174
vt 0.138560593 0.511061013
vn -0.607407 -0.921749 -0.148816
vt 0.124092959 0.511061013
vn 0.624227 -0.910721 -0.147257
vt 0.124092735 0.525541008
vn -0.000000 -1.104651 0.143024
vt 0.138560355 0.525541008
vn -0.671011 -0.881760 0.114174
vt 0.138560593 0.511061013
vn -1.032582 -0.287385 -0.303425
vt 0.138558984 0.511061013
vn -1.028906 -0.215873 -0.368254
vt 0.124085620 0.511061013
vn -0.614648 -0.370259 -0.852019
vt 0.124085620 0.525541008
vn -1.032582 -0.287385 -0.303425
vt 0.138558984 0.511061013
vn -0.614648 -0.370259 -0.852019
vt 0.124085620 0.525541008
vn -0.595489 -0.724589 -0.600947
vt 0.138558984 0.525541008
s 110
f 1232/6109/6109 1233/6110/6110 1234/6111/6111
f 1232/6112/6112 1235/6113/6113 1233/6114/6114
f 1236/6115/6115 1235/6116/6116 1232/6117/6117
f 1236/6118/6118 1237/6119/6119 1235/6120/6120
f 1235/6121/6121 1238/6122/6122 1233/6123/6123
f 1235/6124/6124 1239/6125/6125 1238/6126/6126
f 1240/6127/6127 1241/6128/6128 1239/6129/6129
f 1242/6130/6130 1240/6131/6131 1239/6132/6132
f 1243/6133/6133 1242/6134/6134 1237/6135/6135
f 1243/6136/6136 1244/6137/6137 1242/6138/6138
f 1245/6139/6139 1237/6140/6140 1236/6141/6141
f 1245/6142/6142 1243/6143/6143 1237/6144/6144
f 1241/6145/6145 1246/6146/6146 1238/6147/6147
f 1239/6148/6148 1241/6149/6149 1238/6150/6150
f 1237/6151/6151 1239/6152/6152 1235/6153/6153
f 1242/6154/6154 1239/6155/6155 1237/6156/6156
f 1247/6157/6157 1242/6158/6158 1244/6159/6159
f 1247/6160/6160 1240/6161/6161 1242/6162/6162
s 111
f 1248/6163/6163 1249/6164/6164 1250/6165/6165
f 1248/6166/6166 1250/6167/6167 1251/6168/6168
s 112
f 1252/6169/6169 1253/6170/6170 1254/6171/6171
f 1252/6172/6172 1255/6173/6173 1253/6174/6174
f 1256/6175/6175 1255/6176/6176 1257/6177/6177
f 1256/6178/6178 1257/6179/6179 1258/6180/6180
f 1257/6181/6181 1259/6182/6182 1260/6183/6183
f 1259/6184/6184 1261/6185/6185 1260/6186/6186
f 1258/6187/6187 1260/6188/6188 1262/6189/6189
f 1257/6190/6190 1260/6191/6191 1258/6192/6192
f 1252/6193/6193 1259/6194/6194 1257/6195/6195
f 1252/6196/6196 1257/6197/6197 1255/6198/6198
f 1255/6199/6199 1256/6200/6200 1263/6201/6201
f 1255/6202/6202 1263/6203/6203 1253/6204/6204
f 1264/6205/6205 1262/6206/6206 1265/6207/6207
f 1264/6208/6208 1258/6209/6209 1262/6210/6210
f 1266/6211/6211 1263/6212/6212 1256/6213/6213
f 1266/6214/6214 1267/6215/6215 1263/6216/6216
f 1266/6217/6217 1258/6218/6218 1264/6219/6219
f 1266/6220/6220 1256/6221/6221 1258/6222/6222
s 113
f 1268/6223/6223 1269/6224/6224 1270/6225/6225
f 1268/6226/6226 1270/6227/6227 1271/6228/6228
f 1270/6229/6229 1233/6230/6230 1238/6231/6231
f 1270/6232/6232 1238/6233/6233 1250/6234/6234
f 1272/6235/6235 1271/6236/6236 1249/6237/6237
f 1272/6238/6238 1249/6239/6239 1273/6240/6240
f 1254/6241/6241 1253/6242/6242 1273/6243/6243
f 1254/6244/6244 1273/6245/6245 1274/6246/6246
f 1267/6247/6247 1275/6248/6248 1272/6249/6249
f 1267/6250/6250 1272/6251/6251 1263/6252/6252
f 1234/6253/6253 1233/6254/6254 1270/6255/6255
f 1234/6256/6256 1270/6257/6257 1269/6258/6258
f 1268/6259/6259 1271/6260/6260 1272/6261/6261
f 1268/6262/6262 1272/6263/6263 1275/6264/6264
f 1248/6265/6265 1274/6266/6266 1273/6267/6267
f 1248/6268/6268 1273/6269/6269 1249/6270/6270
f 1273/6271/6271 1263/6272/6272 1272/6273/6273
f 1273/6274/6274 1253/6275/6275 1263/6276/6276
f 1271/6277/6277 1250/6278/6278 1249/6279/6279
f 1271/6280/6280 1270/6281/6281 1250/6282/6282
f 1250/6283/6283 1246/6284/6284 1251/6285/6285
f 1250/6286/6286 1238/6287/6287 1246/6288/6288
s 114
f 1246/6289/6289 1234/6290/6290 1269/6291/6291
f 1246/6292/6292 1269/6293/6293 1251/6294/6294
f 1251/6295/6295 1269/6296/6296 1268/6297/6297
f 1251/6298/6298 1268/6299/6299 1248/6300/6300
f 1274/6301/6301 1248/6302/6302 1268/6303/6303
f 1274/6304/6304 1268/6305/6305 1275/6306/6306
f 1267/6307/6307 1254/6308/6308 1274/6309/6309
f 1267/6310/6310 1274/6311/6311 1275/6312/6312
s 115
f 1232/6313/6313 1246/6314/6314 1241/6315/6315
f 1232/6316/6316 1234/6317/6317 1246/6318/6318
f 1236/6319/6319 1241/6320/6320 1240/6321/6321
f 1236/6322/6322 1232/6323/6323 1241/6324/6324
f 1240/6325/6325 1245/6326/6326 1236/6327/6327
f 1240/6328/6328 1247/6329/6329 1245/6330/6330
s 116
f 1276/6331/6331 1245/6332/6332 1247/6333/6333
f 1276/6334/6334 1247/6335/6335 1277/6336/6336
f 1278/6337/6337 1276/6338/6338 1277/6339/6339
f 1278/6340/6340 1279/6341/6341 1276/6342/6342
f 1280/6343/6343 1281/6344/6344 1279/6345/6345
f 1280/6346/6346 1279/6347/6347 1278/6348/6348
f 1282/6349/6349 1283/6350/6350 1281/6351/6351
f 1282/6352/6352 1281/6353/6353 1280/6354/6354
f 1261/6355/6355 1265/6356/6356 1283/6357/6357
f 1261/6358/6358 1283/6359/6359 1282/6360/6360
s 117
f 1264/6361/6361 1261/6362/6362 1259/6363/6363
f 1264/6364/6364 1265/6365/6365 1261/6366/6366
f 1266/6367/6367 1259/6368/6368 1252/6369/6369
f 1266/6370/6370 1264/6371/6371 1259/6372/6372
f 1267/6373/6373 1252/6374/6374 1254/6375/6375
f 1267/6376/6376 1266/6377/6377 1252/6378/6378
s 118
f 1249/6379/6379 1284/6380/6380 1248/6381/6381
f 1285/6382/6382 1284/6383/6383 1249/6384/6384
f 1285/6385/6385 1250/6386/6386 1286/6387/6387
f 1285/6388/6388 1249/6389/6389 1250/6390/6390
s 119
f 1286/6391/6391 1251/6392/6392 1287/6393/6393
f 1286/6394/6394 1250/6395/6395 1251/6396/6396
s 120
f 1287/6397/6397 1248/6398/6398 1284/6399/6399
f 1287/6400/6400 1251/6401/6401 1248/6402/6402
s 121
f 1288/6403/6403 1289/6404/6404 1290/6405/6405
f 1288/6406/6406 1291/6407/6407 1289/6408/6408
s 122
f 1292/6409/6409 1293/6410/6410 1294/6411/6411
f 1292/6412/6412 1295/6413/6413 1293/6414/6414
s 123
f 1296/6415/6415 1297/6416/6416 1298/6417/6417
f 1296/6418/6418 1299/6419/6419 1297/6420/6420
s 124
f 1300/6421/6421 1301/6422/6422 1302/6423/6423
f 1300/6424/6424 1291/6425/6425 1301/6426/6426
s 125
f 1288/6427/6427 1301/6428/6428 1291/6429/6429
f 1288/6430/6430 1303/6431/6431 1301/6432/6432
s 126
f 1304/6433/6433 1303/6434/6434 1288/6435/6435
f 1304/6436/6436 1305/6437/6437 1303/6438/6438
s 127
f 1306/6439/6439 1307/6440/6440 1308/6441/6441
f 1306/6442/6442 1309/6443/6443 1307/6444/6444
f 1306/6445/6445 1310/6446/6446 1309/6447/6447
f 1306/6448/6448 1311/6449/6449 1310/6450/6450
f 1308/6451/6451 1312/6452/6452 1313/6453/6453
f 1308/6454/6454 1307/6455/6455 1312/6456/6456
f 1313/6457/6457 1310/6458/6458 1311/6459/6459
f 1313/6460/6460 1312/6461/6461 1310/6462/6462
s 128
f 1311/6463/6463 1303/6464/6464 1313/6465/6465
f 1311/6466/6466 1301/6467/6467 1303/6468/6468
f 1311/6469/6469 1302/6470/6470 1301/6471/6471
f 1311/6472/6472 1306/6473/6473 1302/6474/6474
f 1302/6475/6475 1306/6476/6476 1305/6477/6477
f 1305/6478/6478 1306/6479/6479 1308/6480/6480
f 1313/6481/6481 1305/6482/6482 1308/6483/6483
f 1313/6484/6484 1303/6485/6485 1305/6486/6486
s 129
f 1310/6487/6487 1307/6488/6488 1309/6489/6489
f 1310/6490/6490 1312/6491/6491 1307/6492/6492
s 130
f 1314/6493/6493 1315/6494/6494 1316/6495/6495
f 1314/6496/6496 1316/6497/6497 1317/6498/6498
s 131
f 1318/6499/6499 1319/6500/6500 1320/6501/6501
f 1318/6502/6502 1320/6503/6503 1321/6504/6504
s 132
f 1322/6505/6505 1323/6506/6506 1324/6507/6507
f 1322/6508/6508 1324/6509/6509 1325/6510/6510
s 133
f 1326/6511/6511 1327/6512/6512 1328/6513/6513
f 1326/6514/6514 1328/6515/6515 1317/6516/6516
s 134
f 1314/6517/6517 1317/6518/6518 1328/6519/6519
f 1314/6520/6520 1328/6521/6521 1329/6522/6522
s 135
f 1330/6523/6523 1314/6524/6524 1329/6525/6525
f 1330/6526/6526 1329/6527/6527 1331/6528/6528
s 136
f 1332/6529/6529 1333/6530/6530 1334/6531/6531
f 1332/6532/6532 1334/6533/6533 1335/6534/6534
f 1332/6535/6535 1335/6536/6536 1336/6537/6537
f 1332/6538/6538 1336/6539/6539 1337/6540/6540
f 1333/6541/6541 1338/6542/6542 1339/6543/6543
f 1333/6544/6544 1339/6545/6545 1334/6546/6546
f 1338/6547/6547 1337/6548/6548 1336/6549/6549
f 1338/6550/6550 1336/6551/6551 1339/6552/6552
s 137
f 1337/6553/6553 1338/6554/6554 1329/6555/6555
f 1337/6556/6556 1329/6557/6557 1328/6558/6558
f 1337/6559/6559 1328/6560/6560 1327/6561/6561
f 1337/6562/6562 1327/6563/6563 1332/6564/6564
f 1327/6565/6565 1331/6566/6566 1332/6567/6567
f 1331/6568/6568 1333/6569/6569 1332/6570/6570
f 1338/6571/6571 1333/6572/6572 1331/6573/6573
f 1338/6574/6574 1331/6575/6575 1329/6576/6576
s 138
f 1336/6577/6577 1335/6578/6578 1334/6579/6579
f 1336/6580/6580 1334/6581/6581 1339/6582/6582
s 139
f 1312/6583/6583 1310/6584/6584 1340/6585/6585
f 1312/6586/6586 1340/6587/6587 1341/6588/6588
s 140
f 1342/6589/6589 1343/6590/6590 1344/6591/6591
f 1342/6592/6592 1345/6593/6593 1343/6594/6594
f 1346/6595/6595 1347/6596/6596 1348/6597/6597
f 1346/6598/6598 1349/6599/6599 1347/6600/6600
f 1342/6601/6601 1350/6602/6602 1351/6603/6603
f 1342/6604/6604 1344/6605/6605 1350/6606/6606
f 1345/6607/6607 1352/6608/6608 1343/6609/6609
f 1345/6610/6610 1353/6611/6611 1352/6612/6612
f 1354/6613/6613 1355/6614/6614 1356/6615/6615
f 1354/6616/6616 1357/6617/6617 1355/6618/6618
f 1358/6619/6619 1359/6620/6620 1360/6621/6621
f 1358/6622/6622 1361/6623/6623 1359/6624/6624
f 1342/6625/6625 1362/6626/6626 1345/6627/6627
f 1342/6628/6628 1363/6629/6629 1362/6630/6630
f 1351/6631/6631 1363/6632/6632 1342/6633/6633
f 1351/6634/6634 1364/6635/6635 1363/6636/6636
f 1351/6637/6637 1365/6638/6638 1364/6639/6639
f 1366/6640/6640 1364/6641/6641 1365/6642/6642
f 1367/6643/6643 1366/6644/6644 1365/6645/6645
f 1367/6646/6646 1368/6647/6647 1366/6648/6648
f 1369/6649/6649 1370/6650/6650 1371/6651/6651
f 1369/6652/6652 1372/6653/6653 1370/6654/6654
f 1373/6655/6655 1370/6656/6656 1372/6657/6657
f 1353/6658/6658 1373/6659/6659 1372/6660/6660
f 1353/6661/6661 1362/6662/6662 1373/6663/6663
f 1353/6664/6664 1345/6665/6665 1362/6666/6666
f 1374/6667/6667 1375/6668/6668 1372/6669/6669
f 1374/6670/6670 1372/6671/6671 1376/6672/6672
f 1372/6673/6673 1369/6674/6674 1376/6675/6675
f 1365/6676/6676 1377/6677/6677 1367/6678/6678
f 1365/6679/6679 1378/6680/6680 1377/6681/6681
f 1365/6682/6682 1379/6683/6683 1378/6684/6684
f 1379/6685/6685 1365/6686/6686 1351/6687/6687
f 1350/6688/6688 1379/6689/6689 1351/6690/6690
f 1350/6691/6691 1360/6692/6692 1379/6693/6693
f 1359/6694/6694 1379/6695/6695 1360/6696/6696
f 1359/6697/6697 1378/6698/6698 1379/6699/6699
f 1357/6700/6700 1378/6701/6701 1359/6702/6702
f 1377/6703/6703 1378/6704/6704 1357/6705/6705
f 1357/6706/6706 1359/6707/6707 1361/6708/6708
f 1350/6709/6709 1347/6710/6710 1360/6711/6711
f 1348/6712/6712 1347/6713/6713 1350/6714/6714
f 1348/6715/6715 1350/6716/6716 1344/6717/6717
f 1349/6718/6718 1360/6719/6719 1347/6720/6720
f 1346/6721/6721 1348/6722/6722 1344/6723/6723
f 1346/6724/6724 1344/6725/6725 1343/6726/6726
f 1349/6727/6727 1358/6728/6728 1360/6729/6729
f 1354/6730/6730 1377/6731/6731 1357/6732/6732
f 1354/6733/6733 1367/6734/6734 1377/6735/6735
f 1346/6736/6736 1343/6737/6737 1352/6738/6738
f 1346/6739/6739 1352/6740/6740 1349/6741/6741
f 1352/6742/6742 1358/6743/6743 1349/6744/6744
f 1357/6745/6745 1361/6746/6746 1355/6747/6747
f 1369/6748/6748 1367/6749/6749 1354/6750/6750
f 1369/6751/6751 1368/6752/6752 1367/6753/6753
f 1369/6754/6754 1371/6755/6755 1368/6756/6756
f 1356/6757/6757 1369/6758/6758 1354/6759/6759
f 1356/6760/6760 1376/6761/6761 1369/6762/6762
f 1356/6763/6763 1355/6764/6764 1376/6765/6765
f 1376/6766/6766 1355/6767/6767 1374/6768/6768
f 1361/6769/6769 1374/6770/6770 1355/6771/6771
f 1361/6772/6772 1375/6773/6773 1374/6774/6774
f 1361/6775/6775 1358/6776/6776 1375/6777/6777
f 1352/6778/6778 1375/6779/6779 1358/6780/6780
f 1352/6781/6781 1353/6782/6782 1375/6783/6783
f 1375/6784/6784 1353/6785/6785 1372/6786/6786
s 141
f 1380/6787/6787 1381/6788/6788 1382/6789/6789
f 1380/6790/6790 1383/6791/6791 1381/6792/6792
f 1380/6793/6793 1384/6794/6794 1383/6795/6795
f 1384/6796/6796 1385/6797/6797 1383/6798/6798
f 1384/6799/6799 1386/6800/6800 1385/6801/6801
s 142
f 1387/6802/6802 1388/6803/6803 1389/6804/6804
f 1387/6805/6805 1389/6806/6806 1390/6807/6807
f 1389/6808/6808 1391/6809/6809 1390/6810/6810
f 1391/6811/6811 1392/6812/6812 1390/6813/6813
f 1391/6814/6814 1393/6815/6815 1392/6816/6816
s 143
f 1394/6817/6817 1395/6818/6818 1396/6819/6819
f 1397/6820/6820 1395/6821/6821 1394/6822/6822
f 1398/6823/6823 1397/6824/6824 1394/6825/6825
f 1398/6826/6826 1399/6827/6827 1397/6828/6828
f 1400/6829/6829 1399/6830/6830 1398/6831/6831
f 1400/6832/6832 1398/6833/6833 1401/6834/6834
s 144
f 1402/6835/6835 1403/6836/6836 1404/6837/6837
f 1402/6838/6838 1404/6839/6839 1405/6840/6840
f 1402/6841/6841 1405/6842/6842 1406/6843/6843
f 1405/6844/6844 1407/6845/6845 1406/6846/6846
s 145
f 1408/6847/6847 1401/6848/6848 1398/6849/6849
f 1408/6850/6850 1398/6851/6851 1409/6852/6852
f 1398/6853/6853 1394/6854/6854 1409/6855/6855
f 1409/6856/6856 1394/6857/6857 1410/6858/6858
f 1411/6859/6859 1410/6860/6860 1394/6861/6861
f 1411/6862/6862 1394/6863/6863 1396/6864/6864
s 146
f 1412/6865/6865 1395/6866/6866 1397/6867/6867
f 1413/6868/6868 1412/6869/6869 1397/6870/6870
f 1399/6871/6871 1413/6872/6872 1397/6873/6873
f 1399/6874/6874 1414/6875/6875 1413/6876/6876
f 1415/6877/6877 1414/6878/6878 1399/6879/6879
f 1415/6880/6880 1399/6881/6881 1400/6882/6882
s 147
f 1300/6883/6883 1289/6884/6884 1291/6885/6885
f 1300/6886/6886 1298/6887/6887 1289/6888/6888
f 1300/6889/6889 1296/6890/6890 1298/6891/6891
s 148
f 1304/6892/6892 1297/6893/6893 1299/6894/6894
f 1304/6895/6895 1290/6896/6896 1297/6897/6897
f 1304/6898/6898 1288/6899/6899 1290/6900/6900
s 149
f 1326/6901/6901 1317/6902/6902 1316/6903/6903
f 1326/6904/6904 1316/6905/6905 1323/6906/6906
f 1326/6907/6907 1323/6908/6908 1322/6909/6909
s 150
f 1330/6910/6910 1325/6911/6911 1324/6912/6912
f 1330/6913/6913 1324/6914/6914 1315/6915/6915
f 1330/6916/6916 1315/6917/6917 1314/6918/6918
s 151
f 1416/6919/6919 1417/6920/6920 1418/6921/6921
f 1416/6922/6922 1419/6923/6923 1417/6924/6924
f 1416/6925/6925 1420/6926/6926 1419/6927/6927
f 1416/6928/6928 1421/6929/6929 1420/6930/6930
s 152
f 1383/6931/6931 1404/6932/6932 1381/6933/6933
f 1383/6934/6934 1405/6935/6935 1404/6936/6936
f 1383/6937/6937 1422/6938/6938 1405/6939/6939
f 1383/6940/6940 1423/6941/6941 1422/6942/6942
f 1383/6943/6943 1424/6944/6944 1423/6945/6945
f 1405/6946/6946 1422/6947/6947 1425/6948/6948
f 1405/6949/6949 1425/6950/6950 1426/6951/6951
f 1405/6952/6952 1426/6953/6953 1407/6954/6954
f 1383/6955/6955 1385/6956/6956 1424/6957/6957
f 1424/6958/6958 1385/6959/6959 1427/6960/6960
f 1426/6961/6961 1428/6962/6962 1407/6963/6963
f 1407/6964/6964 1428/6965/6965 1429/6966/6966
f 1407/6967/6967 1429/6968/6968 1385/6969/6969
f 1429/6970/6970 1427/6971/6971 1385/6972/6972
s 153
f 1417/6973/6973 1390/6974/6974 1392/6975/6975
f 1417/6976/6976 1419/6977/6977 1390/6978/6978
f 1390/6979/6979 1419/6980/6980 1430/6981/6981
f 1390/6982/6982 1430/6983/6983 1431/6984/6984
f 1390/6985/6985 1431/6986/6986 1432/6987/6987
f 1419/6988/6988 1433/6989/6989 1430/6990/6990
f 1434/6991/6991 1433/6992/6992 1419/6993/6993
f 1434/6994/6994 1419/6995/6995 1420/6996/6996
f 1390/6997/6997 1432/6998/6998 1387/6999/6999
f 1432/7000/7000 1435/7001/7001 1387/7002/7002
f 1434/7003/7003 1420/7004/7004 1436/7005/7005
f 1420/7006/7006 1437/7007/7007 1436/7008/7008
f 1387/7009/7009 1437/7010/7010 1420/7011/7011
f 1435/7012/7012 1437/7013/7013 1387/7014/7014
s 154
f 1438/7015/7015 1424/7016/7016 1427/7017/7017
f 1423/7018/7018 1424/7019/7019 1438/7020/7020
f 1423/7021/7021 1438/7022/7022 1439/7023/7023
f 1438/7024/7024 1427/7025/7025 1440/7026/7026
f 1427/7027/7027 1429/7028/7028 1440/7029/7029
f 1423/7030/7030 1439/7031/7031 1422/7032/7032
f 1439/7033/7033 1441/7034/7034 1422/7035/7035
f 1429/7036/7036 1442/7037/7037 1440/7038/7038
f 1443/7039/7039 1442/7040/7040 1429/7041/7041
f 1422/7042/7042 1441/7043/7043 1444/7044/7044
f 1422/7045/7045 1444/7046/7046 1425/7047/7047
f 1428/7048/7048 1443/7049/7049 1429/7050/7050
f 1428/7051/7051 1445/7052/7052 1443/7053/7053
f 1444/7054/7054 1445/7055/7055 1425/7056/7056
f 1425/7057/7057 1445/7058/7058 1426/7059/7059
f 1428/7060/7060 1426/7061/7061 1445/7062/7062
s 155
f 1431/7063/7063 1446/7064/7064 1432/7065/7065
f 1446/7066/7066 1435/7067/7067 1432/7068/7068
f 1431/7069/7069 1447/7070/7070 1446/7071/7071
f 1446/7072/7072 1448/7073/7073 1435/7074/7074
f 1431/7075/7075 1430/7076/7076 1447/7077/7077
f 1437/7078/7078 1435/7079/7079 1448/7080/7080
f 1430/7081/7081 1449/7082/7082 1447/7083/7083
f 1437/7084/7084 1448/7085/7085 1450/7086/7086
f 1451/7087/7087 1449/7088/7088 1430/7089/7089
f 1433/7090/7090 1451/7091/7091 1430/7092/7092
f 1437/7093/7093 1450/7094/7094 1452/7095/7095
f 1437/7096/7096 1452/7097/7097 1436/7098/7098
f 1433/7099/7099 1453/7100/7100 1451/7101/7101
f 1453/7102/7102 1436/7103/7103 1452/7104/7104
f 1433/7105/7105 1434/7106/7106 1453/7107/7107
f 1453/7108/7108 1434/7109/7109 1436/7110/7110
s 156
f 1295/7111/7111 1298/7112/7112 1293/7113/7113
f 1298/7114/7114 1294/7115/7115 1293/7116/7116
f 1295/7117/7117 1289/7118/7118 1298/7119/7119
f 1295/7120/7120 1292/7121/7121 1289/7122/7122
f 1298/7123/7123 1297/7124/7124 1294/7125/7125
f 1294/7126/7126 1297/7127/7127 1290/7128/7128
f 1292/7129/7129 1294/7130/7130 1290/7131/7131
f 1292/7132/7132 1290/7133/7133 1289/7134/7134
s 157
f 1321/7135/7135 1320/7136/7136 1323/7137/7137
f 1323/7138/7138 1320/7139/7139 1319/7140/7140
f 1321/7141/7141 1323/7142/7142 1316/7143/7143
f 1321/7144/7144 1316/7145/7145 1318/7146/7146
f 1323/7147/7147 1319/7148/7148 1324/7149/7149
f 1319/7150/7150 1315/7151/7151 1324/7152/7152
f 1318/7153/7153 1315/7154/7154 1319/7155/7155
f 1318/7156/7156 1316/7157/7157 1315/7158/7158
s 158
f 1454/7159/7159 1455/7160/7160 1456/7161/7161
f 1454/7162/7162 1456/7163/7163 1457/7164/7164
s 159
f 1456/7165/7165 1455/7166/7166 1458/7167/7167
f 1456/7168/7168 1458/7169/7169 1459/7170/7170
s 160
f 1459/7171/7171 1458/7172/7172 1460/7173/7173
f 1459/7174/7174 1460/7175/7175 1461/7176/7176
s 161
f 1461/7177/7177 1460/7178/7178 1454/7179/7179
f 1461/7180/7180 1454/7181/7181 1457/7182/7182
s 162
f 1456/7183/7183 1459/7184/7184 1461/7185/7185
f 1456/7186/7186 1461/7187/7187 1457/7188/7188
s 163
f 1462/7189/7189 1463/7190/7190 1464/7191/7191
f 1462/7192/7192 1465/7193/7193 1463/7194/7194
s 164
f 1463/7195/7195 1466/7196/7196 1464/7197/7197
f 1463/7198/7198 1467/7199/7199 1466/7200/7200
s 165
f 1467/7201/7201 1468/7202/7202 1466/7203/7203
f 1467/7204/7204 1469/7205/7205 1468/7206/7206
s 166
f 1469/7207/7207 1462/7208/7208 1468/7209/7209
f 1469/7210/7210 1465/7211/7211 1462/7212/7212
s 167
f 1463/7213/7213 1469/7214/7214 1467/7215/7215
f 1463/7216/7216 1465/7217/7217 1469/7218/7218
s 168
f 1418/7219/7219 1392/7220/7220 1393/7221/7221
f 1418/7222/7222 1417/7223/7223 1392/7224/7224
s 169
f 1470/7225/7225 1471/7226/7226 1421/7227/7227
f 1470/7228/7228 1421/7229/7229 1416/7230/7230
f 1416/7231/7231 1472/7232/7232 1470/7233/7233
f 1416/7234/7234 1418/7235/7235 1472/7236/7236
s 170
f 1473/7237/7237 1471/7238/7238 1470/7239/7239
f 1473/7240/7240 1474/7241/7241 1471/7242/7242
f 1470/7243/7243 1475/7244/7244 1473/7245/7245
f 1470/7246/7246 1472/7247/7247 1475/7248/7248
s 171
f 1473/7249/7249 1402/7250/7250 1406/7251/7251
f 1473/7252/7252 1406/7253/7253 1474/7254/7254
f 1402/7255/7255 1475/7256/7256 1403/7257/7257
f 1402/7258/7258 1473/7259/7259 1475/7260/7260
s 172
f 1421/7261/7261 1476/7262/7262 1388/7263/7263
f 1421/7264/7264 1471/7265/7265 1476/7266/7266
s 173
f 1477/7267/7267 1406/7268/7268 1386/7269/7269
f 1477/7270/7270 1474/7271/7271 1406/7272/7272
s 174
f 1404/7273/7273 1382/7274/7274 1381/7275/7275
f 1404/7276/7276 1403/7277/7277 1382/7278/7278
s 175
f 1476/7279/7279 1474/7280/7280 1477/7281/7281
f 1476/7282/7282 1471/7283/7283 1474/7284/7284
s 176
f 1478/7285/7285 1479/7286/7286 1480/7287/7287
f 1478/7288/7288 1481/7289/7289 1479/7290/7290
s 177
f 1412/7291/7291 1396/7292/7292 1395/7293/7293
f 1412/7294/7294 1411/7295/7295 1396/7296/7296
s 178
f 1415/7297/7297 1401/7298/7298 1408/7299/7299
f 1415/7300/7300 1400/7301/7301 1401/7302/7302
s 179
f 1386/7303/7303 1407/7304/7304 1385/7305/7305
f 1386/7306/7306 1406/7307/7307 1407/7308/7308
s 180
f 1482/7309/7309 1480/7310/7310 1483/7311/7311
f 1482/7312/7312 1478/7313/7313 1480/7314/7314
f 1482/7315/7315 1484/7316/7316 1478/7317/7317
f 1482/7318/7318 1485/7319/7319 1484/7320/7320
f 1483/7321/7321 1486/7322/7322 1487/7323/7323
f 1483/7324/7324 1480/7325/7325 1486/7326/7326
f 1488/7327/7327 1410/7328/7328 1489/7329/7329
f 1488/7330/7330 1409/7331/7331 1410/7332/7332
f 1489/7333/7333 1484/7334/7334 1485/7335/7335
f 1489/7336/7336 1410/7337/7337 1484/7338/7338
f 1488/7339/7339 1486/7340/7340 1409/7341/7341
f 1488/7342/7342 1487/7343/7343 1486/7344/7344
f 1489/7345/7345 1490/7346/7346 1488/7347/7347
f 1489/7348/7348 1491/7349/7349 1490/7350/7350
f 1480/7351/7351 1382/7352/7352 1486/7353/7353
f 1480/7354/7354 1380/7355/7355 1382/7356/7356
f 1479/7357/7357 1380/7358/7358 1480/7359/7359
f 1479/7360/7360 1384/7361/7361 1380/7362/7362
f 1479/7363/7363 1386/7364/7364 1384/7365/7365
f 1479/7366/7366 1477/7367/7367 1386/7368/7368
f 1479/7369/7369 1481/7370/7370 1477/7371/7371
f 1481/7372/7372 1476/7373/7373 1477/7374/7374
f 1481/7375/7375 1388/7376/7376 1476/7377/7377
f 1481/7378/7378 1389/7379/7379 1388/7380/7380
f 1481/7381/7381 1391/7382/7382 1389/7383/7383
f 1481/7384/7384 1478/7385/7385 1391/7386/7386
f 1478/7387/7387 1393/7388/7388 1391/7389/7389
f 1478/7390/7390 1484/7391/7391 1393/7392/7392
f 1489/7393/7393 1492/7394/7394 1491/7395/7395
f 1489/7396/7396 1485/7397/7397 1492/7398/7398
f 1492/7399/7399 1485/7400/7400 1493/7401/7401
f 1482/7402/7402 1493/7403/7403 1485/7404/7404
f 1483/7405/7405 1493/7406/7406 1482/7407/7407
f 1483/7408/7408 1494/7409/7409 1493/7410/7410
f 1487/7411/7411 1494/7412/7412 1483/7413/7413
f 1487/7414/7414 1495/7415/7415 1494/7416/7416
f 1487/7417/7417 1488/7418/7418 1495/7419/7419
f 1488/7420/7420 1490/7421/7421 1495/7422/7422
f 1411/7423/7423 1484/7424/7424 1410/7425/7425
f 1411/7426/7426 1393/7427/7427 1484/7428/7428
f 1418/7429/7429 1393/7430/7430 1411/7431/7431
f 1412/7432/7432 1418/7433/7433 1411/7434/7434
f 1472/7435/7435 1418/7436/7436 1412/7437/7437
f 1472/7438/7438 1412/7439/7439 1413/7440/7440
f 1414/7441/7441 1472/7442/7442 1413/7443/7443
f 1475/7444/7444 1472/7445/7445 1414/7446/7446
f 1415/7447/7447 1475/7448/7448 1414/7449/7449
f 1415/7450/7450 1403/7451/7451 1475/7452/7452
f 1415/7453/7453 1408/7454/7454 1403/7455/7455
f 1408/7456/7456 1382/7457/7457 1403/7458/7458
f 1408/7459/7459 1486/7460/7460 1382/7461/7461
f 1408/7462/7462 1409/7463/7463 1486/7464/7464
s 181
f 1494/7465/7465 1492/7466/7466 1493/7467/7467
f 1494/7468/7468 1495/7469/7469 1492/7470/7470
s 182
f 1491/7471/7471 1495/7472/7472 1490/7473/7473
f 1491/7474/7474 1492/7475/7475 1495/7476/7476
s 183
f 1387/7477/7477 1421/7478/7478 1388/7479/7479
f 1387/7480/7480 1420/7481/7481 1421/7482/7482
s 184
f 1496/7483/7483 1497/7484/7484 1498/7485/7485
f 1496/7486/7486 1499/7487/7487 1497/7488/7488
f 1499/7489/7489 1500/7490/7490 1497/7491/7491
f 1499/7492/7492 1501/7493/7493 1500/7494/7494
f 1502/7495/7495 1503/7496/7496 1504/7497/7497
f 1502/7498/7498 1505/7499/7499 1503/7500/7500
f 1506/7501/7501 1507/7502/7502 1505/7503/7503
f 1506/7504/7504 1508/7505/7505 1507/7506/7506
f 1509/7507/7507 1510/7508/7508 1506/7509/7509
f 1509/7510/7510 1511/7511/7511 1510/7512/7512
f 1510/7513/7513 1512/7514/7514 1500/7515/7515
f 1500/7516/7516 1512/7517/7517 1497/7518/7518
f 1512/7519/7519 1513/7520/7520 1514/7521/7521
f 1512/7522/7522 1514/7523/7523 1515/7524/7524
f 1516/7525/7525 1508/7526/7526 1517/7527/7527
f 1516/7528/7528 1507/7529/7529 1508/7530/7530
f 1516/7531/7531 1518/7532/7532 1507/7533/7533
f 1516/7534/7534 1519/7535/7535 1518/7536/7536
f 1497/7537/7537 1515/7538/7538 1498/7539/7539
f 1497/7540/7540 1512/7541/7541 1515/7542/7542
f 1510/7543/7543 1513/7544/7544 1512/7545/7545
f 1510/7546/7546 1511/7547/7547 1513/7548/7548
f 1508/7549/7549 1510/7550/7550 1500/7551/7551
f 1506/7552/7552 1510/7553/7553 1508/7554/7554
f 1502/7555/7555 1509/7556/7556 1506/7557/7557
f 1502/7558/7558 1506/7559/7559 1505/7560/7560
f 1505/7561/7561 1507/7562/7562 1518/7563/7563
f 1505/7564/7564 1518/7565/7565 1503/7566/7566
f 1517/7567/7567 1500/7568/7568 1501/7569/7569
f 1517/7570/7570 1508/7571/7571 1500/7572/7572
s 185
f 1520/7573/7573 1521/7574/7574 1522/7575/7575
f 1520/7576/7576 1522/7577/7577 1523/7578/7578
f 1524/7579/7579 1520/7580/7580 1523/7581/7581
f 1524/7582/7582 1523/7583/7583 1525/7584/7584
f 1523/7585/7585 1522/7586/7586 1526/7587/7587
f 1523/7588/7588 1526/7589/7589 1527/7590/7590
f 1528/7591/7591 1527/7592/7592 1529/7593/7593
f 1530/7594/7594 1527/7595/7595 1528/7596/7596
f 1518/7597/7597 1525/7598/7598 1530/7599/7599
f 1518/7600/7600 1530/7601/7601 1503/7602/7602
f 1519/7603/7603 1524/7604/7604 1525/7605/7605
f 1519/7606/7606 1525/7607/7607 1518/7608/7608
f 1529/7609/7609 1526/7610/7610 1531/7611/7611
f 1527/7612/7612 1526/7613/7613 1529/7614/7614
f 1525/7615/7615 1523/7616/7616 1527/7617/7617
f 1530/7618/7618 1525/7619/7619 1527/7620/7620
f 1504/7621/7621 1503/7622/7622 1530/7623/7623
f 1504/7624/7624 1530/7625/7625 1528/7626/7626
s 186
f 1284/7627/7627 1286/7628/7628 1285/7629/7629
f 1284/7630/7630 1287/7631/7631 1286/7632/7632
s 187
f 1532/7633/7633 1533/7634/7634 1534/7635/7635
f 1532/7636/7636 1534/7637/7637 1535/7638/7638
f 1536/7639/7639 1537/7640/7640 1535/7641/7641
f 1536/7642/7642 1538/7643/7643 1537/7644/7644
f 1537/7645/7645 1515/7646/7646 1539/7647/7647
f 1539/7648/7648 1515/7649/7649 1514/7650/7650
f 1538/7651/7651 1498/7652/7652 1515/7653/7653
f 1537/7654/7654 1538/7655/7655 1515/7656/7656
f 1532/7657/7657 1537/7658/7658 1539/7659/7659
f 1532/7660/7660 1535/7661/7661 1537/7662/7662
f 1535/7663/7663 1540/7664/7664 1536/7665/7665
f 1535/7666/7666 1534/7667/7667 1540/7668/7668
f 1541/7669/7669 1496/7670/7670 1498/7671/7671
f 1541/7672/7672 1498/7673/7673 1538/7674/7674
f 1542/7675/7675 1536/7676/7676 1540/7677/7677
f 1542/7678/7678 1540/7679/7679 1543/7680/7680
f 1542/7681/7681 1541/7682/7682 1538/7683/7683
f 1542/7684/7684 1538/7685/7685 1536/7686/7686
s 188
f 1544/7687/7687 1545/7688/7688 1546/7689/7689
f 1544/7690/7690 1547/7691/7691 1545/7692/7692
f 1545/7693/7693 1526/7694/7694 1522/7695/7695
f 1545/7696/7696 1286/7697/7697 1526/7698/7698
f 1548/7699/7699 1285/7700/7700 1547/7701/7701
f 1548/7702/7702 1549/7703/7703 1285/7704/7704
f 1533/7705/7705 1549/7706/7706 1534/7707/7707
f 1533/7708/7708 1550/7709/7709 1549/7710/7710
f 1543/7711/7711 1548/7712/7712 1551/7713/7713
f 1543/7714/7714 1540/7715/7715 1548/7716/7716
f 1521/7717/7717 1545/7718/7718 1522/7719/7719
f 1521/7720/7720 1546/7721/7721 1545/7722/7722
f 1544/7723/7723 1548/7724/7724 1547/7725/7725
f 1544/7726/7726 1551/7727/7727 1548/7728/7728
f 1284/7729/7729 1549/7730/7730 1550/7731/7731
f 1284/7732/7732 1285/7733/7733 1549/7734/7734
f 1549/7735/7735 1548/7736/7736 1540/7737/7737
f 1549/7738/7738 1540/7739/7739 1534/7740/7740
f 1547/7741/7741 1285/7742/7742 1286/7743/7743
f 1547/7744/7744 1286/7745/7745 1545/7746/7746
f 1286/7747/7747 1287/7748/7748 1531/7749/7749
f 1286/7750/7750 1531/7751/7751 1526/7752/7752
s 189
f 1531/7753/7753 1546/7754/7754 1521/7755/7755
f 1531/7756/7756 1287/7757/7757 1546/7758/7758
f 1287/7759/7759 1544/7760/7760 1546/7761/7761
f 1287/7762/7762 1284/7763/7763 1544/7764/7764
f 1550/7765/7765 1544/7766/7766 1284/7767/7767
f 1550/7768/7768 1551/7769/7769 1544/7770/7770
f 1543/7771/7771 1550/7772/7772 1533/7773/7773
f 1543/7774/7774 1551/7775/7775 1550/7776/7776
s 190
f 1520/7777/7777 1529/7778/7778 1531/7779/7779
f 1520/7780/7780 1531/7781/7781 1521/7782/7782
f 1524/7783/7783 1528/7784/7784 1529/7785/7785
f 1524/7786/7786 1529/7787/7787 1520/7788/7788
f 1528/7789/7789 1524/7790/7790 1519/7791/7791
f 1528/7792/7792 1519/7793/7793 1504/7794/7794
s 191
f 1516/7795/7795 1504/7796/7796 1519/7797/7797
f 1516/7798/7798 1502/7799/7799 1504/7800/7800
f 1509/7801/7801 1502/7802/7802 1516/7803/7803
f 1509/7804/7804 1516/7805/7805 1517/7806/7806
f 1511/7807/7807 1517/7808/7808 1501/7809/7809
f 1511/7810/7810 1509/7811/7811 1517/7812/7812
f 1513/7813/7813 1501/7814/7814 1499/7815/7815
f 1513/7816/7816 1511/7817/7817 1501/7818/7818
f 1514/7819/7819 1499/7820/7820 1496/7821/7821
f 1514/7822/7822 1513/7823/7823 1499/7824/7824
s 192
f 1541/7825/7825 1539/7826/7826 1514/7827/7827
f 1541/7828/7828 1514/7829/7829 1496/7830/7830
f 1542/7831/7831 1532/7832/7832 1539/7833/7833
f 1542/7834/7834 1539/7835/7835 1541/7836/7836
f 1543/7837/7837 1533/7838/7838 1532/7839/7839
f 1543/7840/7840 1532/7841/7841 1542/7842/7842
s 193
f 1265/7843/7843 1262/7844/7844 1552/7845/7845
f 1265/7846/7846 1552/7847/7847 1283/7848/7848
f 1283/7849/7849 1552/7850/7850 1553/7851/7851
f 1283/7852/7852 1553/7853/7853 1281/7854/7854
f 1277/7855/7855 1247/7856/7856 1244/7857/7857
f 1277/7858/7858 1244/7859/7859 1554/7860/7860
f 1555/7861/7861 1554/7862/7862 1556/7863/7863
f 1555/7864/7864 1556/7865/7865 1557/7866/7866
f 1278/7867/7867 1555/7868/7868 1558/7869/7869
f 1278/7870/7870 1558/7871/7871 1280/7872/7872
f 1558/7873/7873 1553/7874/7874 1559/7875/7875
f 1553/7876/7876 1552/7877/7877 1559/7878/7878
f 1559/7879/7879 1261/7880/7880 1282/7881/7881
f 1559/7882/7882 1260/7883/7883 1261/7884/7884
f 1276/7885/7885 1279/7886/7886 1557/7887/7887
f 1276/7888/7888 1557/7889/7889 1556/7890/7890
f 1276/7891/7891 1556/7892/7892 1243/7893/7893
f 1276/7894/7894 1243/7895/7895 1245/7896/7896
f 1552/7897/7897 1262/7898/7898 1260/7899/7899
f 1552/7900/7900 1260/7901/7901 1559/7902/7902
f 1558/7903/7903 1559/7904/7904 1282/7905/7905
f 1558/7906/7906 1282/7907/7907 1280/7908/7908
f 1557/7909/7909 1553/7910/7910 1558/7911/7911
f 1555/7912/7912 1557/7913/7913 1558/7914/7914
f 1277/7915/7915 1555/7916/7916 1278/7917/7917
f 1277/7918/7918 1554/7919/7919 1555/7920/7920
f 1554/7921/7921 1243/7922/7922 1556/7923/7923
f 1554/7924/7924 1244/7925/7925 1243/7926/7926
f 1279/7927/7927 1281/7928/7928 1553/7929/7929
f 1279/7930/7930 1553/7931/7931 1557/7932/7932
o aimx1,ox=-0.00,oy=6.73,oz=-1.08,p=turret,,e=0
v 0.000000 31.054799 -5.521162
v 0.000000 31.054799 -1.521162
v 0.000000 33.054799 -5.521162
f 1560/1/1 1561/2/2 1562/3/3
o shoulder,ox=-0.00,oy=-0.05,oz=-0.03,p=aimx1,
v -29.654446 40.314182 -9.537465
vn -0.139571 0.139571 -1.096296
vt 0.216789067 0.978634000
v -17.070803 40.314186 -11.138904
vn -0.139571 0.139571 -1.096296
vt 0.216783330 0.923855007
v -18.198500 39.186485 -11.138904
vn -0.139571 0.139571 -1.096296
vt 0.222215012 0.928685009
v -29.654446 40.314179 -2.404750
vn -0.154163 0.000000 1.103203
vt 0.216784716 0.978634000
v -29.654446 39.186478 -2.404750
vn -0.154163 0.000000 1.103203
vt 0.222154886 0.978637993
v -18.198500 39.186478 -0.803313
vn -0.154163 0.000000 1.103203
vt 0.222147554 0.928686023
v 29.654440 40.314182 -9.537465
vn 0.139571 0.139571 -1.096296
vt 0.216789067 0.978634000
v 18.198498 39.186485 -11.138906
vn 0.139571 0.139571 -1.096296
vt 0.222215235 0.928685009
v 17.070795 40.314186 -11.138906
vn 0.139571 0.139571 -1.096296
vt 0.216783330 0.923855007
v 29.654440 40.314179 -2.404750
vn 0.154163 0.000000 1.103203
vt 0.216784477 0.978634000
v 18.198498 39.186478 -0.803314
vn 0.154163 0.000000 1.103203
vt 0.222147778 0.928686023
v 29.654440 39.186478 -2.404750
vn 0.154163 0.000000 1.103203
vt 0.222154886 0.978637993
vn -0.154163 0.000000 -1.103203
vt 0.216787696 0.978634000
vn -0.154163 0.000000 -1.103203
vt 0.222212940 0.928685009
v -29.654446 39.186482 -9.537465
vn -0.154163 0.000000 -1.103203
vt 0.222157419 0.978637993
vn -0.139571 0.139571 1.096296
vt 0.216786325 0.978634000
vn -0.139571 0.139571 1.096296
vt 0.222150072 0.928686023
v -17.070803 40.314179 -0.803312
vn -0.139571 0.139571 1.096296
vt 0.216780350 0.923855007
vn 0.154163 0.000000 -1.103203
vt 0.216787696 0.978634000
v 29.654440 39.186482 -9.537465
vn 0.154163 0.000000 -1.103203
vt 0.222157419 0.978637993
vn 0.154163 0.000000 -1.103203
vt 0.222213179 0.928685009
vn 0.139571 0.139571 1.096296
vt 0.216786325 0.978634000
v 17.070795 40.314179 -0.803313
vn 0.139571 0.139571 1.096296
vt 0.216780350 0.923855007
vn 0.139571 0.139571 1.096296
vt 0.222150072 0.928686023
v -18.198500 27.309024 -0.803317
vn -0.000000 -1.113896 0.000000
vt 0.216137424 0.927546024
v -18.198500 27.309031 -11.138909
vn -0.000000 -1.113896 0.000000
vt 0.216146827 0.978245020
v -17.070803 27.309031 -11.138909
vn -0.000000 -1.113896 0.000000
vt 0.222615868 0.978245020
vn -0.000000 -1.113896 0.000000
vt 0.216137424 0.927546024
vn -0.000000 -1.113896 0.000000
vt 0.222615868 0.978245020
v -17.070803 27.309024 -0.803317
vn -0.000000 -1.113896 0.000000
vt 0.222606912 0.927546024
vn -0.000000 0.000000 1.113896
vt 0.222452268 0.929086030
vn -0.000000 0.000000 1.113896
vt 0.222428635 0.978502989
vn -0.000000 0.000000 1.113896
vt 0.216508225 0.978502989
vn -0.000000 0.000000 1.113896
vt 0.222452268 0.929086030
vn -0.000000 0.000000 1.113896
vt 0.216508225 0.978502989
vn -0.000000 0.000000 1.113896
vt 0.216533467 0.924394011
vn 0.000000 0.000000 -1.113896
vt 0.222456172 0.929086030
vn 0.000000 0.000000 -1.113896
vt 0.216535985 0.924394011
vn 0.000000 0.000000 -1.113896
vt 0.216529325 0.978502989
vn 0.000000 0.000000 -1.113896
vt 0.222456172 0.929086030
vn 0.000000 0.000000 -1.113896
vt 0.216529325 0.978502989
vn 0.000000 0.000000 -1.113896
vt 0.222450435 0.978502989
vn -1.113896 0.000000 0.000000
vt 0.216547683 0.930157006
vn -1.113896 0.000000 0.000000
vt 0.216548607 0.966630995
vn -1.113896 0.000000 0.000000
vt 0.222285450 0.966630995
vn -1.113896 0.000000 0.000000
vt 0.216547683 0.930157006
vn -1.113896 0.000000 0.000000
vt 0.222285450 0.966630995
vn -1.113896 0.000000 0.000000
vt 0.222284079 0.930157006
vn 1.113896 0.000000 0.000000
vt 0.183722243 0.998266995
vn 1.113896 0.000000 0.000000
vt 0.183792233 0.970407009
vn 1.113896 0.000000 0.000000
vt 0.126429960 0.970407009
vn 1.113896 0.000000 0.000000
vt 0.183722243 0.998266995
vn 1.113896 0.000000 0.000000
vt 0.126429960 0.970407009
vn 1.113896 0.000000 0.000000
vt 0.126435697 0.998266995
vn -1.113896 0.000000 0.000000
vt 0.205532670 0.877206028
vn -1.113896 0.000000 0.000000
vt 0.247340843 0.877206028
vn -1.113896 0.000000 0.000000
vt 0.247326151 0.906994998
vn -1.113896 0.000000 0.000000
vt 0.205532670 0.877206028
vn -1.113896 0.000000 0.000000
vt 0.247326151 0.906994998
vn -1.113896 0.000000 0.000000
vt 0.205530614 0.906994998
vn -0.000000 1.113896 0.000000
vt 0.125974268 0.939769983
vn -0.000000 1.113896 0.000000
vt 0.125974491 0.967756987
vn -0.000000 1.113896 0.000000
vt 0.183712155 0.967756987
vn -0.000000 1.113896 0.000000
vt 0.125974268 0.939769983
vn -0.000000 1.113896 0.000000
vt 0.183712155 0.967756987
vn -0.000000 1.113896 0.000000
vt 0.183704570 0.939769983
vn -0.000000 -1.113896 0.000000
vt 0.125943527 0.998372972
vn -0.000000 -1.113896 0.000000
vt 0.125946730 0.970386028
vn -0.000000 -1.113896 0.000000
vt 0.183672220 0.970386028
vn -0.000000 -1.113896 0.000000
vt 0.125943527 0.998372972
vn -0.000000 -1.113896 0.000000
vt 0.183672220 0.970386028
vn -0.000000 -1.113896 0.000000
vt 0.183666036 0.998372972
v 18.198498 27.309024 -0.803319
vn -0.000000 -1.113896 0.000000
vt 0.216137424 0.927546024
v 17.070795 27.309031 -11.138910
vn -0.000000 -1.113896 0.000000
vt 0.222615629 0.978245020
v 18.198498 27.309031 -11.138910
vn -0.000000 -1.113896 0.000000
vt 0.216146603 0.978245020
vn -0.000000 -1.113896 0.000000
vt 0.216137424 0.927546024
v 17.070795 27.309024 -0.803319
vn -0.000000 -1.113896 0.000000
vt 0.222607151 0.927546024
vn -0.000000 -1.113896 0.000000
vt 0.222615629 0.978245020
vn -0.000000 0.000000 1.113896
vt 0.222452492 0.929086030
vn -0.000000 0.000000 1.113896
vt 0.216508225 0.978502989
vn -0.000000 0.000000 1.113896
vt 0.222428858 0.978502989
vn -0.000000 0.000000 1.113896
vt 0.222452492 0.929086030
vn -0.000000 0.000000 1.113896
vt 0.216533467 0.924394011
vn -0.000000 0.000000 1.113896
vt 0.216508225 0.978502989
vn 0.000000 0.000000 -1.113896
vt 0.222456172 0.929086030
vn 0.000000 0.000000 -1.113896
vt 0.216529325 0.978502989
vn 0.000000 0.000000 -1.113896
vt 0.216535985 0.924394011
vn 0.000000 0.000000 -1.113896
vt 0.222456172 0.929086030
vn 0.000000 0.000000 -1.113896
vt 0.222450435 0.978502989
vn 0.000000 0.000000 -1.113896
vt 0.216529325 0.978502989
vn 1.113896 0.000000 0.000000
vt 0.216547683 0.930157006
vn 1.113896 0.000000 0.000000
vt 0.222285450 0.966630995
vn 1.113896 0.000000 0.000000
vt 0.216548607 0.966630995
vn 1.113896 0.000000 0.000000
vt 0.216547683 0.930157006
vn 1.113896 0.000000 0.000000
vt 0.222284079 0.930157006
vn 1.113896 0.000000 0.000000
vt 0.222285450 0.966630995
vn -1.113896 0.000000 0.000000
vt 0.183722243 0.998266995
vn -1.113896 0.000000 0.000000
vt 0.126429737 0.970407009
vn -1.113896 0.000000 0.000000
vt 0.183792233 0.970407009
vn -1.113896 0.000000 0.000000
vt 0.183722243 0.998266995
vn -1.113896 0.000000 0.000000
vt 0.126435935 0.998266995
vn -1.113896 0.000000 0.000000
vt 0.126429737 0.970407009
vn 1.113896 0.000000 0.000000
vt 0.205532908 0.877206028
vn 1.113896 0.000000 0.000000
vt 0.247326389 0.906994998
vn 1.113896 0.000000 0.000000
vt 0.247340843 0.877206028
vn 1.113896 0.000000 0.000000
vt 0.205532908 0.877206028
vn 1.113896 0.000000 0.000000
vt 0.205530614 0.906994998
vn 1.113896 0.000000 0.000000
vt 0.247326389 0.906994998
vn -0.000000 1.113896 0.000000
vt 0.125974268 0.939769983
vn -0.000000 1.113896 0.000000
vt 0.183712155 0.967756987
vn -0.000000 1.113896 0.000000
vt 0.125974491 0.967756987
vn -0.000000 1.113896 0.000000
vt 0.125974268 0.939769983
vn -0.000000 1.113896 0.000000
vt 0.183704570 0.939769983
vn -0.000000 1.113896 0.000000
vt 0.183712155 0.967756987
vn -0.000000 -1.113896 0.000000
vt 0.183666259 0.998372972
vn -0.000000 -1.113896 0.000000
vt 0.125946730 0.970386028
vn -0.000000 -1.113896 0.000000
vt 0.125943527 0.998372972
vn -0.000000 -1.113896 0.000000
vt 0.183666259 0.998372972
vn -0.000000 -1.113896 0.000000
vt 0.183672220 0.970386028
vn -0.000000 -1.113896 0.000000
vt 0.125946730 0.970386028
v -19.047216 31.006016 -8.394601
vn -1.001504 0.000000 -0.487552
vt 0.165533543 0.725888014
v -19.047216 29.006682 -7.566454
vn -1.001504 -0.344751 -0.344751
vt 0.160965309 0.714821994
v -19.047218 28.178534 -5.567126
vn -1.001504 -0.487552 0.000000
vt 0.149917036 0.710238993
vn -1.001504 0.000000 -0.487552
vt 0.165533543 0.725888014
vn -1.001504 -0.487552 0.000000
vt 0.149917036 0.710238993
v -19.047216 33.005338 -7.566451
vn -1.001504 0.344751 -0.344751
vt 0.160954520 0.736954987
vn -1.001504 -0.487552 0.000000
vt 0.149917036 0.710238993
v -19.047216 33.833489 -5.567123
vn -1.001504 0.487552 0.000000
vt 0.149906933 0.741537988
vn -1.001504 0.344751 -0.344751
vt 0.160954520 0.736954987
v 18.645321 31.006016 -8.829606
vn 0.410916 0.000000 -1.035366
vt 0.073864929 0.929058015
v 19.047211 33.005338 -7.566451
vn 1.001504 0.344751 -0.344751
vt 0.072946422 0.928496003
v 19.047211 31.006016 -8.394601
vn 1.001504 0.000000 -0.487552
vt 0.073803663 0.928496003
vn 0.410916 0.000000 -1.035366
vt 0.073864929 0.929058015
v 18.645321 33.312932 -7.874047
vn 0.410916 0.732052 -0.732052
vt 0.072884463 0.929058015
vn 1.001504 0.344751 -0.344751
vt 0.072946422 0.928496003
v -18.645327 31.006016 -8.829606
vn -0.410916 0.000000 -1.035366
vt 0.073864698 0.981202006
vn 0.410916 0.732052 -0.732052
vt 0.072884463 0.929058015
vn 0.410916 0.000000 -1.035366
vt 0.073864929 0.929058015
vn -0.410916 0.000000 -1.035366
vt 0.073864698 0.981202006
vn -1.001504 0.000000 -0.487552
vt 0.073803663 0.981764019
vn -1.001504 0.344751 -0.344751
vt 0.072946422 0.981764019
vn -0.410916 0.000000 -1.035366
vt 0.073864698 0.981202006
vn -1.001504 0.344751 -0.344751
vt 0.072946422 0.981764019
v -18.645327 33.312932 -7.874047
vn -0.410916 0.732052 -0.732052
vt 0.072883323 0.981202006
vn -0.410916 0.000000 -1.035366
vt 0.073864698 0.981202006
vn -0.410916 0.732052 -0.732052
vt 0.072883323 0.981202006
vn 0.410916 0.732052 -0.732052
vt 0.072884463 0.929058015
vn 0.410916 0.732052 -0.732052
vt 0.072884463 0.929058015
v 19.047211 33.833489 -5.567123
vn 1.001504 0.487552 0.000000
vt 0.071905382 0.928496003
vn 1.001504 0.344751 -0.344751
vt 0.072822057 0.928496003
v 18.645321 34.268490 -5.567122
vn 0.410916 1.035366 0.000000
vt 0.071844578 0.929058015
vn 1.001504 0.487552 0.000000
vt 0.071905382 0.928496003
vn 0.410916 0.732052 -0.732052
vt 0.072884463 0.929058015
vn 0.410916 1.035366 0.000000
vt 0.071844578 0.929058015
vn 0.410916 0.732052 -0.732052
vt 0.072884463 0.929058015
vn -0.410916 0.732052 -0.732052
vt 0.072883323 0.981202006
vn -0.410916 0.732052 -0.732052
vt 0.072883323 0.981202006
vn -1.001504 0.344751 -0.344751
vt 0.072822057 0.981764019
vn -1.001504 0.487552 0.000000
vt 0.071905382 0.981764019
v -18.645327 34.268490 -5.567122
vn -0.410916 1.035366 0.000000
vt 0.071844801 0.981202006
vn -0.410916 0.732052 -0.732052
vt 0.072883323 0.981202006
vn -1.001504 0.487552 0.000000
vt 0.071905382 0.981764019
vn -0.410916 1.035366 0.000000
vt 0.071844801 0.981202006
vn 0.410916 1.035366 0.000000
vt 0.071844578 0.929058015
vn -0.410916 0.732052 -0.732052
vt 0.072883323 0.981202006
vn -0.410916 1.035366 0.000000
vt 0.071844801 0.981202006
vn -1.001504 0.487552 0.000000
vt 0.071783543 0.981764019
v -19.047216 33.005338 -3.567797
vn -1.001504 0.344751 0.344751
vt 0.070930883 0.981764019
vn -0.410916 1.035366 0.000000
vt 0.071844801 0.981202006
vn -1.001504 0.344751 0.344751
vt 0.070930883 0.981764019
v -18.645327 33.312932 -3.260202
vn -0.410916 0.732052 0.732052
vt 0.070871226 0.981202006
vn -0.410916 1.035366 0.000000
vt 0.071844801 0.981202006
v 18.645321 33.312932 -3.260202
vn 0.410916 0.732052 0.732052
vt 0.070870534 0.929058015
vn 0.410916 1.035366 0.000000
vt 0.071844578 0.929058015
vn -0.410916 1.035366 0.000000
vt 0.071844801 0.981202006
vn -0.410916 0.732052 0.732052
vt 0.070871226 0.981202006
vn 0.410916 0.732052 0.732052
vt 0.070870534 0.929058015
vn 0.410916 1.035366 0.000000
vt 0.071844578 0.929058015
vn 0.410916 0.732052 0.732052
vt 0.070870534 0.929058015
vn 1.001504 0.487552 0.000000
vt 0.071783543 0.928496003
vn 0.410916 0.732052 0.732052
vt 0.070870534 0.929058015
v 19.047211 33.005338 -3.567797
vn 1.001504 0.344751 0.344751
vt 0.070931114 0.928496003
vn 1.001504 0.487552 0.000000
vt 0.071783543 0.928496003
vn 0.410916 0.732052 0.732052
vt 0.070870534 0.929058015
vn -0.410916 0.732052 0.732052
vt 0.070871226 0.981202006
v 18.645321 31.006013 -2.304643
vn 0.410916 0.000000 1.035366
vt 0.069835231 0.929058015
vn 0.410916 0.732052 0.732052
vt 0.070870534 0.929058015
vn 0.410916 0.000000 1.035366
vt 0.069835231 0.929058015
vn 1.001504 0.344751 0.344751
vt 0.070810415 0.928496003
vn 0.410916 0.000000 1.035366
vt 0.069835231 0.929058015
v 19.047211 31.006013 -2.739647
vn 1.001504 0.000000 0.487552
vt 0.069896959 0.928496003
vn 1.001504 0.344751 0.344751
vt 0.070810415 0.928496003
v -18.645327 31.006013 -2.304643
vn -0.410916 0.000000 1.035366
vt 0.069835000 0.981202006
vn 0.410916 0.000000 1.035366
vt 0.069835231 0.929058015
vn -0.410916 0.732052 0.732052
vt 0.070871226 0.981202006
vn -0.410916 0.000000 1.035366
vt 0.069835000 0.981202006
vn -0.410916 0.732052 0.732052
vt 0.070871226 0.981202006
vn -1.001504 0.344751 0.344751
vt 0.070810415 0.981764019
vn -0.410916 0.000000 1.035366
vt 0.069835000 0.981202006
vn -1.001504 0.344751 0.344751
vt 0.070810415 0.981764019
v -19.047216 31.006013 -2.739647
vn -1.001504 0.000000 0.487552
vt 0.069896959 0.981764019
vn -0.410916 0.000000 1.035366
vt 0.069835000 0.981202006
v 18.645321 28.699087 -3.260203
vn 0.410916 -0.732052 0.732052
vt 0.068855688 0.929058015
vn 0.410916 0.000000 1.035366
vt 0.069835231 0.929058015
vn 0.410916 0.000000 1.035366
vt 0.069835231 0.929058015
vn 0.410916 -0.732052 0.732052
vt 0.068855688 0.929058015
vn 1.001504 0.000000 0.487552
vt 0.069773965 0.928496003
vn 0.410916 -0.732052 0.732052
vt 0.068855688 0.929058015
v 19.047211 29.006682 -3.567797
vn 1.001504 -0.344751 0.344751
vt 0.068919703 0.928496003
vn 1.001504 0.000000 0.487552
vt 0.069773965 0.928496003
vn -0.410916 0.000000 1.035366
vt 0.069835000 0.981202006
v -18.645327 28.699087 -3.260203
vn -0.410916 -0.732052 0.732052
vt 0.068855457 0.981202006
vn 0.410916 -0.732052 0.732052
vt 0.068855688 0.929058015
vn -0.410916 0.000000 1.035366
vt 0.069835000 0.981202006
vn -1.001504 0.000000 0.487552
vt 0.069773965 0.981764019
vn -0.410916 -0.732052 0.732052
vt 0.068855457 0.981202006
vn -0.410916 -0.732052 0.732052
vt 0.068855457 0.981202006
vn -1.001504 0.000000 0.487552
vt 0.069773965 0.981764019
v -19.047216 29.006682 -3.567797
vn -1.001504 -0.344751 0.344751
vt 0.068919472 0.981764019
vn 0.410916 -0.732052 0.732052
vt 0.068855688 0.929058015
vn -0.410916 -0.732052 0.732052
vt 0.068855457 0.981202006
v 18.645321 27.743530 -5.567126
vn 0.410916 -1.035366 0.000000
vt 0.067822911 0.929058015
vn 0.410916 -0.732052 0.732052
vt 0.068855688 0.929058015
vn 0.410916 -1.035366 0.000000
vt 0.067822911 0.929058015
vn 1.001504 -0.344751 0.344751
vt 0.068736829 0.928496003
vn 0.410916 -1.035366 0.000000
vt 0.067822911 0.929058015
v 19.047211 28.178534 -5.567126
vn 1.001504 -0.487552 0.000000
vt 0.067886464 0.928496003
vn 1.001504 -0.344751 0.344751
vt 0.068736829 0.928496003
vn 0.410916 -1.035366 0.000000
vt 0.067822911 0.929058015
v 19.047211 29.006682 -7.566454
vn 1.001504 -0.344751 -0.344751
vt 0.066912197 0.928496003
vn 1.001504 -0.487552 0.000000
vt 0.067765772 0.928496003
v 18.645321 28.699087 -7.874050
vn 0.410916 -0.732052 -0.732052
vt 0.066789672 0.929058015
vn 1.001504 -0.344751 -0.344751
vt 0.066912197 0.928496003
vn 0.410916 -1.035366 0.000000
vt 0.067822911 0.929058015
vn -0.410916 -0.732052 0.732052
vt 0.068855457 0.981202006
v -18.645327 27.743530 -5.567126
vn -0.410916 -1.035366 0.000000
vt 0.067825429 0.981202006
vn 0.410916 -1.035366 0.000000
vt 0.067822911 0.929058015
vn 0.410916 -0.732052 -0.732052
vt 0.066789672 0.929058015
vn 0.410916 -1.035366 0.000000
vt 0.067822911 0.929058015
vn -0.410916 -1.035366 0.000000
vt 0.067825429 0.981202006
vn -0.410916 -0.732052 0.732052
vt 0.068855457 0.981202006
vn -1.001504 -0.344751 0.344751
vt 0.068736829 0.981764019
vn -0.410916 -1.035366 0.000000
vt 0.067825429 0.981202006
vn -0.410916 -1.035366 0.000000
vt 0.067825429 0.981202006
vn -1.001504 -0.344751 0.344751
vt 0.068736829 0.981764019
vn -1.001504 -0.487552 0.000000
vt 0.067886241 0.981764019
vn 0.410916 -0.732052 -0.732052
vt 0.066789672 0.929058015
vn 1.001504 0.000000 -0.487552
vt 0.065868862 0.928496003
vn 1.001504 -0.344751 -0.344751
vt 0.066731162 0.928496003
vn 0.410916 -0.732052 -0.732052
vt 0.066789672 0.929058015
vn 0.410916 0.000000 -1.035366
vt 0.065808058 0.929058015
vn 1.001504 0.000000 -0.487552
vt 0.065868862 0.928496003
vn -0.410916 -1.035366 0.000000
vt 0.067825429 0.981202006
vn -1.001504 -0.487552 0.000000
vt 0.067765772 0.981764019
vn -1.001504 -0.344751 -0.344751
vt 0.066912197 0.981764019
v -18.645327 28.699087 -7.874050
vn -0.410916 -0.732052 -0.732052
vt 0.066790126 0.981202006
vn -0.410916 -1.035366 0.000000
vt 0.067825429 0.981202006
vn -1.001504 -0.344751 -0.344751
vt 0.066912197 0.981764019
vn -0.410916 -0.732052 -0.732052
vt 0.066790126 0.981202006
vn 0.410916 -0.732052 -0.732052
vt 0.066789672 0.929058015
vn -0.410916 -1.035366 0.000000
vt 0.067825429 0.981202006
vn -0.410916 -0.732052 -0.732052
vt 0.066790126 0.981202006
vn 0.410916 0.000000 -1.035366
vt 0.065808058 0.929058015
vn 0.410916 -0.732052 -0.732052
vt 0.066789672 0.929058015
vn -0.410916 -0.732052 -0.732052
vt 0.066790126 0.981202006
vn -0.410916 0.000000 -1.035366
vt 0.065807827 0.981202006
vn 0.410916 0.000000 -1.035366
vt 0.065808058 0.929058015
vn -0.410916 -0.732052 -0.732052
vt 0.066790126 0.981202006
vn -1.001504 0.000000 -0.487552
vt 0.065868638 0.981764019
vn -0.410916 0.000000 -1.035366
vt 0.065807827 0.981202006
vn -0.410916 -0.732052 -0.732052
vt 0.066790126 0.981202006
vn -1.001504 -0.344751 -0.344751
vt 0.066731162 0.981764019
vn -1.001504 0.000000 -0.487552
vt 0.065868638 0.981764019
vn -1.001504 -0.487552 0.000000
vt 0.149917036 0.709964991
vn -1.001504 0.344751 0.344751
vt 0.160954520 0.736680984
vn -1.001504 0.487552 0.000000
vt 0.149906933 0.741264999
vn -1.001504 -0.487552 0.000000
vt 0.149917036 0.709964991
vn -1.001504 0.000000 0.487552
vt 0.165532857 0.725615025
vn -1.001504 0.344751 0.344751
vt 0.160954520 0.736680984
vn -1.001504 -0.487552 0.000000
vt 0.149917036 0.709964991
vn -1.001504 -0.344751 0.344751
vt 0.160959572 0.714547992
vn -1.001504 0.000000 0.487552
vt 0.165532857 0.725615025
vn 1.001504 0.344751 -0.344751
vt 0.160954520 0.736796975
vn 1.001504 -0.344751 -0.344751
vt 0.160965085 0.714664996
vn 1.001504 0.000000 -0.487552
vt 0.165533543 0.725731015
vn 1.001504 0.344751 -0.344751
vt 0.160954520 0.736796975
vn 1.001504 -0.487552 0.000000
vt 0.149917483 0.710080981
vn 1.001504 -0.344751 -0.344751
vt 0.160965085 0.714664996
vn 1.001504 0.487552 0.000000
vt 0.149906933 0.741380990
vn 1.001504 -0.487552 0.000000
vt 0.149917483 0.710080981
vn 1.001504 0.344751 -0.344751
vt 0.160954520 0.736796975
vn 1.001504 0.487552 0.000000
vt 0.149906933 0.741380990
vn 1.001504 0.000000 0.487552
vt 0.165533081 0.725731015
vn 1.001504 -0.487552 0.000000
vt 0.149917483 0.710080981
vn 1.001504 0.487552 0.000000
vt 0.149906933 0.741380990
vn 1.001504 0.344751 0.344751
vt 0.160954759 0.736796975
vn 1.001504 0.000000 0.487552
vt 0.165533081 0.725731015
vn 1.001504 0.000000 0.487552
vt 0.165533081 0.725731015
vn 1.001504 -0.344751 0.344751
vt 0.160959810 0.714664996
vn 1.001504 -0.487552 0.000000
vt 0.149917483 0.710080981
s off
f 1563/7933/7933 1564/7934/7934 1565/7935/7935
f 1566/7936/7936 1567/7937/7937 1568/7938/7938
f 1569/7939/7939 1570/7940/7940 1571/7941/7941
f 1572/7942/7942 1573/7943/7943 1574/7944/7944
f 1563/7945/7945 1565/7946/7946 1575/7947/7947
f 1566/7948/7948 1568/7949/7949 1576/7950/7950
f 1569/7951/7951 1577/7952/7952 1570/7953/7953
f 1572/7954/7954 1578/7955/7955 1573/7956/7956
s 194
f 1579/7957/7957 1580/7958/7958 1581/7959/7959
f 1579/7960/7960 1581/7961/7961 1582/7962/7962
s 195
f 1568/7963/7963 1579/7964/7964 1582/7965/7965
f 1568/7966/7966 1582/7967/7967 1576/7968/7968
s 196
f 1565/7969/7969 1564/7970/7970 1581/7971/7971
f 1565/7972/7972 1581/7973/7973 1580/7974/7974
s 197
f 1566/7975/7975 1563/7976/7976 1575/7977/7977
f 1566/7978/7978 1575/7979/7979 1567/7980/7980
s 198
f 1582/7981/7981 1581/7982/7982 1564/7983/7983
f 1582/7984/7984 1564/7985/7985 1576/7986/7986
s 199
f 1565/7987/7987 1580/7988/7988 1579/7989/7989
f 1565/7990/7990 1579/7991/7991 1568/7992/7992
s 200
f 1563/7993/7993 1566/7994/7994 1576/7995/7995
f 1563/7996/7996 1576/7997/7997 1564/7998/7998
s 201
f 1567/7999/7999 1575/8000/8000 1565/8001/8001
f 1567/8002/8002 1565/8003/8003 1568/8004/8004
s 202
f 1583/8005/8005 1584/8006/8006 1585/8007/8007
f 1583/8008/8008 1586/8009/8009 1584/8010/8010
s 203
f 1573/8011/8011 1586/8012/8012 1583/8013/8013
f 1573/8014/8014 1578/8015/8015 1586/8016/8016
s 204
f 1570/8017/8017 1584/8018/8018 1571/8019/8019
f 1570/8020/8020 1585/8021/8021 1584/8022/8022
s 205
f 1572/8023/8023 1577/8024/8024 1569/8025/8025
f 1572/8026/8026 1574/8027/8027 1577/8028/8028
s 206
f 1586/8029/8029 1571/8030/8030 1584/8031/8031
f 1586/8032/8032 1578/8033/8033 1571/8034/8034
s 207
f 1570/8035/8035 1583/8036/8036 1585/8037/8037
f 1570/8038/8038 1573/8039/8039 1583/8040/8040
s 208
f 1569/8041/8041 1578/8042/8042 1572/8043/8043
f 1569/8044/8044 1571/8045/8045 1578/8046/8046
s 209
f 1573/8047/8047 1577/8048/8048 1574/8049/8049
f 1573/8050/8050 1570/8051/8051 1577/8052/8052
s 210
f 1587/8053/8053 1588/8054/8054 1589/8055/8055
f 1587/8056/8056 1589/8057/8057 1590/8058/8058
f 1589/8059/8059 1591/8060/8060 1590/8061/8061
f 1592/8062/8062 1593/8063/8063 1594/8064/8064
f 1592/8065/8065 1595/8066/8066 1593/8067/8067
f 1596/8068/8068 1595/8069/8069 1592/8070/8070
f 1596/8071/8071 1587/8072/8072 1590/8073/8073
f 1596/8074/8074 1590/8075/8075 1597/8076/8076
f 1596/8077/8077 1597/8078/8078 1595/8079/8079
f 1595/8080/8080 1598/8081/8081 1593/8082/8082
f 1599/8083/8083 1598/8084/8084 1595/8085/8085
f 1599/8086/8086 1595/8087/8087 1597/8088/8088
f 1597/8089/8089 1590/8090/8090 1591/8091/8091
f 1600/8092/8092 1597/8093/8093 1591/8094/8094
f 1600/8095/8095 1599/8096/8096 1597/8097/8097
f 1600/8098/8098 1591/8099/8099 1601/8100/8100
f 1600/8101/8101 1601/8102/8102 1602/8103/8103
f 1600/8104/8104 1603/8105/8105 1599/8106/8106
f 1600/8107/8107 1602/8108/8108 1603/8109/8109
f 1599/8110/8110 1603/8111/8111 1598/8112/8112
f 1603/8113/8113 1604/8114/8114 1598/8115/8115
f 1603/8116/8116 1602/8117/8117 1605/8118/8118
f 1603/8119/8119 1605/8120/8120 1604/8121/8121
f 1605/8122/8122 1606/8123/8123 1604/8124/8124
f 1607/8125/8125 1605/8126/8126 1602/8127/8127
f 1607/8128/8128 1602/8129/8129 1601/8130/8130
f 1607/8131/8131 1601/8132/8132 1608/8133/8133
f 1607/8134/8134 1609/8135/8135 1605/8136/8136
f 1605/8137/8137 1609/8138/8138 1606/8139/8139
f 1609/8140/8140 1610/8141/8141 1606/8142/8142
f 1607/8143/8143 1611/8144/8144 1609/8145/8145
f 1607/8146/8146 1608/8147/8147 1611/8148/8148
f 1611/8149/8149 1608/8150/8150 1612/8151/8151
f 1609/8152/8152 1611/8153/8153 1613/8154/8154
f 1609/8155/8155 1613/8156/8156 1610/8157/8157
f 1613/8158/8158 1614/8159/8159 1610/8160/8160
f 1613/8161/8161 1615/8162/8162 1614/8163/8163
f 1616/8164/8164 1615/8165/8165 1613/8166/8166
f 1611/8167/8167 1617/8168/8168 1613/8169/8169
f 1616/8170/8170 1613/8171/8171 1617/8172/8172
f 1611/8173/8173 1612/8174/8174 1617/8175/8175
f 1617/8176/8176 1612/8177/8177 1589/8178/8178
f 1616/8179/8179 1594/8180/8180 1615/8181/8181
f 1616/8182/8182 1592/8183/8183 1594/8184/8184
f 1617/8185/8185 1589/8186/8186 1588/8187/8187
f 1618/8188/8188 1617/8189/8189 1588/8190/8190
f 1618/8191/8191 1616/8192/8192 1617/8193/8193
f 1618/8194/8194 1592/8195/8195 1616/8196/8196
f 1618/8197/8197 1596/8198/8198 1592/8199/8199
f 1618/8200/8200 1587/8201/8201 1596/8202/8202
f 1618/8203/8203 1588/8204/8204 1587/8205/8205
f 1589/8206/8206 1601/8207/8207 1591/8208/8208
f 1589/8209/8209 1608/8210/8210 1601/8211/8211
f 1589/8212/8212 1612/8213/8213 1608/8214/8214
f 1593/8215/8215 1615/8216/8216 1594/8217/8217
f 1593/8218/8218 1614/8219/8219 1615/8220/8220
f 1598/8221/8221 1614/8222/8222 1593/8223/8223
f 1598/8224/8224 1606/8225/8225 1614/8226/8226
f 1598/8227/8227 1604/8228/8228 1606/8229/8229
f 1606/8230/8230 1610/8231/8231 1614/8232/8232
o rlauncher,ox=-24.30,oy=5.39,oz=-0.38,p=shoulder,
v -25.785203 24.304687 7.756483
vn 0.000000 0.000000 -1.113896
vt 0.063861363 0.667445004
v -26.971889 25.611618 7.756483
vn 0.000000 0.000000 -1.113896
vt 0.055623677 0.659179986
v -26.971889 28.584365 7.756483
vn 0.000000 0.000000 -1.113896
vt 0.036824849 0.659179986
v -21.623039 28.584365 7.756483
vn 0.000000 0.000000 -1.113896
vt 0.036811084 0.696434975
vn 0.000000 0.000000 -1.113896
vt 0.063861363 0.667445004
vn 0.000000 0.000000 -1.113896
vt 0.036824849 0.659179986
vn 0.000000 0.000000 -1.113896
vt 0.036811084 0.696434975
v -22.809729 24.304687 7.756483
vn 0.000000 0.000000 -1.113896
vt 0.063854247 0.688169003
vn 0.000000 0.000000 -1.113896
vt 0.063861363 0.667445004
vn 0.000000 0.000000 -1.113896
vt 0.036811084 0.696434975
v -21.623039 25.611618 7.756483
vn 0.000000 0.000000 -1.113896
vt 0.055611517 0.696434975
vn 0.000000 0.000000 -1.113896
vt 0.063854247 0.688169003
v -26.971889 28.584365 1.160654
vn -0.000000 0.000000 1.113896
vt 0.036941644 0.696691990
v -26.971889 25.611619 1.160654
vn -0.000000 0.000000 1.113896
vt 0.055749420 0.696691990
v -25.785203 24.304689 1.160654
vn -0.000000 0.000000 1.113896
vt 0.063988708 0.688426971
v -22.809729 24.304689 1.160654
vn -0.000000 0.000000 1.113896
vt 0.063983887 0.667702019
vn -0.000000 0.000000 1.113896
vt 0.036941644 0.696691990
vn -0.000000 0.000000 1.113896
vt 0.063988708 0.688426971
vn -0.000000 0.000000 1.113896
vt 0.063983887 0.667702019
v -21.623039 28.584365 1.160654
vn -0.000000 0.000000 1.113896
vt 0.036933612 0.659437001
vn -0.000000 0.000000 1.113896
vt 0.036941644 0.696691990
vn -0.000000 0.000000 1.113896
vt 0.063983887 0.667702019
v -21.623039 25.611619 1.160654
vn -0.000000 0.000000 1.113896
vt 0.055741388 0.659437001
vn -0.000000 0.000000 1.113896
vt 0.036933612 0.659437001
v -24.297466 39.664565 -7.951980
vn 0.000000 0.000000 -1.113896
vt 0.577332675 0.869723976
v -24.297466 35.624694 -7.951981
vn 0.000000 0.000000 -1.113896
vt 0.577332675 0.858641982
v -25.725779 35.624690 -7.360355
vn -0.787636 0.000000 -0.787636
vt 0.576783359 0.858641982
vn 0.000000 0.000000 -1.113896
vt 0.577332675 0.869723976
vn -0.787636 0.000000 -0.787636
vt 0.576783359 0.858641982
v -25.725779 39.664561 -7.360354
vn -0.787636 0.000000 -0.787636
vt 0.576783359 0.869723976
vn -0.787636 0.000000 -0.787636
vt 0.576783359 0.858641982
v -26.317403 35.624690 -5.932043
vn -1.113896 0.000000 0.000000
vt 0.576234043 0.858641982
vn -0.787636 0.000000 -0.787636
vt 0.576783359 0.869723976
vn -0.787636 0.000000 -0.787636
vt 0.576783359 0.869723976
vn -1.113896 0.000000 0.000000
vt 0.576234043 0.858641982
v -26.317403 39.664561 -5.932041
vn -1.113896 0.000000 0.000000
vt 0.576234043 0.869723976
vn -1.113896 0.000000 0.000000
vt 0.576234043 0.858641982
v -25.725779 35.624690 -4.503732
vn -0.787636 0.000000 0.787636
vt 0.575623691 0.858641982
vn -1.113896 0.000000 0.000000
vt 0.576234043 0.869723976
vn -1.113896 0.000000 0.000000
vt 0.576234043 0.869723976
vn -0.787636 0.000000 0.787636
vt 0.575623691 0.858641982
v -25.725779 39.664561 -4.503729
vn -0.787636 0.000000 0.787636
vt 0.575623691 0.869723976
vn -0.787636 0.000000 0.787636
vt 0.575623691 0.858641982
v -24.297466 35.624690 -3.912106
vn -0.000000 0.000000 1.113896
vt 0.575074375 0.858641982
vn -0.787636 0.000000 0.787636
vt 0.575623691 0.869723976
vn -0.787636 0.000000 0.787636
vt 0.575623691 0.869723976
vn -0.000000 0.000000 1.113896
vt 0.575074375 0.858641982
v -24.297466 39.664561 -3.912104
vn -0.000000 0.000000 1.113896
vt 0.575074375 0.869723976
vn -0.000000 0.000000 1.113896
vt 0.575074375 0.858641982
v -22.869155 35.624690 -4.503732
vn 0.787636 0.000000 0.787636
vt 0.574464023 0.858641982
vn -0.000000 0.000000 1.113896
vt 0.575074375 0.869723976
vn -0.000000 0.000000 1.113896
vt 0.575074375 0.869723976
vn 0.787636 0.000000 0.787636
vt 0.574464023 0.858641982
v -22.869155 39.664561 -4.503729
vn 0.787636 0.000000 0.787636
vt 0.574464023 0.869723976
vn 0.787636 0.000000 0.787636
vt 0.574464023 0.858641982
v -22.277529 35.624690 -5.932043
vn 1.113896 0.000000 0.000000
vt 0.573914707 0.858641982
vn 0.787636 0.000000 0.787636
vt 0.574464023 0.869723976
vn 0.787636 0.000000 0.787636
vt 0.574464023 0.869723976
vn 1.113896 0.000000 0.000000
vt 0.573914707 0.858641982
v -22.277529 39.664561 -5.932041
vn 1.113896 0.000000 0.000000
vt 0.573914707 0.869723976
vn 1.113896 0.000000 0.000000
vt 0.573914707 0.858641982
v -22.869155 35.624690 -7.360355
vn 0.787636 0.000000 -0.787636
vt 0.573304355 0.858641982
vn 1.113896 0.000000 0.000000
vt 0.573914707 0.869723976
vn 1.113896 0.000000 0.000000
vt 0.573914707 0.869723976
vn 0.787636 0.000000 -0.787636
vt 0.573304355 0.858641982
v -22.869155 39.664561 -7.360354
vn 0.787636 0.000000 -0.787636
vt 0.573304355 0.869723976
vn 0.787636 0.000000 -0.787636
vt 0.573304355 0.858641982
vn 0.000000 0.000000 -1.113896
vt 0.572755039 0.858641982
vn 0.787636 0.000000 -0.787636
vt 0.573304355 0.869723976
vn 0.787636 0.000000 -0.787636
vt 0.573304355 0.869723976
vn 0.000000 0.000000 -1.113896
vt 0.572755039 0.858641982
vn 0.000000 0.000000 -1.113896
vt 0.572755039 0.869723976
v -25.785203 24.304689 -2.292866
vn -0.000000 -0.624004 -0.922751
vt 0.006246237 0.870396972
v -21.623039 25.611619 -3.176717
vn -0.000000 -0.624004 -0.922751
vt 0.020283176 0.847329021
v -22.809729 24.304689 -2.292866
vn -0.000000 -0.624004 -0.922751
vt 0.006244631 0.853905976
vn -0.000000 -0.624004 -0.922751
vt 0.006246237 0.870396972
v -26.971889 25.611619 -3.176717
vn -0.000000 -0.624004 -0.922751
vt 0.020287765 0.876975000
vn -0.000000 -0.624004 -0.922751
vt 0.020283176 0.847329021
vn -0.000000 -0.624004 -0.922751
vt 0.020283176 0.847329021
vn -0.000000 -0.624004 -0.922751
vt 0.020287765 0.876975000
v -26.971889 28.584365 -5.187119
vn -0.000000 -0.624004 -0.922751
vt 0.052330535 0.876975000
vn -0.000000 -0.624004 -0.922751
vt 0.020283176 0.847329021
vn -0.000000 -0.624004 -0.922751
vt 0.052330535 0.876975000
v -21.623039 28.584365 -5.187119
vn -0.000000 -0.624004 -0.922751
vt 0.052324340 0.847329021
v -26.971889 25.611617 13.716372
vn -0.000000 0.000000 1.113896
vt 0.170628831 0.938421011
v -25.785203 24.304684 13.716372
vn -0.000000 0.000000 1.113896
vt 0.176916361 0.932115972
v -22.809729 24.304684 13.716372
vn -0.000000 0.000000 1.113896
vt 0.176917061 0.916307986
v -21.623039 25.611617 13.716372
vn -0.000000 0.000000 1.113896
vt 0.170629054 0.910003006
vn -0.000000 0.000000 1.113896
vt 0.170628831 0.938421011
vn -0.000000 0.000000 1.113896
vt 0.176917061 0.916307986
vn -0.000000 0.000000 1.113896
vt 0.170629054 0.910003006
v -21.623039 33.880526 13.716374
vn -0.000000 0.000000 1.113896
vt 0.130720094 0.910003006
vn -0.000000 0.000000 1.113896
vt 0.170628831 0.938421011
vn -0.000000 0.000000 1.113896
vt 0.170628831 0.938421011
vn -0.000000 0.000000 1.113896
vt 0.130720094 0.910003006
v -26.971889 33.880526 13.716374
vn -0.000000 0.000000 1.113896
vt 0.130721927 0.938421011
v -26.767737 36.670501 -13.057879
vn 0.000000 0.000000 -1.113896
vt 0.037858319 0.707488000
v -27.443372 34.906888 -13.057881
vn 0.000000 0.000000 -1.113896
vt 0.043479059 0.705542028
v -27.443372 36.109380 -13.057879
vn 0.000000 0.000000 -1.113896
vt 0.040176965 0.705542028
vn 0.000000 0.000000 -1.113896
vt 0.037858319 0.707488000
v -21.151559 34.906888 -13.057881
vn 0.000000 0.000000 -1.113896
vt 0.043480206 0.723667026
vn 0.000000 0.000000 -1.113896
vt 0.043479059 0.705542028
vn 0.000000 0.000000 -1.113896
vt 0.037858319 0.707488000
v -21.827195 36.670501 -13.057879
vn 0.000000 0.000000 -1.113896
vt 0.037859466 0.721719980
vn 0.000000 0.000000 -1.113896
vt 0.043480206 0.723667026
vn 0.000000 0.000000 -1.113896
vt 0.043480206 0.723667026
vn 0.000000 0.000000 -1.113896
vt 0.037859466 0.721719980
v -21.151559 36.109380 -13.057879
vn 0.000000 0.000000 -1.113896
vt 0.040178344 0.723667026
vn 0.000000 0.000000 -1.113896
vt 0.043479059 0.705542028
vn 0.000000 0.000000 -1.113896
vt 0.043480206 0.723667026
v -27.443372 31.328741 -13.057882
vn 0.000000 0.000000 -1.113896
vt 0.052820191 0.705542028
vn 0.000000 0.000000 -1.113896
vt 0.043480206 0.723667026
v -21.151559 31.328741 -13.057882
vn 0.000000 0.000000 -1.113896
vt 0.052821569 0.723667026
vn 0.000000 0.000000 -1.113896
vt 0.052820191 0.705542028
vn -0.000000 -1.113896 0.000000
vt 0.044331025 0.834574997
vn -0.000000 -1.113896 0.000000
vt 0.044330109 0.817425013
vn -0.000000 -1.113896 0.000000
vt 0.002159405 0.817425013
vn -0.000000 -1.113896 0.000000
vt 0.044331025 0.834574997
vn -0.000000 -1.113896 0.000000
vt 0.002159405 0.817425013
vn -0.000000 -1.113896 0.000000
vt 0.002158488 0.834574997
v -21.623039 35.431280 10.866267
vn -0.000000 0.978446 0.532331
vt 0.153012380 0.909785986
v -26.971889 35.431280 10.866267
vn -0.000000 0.978446 0.532331
vt 0.153012380 0.936621010
vn -0.000000 0.978446 0.532331
vt 0.171199247 0.936621010
vn -0.000000 0.978446 0.532331
vt 0.153012380 0.909785986
vn -0.000000 0.978446 0.532331
vt 0.171199247 0.936621010
vn -0.000000 0.978446 0.532331
vt 0.171199024 0.909785986
vn -0.000000 -1.113896 0.000000
vt 0.008982034 0.909128010
vn -0.000000 -1.113896 0.000000
vt 0.008992131 0.937229991
vn -0.000000 -1.113896 0.000000
vt 0.047260027 0.937229991
vn -0.000000 -1.113896 0.000000
vt 0.008982034 0.909128010
vn -0.000000 -1.113896 0.000000
vt 0.047260027 0.937229991
vn -0.000000 -1.113896 0.000000
vt 0.047249012 0.909128010
vn -1.113896 0.000000 0.000000
vt 0.061917182 0.950923026
v -26.971889 35.431287 1.160657
vn -1.113896 0.000000 0.000000
vt 0.061927740 0.997397006
v -26.971889 35.431287 -5.187115
vn -1.113896 0.000000 0.000000
vt 0.078004077 0.997397006
vn -1.113896 0.000000 0.000000
vt 0.061917182 0.950923026
vn -1.113896 0.000000 0.000000
vt 0.078004077 0.997397006
vn -1.113896 0.000000 0.000000
vt 0.078030691 0.950923026
vn -1.113896 0.000000 0.000000
vt 0.094651528 0.899347007
vn -1.113896 0.000000 0.000000
vt 0.081964016 0.876475990
vn -1.113896 0.000000 0.000000
vt 0.121681154 0.876475990
vn -1.113896 0.000000 0.000000
vt 0.094651528 0.899347007
vn -1.113896 0.000000 0.000000
vt 0.121681154 0.876475990
vn -1.113896 0.000000 0.000000
vt 0.121670604 0.899347007
vn -1.113896 0.000000 0.000000
vt 0.121853709 0.876547992
vn -1.113896 0.000000 0.000000
vt 0.087979421 0.876547992
vn -1.113896 0.000000 0.000000
vt 0.098729417 0.918932021
vn -1.113896 0.000000 0.000000
vt 0.121853709 0.876547992
vn -1.113896 0.000000 0.000000
vt 0.098729417 0.918932021
vn -1.113896 0.000000 0.000000
vt 0.121862888 0.918932021
vn -1.113896 0.000000 0.000000
vt 0.097031899 0.913653016
vn -1.113896 0.000000 0.000000
vt 0.097028002 0.926768005
vn -1.113896 0.000000 0.000000
vt 0.122236438 0.926768005
vn -1.113896 0.000000 0.000000
vt 0.097031899 0.913653016
vn -1.113896 0.000000 0.000000
vt 0.122236438 0.926768005
vn -1.113896 0.000000 0.000000
vt 0.122247219 0.890286982
vn -1.113896 0.000000 0.000000
vt 0.097031899 0.913653016
vn -1.113896 0.000000 0.000000
vt 0.122247219 0.890286982
vn -1.113896 0.000000 0.000000
vt 0.110223293 0.883445024
vn 1.113896 0.000000 0.000000
vt 0.094448231 0.899347007
vn 1.113896 0.000000 0.000000
vt 0.121468224 0.899347007
v -21.623039 35.431287 1.160657
vn 1.113896 0.000000 0.000000
vt 0.121483363 0.876475990
vn 1.113896 0.000000 0.000000
vt 0.094448231 0.899347007
vn 1.113896 0.000000 0.000000
vt 0.121483363 0.876475990
vn 1.113896 0.000000 0.000000
vt 0.081762098 0.876475990
vn 1.113896 0.000000 0.000000
vt 0.061913054 0.997397006
vn 1.113896 0.000000 0.000000
vt 0.061897907 0.950923026
vn 1.113896 0.000000 0.000000
vt 0.078071766 0.950923026
vn 1.113896 0.000000 0.000000
vt 0.061913054 0.997397006
vn 1.113896 0.000000 0.000000
vt 0.078071766 0.950923026
v -21.623039 35.431287 -5.187115
vn 1.113896 0.000000 0.000000
vt 0.078065112 0.997397006
vn 1.113896 0.000000 0.000000
vt 0.121834435 0.876547992
vn 1.113896 0.000000 0.000000
vt 0.121840626 0.918932021
vn 1.113896 0.000000 0.000000
vt 0.098645665 0.918932021
vn 1.113896 0.000000 0.000000
vt 0.121834435 0.876547992
vn 1.113896 0.000000 0.000000
vt 0.098645665 0.918932021
vn 1.113896 0.000000 0.000000
vt 0.087898426 0.876547992
vn 1.113896 0.000000 0.000000
vt 0.122107029 0.890286982
vn 1.113896 0.000000 0.000000
vt 0.096889637 0.913653016
vn 1.113896 0.000000 0.000000
vt 0.110082410 0.883445024
vn 1.113896 0.000000 0.000000
vt 0.122107029 0.890286982
vn 1.113896 0.000000 0.000000
vt 0.122101746 0.926768005
vn 1.113896 0.000000 0.000000
vt 0.096889637 0.913653016
vn 1.113896 0.000000 0.000000
vt 0.096889637 0.913653016
vn 1.113896 0.000000 0.000000
vt 0.122101746 0.926768005
vn 1.113896 0.000000 0.000000
vt 0.096886888 0.926768005
v -26.374794 35.431287 2.778699
vn 1.113896 0.000000 0.000000
vt 0.497519135 0.351797014
v -26.374794 35.431283 8.373470
vn 1.113896 0.000000 0.000000
vt 0.497522801 0.237139001
v -26.374794 35.027299 8.373470
vn 1.113896 0.000000 0.000000
vt 0.477122605 0.237139001
vn 1.113896 0.000000 0.000000
vt 0.497519135 0.351797014
vn 1.113896 0.000000 0.000000
vt 0.477122605 0.237139001
v -26.374794 35.027299 2.778699
vn 1.113896 0.000000 0.000000
vt 0.477126032 0.351797014
vn 0.000000 0.000000 -1.113896
vt 0.098532312 0.947057009
vn 0.000000 0.000000 -1.113896
vt 0.123170093 0.947057009
vn 0.000000 0.000000 -1.113896
vt 0.123170093 0.929235995
vn 0.000000 0.000000 -1.113896
vt 0.098532312 0.947057009
vn 0.000000 0.000000 -1.113896
vt 0.123170093 0.929235995
vn 0.000000 0.000000 -1.113896
vt 0.098526806 0.929235995
vn -0.000000 1.113896 0.000000
vt 0.183942750 0.998969018
vn -0.000000 1.113896 0.000000
vt 0.183938846 0.970193028
vn -0.000000 1.113896 0.000000
vt 0.151978686 0.970193028
vn -0.000000 1.113896 0.000000
vt 0.183942750 0.998969018
vn -0.000000 1.113896 0.000000
vt 0.151978686 0.970193028
vn -0.000000 1.113896 0.000000
vt 0.151978686 0.998969018
v -22.220139 35.431283 8.373470
vn -0.000000 1.113896 0.000000
vt 0.169059813 0.974312007
vn -0.000000 1.113896 0.000000
vt 0.183953762 0.971226990
vn -0.000000 1.113896 0.000000
vt 0.125955448 0.971226990
vn -0.000000 1.113896 0.000000
vt 0.169059813 0.974312007
vn -0.000000 1.113896 0.000000
vt 0.183955148 0.998862028
vn -0.000000 1.113896 0.000000
vt 0.183953762 0.971226990
vn -0.000000 1.113896 0.000000
vt 0.169059813 0.974312007
vn -0.000000 1.113896 0.000000
vt 0.169060960 0.995777011
vn -0.000000 1.113896 0.000000
vt 0.183955148 0.998862028
vn -0.000000 1.113896 0.000000
vt 0.169059813 0.974312007
vn -0.000000 1.113896 0.000000
vt 0.125955448 0.971226990
v -22.220139 35.431287 2.778699
vn -0.000000 1.113896 0.000000
vt 0.135604516 0.974312007
vn -0.000000 1.113896 0.000000
vt 0.135604516 0.974312007
vn -0.000000 1.113896 0.000000
vt 0.125955448 0.971226990
vn -0.000000 1.113896 0.000000
vt 0.125959352 0.998862028
vn -0.000000 1.113896 0.000000
vt 0.169060960 0.995777011
vn -0.000000 1.113896 0.000000
vt 0.125959352 0.998862028
vn -0.000000 1.113896 0.000000
vt 0.183955148 0.998862028
vn -0.000000 1.113896 0.000000
vt 0.169060960 0.995777011
vn -0.000000 1.113896 0.000000
vt 0.135607272 0.995777011
vn -0.000000 1.113896 0.000000
vt 0.125959352 0.998862028
vn -0.000000 1.113896 0.000000
vt 0.135604516 0.974312007
vn -0.000000 1.113896 0.000000
vt 0.125959352 0.998862028
vn -0.000000 1.113896 0.000000
vt 0.135607272 0.995777011
vn -0.000000 -1.113896 0.000000
vt 0.001661946 0.939971030
vn -0.000000 -1.113896 0.000000
vt 0.001662405 0.967302978
vn -0.000000 -1.113896 0.000000
vt 0.059644885 0.967302978
vn -0.000000 -1.113896 0.000000
vt 0.001661946 0.939971030
vn -0.000000 -1.113896 0.000000
vt 0.059644885 0.967302978
vn -0.000000 -1.113896 0.000000
vt 0.059644885 0.939971030
vn 0.824617 -0.748761 0.000000
vt 0.002159864 0.817425013
vn 0.824617 -0.748761 0.000000
vt 0.044328503 0.817425013
vn 0.824617 -0.748761 0.000000
vt 0.044328962 0.807753026
vn 0.824617 -0.748761 0.000000
vt 0.002159864 0.817425013
vn 0.824617 -0.748761 0.000000
vt 0.044328962 0.807753026
vn 0.824617 -0.748761 0.000000
vt 0.002160323 0.807753026
vn -0.824617 -0.748761 0.000000
vt 0.044341583 0.834574997
vn -0.824617 -0.748761 0.000000
vt 0.002167207 0.834574997
vn -0.824617 -0.748761 0.000000
vt 0.002170649 0.844247997
vn -0.824617 -0.748761 0.000000
vt 0.044341583 0.834574997
vn -0.824617 -0.748761 0.000000
vt 0.002170649 0.844247997
vn -0.824617 -0.748761 0.000000
vt 0.044345252 0.844247997
vn -0.824617 -0.748761 0.000000
vt 0.123316944 0.942638993
vn -0.824617 -0.748761 0.000000
vt 0.123317629 0.930231988
vn -0.824617 -0.748761 0.000000
vt 0.099151611 0.930231988
vn -0.824617 -0.748761 0.000000
vt 0.123316944 0.942638993
vn -0.824617 -0.748761 0.000000
vt 0.099151611 0.930231988
vn -0.824617 -0.748761 0.000000
vt 0.099151380 0.945814013
vn 0.824617 -0.748761 0.000000
vt 0.099133253 0.930258989
vn 0.824617 -0.748761 0.000000
vt 0.123302720 0.930258989
vn 0.824617 -0.748761 0.000000
vt 0.123302490 0.942664981
vn 0.824617 -0.748761 0.000000
vt 0.099133253 0.930258989
vn 0.824617 -0.748761 0.000000
vt 0.123302490 0.942664981
vn 0.824617 -0.748761 0.000000
vt 0.099132568 0.945840001
vn -0.000000 1.113896 0.000000
vt 0.110729247 0.629701018
v -22.220139 35.027299 8.373470
vn -0.000000 1.113896 0.000000
vt 0.110731080 0.648033023
v -22.220139 35.027299 2.778699
vn -0.000000 1.113896 0.000000
vt 0.144302711 0.648033023
vn -0.000000 1.113896 0.000000
vt 0.110729247 0.629701018
vn -0.000000 1.113896 0.000000
vt 0.144302711 0.648033023
vn -0.000000 1.113896 0.000000
vt 0.144302249 0.629701018
vn -0.000000 0.000000 1.113896
vt 0.498198539 0.474583000
vn -0.000000 0.000000 1.113896
vt 0.498198777 0.279646009
vn -0.000000 0.000000 1.113896
vt 0.480971247 0.279646009
vn -0.000000 0.000000 1.113896
vt 0.498198539 0.474583000
vn -0.000000 0.000000 1.113896
vt 0.480971247 0.279646009
vn -0.000000 0.000000 1.113896
vt 0.480971724 0.474583000
vn -1.113896 0.000000 0.000000
vt 0.497464746 0.435781002
vn -1.113896 0.000000 0.000000
vt 0.497460604 0.321123004
vn -1.113896 0.000000 0.000000
vt 0.477065235 0.321123004
vn -1.113896 0.000000 0.000000
vt 0.497464746 0.435781002
vn -1.113896 0.000000 0.000000
vt 0.477065235 0.321123004
vn -1.113896 0.000000 0.000000
vt 0.477063388 0.435781002
vn 0.000000 0.000000 -1.113896
vt 0.498620510 0.474155992
vn 0.000000 0.000000 -1.113896
vt 0.498619139 0.279219002
vn 0.000000 0.000000 -1.113896
vt 0.481396675 0.279219002
vn 0.000000 0.000000 -1.113896
vt 0.498620510 0.474155992
vn 0.000000 0.000000 -1.113896
vt 0.481396675 0.279219002
vn 0.000000 0.000000 -1.113896
vt 0.481394827 0.474155992
v -21.531071 37.644635 -14.113407
vn -0.000000 1.113896 0.000000
vt 0.602464736 0.456560999
v -27.063858 37.644635 -14.113407
vn -0.000000 1.113896 0.000000
vt 0.602468848 0.447735012
v -27.063858 37.644627 -0.797787
vn -0.000000 1.113896 0.000000
vt 0.572613478 0.447735012
vn -0.000000 1.113896 0.000000
vt 0.602464736 0.456560999
vn -0.000000 1.113896 0.000000
vt 0.572613478 0.447735012
v -21.531071 37.644627 -0.797787
vn -0.000000 1.113896 0.000000
vt 0.572606146 0.456560999
v -28.327877 29.109336 -11.550596
vn -0.000000 -1.113896 0.000000
vt 0.538422525 0.472553015
v -20.267050 29.109336 -11.550596
vn -0.000000 -1.113896 0.000000
vt 0.560144186 0.472553015
v -20.267050 29.109328 5.758128
vn -0.000000 -1.113896 0.000000
vt 0.560130656 0.425884008
vn -0.000000 -1.113896 0.000000
vt 0.538422525 0.472553015
vn -0.000000 -1.113896 0.000000
vt 0.560130656 0.425884008
v -28.327877 29.109328 5.758128
vn -0.000000 -1.113896 0.000000
vt 0.538414955 0.425884008
v -28.327877 34.906882 0.010187
vn -0.000000 0.945586 0.588694
vt 0.564799845 0.461984009
v -28.327877 31.328735 5.758129
vn -0.000000 0.945586 0.588694
vt 0.582189560 0.461984009
v -20.267050 31.328735 5.758129
vn -0.000000 0.945586 0.588694
vt 0.582183361 0.440746009
vn -0.000000 0.945586 0.588694
vt 0.564799845 0.461984009
vn -0.000000 0.945586 0.588694
vt 0.582183361 0.440746009
v -20.267050 34.906882 0.010187
vn -0.000000 0.945586 0.588694
vt 0.564791083 0.440746009
v -21.151559 29.711464 -12.245898
vn -1.113896 0.000000 0.000000
vt 0.481836319 0.271827996
v -21.151559 29.711464 -11.190365
vn -1.113896 0.000000 0.000000
vt 0.472785652 0.271721005
vn -1.113896 0.000000 0.000000
vt 0.488674313 0.284505993
vn -1.113896 0.000000 0.000000
vt 0.481836319 0.271827996
vn -1.113896 0.000000 0.000000
vt 0.488674313 0.284505993
v -21.151559 31.328741 -14.113408
vn -1.113896 0.000000 0.000000
vt 0.497711629 0.284612000
v -21.151559 34.906888 -14.113408
vn -1.113896 0.000000 0.000000
vt 0.497404873 0.322939008
vn -1.113896 0.000000 0.000000
vt 0.497711629 0.295071006
vn -1.113896 0.000000 0.000000
vt 0.488674313 0.294963986
vn -1.113896 0.000000 0.000000
vt 0.497404873 0.322939008
vn -1.113896 0.000000 0.000000
vt 0.488674313 0.294963986
vn -1.113896 0.000000 0.000000
vt 0.488303035 0.322831988
v -21.151559 36.109380 -14.113407
vn -1.113896 0.000000 0.000000
vt 0.497282565 0.332305014
vn -1.113896 0.000000 0.000000
vt 0.497404873 0.322939008
vn -1.113896 0.000000 0.000000
vt 0.488303035 0.322831988
vn -1.113896 0.000000 0.000000
vt 0.497282565 0.332305014
vn -1.113896 0.000000 0.000000
vt 0.488303035 0.322831988
vn -1.113896 0.000000 0.000000
vt 0.488236517 0.332197994
vn -0.000000 0.000000 1.113896
vt 0.582185924 0.461984009
vn -0.000000 0.000000 1.113896
vt 0.587494373 0.461984009
vn -0.000000 0.000000 1.113896
vt 0.587487221 0.440746009
vn -0.000000 0.000000 1.113896
vt 0.582185924 0.461984009
vn -0.000000 0.000000 1.113896
vt 0.587487221 0.440746009
vn -0.000000 0.000000 1.113896
vt 0.582179010 0.440746009
vn 0.711668 0.856920 0.000000
vt 0.572599947 0.456560999
v -20.267050 36.594854 0.010187
vn 0.711668 0.856920 0.000000
vt 0.572602034 0.459087014
v -20.267050 36.594862 -14.113407
vn 0.711668 0.856920 0.000000
vt 0.602455080 0.459087014
vn 0.711668 0.856920 0.000000
vt 0.572599947 0.456560999
vn 0.711668 0.856920 0.000000
vt 0.602455080 0.459087014
vn 0.711668 0.856920 0.000000
vt 0.602458537 0.456560999
vn -0.711668 0.856920 0.000000
vt 0.572619438 0.447735012
vn -0.711668 0.856920 0.000000
vt 0.602473676 0.447735012
v -28.327877 36.594862 -14.113407
vn -0.711668 0.856920 0.000000
vt 0.602473676 0.445210010
vn -0.711668 0.856920 0.000000
vt 0.572619438 0.447735012
vn -0.711668 0.856920 0.000000
vt 0.602473676 0.445210010
v -28.327877 36.594854 0.010187
vn -0.711668 0.856920 0.000000
vt 0.572623551 0.445210010
vn -0.000000 0.679365 0.882763
vt 0.558277547 0.458653003
vn -0.000000 0.679365 0.882763
vt 0.560781121 0.461984009
vn -0.000000 0.679365 0.882763
vt 0.560775161 0.440746009
vn -0.000000 0.679365 0.882763
vt 0.558277547 0.458653003
vn -0.000000 0.679365 0.882763
vt 0.560775161 0.440746009
vn -0.000000 0.679365 0.882763
vt 0.558271825 0.444076002
vn -0.000000 -0.841994 -0.729156
vt 0.052816749 0.723667026
vn -0.000000 -0.841994 -0.729156
vt 0.059699267 0.723667026
v -27.443372 29.711464 -11.190365
vn -0.000000 -0.841994 -0.729156
vt 0.059699267 0.705542028
vn -0.000000 -0.841994 -0.729156
vt 0.052816749 0.723667026
vn -0.000000 -0.841994 -0.729156
vt 0.059699267 0.705542028
vn -0.000000 -0.841994 -0.729156
vt 0.052813537 0.705542028
vn -0.000000 1.113896 0.000000
vt 0.498551458 0.357313991
v -27.443372 29.711464 -12.245898
vn -0.000000 1.113896 0.000000
vt 0.498551667 0.230505005
vn -0.000000 1.113896 0.000000
vt 0.477301806 0.230505005
vn -0.000000 1.113896 0.000000
vt 0.498551458 0.357313991
vn -0.000000 1.113896 0.000000
vt 0.477301806 0.230505005
vn -0.000000 1.113896 0.000000
vt 0.477301568 0.357313991
v -26.767737 36.670501 -14.113407
vn -0.000000 -1.113896 0.000000
vt 0.498255670 0.330078989
v -21.827195 36.670501 -14.113407
vn -0.000000 -1.113896 0.000000
vt 0.498254776 0.230505005
vn -0.000000 -1.113896 0.000000
vt 0.477006495 0.230505005
vn -0.000000 -1.113896 0.000000
vt 0.498255670 0.330078989
vn -0.000000 -1.113896 0.000000
vt 0.477006495 0.230505005
vn -0.000000 -1.113896 0.000000
vt 0.477005363 0.330078989
vn -0.711668 -0.856920 0.000000
vt 0.498134524 0.324182987
vn -0.711668 -0.856920 0.000000
vt 0.498195797 0.316924989
vn -0.711668 -0.856920 0.000000
vt 0.489152491 0.316817999
vn -0.711668 -0.856920 0.000000
vt 0.498134524 0.324182987
vn -0.711668 -0.856920 0.000000
vt 0.489152491 0.316817999
vn -0.711668 -0.856920 0.000000
vt 0.489030868 0.324077010
v -27.443372 36.109380 -14.113407
vn 0.711668 -0.856920 0.000000
vt 0.497278661 0.321866006
vn 0.711668 -0.856920 0.000000
vt 0.497156590 0.329124004
vn 0.711668 -0.856920 0.000000
vt 0.488114208 0.329017997
vn 0.711668 -0.856920 0.000000
vt 0.497278661 0.321866006
vn 0.711668 -0.856920 0.000000
vt 0.488114208 0.329017997
vn 0.711668 -0.856920 0.000000
vt 0.488174319 0.321758986
v -27.918304 31.929246 -9.979059
vn 1.113896 0.000000 0.000000
vt 0.625001132 0.000000000
v -27.918304 34.339377 -9.979058
vn 1.113896 0.000000 0.000000
vt 0.375001132 0.000000000
v -27.918304 34.339374 -1.575260
vn 1.113896 0.000000 0.000000
vt 0.375001132 0.250000000
vn 1.113896 0.000000 0.000000
vt 0.625001132 0.000000000
vn 1.113896 0.000000 0.000000
vt 0.375001132 0.250000000
v -27.918304 31.929239 -1.575261
vn 1.113896 0.000000 0.000000
vt 0.625001132 0.250000000
vn -0.000000 0.000000 1.113896
vt 0.499940097 0.257064015
vn -0.000000 0.000000 1.113896
vt 0.440980136 0.257064015
v -33.115811 33.911420 -1.575261
vn -0.000000 0.000000 1.113896
vt 0.441022843 0.360284001
vn -0.000000 0.000000 1.113896
vt 0.499940097 0.257064015
vn -0.000000 0.000000 1.113896
vt 0.441022843 0.360284001
v -33.115811 32.357193 -1.575261
vn -0.000000 0.000000 1.113896
vt 0.499980956 0.360284001
vn -1.113896 0.000000 0.000000
vt 0.499998152 0.371906012
vn -1.113896 0.000000 0.000000
vt 0.441038191 0.371906012
v -33.115811 33.911420 -5.753759
vn -1.113896 0.000000 0.000000
vt 0.441038191 0.454609007
vn -1.113896 0.000000 0.000000
vt 0.499998152 0.371906012
vn -1.113896 0.000000 0.000000
vt 0.441038191 0.454609007
v -33.115811 32.357193 -5.753760
vn -1.113896 0.000000 0.000000
vt 0.499998152 0.454609007
vn -0.702646 0.000000 -0.864272
vt 0.499993354 0.372936994
vn -0.702646 0.000000 -0.864272
vt 0.441033602 0.372936994
vn -0.702646 0.000000 -0.864272
vt 0.440980136 0.475724995
vn -0.702646 0.000000 -0.864272
vt 0.499993354 0.372936994
vn -0.702646 0.000000 -0.864272
vt 0.440980136 0.475724995
vn -0.702646 0.000000 -0.864272
vt 0.499940097 0.475724995
vn -0.091451 1.110109 0.000000
vt 0.495362461 0.426598012
vn -0.091451 1.110109 0.000000
vt 0.495362461 0.341500998
vn -0.091451 1.110109 0.000000
vt 0.442614555 0.384287000
vn -0.091451 1.110109 0.000000
vt 0.495362461 0.426598012
vn -0.091451 1.110109 0.000000
vt 0.442614555 0.384287000
vn -0.091451 1.110109 0.000000
vt 0.442617089 0.426598012
vn -0.091451 -1.110109 0.000000
vt 0.494996250 0.426616013
vn -0.091451 -1.110109 0.000000
vt 0.442174017 0.426616013
vn -0.091451 -1.110109 0.000000
vt 0.442174911 0.384303987
vn -0.091451 -1.110109 0.000000
vt 0.494996250 0.426616013
vn -0.091451 -1.110109 0.000000
vt 0.442174911 0.384303987
vn -0.091451 -1.110109 0.000000
vt 0.494996250 0.341518015
vn -0.000000 0.000000 1.113896
vt 0.560774505 0.461984009
vn -0.000000 0.000000 1.113896
vt 0.564798474 0.461984009
vn -0.000000 0.000000 1.113896
vt 0.564788818 0.440746009
vn -0.000000 0.000000 1.113896
vt 0.560774505 0.461984009
vn -0.000000 0.000000 1.113896
vt 0.564788818 0.440746009
vn -0.000000 0.000000 1.113896
vt 0.560766935 0.440746009
vn 1.113896 0.000000 0.000000
vt 0.560450494 0.466713995
vn 1.113896 0.000000 0.000000
vt 0.560447752 0.469929010
vn 1.113896 0.000000 0.000000
vt 0.597005486 0.469929010
vn 1.113896 0.000000 0.000000
vt 0.560450494 0.466713995
vn 1.113896 0.000000 0.000000
vt 0.597005486 0.469929010
v -20.267050 31.328741 -14.113408
vn 1.113896 0.000000 0.000000
vt 0.602443159 0.466713995
vn 1.113896 0.000000 0.000000
vt 0.572592139 0.461531997
vn 1.113896 0.000000 0.000000
vt 0.560450494 0.466713995
vn 1.113896 0.000000 0.000000
vt 0.602443159 0.466713995
vn 1.113896 0.000000 0.000000
vt 0.572592139 0.461531997
vn 1.113896 0.000000 0.000000
vt 0.602443159 0.466713995
v -20.267050 34.906888 -14.113408
vn 1.113896 0.000000 0.000000
vt 0.602445662 0.461531997
vn 1.113896 0.000000 0.000000
vt 0.572593749 0.459087014
vn 1.113896 0.000000 0.000000
vt 0.572592139 0.461531997
vn 1.113896 0.000000 0.000000
vt 0.602445662 0.461531997
vn 1.113896 0.000000 0.000000
vt 0.572593749 0.459087014
vn 1.113896 0.000000 0.000000
vt 0.602445662 0.461531997
vn 1.113896 0.000000 0.000000
vt 0.602447271 0.459087014
vn -1.113896 0.000000 0.000000
vt 0.560477793 0.437581986
vn -1.113896 0.000000 0.000000
vt 0.597034454 0.434368014
vn -1.113896 0.000000 0.000000
vt 0.560475767 0.434368014
v -28.327877 31.328741 -14.113408
vn -1.113896 0.000000 0.000000
vt 0.602470458 0.437581986
vn -1.113896 0.000000 0.000000
vt 0.597034454 0.434368014
vn -1.113896 0.000000 0.000000
vt 0.560477793 0.437581986
vn -1.113896 0.000000 0.000000
vt 0.572619200 0.442764997
vn -1.113896 0.000000 0.000000
vt 0.602470458 0.437581986
vn -1.113896 0.000000 0.000000
vt 0.560477793 0.437581986
v -28.327877 34.906888 -14.113408
vn -1.113896 0.000000 0.000000
vt 0.602471828 0.442764997
vn -1.113896 0.000000 0.000000
vt 0.602470458 0.437581986
vn -1.113896 0.000000 0.000000
vt 0.572619200 0.442764997
vn -1.113896 0.000000 0.000000
vt 0.602472305 0.445210010
vn -1.113896 0.000000 0.000000
vt 0.602471828 0.442764997
vn -1.113896 0.000000 0.000000
vt 0.572619200 0.442764997
vn -1.113896 0.000000 0.000000
vt 0.602472305 0.445210010
vn -1.113896 0.000000 0.000000
vt 0.572619200 0.442764997
vn -1.113896 0.000000 0.000000
vt 0.572620809 0.445210010
vn -0.000000 -0.841994 -0.729156
vt 0.586523056 0.450325012
vn -0.000000 -0.841994 -0.729156
vt 0.591836095 0.450325012
vn -0.000000 -0.841994 -0.729156
vt 0.591835856 0.447095990
vn -0.000000 -0.841994 -0.729156
vt 0.586523056 0.450325012
vn -0.000000 -0.841994 -0.729156
vt 0.591835856 0.447095990
vn -0.000000 -0.841994 -0.729156
vt 0.584506869 0.447095990
vn -0.000000 -0.841994 -0.729156
vt 0.586523056 0.450325012
vn -0.000000 -0.841994 -0.729156
vt 0.584506869 0.447095990
vn -0.000000 -0.841994 -0.729156
vt 0.586526752 0.473297000
vn -0.000000 -0.841994 -0.729156
vt 0.586526752 0.473297000
vn -0.000000 -0.841994 -0.729156
vt 0.584506869 0.447095990
vn -0.000000 -0.841994 -0.729156
vt 0.584512115 0.476525992
vn -0.000000 -0.841994 -0.729156
vt 0.586526752 0.473297000
vn -0.000000 -0.841994 -0.729156
vt 0.584512115 0.476525992
vn -0.000000 -0.841994 -0.729156
vt 0.591840684 0.476525992
vn -0.000000 -0.841994 -0.729156
vt 0.586526752 0.473297000
vn -0.000000 -0.841994 -0.729156
vt 0.591840684 0.476525992
v -27.443372 31.328741 -14.113408
vn -0.000000 -0.841994 -0.729156
vt 0.591840029 0.473297000
v -27.443372 34.906888 -14.113408
vn 0.000000 0.000000 -1.113896
vt 0.599237859 0.473297000
vn 0.000000 0.000000 -1.113896
vt 0.591851234 0.473297000
vn 0.000000 0.000000 -1.113896
vt 0.591851473 0.476525992
vn 0.000000 0.000000 -1.113896
vt 0.599237859 0.473297000
vn 0.000000 0.000000 -1.113896
vt 0.591851473 0.476525992
vn 0.000000 0.000000 -1.113896
vt 0.599237859 0.476525992
vn 0.000000 0.000000 -1.113896
vt 0.599237859 0.473297000
vn 0.000000 0.000000 -1.113896
vt 0.599237859 0.476525992
vn 0.000000 0.000000 -1.113896
vt 0.605341613 0.473297000
vn 0.000000 0.000000 -1.113896
vt 0.605341613 0.473297000
vn 0.000000 0.000000 -1.113896
vt 0.599237859 0.476525992
vn 0.000000 0.000000 -1.113896
vt 0.607294977 0.476525992
vn 0.000000 0.000000 -1.113896
vt 0.605341613 0.473297000
vn 0.000000 0.000000 -1.113896
vt 0.607294977 0.476525992
vn 0.000000 0.000000 -1.113896
vt 0.613947809 0.471911013
vn 0.000000 0.000000 -1.113896
vt 0.605341613 0.473297000
vn 0.000000 0.000000 -1.113896
vt 0.613947809 0.471911013
vn 0.000000 0.000000 -1.113896
vt 0.608515441 0.470829993
vn 0.000000 0.000000 -1.113896
vt 0.608514309 0.452791989
vn 0.000000 0.000000 -1.113896
vt 0.608515441 0.470829993
vn 0.000000 0.000000 -1.113896
vt 0.613947809 0.471911013
vn 0.000000 0.000000 -1.113896
vt 0.608514309 0.452791989
vn 0.000000 0.000000 -1.113896
vt 0.613947809 0.471911013
vn 0.000000 0.000000 -1.113896
vt 0.613946915 0.451710999
vn 0.000000 0.000000 -1.113896
vt 0.605340242 0.450325012
vn 0.000000 0.000000 -1.113896
vt 0.608514309 0.452791989
vn 0.000000 0.000000 -1.113896
vt 0.613946915 0.451710999
vn 0.000000 0.000000 -1.113896
vt 0.605340242 0.450325012
vn 0.000000 0.000000 -1.113896
vt 0.613946915 0.451710999
vn 0.000000 0.000000 -1.113896
vt 0.607293367 0.447095990
vn 0.000000 0.000000 -1.113896
vt 0.599236071 0.447095990
vn 0.000000 0.000000 -1.113896
vt 0.605340242 0.450325012
vn 0.000000 0.000000 -1.113896
vt 0.607293367 0.447095990
vn 0.000000 0.000000 -1.113896
vt 0.599236310 0.450325012
vn 0.000000 0.000000 -1.113896
vt 0.605340242 0.450325012
vn 0.000000 0.000000 -1.113896
vt 0.599236071 0.447095990
vn 0.000000 0.000000 -1.113896
vt 0.591849446 0.450325012
vn 0.000000 0.000000 -1.113896
vt 0.599236310 0.450325012
vn 0.000000 0.000000 -1.113896
vt 0.599236071 0.447095990
vn 0.000000 0.000000 -1.113896
vt 0.591849446 0.450325012
vn 0.000000 0.000000 -1.113896
vt 0.599236071 0.447095990
vn 0.000000 0.000000 -1.113896
vt 0.591849208 0.447095990
vn 1.113896 0.000000 0.000000
vt 0.497401655 0.312500000
vn 1.113896 0.000000 0.000000
vt 0.497279793 0.321866006
vn 1.113896 0.000000 0.000000
vt 0.488174081 0.321758986
vn 1.113896 0.000000 0.000000
vt 0.497401655 0.312500000
vn 1.113896 0.000000 0.000000
vt 0.488174081 0.321758986
vn 1.113896 0.000000 0.000000
vt 0.488301665 0.312393993
vn 1.113896 0.000000 0.000000
vt 0.497706354 0.284631997
vn 1.113896 0.000000 0.000000
vt 0.497401655 0.312500000
vn 1.113896 0.000000 0.000000
vt 0.488301665 0.312393993
vn 1.113896 0.000000 0.000000
vt 0.497706354 0.284631997
vn 1.113896 0.000000 0.000000
vt 0.488301665 0.312393993
vn 1.113896 0.000000 0.000000
vt 0.488670647 0.284525990
vn 1.113896 0.000000 0.000000
vt 0.497706354 0.284631997
vn 1.113896 0.000000 0.000000
vt 0.488670647 0.284525990
vn 1.113896 0.000000 0.000000
vt 0.481831491 0.271847993
vn 1.113896 0.000000 0.000000
vt 0.481831491 0.271847993
vn 1.113896 0.000000 0.000000
vt 0.488670647 0.284525990
vn 1.113896 0.000000 0.000000
vt 0.472785443 0.271741003
s 256
f 1693/8683/8683 1695/8684/8684 1715/8685/8685
f 1693/8686/8686 1715/8687/8687 1686/8688/8688
f 1693/8689/8689 1686/8690/8690 1703/8691/8691
f 1703/8692/8692 1686/8693/8693 1685/8694/8694
f 1703/8695/8695 1685/8696/8696 1717/8697/8697
f 1703/8698/8698 1717/8699/8699 1719/8700/8700
s 257
f 1720/8701/8701 1719/8702/8702 1717/8703/8703
f 1720/8704/8704 1717/8705/8705 1718/8706/8706
f 1720/8707/8707 1718/8708/8708 1706/8709/8709
f 1706/8710/8710 1718/8711/8711 1700/8712/8712
f 1706/8713/8713 1700/8714/8714 1682/8715/8715
f 1706/8716/8716 1682/8717/8717 1704/8718/8718
f 1705/8719/8719 1704/8720/8720 1682/8721/8721
f 1705/8722/8722 1682/8723/8723 1681/8724/8724
f 1697/8725/8725 1705/8726/8726 1681/8727/8727
f 1697/8728/8728 1681/8729/8729 1699/8730/8730
f 1716/8731/8731 1697/8732/8732 1699/8733/8733
f 1696/8734/8734 1697/8735/8735 1716/8736/8736
f 1695/8737/8737 1696/8738/8738 1716/8739/8739
f 1695/8740/8740 1716/8741/8741 1715/8742/8742
s 258
f 1720/8743/8743 1706/8744/8744 1661/8745/8745
f 1720/8746/8746 1661/8747/8747 1660/8748/8748
f 1719/8749/8749 1720/8750/8750 1660/8751/8751
f 1719/8752/8752 1660/8753/8753 1665/8754/8754
f 1719/8755/8755 1665/8756/8756 1703/8757/8757
f 1703/8758/8758 1665/8759/8759 1702/8760/8760
s 211
f 1619/8233/8233 1620/8234/8234 1621/8235/8235
f 1622/8236/8236 1619/8237/8237 1621/8238/8238
f 1622/8239/8239 1623/8240/8240 1619/8241/8241
f 1622/8242/8242 1624/8243/8243 1623/8244/8244
s 212
f 1625/8245/8245 1626/8246/8246 1627/8247/8247
f 1628/8248/8248 1625/8249/8249 1627/8250/8250
f 1628/8251/8251 1629/8252/8252 1625/8253/8253
f 1628/8254/8254 1630/8255/8255 1629/8256/8256
s 213
f 1631/8257/8257 1632/8258/8258 1633/8259/8259
f 1631/8260/8260 1633/8261/8261 1634/8262/8262
f 1633/8263/8263 1635/8264/8264 1634/8265/8265
f 1634/8266/8266 1635/8267/8267 1636/8268/8268
f 1635/8269/8269 1637/8270/8270 1636/8271/8271
f 1636/8272/8272 1637/8273/8273 1638/8274/8274
f 1637/8275/8275 1639/8276/8276 1638/8277/8277
f 1638/8278/8278 1639/8279/8279 1640/8280/8280
f 1639/8281/8281 1641/8282/8282 1640/8283/8283
f 1640/8284/8284 1641/8285/8285 1642/8286/8286
f 1641/8287/8287 1643/8288/8288 1642/8289/8289
f 1642/8290/8290 1643/8291/8291 1644/8292/8292
f 1643/8293/8293 1645/8294/8294 1644/8295/8295
f 1644/8296/8296 1645/8297/8297 1646/8298/8298
f 1645/8299/8299 1632/8300/8300 1646/8301/8301
f 1646/8302/8302 1632/8303/8303 1631/8304/8304
s 214
f 1647/8305/8305 1648/8306/8306 1649/8307/8307
f 1647/8308/8308 1650/8309/8309 1648/8310/8310
f 1648/8311/8311 1650/8312/8312 1651/8313/8313
f 1648/8314/8314 1651/8315/8315 1652/8316/8316
s 215
f 1653/8317/8317 1654/8318/8318 1655/8319/8319
f 1656/8320/8320 1653/8321/8321 1655/8322/8322
f 1656/8323/8323 1657/8324/8324 1653/8325/8325
f 1653/8326/8326 1657/8327/8327 1658/8328/8328
s 216
f 1659/8329/8329 1660/8330/8330 1661/8331/8331
f 1659/8332/8332 1662/8333/8333 1660/8334/8334
f 1659/8335/8335 1663/8336/8336 1662/8337/8337
f 1662/8338/8338 1663/8339/8339 1664/8340/8340
f 1660/8341/8341 1662/8342/8342 1665/8343/8343
f 1662/8344/8344 1666/8345/8345 1665/8346/8346
s 217
f 1619/8347/8347 1623/8348/8348 1655/8349/8349
f 1619/8350/8350 1655/8351/8351 1654/8352/8352
s 218
f 1667/8353/8353 1668/8354/8354 1658/8355/8355
f 1667/8356/8356 1658/8357/8357 1657/8358/8358
s 219
f 1622/8359/8359 1621/8360/8360 1625/8361/8361
f 1622/8362/8362 1625/8363/8363 1629/8364/8364
s 220
f 1625/8365/8365 1669/8366/8366 1670/8367/8367
f 1625/8368/8368 1670/8369/8369 1651/8370/8370
f 1621/8371/8371 1668/8372/8372 1669/8373/8373
f 1621/8374/8374 1669/8375/8375 1625/8376/8376
f 1625/8377/8377 1651/8378/8378 1650/8379/8379
f 1625/8380/8380 1650/8381/8381 1626/8382/8382
f 1621/8383/8383 1620/8384/8384 1653/8385/8385
f 1621/8386/8386 1653/8387/8387 1658/8388/8388
f 1621/8389/8389 1658/8390/8390 1668/8391/8391
s 221
f 1622/8392/8392 1629/8393/8393 1671/8394/8394
f 1622/8395/8395 1671/8396/8396 1667/8397/8397
f 1671/8398/8398 1629/8399/8399 1652/8400/8400
f 1671/8401/8401 1652/8402/8402 1672/8403/8403
f 1629/8404/8404 1630/8405/8405 1648/8406/8406
f 1629/8407/8407 1648/8408/8408 1652/8409/8409
f 1657/8410/8410 1622/8411/8411 1667/8412/8412
f 1657/8413/8413 1656/8414/8414 1622/8415/8415
f 1622/8416/8416 1656/8417/8417 1624/8418/8418
s 222
f 1673/8419/8419 1674/8420/8420 1675/8421/8421
f 1673/8422/8422 1675/8423/8423 1676/8424/8424
s 223
f 1651/8425/8425 1670/8426/8426 1672/8427/8427
f 1651/8428/8428 1672/8429/8429 1652/8430/8430
s 224
f 1669/8431/8431 1671/8432/8432 1672/8433/8433
f 1669/8434/8434 1672/8435/8435 1670/8436/8436
f 1677/8437/8437 1667/8438/8438 1671/8439/8439
f 1677/8440/8440 1668/8441/8441 1667/8442/8442
f 1677/8443/8443 1674/8444/8444 1668/8445/8445
f 1677/8446/8446 1671/8447/8447 1678/8448/8448
f 1678/8449/8449 1671/8450/8450 1669/8451/8451
f 1674/8452/8452 1669/8453/8453 1668/8454/8454
f 1674/8455/8455 1673/8456/8456 1669/8457/8457
f 1678/8458/8458 1669/8459/8459 1673/8460/8460
s 225
f 1628/8461/8461 1627/8462/8462 1647/8463/8463
f 1628/8464/8464 1647/8465/8465 1649/8466/8466
s 226
f 1655/8467/8467 1623/8468/8468 1624/8469/8469
f 1655/8470/8470 1624/8471/8471 1656/8472/8472
s 227
f 1619/8473/8473 1654/8474/8474 1653/8475/8475
f 1619/8476/8476 1653/8477/8477 1620/8478/8478
s 228
f 1647/8479/8479 1627/8480/8480 1626/8481/8481
f 1647/8482/8482 1626/8483/8483 1650/8484/8484
s 229
f 1630/8485/8485 1628/8486/8486 1649/8487/8487
f 1630/8488/8488 1649/8489/8489 1648/8490/8490
s 230
f 1675/8491/8491 1679/8492/8492 1680/8493/8493
f 1675/8494/8494 1680/8495/8495 1676/8496/8496
s 231
f 1678/8497/8497 1673/8498/8498 1676/8499/8499
f 1678/8500/8500 1676/8501/8501 1680/8502/8502
s 232
f 1677/8503/8503 1678/8504/8504 1680/8505/8505
f 1677/8506/8506 1680/8507/8507 1679/8508/8508
s 233
f 1674/8509/8509 1677/8510/8510 1679/8511/8511
f 1674/8512/8512 1679/8513/8513 1675/8514/8514
s 234
f 1681/8515/8515 1682/8516/8516 1683/8517/8517
f 1681/8518/8518 1683/8519/8519 1684/8520/8520
s 235
f 1685/8521/8521 1686/8522/8522 1687/8523/8523
f 1685/8524/8524 1687/8525/8525 1688/8526/8526
s 236
f 1689/8527/8527 1690/8528/8528 1691/8529/8529
f 1689/8530/8530 1691/8531/8531 1692/8532/8532
s 237
f 1693/8533/8533 1694/8534/8534 1666/8535/8535
f 1693/8536/8536 1666/8537/8537 1695/8538/8538
f 1696/8539/8539 1695/8540/8540 1666/8541/8541
f 1696/8542/8542 1666/8543/8543 1662/8544/8544
f 1697/8545/8545 1696/8546/8546 1662/8547/8547
f 1697/8548/8548 1662/8549/8549 1664/8550/8550
s 238
f 1690/8551/8551 1688/8552/8552 1687/8553/8553
f 1690/8554/8554 1687/8555/8555 1691/8556/8556
s 239
f 1684/8557/8557 1698/8558/8558 1699/8559/8559
f 1684/8560/8560 1699/8561/8561 1681/8562/8562
s 240
f 1683/8563/8563 1682/8564/8564 1700/8565/8565
f 1683/8566/8566 1700/8567/8567 1701/8568/8568
s 241
f 1683/8569/8569 1701/8570/8570 1698/8571/8571
f 1683/8572/8572 1698/8573/8573 1684/8574/8574
s 242
f 1666/8575/8575 1694/8576/8576 1702/8577/8577
f 1666/8578/8578 1702/8579/8579 1665/8580/8580
s 243
f 1693/8581/8581 1703/8582/8582 1702/8583/8583
f 1693/8584/8584 1702/8585/8585 1694/8586/8586
s 244
f 1704/8587/8587 1705/8588/8588 1663/8589/8589
f 1704/8590/8590 1663/8591/8591 1659/8592/8592
s 245
f 1705/8593/8593 1697/8594/8594 1664/8595/8595
f 1705/8596/8596 1664/8597/8597 1663/8598/8598
s 246
f 1706/8599/8599 1704/8600/8600 1659/8601/8601
f 1706/8602/8602 1659/8603/8603 1661/8604/8604
s 247
f 1707/8605/8605 1708/8606/8606 1709/8607/8607
f 1707/8608/8608 1709/8609/8609 1710/8610/8610
s 248
f 1710/8611/8611 1709/8612/8612 1711/8613/8613
f 1710/8614/8614 1711/8615/8615 1712/8616/8616
s 249
f 1712/8617/8617 1711/8618/8618 1713/8619/8619
f 1712/8620/8620 1713/8621/8621 1714/8622/8622
s 250
f 1714/8623/8623 1713/8624/8624 1708/8625/8625
f 1714/8626/8626 1708/8627/8627 1707/8628/8628
s 251
f 1709/8629/8629 1708/8630/8630 1713/8631/8631
f 1709/8632/8632 1713/8633/8633 1711/8634/8634
s 252
f 1710/8635/8635 1712/8636/8636 1714/8637/8637
f 1710/8638/8638 1714/8639/8639 1707/8640/8640
s 253
f 1701/8641/8641 1689/8642/8642 1692/8643/8643
f 1701/8644/8644 1692/8645/8645 1698/8646/8646
s 254
f 1691/8647/8647 1687/8648/8648 1686/8649/8649
f 1691/8650/8650 1686/8651/8651 1715/8652/8652
f 1692/8653/8653 1691/8654/8654 1715/8655/8655
f 1692/8656/8656 1715/8657/8657 1716/8658/8658
f 1698/8659/8659 1692/8660/8660 1716/8661/8661
f 1698/8662/8662 1716/8663/8663 1699/8664/8664
s 255
f 1690/8665/8665 1685/8666/8666 1688/8667/8667
f 1717/8668/8668 1685/8669/8669 1690/8670/8670
f 1689/8671/8671 1717/8672/8672 1690/8673/8673
f 1718/8674/8674 1717/8675/8675 1689/8676/8676
f 1700/8677/8677 1718/8678/8678 1689/8679/8679
f 1700/8680/8680 1689/8681/8681 1701/8682/8682
o rbarrel1,ox=-0.00,oy=-4.98,oz=18.85,p=rlauncher,
v -24.382134 33.525295 20.742375
vn 0.000000 0.964634 -0.556948
vt 0.070174135 0.533107996
v -24.382134 33.525297 2.171607
vn -0.000000 1.113896 0.000000
vt 0.070130542 0.578827977
v -25.801957 32.937190 2.171607
vn -0.787636 0.787636 0.000000
vt 0.076234058 0.578827977
vn 0.000000 0.964634 -0.556948
vt 0.070174135 0.533107996
vn -0.787636 0.787636 0.000000
vt 0.076234058 0.578827977
v -25.801957 32.937183 20.742375
vn -0.682150 0.682150 -0.556948
vt 0.076277882 0.533107996
vn -0.682150 0.682150 -0.556948
vt 0.070174366 0.533107996
vn -0.787636 0.787636 0.000000
vt 0.070130542 0.578827977
v -26.390067 31.517364 2.171607
vn -1.113896 0.000000 0.000000
vt 0.076234058 0.578827977
vn -0.682150 0.682150 -0.556948
vt 0.070174366 0.533107996
vn -1.113896 0.000000 0.000000
vt 0.076234058 0.578827977
v -26.390067 31.517360 20.742375
vn -0.964634 0.000000 -0.556948
vt 0.076277882 0.533107996
vn -0.964634 0.000000 -0.556948
vt 0.070166335 0.533107996
vn -1.113896 0.000000 0.000000
vt 0.070130542 0.578827977
v -25.801957 30.097547 2.171607
vn -0.787636 -0.787636 0.000000
vt 0.076234058 0.578827977
vn -0.964634 0.000000 -0.556948
vt 0.070166335 0.533107996
vn -0.787636 -0.787636 0.000000
vt 0.076234058 0.578827977
v -25.801957 30.097541 20.742375
vn -0.682150 -0.682150 -0.556948
vt 0.076266639 0.533107996
vn -0.682150 -0.682150 -0.556948
vt 0.070153028 0.533107996
vn -0.787636 -0.787636 0.000000
vt 0.070130542 0.578827977
v -24.382134 29.509433 2.171607
vn -0.000000 -1.113896 0.000000
vt 0.076234058 0.578827977
vn -0.682150 -0.682150 -0.556948
vt 0.070153028 0.533107996
vn -0.000000 -1.113896 0.000000
vt 0.076234058 0.578827977
v -24.382134 29.509427 20.742375
vn -0.000000 -0.964634 -0.556948
vt 0.076247133 0.533107996
vn -0.000000 -0.964634 -0.556948
vt 0.070136964 0.533107996
vn -0.000000 -1.113896 0.000000
vt 0.070130542 0.578827977
v -22.962308 30.097547 2.171607
vn 0.787636 -0.787636 0.000000
vt 0.076234058 0.578827977
vn -0.000000 -0.964634 -0.556948
vt 0.070136964 0.533107996
vn 0.787636 -0.787636 0.000000
vt 0.076234058 0.578827977
v -22.962308 30.097541 20.742375
vn 0.682150 -0.682150 -0.556948
vt 0.076244384 0.533107996
vn 0.682150 -0.682150 -0.556948
vt 0.070148669 0.533107996
vn 0.787636 -0.787636 0.000000
vt 0.070130542 0.578827977
v -22.374198 31.517364 2.171607
vn 1.113896 0.000000 0.000000
vt 0.076234058 0.578827977
vn 0.682150 -0.682150 -0.556948
vt 0.070148669 0.533107996
vn 1.113896 0.000000 0.000000
vt 0.076234058 0.578827977
v -22.374198 31.517360 20.742375
vn 0.964634 0.000000 -0.556948
vt 0.076255165 0.533107996
vn -0.682150 -0.682150 -0.556948
vt 0.534937561 0.908591986
vn -0.000000 -0.964634 -0.556948
vt 0.520399034 0.908591986
v -24.382134 29.198202 20.973636
vn -0.000000 -1.015873 -0.457031
vt 0.520398617 0.923152983
vn -0.682150 -0.682150 -0.556948
vt 0.534937561 0.908591986
vn -0.000000 -1.015873 -0.457031
vt 0.520398617 0.923152983
v -26.022033 29.877463 20.973636
vn -0.718351 -0.718351 -0.457031
vt 0.534938514 0.923152983
vn 0.964634 0.000000 -0.556948
vt 0.070160374 0.533107996
vn 1.113896 0.000000 0.000000
vt 0.070130542 0.578827977
v -22.962308 32.937190 2.171607
vn 0.787636 0.787636 0.000000
vt 0.076234058 0.578827977
vn 0.964634 0.000000 -0.556948
vt 0.070160374 0.533107996
vn 0.787636 0.787636 0.000000
vt 0.076234058 0.578827977
v -22.962308 32.937183 20.742375
vn 0.682150 0.682150 -0.556948
vt 0.076264575 0.533107996
vn 0.682150 0.682150 -0.556948
vt 0.070168629 0.533107996
vn 0.787636 0.787636 0.000000
vt 0.070130542 0.578827977
vn -0.000000 1.113896 0.000000
vt 0.076234058 0.578827977
vn 0.682150 0.682150 -0.556948
vt 0.070168629 0.533107996
vn -0.000000 1.113896 0.000000
vt 0.076234058 0.578827977
vn 0.000000 0.964634 -0.556948
vt 0.076272838 0.533107996
v -22.742236 33.157258 20.973636
vn 0.718351 0.718351 -0.457031
vt 0.323600382 0.733869016
v -24.382134 33.836522 20.973636
vn 0.000000 1.015873 -0.457031
vt 0.253166497 0.733869016
v -24.382134 33.836522 26.068478
vn 0.426288 1.029128 0.000000
vt 0.253167629 0.767368972
vn 0.718351 0.718351 -0.457031
vt 0.323600382 0.733869016
vn 0.426288 1.029128 0.000000
vt 0.253167629 0.767368972
v -22.742236 33.157251 26.068478
vn 0.426288 1.029128 0.000000
vt 0.323601753 0.767368972
vn 0.964634 0.000000 -0.556948
vt 0.534939647 0.908591986
vn 0.682150 0.682150 -0.556948
vt 0.520418525 0.908591986
vn 0.718351 0.718351 -0.457031
vt 0.520419240 0.923152983
vn 0.964634 0.000000 -0.556948
vt 0.534939647 0.908591986
vn 0.718351 0.718351 -0.457031
vt 0.520419240 0.923152983
v -22.062971 31.517360 20.973636
vn 1.015873 0.000000 -0.457031
vt 0.534941256 0.923152983
vn -0.964634 0.000000 -0.556948
vt 0.520427525 0.908591986
v -26.701297 31.517360 20.973636
vn -1.015873 0.000000 -0.457031
vt 0.520429134 0.923152983
v -26.022033 33.157258 20.973636
vn -0.718351 0.718351 -0.457031
vt 0.534958482 0.923152983
vn -0.964634 0.000000 -0.556948
vt 0.520427525 0.908591986
vn -0.718351 0.718351 -0.457031
vt 0.534958482 0.923152983
vn -0.682150 0.682150 -0.556948
vt 0.534957767 0.908591986
vn 0.682150 -0.682150 -0.556948
vt 0.520398140 0.908591986
v -22.742236 29.877463 20.973636
vn 0.718351 -0.718351 -0.457031
vt 0.520399272 0.923152983
vn -0.000000 -1.015873 -0.457031
vt 0.534922659 0.923152983
vn 0.682150 -0.682150 -0.556948
vt 0.520398140 0.908591986
vn -0.000000 -1.015873 -0.457031
vt 0.534922659 0.923152983
vn -0.000000 -0.964634 -0.556948
vt 0.534923553 0.908591986
vn 0.682150 0.682150 -0.556948
vt 0.534947693 0.908591986
vn 0.000000 0.964634 -0.556948
vt 0.520426571 0.908591986
vn 0.000000 1.015873 -0.457031
vt 0.520427287 0.923152983
vn 0.682150 0.682150 -0.556948
vt 0.534947693 0.908591986
vn 0.000000 1.015873 -0.457031
vt 0.520427287 0.923152983
vn 0.718351 0.718351 -0.457031
vt 0.534949303 0.923152983
vn -0.682150 0.682150 -0.556948
vt 0.520431876 0.908591986
vn -0.718351 0.718351 -0.457031
vt 0.520433009 0.923152983
vn 0.000000 1.015873 -0.457031
vt 0.534956634 0.923152983
vn -0.682150 0.682150 -0.556948
vt 0.520431876 0.908591986
vn 0.000000 1.015873 -0.457031
vt 0.534956634 0.923152983
vn 0.000000 0.964634 -0.556948
vt 0.534955025 0.908591986
vn -0.964634 0.000000 -0.556948
vt 0.534950197 0.908591986
vn -0.682150 -0.682150 -0.556948
vt 0.520417869 0.908591986
vn -0.718351 -0.718351 -0.457031
vt 0.520419478 0.923152983
vn -0.964634 0.000000 -0.556948
vt 0.534950197 0.908591986
vn -0.718351 -0.718351 -0.457031
vt 0.520419478 0.923152983
vn -1.015873 0.000000 -0.457031
vt 0.534951329 0.923152983
vn 0.964634 0.000000 -0.556948
vt 0.520409167 0.908591986
vn 1.015873 0.000000 -0.457031
vt 0.520410061 0.923152983
vn 0.718351 -0.718351 -0.457031
vt 0.534932077 0.923152983
vn 0.964634 0.000000 -0.556948
vt 0.520409167 0.908591986
vn 0.718351 -0.718351 -0.457031
vt 0.534932077 0.923152983
vn 0.682150 -0.682150 -0.556948
vt 0.534930468 0.908591986
vn 0.718351 -0.718351 -0.457031
vt 0.323578805 0.733869016
vn 1.015873 0.000000 -0.457031
vt 0.253147453 0.733869016
v -22.062971 31.517357 26.068478
vn 1.029128 -0.426288 0.000000
vt 0.253152251 0.767368972
vn 0.718351 -0.718351 -0.457031
vt 0.323578805 0.733869016
vn 1.029128 -0.426288 0.000000
vt 0.253152251 0.767368972
v -22.742236 29.877463 26.068478
vn 1.029128 -0.426288 0.000000
vt 0.323585898 0.767368972
vn -0.718351 -0.718351 -0.457031
vt 0.323578328 0.733869016
vn -0.000000 -1.015873 -0.457031
vt 0.253129095 0.733869016
v -24.382134 29.198198 26.068478
vn -0.426288 -1.029128 0.000000
vt 0.253154099 0.767368972
vn -0.718351 -0.718351 -0.457031
vt 0.323578328 0.733869016
vn -0.426288 -1.029128 0.000000
vt 0.253154099 0.767368972
v -26.022033 29.877463 26.068478
vn -0.426288 -1.029128 0.000000
vt 0.323591202 0.767368972
vn -0.718351 0.718351 -0.457031
vt 0.323606104 0.733869016
vn -1.015873 0.000000 -0.457031
vt 0.253171295 0.733869016
v -26.701297 31.517357 26.068478
vn -1.029128 0.426288 0.000000
vt 0.253171980 0.767368972
vn -0.718351 0.718351 -0.457031
vt 0.323606104 0.733869016
vn -1.029128 0.426288 0.000000
vt 0.253171980 0.767368972
v -26.022033 33.157255 26.068478
vn -1.029128 0.426288 0.000000
vt 0.323606551 0.767368972
vn 1.015873 0.000000 -0.457031
vt 0.323591888 0.733869016
vn 0.718351 0.718351 -0.457031
vt 0.253158212 0.733869016
vn 1.029128 0.426288 0.000000
vt 0.253160298 0.767368972
vn 1.015873 0.000000 -0.457031
vt 0.323591888 0.733869016
vn 1.029128 0.426288 0.000000
vt 0.253160298 0.767368972
vn 1.029128 0.426288 0.000000
vt 0.323594183 0.767368972
vn -0.000000 -1.015873 -0.457031
vt 0.323556989 0.733869016
vn 0.718351 -0.718351 -0.457031
vt 0.253131151 0.733869016
vn 0.426288 -1.029128 0.000000
vt 0.253146976 0.767368972
vn -0.000000 -1.015873 -0.457031
vt 0.323556989 0.733869016
vn 0.426288 -1.029128 0.000000
vt 0.253146976 0.767368972
vn 0.426288 -1.029128 0.000000
vt 0.323582917 0.767368972
vn -1.015873 0.000000 -0.457031
vt 0.323596478 0.733869016
vn -0.718351 -0.718351 -0.457031
vt 0.253158450 0.733869016
vn -1.029128 -0.426288 0.000000
vt 0.253164202 0.767368972
vn -1.015873 0.000000 -0.457031
vt 0.323596478 0.733869016
vn -1.029128 -0.426288 0.000000
vt 0.253164202 0.767368972
vn -1.029128 -0.426288 0.000000
vt 0.323599666 0.767368972
vn 0.000000 1.015873 -0.457031
vt 0.323605865 0.733869016
vn -0.718351 0.718351 -0.457031
vt 0.253171295 0.733869016
vn -0.426288 1.029128 0.000000
vt 0.253171772 0.767368972
vn 0.000000 1.015873 -0.457031
vt 0.323605865 0.733869016
vn -0.426288 1.029128 0.000000
vt 0.253171772 0.767368972
vn -0.426288 1.029128 0.000000
vt 0.323606342 0.767368972
v -25.628618 32.763845 17.367921
vn -0.000000 0.000000 1.113896
vt 0.978700817 0.764815986
v -26.144928 31.517360 17.367921
vn -0.000000 0.000000 1.113896
vt 0.983888805 0.752264023
v -25.628618 30.270879 17.367921
vn -0.000000 0.000000 1.113896
vt 0.978700817 0.739710987
v -24.382134 29.754566 17.367921
vn -0.000000 0.000000 1.113896
vt 0.966188371 0.734511018
vn -0.000000 0.000000 1.113896
vt 0.978700817 0.764815986
vn -0.000000 0.000000 1.113896
vt 0.978700817 0.739710987
vn -0.000000 0.000000 1.113896
vt 0.966188371 0.734511018
v -24.382134 33.280159 17.367921
vn -0.000000 0.000000 1.113896
vt 0.966188610 0.770016015
vn -0.000000 0.000000 1.113896
vt 0.978700817 0.764815986
vn -0.000000 0.000000 1.113896
vt 0.966188371 0.734511018
v -23.135647 32.763845 17.367921
vn -0.000000 0.000000 1.113896
vt 0.953615367 0.764815986
vn -0.000000 0.000000 1.113896
vt 0.966188610 0.770016015
vn -0.000000 0.000000 1.113896
vt 0.966188371 0.734511018
v -23.135647 30.270879 17.367921
vn -0.000000 0.000000 1.113896
vt 0.953615367 0.739710987
vn -0.000000 0.000000 1.113896
vt 0.953615367 0.764815986
vn -0.000000 0.000000 1.113896
vt 0.953615367 0.764815986
vn -0.000000 0.000000 1.113896
vt 0.953615367 0.739710987
v -22.619337 31.517360 17.367921
vn -0.000000 0.000000 1.113896
vt 0.948427379 0.752264023
vn -0.000000 0.614982 0.928766
vt 0.458677828 0.413865000
v -24.382134 33.280159 26.436850
vn -0.000000 0.614982 0.928766
vt 0.466612399 0.413888991
v -23.135647 32.763845 26.436850
vn 0.434865 0.434865 0.928766
vt 0.469053328 0.408737004
vn -0.000000 0.614982 0.928766
vt 0.458677828 0.413865000
v -25.628618 32.763845 26.436850
vn -0.434865 0.434865 0.928766
vt 0.468748629 0.419064999
vn -0.000000 0.614982 0.928766
vt 0.466612399 0.413888991
vn -0.000000 0.614982 0.928766
vt 0.458677828 0.413865000
vn -0.434865 0.434865 0.928766
vt 0.463499606 0.421826988
vn -0.434865 0.434865 0.928766
vt 0.468748629 0.419064999
vn -0.000000 0.614982 0.928766
vt 0.458677828 0.413865000
vn 0.434865 0.434865 0.928766
vt 0.469053328 0.408737004
vn 0.434865 0.434865 0.928766
vt 0.463803619 0.405970007
vn 0.434865 0.434865 0.928766
vt 0.469053328 0.408737004
v -22.619337 31.517357 26.436850
vn 0.614982 0.000000 0.928766
vt 0.473383158 0.406720012
vn 0.434865 0.434865 0.928766
vt 0.463803619 0.405970007
v -26.144928 31.517357 26.436850
vn -0.614982 0.000000 0.928766
vt 0.473142922 0.421025008
vn -0.434865 0.434865 0.928766
vt 0.468748629 0.419064999
vn -0.434865 0.434865 0.928766
vt 0.463499606 0.421826988
vn -0.614982 0.000000 0.928766
vt 0.473142922 0.421025008
vn -0.434865 0.434865 0.928766
vt 0.463499606 0.421826988
vn -0.614982 0.000000 0.928766
vt 0.473203957 0.424623013
vn 0.614982 0.000000 0.928766
vt 0.473321915 0.403122008
vn 0.434865 0.434865 0.928766
vt 0.463803619 0.405970007
vn 0.614982 0.000000 0.928766
vt 0.473383158 0.406720012
vn 0.434865 -0.434865 0.928766
vt 0.483023286 0.405918002
vn 0.614982 0.000000 0.928766
vt 0.473321915 0.403122008
vn 0.614982 0.000000 0.928766
vt 0.473383158 0.406720012
vn -0.434865 -0.434865 0.928766
vt 0.482784182 0.421775013
vn -0.614982 0.000000 0.928766
vt 0.473142922 0.421025008
vn -0.614982 0.000000 0.928766
vt 0.473203957 0.424623013
vn -0.434865 -0.434865 0.928766
vt 0.482784182 0.421775013
v -25.628618 30.270876 26.436850
vn -0.434865 -0.434865 0.928766
vt 0.477533787 0.419009000
vn -0.614982 0.000000 0.928766
vt 0.473142922 0.421025008
vn 0.434865 -0.434865 0.928766
vt 0.483023286 0.405918002
vn 0.614982 0.000000 0.928766
vt 0.473383158 0.406720012
v -23.135647 30.270876 26.436850
vn 0.434865 -0.434865 0.928766
vt 0.477774024 0.408679992
vn -0.000000 -0.614982 0.928766
vt 0.487845987 0.413879991
vn 0.434865 -0.434865 0.928766
vt 0.483023286 0.405918002
vn 0.434865 -0.434865 0.928766
vt 0.477774024 0.408679992
vn -0.000000 -0.614982 0.928766
vt 0.487845987 0.413879991
vn -0.434865 -0.434865 0.928766
vt 0.477533787 0.419009000
vn -0.434865 -0.434865 0.928766
vt 0.482784182 0.421775013
vn -0.000000 -0.614982 0.928766
vt 0.487845987 0.413879991
v -24.382134 29.754563 26.436850
vn -0.000000 -0.614982 0.928766
vt 0.479911864 0.413856000
vn -0.434865 -0.434865 0.928766
vt 0.477533787 0.419009000
vn -0.000000 -0.614982 0.928766
vt 0.487845987 0.413879991
vn 0.434865 -0.434865 0.928766
vt 0.477774024 0.408679992
vn -0.000000 -0.614982 0.928766
vt 0.479911864 0.413856000
vn -1.113896 0.000000 0.000000
vt 0.473357916 0.406720012
vn -0.787636 -0.787636 0.000000
vt 0.469024211 0.408737004
vn -0.787636 -0.787636 0.000000
vt 0.468995988 0.408737004
vn -1.113896 0.000000 0.000000
vt 0.473357916 0.406720012
vn -0.787636 -0.787636 0.000000
vt 0.468995988 0.408737004
vn -1.113896 0.000000 0.000000
vt 0.473329484 0.406720012
vn -1.113896 0.000000 0.000000
vt 0.473357916 0.406720012
vn -1.113896 0.000000 0.000000
vt 0.473329484 0.406720012
vn -0.787636 0.787636 0.000000
vt 0.477753371 0.408679992
vn -0.787636 -0.787636 0.000000
vt 0.469024211 0.408737004
vn -0.000000 -1.113896 0.000000
vt 0.466554582 0.413888991
vn -0.787636 -0.787636 0.000000
vt 0.468995988 0.408737004
vn -0.787636 -0.787636 0.000000
vt 0.469024211 0.408737004
vn -0.000000 -1.113896 0.000000
vt 0.466583252 0.413888991
vn -0.000000 -1.113896 0.000000
vt 0.466554582 0.413888991
vn -0.787636 0.787636 0.000000
vt 0.477753371 0.408679992
vn -1.113896 0.000000 0.000000
vt 0.473329484 0.406720012
vn -0.787636 0.787636 0.000000
vt 0.477724224 0.408679992
vn -0.000000 1.113896 0.000000
vt 0.479889601 0.413856000
vn -0.787636 0.787636 0.000000
vt 0.477753371 0.408679992
vn -0.787636 0.787636 0.000000
vt 0.477724224 0.408679992
vn -0.000000 -1.113896 0.000000
vt 0.466583252 0.413888991
vn 0.787636 -0.787636 0.000000
vt 0.468690813 0.419064999
vn -0.000000 -1.113896 0.000000
vt 0.466554582 0.413888991
vn -0.000000 -1.113896 0.000000
vt 0.466583252 0.413888991
vn 0.787636 -0.787636 0.000000
vt 0.468719721 0.419064999
vn 0.787636 -0.787636 0.000000
vt 0.468690813 0.419064999
vn -0.000000 1.113896 0.000000
vt 0.479889601 0.413856000
vn -0.787636 0.787636 0.000000
vt 0.477724224 0.408679992
vn -0.000000 1.113896 0.000000
vt 0.479860246 0.413856000
vn -0.000000 1.113896 0.000000
vt 0.479889601 0.413856000
vn -0.000000 1.113896 0.000000
vt 0.479860246 0.413856000
vn 0.787636 0.787636 0.000000
vt 0.477509230 0.419009000
vn 0.787636 -0.787636 0.000000
vt 0.468719721 0.419064999
vn 1.113896 0.000000 0.000000
vt 0.473085344 0.421025008
vn 0.787636 -0.787636 0.000000
vt 0.468690813 0.419064999
vn 1.113896 0.000000 0.000000
vt 0.473114252 0.421025008
vn 1.113896 0.000000 0.000000
vt 0.473085344 0.421025008
vn 0.787636 -0.787636 0.000000
vt 0.468719721 0.419064999
vn 0.787636 0.787636 0.000000
vt 0.477509230 0.419009000
vn -0.000000 1.113896 0.000000
vt 0.479860246 0.413856000
vn 0.787636 0.787636 0.000000
vt 0.477479875 0.419009000
vn 1.113896 0.000000 0.000000
vt 0.473114252 0.421025008
vn 0.787636 0.787636 0.000000
vt 0.477509230 0.419009000
vn 0.787636 0.787636 0.000000
vt 0.477479875 0.419009000
vn 1.113896 0.000000 0.000000
vt 0.473114252 0.421025008
vn 0.787636 0.787636 0.000000
vt 0.477479875 0.419009000
vn 1.113896 0.000000 0.000000
vt 0.473085344 0.421025008
s 259
f 1721/8761/8761 1722/8762/8762 1723/8763/8763
f 1721/8764/8764 1723/8765/8765 1724/8766/8766
f 1724/8767/8767 1723/8768/8768 1725/8769/8769
f 1724/8770/8770 1725/8771/8771 1726/8772/8772
f 1726/8773/8773 1725/8774/8774 1727/8775/8775
f 1726/8776/8776 1727/8777/8777 1728/8778/8778
f 1728/8779/8779 1727/8780/8780 1729/8781/8781
f 1728/8782/8782 1729/8783/8783 1730/8784/8784
f 1730/8785/8785 1729/8786/8786 1731/8787/8787
f 1730/8788/8788 1731/8789/8789 1732/8790/8790
f 1732/8791/8791 1731/8792/8792 1733/8793/8793
f 1732/8794/8794 1733/8795/8795 1734/8796/8796
f 1728/8797/8797 1730/8798/8798 1735/8799/8799
f 1728/8800/8800 1735/8801/8801 1736/8802/8802
f 1734/8803/8803 1733/8804/8804 1737/8805/8805
f 1734/8806/8806 1737/8807/8807 1738/8808/8808
f 1738/8809/8809 1737/8810/8810 1722/8811/8811
f 1738/8812/8812 1722/8813/8813 1721/8814/8814
f 1739/8815/8815 1740/8816/8816 1741/8817/8817
f 1739/8818/8818 1741/8819/8819 1742/8820/8820
f 1734/8821/8821 1738/8822/8822 1739/8823/8823
f 1734/8824/8824 1739/8825/8825 1743/8826/8826
f 1726/8827/8827 1744/8828/8828 1745/8829/8829
f 1726/8830/8830 1745/8831/8831 1724/8832/8832
f 1732/8833/8833 1746/8834/8834 1735/8835/8835
f 1732/8836/8836 1735/8837/8837 1730/8838/8838
f 1738/8839/8839 1721/8840/8840 1740/8841/8841
f 1738/8842/8842 1740/8843/8843 1739/8844/8844
f 1724/8845/8845 1745/8846/8846 1740/8847/8847
f 1724/8848/8848 1740/8849/8849 1721/8850/8850
f 1726/8851/8851 1728/8852/8852 1736/8853/8853
f 1726/8854/8854 1736/8855/8855 1744/8856/8856
f 1734/8857/8857 1743/8858/8858 1746/8859/8859
f 1734/8860/8860 1746/8861/8861 1732/8862/8862
f 1746/8863/8863 1743/8864/8864 1747/8865/8865
f 1746/8866/8866 1747/8867/8867 1748/8868/8868
f 1736/8869/8869 1735/8870/8870 1749/8871/8871
f 1736/8872/8872 1749/8873/8873 1750/8874/8874
f 1745/8875/8875 1744/8876/8876 1751/8877/8877
f 1745/8878/8878 1751/8879/8879 1752/8880/8880
f 1743/8881/8881 1739/8882/8882 1742/8883/8883
f 1743/8884/8884 1742/8885/8885 1747/8886/8886
f 1735/8887/8887 1746/8888/8888 1748/8889/8889
f 1735/8890/8890 1748/8891/8891 1749/8892/8892
f 1744/8893/8893 1736/8894/8894 1750/8895/8895
f 1744/8896/8896 1750/8897/8897 1751/8898/8898
f 1740/8899/8899 1745/8900/8900 1752/8901/8901
f 1740/8902/8902 1752/8903/8903 1741/8904/8904
s 260
f 1753/8905/8905 1754/8906/8906 1755/8907/8907
f 1756/8908/8908 1753/8909/8909 1755/8910/8910
f 1756/8911/8911 1757/8912/8912 1753/8913/8913
f 1756/8914/8914 1758/8915/8915 1757/8916/8916
f 1756/8917/8917 1759/8918/8918 1758/8919/8919
f 1758/8920/8920 1759/8921/8921 1760/8922/8922
s 261
f 1741/8923/8923 1761/8924/8924 1762/8925/8925
f 1741/8926/8926 1763/8927/8927 1761/8928/8928
f 1741/8929/8929 1752/8930/8930 1763/8931/8931
f 1741/8932/8932 1762/8933/8933 1742/8934/8934
f 1762/8935/8935 1764/8936/8936 1742/8937/8937
f 1765/8938/8938 1763/8939/8939 1752/8940/8940
f 1765/8941/8941 1752/8942/8942 1751/8943/8943
f 1747/8944/8944 1742/8945/8945 1764/8946/8946
f 1748/8947/8947 1747/8948/8948 1764/8949/8949
f 1750/8950/8950 1765/8951/8951 1751/8952/8952
f 1750/8953/8953 1766/8954/8954 1765/8955/8955
f 1748/8956/8956 1764/8957/8957 1767/8958/8958
f 1749/8959/8959 1748/8960/8960 1767/8961/8961
f 1749/8962/8962 1766/8963/8963 1750/8964/8964
f 1749/8965/8965 1768/8966/8966 1766/8967/8967
f 1749/8968/8968 1767/8969/8969 1768/8970/8970
s 262
f 1764/8971/8971 1762/8972/8972 1758/8973/8973
f 1764/8974/8974 1758/8975/8975 1760/8976/8976
f 1764/8977/8977 1760/8978/8978 1767/8979/8979
f 1762/8980/8980 1757/8981/8981 1758/8982/8982
f 1762/8983/8983 1761/8984/8984 1757/8985/8985
f 1767/8986/8986 1760/8987/8987 1759/8988/8988
f 1768/8989/8989 1767/8990/8990 1759/8991/8991
f 1761/8992/8992 1753/8993/8993 1757/8994/8994
f 1761/8995/8995 1763/8996/8996 1753/8997/8997
f 1768/8998/8998 1759/8999/8999 1756/9000/9000
f 1768/9001/9001 1756/9002/9002 1766/9003/9003
f 1763/9004/9004 1754/9005/9005 1753/9006/9006
f 1765/9007/9007 1754/9008/9008 1763/9009/9009
f 1766/9010/9010 1756/9011/9011 1755/9012/9012
f 1765/9013/9013 1766/9014/9014 1755/9015/9015
f 1765/9016/9016 1755/9017/9017 1754/9018/9018
o flare1,ox=-0.00,oy=0.00,oz=13.47,p=rbarrel1,,e=0
v -24.302090 31.404922 26.393849
v -24.302090 31.404922 30.393849
v -24.302090 33.404922 26.393849
f 1769/1/1 1770/2/2 1771/3/3
o rbarrel2,ox=-0.00,oy=-9.70,oz=18.85,p=rlauncher,
v -24.382134 28.710501 19.050212
vn -0.000000 0.964634 -0.556948
vt 0.070148207 0.533107996
v -24.382134 28.710508 0.479440
vn -0.000000 1.113896 0.000000
vt 0.070130542 0.578827977
v -25.801957 28.122397 0.479440
vn -0.787636 0.787636 0.000000
vt 0.076234058 0.578827977
vn -0.000000 0.964634 -0.556948
vt 0.070148207 0.533107996
vn -0.787636 0.787636 0.000000
vt 0.076234058 0.578827977
v -25.801957 28.122394 19.050212
vn -0.682150 0.682150 -0.556948
vt 0.076261133 0.533107996
vn -0.682150 0.682150 -0.556948
vt 0.070163816 0.533107996
vn -0.787636 0.787636 0.000000
vt 0.070130542 0.578827977
v -26.390067 26.702573 0.479440
vn -1.113896 0.000000 0.000000
vt 0.076234058 0.578827977
vn -0.682150 0.682150 -0.556948
vt 0.070163816 0.533107996
vn -1.113896 0.000000 0.000000
vt 0.076234058 0.578827977
v -26.390067 26.702571 19.050212
vn -0.964634 0.000000 -0.556948
vt 0.076270774 0.533107996
vn -0.964634 0.000000 -0.556948
vt 0.070162892 0.533107996
vn -1.113896 0.000000 0.000000
vt 0.070130542 0.578827977
v -25.801957 25.282752 0.479440
vn -0.787636 -0.787636 0.000000
vt 0.076234058 0.578827977
vn -0.964634 0.000000 -0.556948
vt 0.070162892 0.533107996
vn -0.787636 -0.787636 0.000000
vt 0.076234058 0.578827977
v -25.801957 25.282749 19.050212
vn -0.682150 -0.682150 -0.556948
vt 0.076264113 0.533107996
vn -0.682150 -0.682150 -0.556948
vt 0.070151880 0.533107996
vn -0.787636 -0.787636 0.000000
vt 0.070130542 0.578827977
v -24.382134 24.694644 0.479440
vn -0.000000 -1.113896 0.000000
vt 0.076234058 0.578827977
vn -0.682150 -0.682150 -0.556948
vt 0.070151880 0.533107996
vn -0.000000 -1.113896 0.000000
vt 0.076234058 0.578827977
v -24.382134 24.694638 19.050212
vn -0.000000 -0.964634 -0.556948
vt 0.076254018 0.533107996
vn -0.000000 -0.964634 -0.556948
vt 0.070145227 0.533107996
vn -0.000000 -1.113896 0.000000
vt 0.070130542 0.578827977
v -22.962308 25.282752 0.479440
vn 0.787636 -0.787636 0.000000
vt 0.076234058 0.578827977
vn -0.000000 -0.964634 -0.556948
vt 0.070145227 0.533107996
vn 0.787636 -0.787636 0.000000
vt 0.076234058 0.578827977
v -22.962308 25.282749 19.050212
vn 0.682150 -0.682150 -0.556948
vt 0.076248512 0.533107996
vn 0.682150 -0.682150 -0.556948
vt 0.070147753 0.533107996
vn 0.787636 -0.787636 0.000000
vt 0.070130542 0.578827977
v -22.374198 26.702573 0.479440
vn 1.113896 0.000000 -0.000000
vt 0.076234058 0.578827977
vn 0.682150 -0.682150 -0.556948
vt 0.070147753 0.533107996
vn 1.113896 0.000000 -0.000000
vt 0.076234058 0.578827977
v -22.374198 26.702571 19.050212
vn 0.964634 0.000000 -0.556948
vt 0.076251954 0.533107996
vn -0.682150 -0.682150 -0.556948
vt 0.534935772 0.908591986
vn -0.000000 -0.964634 -0.556948
vt 0.520403624 0.908591986
v -24.382134 24.383413 19.281469
vn -0.000000 -1.015873 -0.457031
vt 0.520405233 0.923152983
vn -0.682150 -0.682150 -0.556948
vt 0.534935772 0.908591986
vn -0.000000 -1.015873 -0.457031
vt 0.520405233 0.923152983
v -26.022033 25.062676 19.281470
vn -0.718351 -0.718351 -0.457031
vt 0.534936666 0.923152983
vn 0.964634 0.000000 -0.556948
vt 0.070153028 0.533107996
vn 1.113896 0.000000 -0.000000
vt 0.070130542 0.578827977
v -22.962308 28.122397 0.479440
vn 0.787636 0.787636 0.000000
vt 0.076234058 0.578827977
vn 0.964634 0.000000 -0.556948
vt 0.070153028 0.533107996
vn 0.787636 0.787636 0.000000
vt 0.076234058 0.578827977
v -22.962308 28.122394 19.050212
vn 0.682150 0.682150 -0.556948
vt 0.076253332 0.533107996
vn 0.682150 0.682150 -0.556948
vt 0.070149131 0.533107996
vn 0.787636 0.787636 0.000000
vt 0.070130542 0.578827977
vn -0.000000 1.113896 0.000000
vt 0.076234058 0.578827977
vn 0.682150 0.682150 -0.556948
vt 0.070149131 0.533107996
vn -0.000000 1.113896 0.000000
vt 0.076234058 0.578827977
vn -0.000000 0.964634 -0.556948
vt 0.076245300 0.533107996
v -22.742236 28.342468 19.281470
vn 0.718351 0.718351 -0.457031
vt 0.323574215 0.733869016
v -24.382134 29.021733 19.281470
vn 0.000000 1.015873 -0.457031
vt 0.253127247 0.733869016
v -24.382134 29.021733 24.376310
vn 0.426288 1.029128 0.000000
vt 0.253124505 0.767368972
vn 0.718351 0.718351 -0.457031
vt 0.323574215 0.733869016
vn 0.426288 1.029128 0.000000
vt 0.253124505 0.767368972
v -22.742236 28.342461 24.376310
vn 0.426288 1.029128 0.000000
vt 0.323577642 0.767368972
vn 0.964634 0.000000 -0.556948
vt 0.534932077 0.908591986
vn 0.682150 0.682150 -0.556948
vt 0.520404816 0.908591986
vn 0.718351 0.718351 -0.457031
vt 0.520405948 0.923152983
vn 0.964634 0.000000 -0.556948
vt 0.534932077 0.908591986
vn 0.718351 0.718351 -0.457031
vt 0.520405948 0.923152983
v -22.062971 26.702571 19.281470
vn 1.015873 0.000000 -0.457031
vt 0.534932971 0.923152983
vn -0.964634 0.000000 -0.556948
vt 0.520419717 0.908591986
v -26.701297 26.702571 19.281470
vn -1.015873 0.000000 -0.457031
vt 0.520421088 0.923152983
v -26.022033 28.342468 19.281470
vn -0.718351 0.718351 -0.457031
vt 0.534945846 0.923152983
vn -0.964634 0.000000 -0.556948
vt 0.520419717 0.908591986
vn -0.718351 0.718351 -0.457031
vt 0.534945846 0.923152983
vn -0.682150 0.682150 -0.556948
vt 0.534944713 0.908591986
vn 0.682150 -0.682150 -0.556948
vt 0.520399272 0.908591986
v -22.742236 25.062676 19.281470
vn 0.718351 -0.718351 -0.457031
vt 0.520400405 0.923152983
vn -0.000000 -1.015873 -0.457031
vt 0.534928143 0.923152983
vn 0.682150 -0.682150 -0.556948
vt 0.520399272 0.908591986
vn -0.000000 -1.015873 -0.457031
vt 0.534928143 0.923152983
vn -0.000000 -0.964634 -0.556948
vt 0.534927249 0.908591986
vn 0.682150 0.682150 -0.556948
vt 0.534929097 0.908591986
vn -0.000000 0.964634 -0.556948
vt 0.520400882 0.908591986
vn 0.000000 1.015873 -0.457031
vt 0.520398617 0.923152983
vn 0.682150 0.682150 -0.556948
vt 0.534929097 0.908591986
vn 0.000000 1.015873 -0.457031
vt 0.520398617 0.923152983
vn 0.718351 0.718351 -0.457031
vt 0.534930468 0.923152983
vn -0.682150 0.682150 -0.556948
vt 0.520413518 0.908591986
vn -0.718351 0.718351 -0.457031
vt 0.520414174 0.923152983
vn 0.000000 1.015873 -0.457031
vt 0.534928381 0.923152983
vn -0.682150 0.682150 -0.556948
vt 0.520413518 0.908591986
vn 0.000000 1.015873 -0.457031
vt 0.534928381 0.923152983
vn -0.000000 0.964634 -0.556948
vt 0.534929752 0.908591986
vn -0.964634 0.000000 -0.556948
vt 0.534944475 0.908591986
vn -0.682150 -0.682150 -0.556948
vt 0.520413995 0.908591986
vn -0.718351 -0.718351 -0.457031
vt 0.520415783 0.923152983
vn -0.964634 0.000000 -0.556948
vt 0.534944475 0.908591986
vn -0.718351 -0.718351 -0.457031
vt 0.520415783 0.923152983
vn -1.015873 0.000000 -0.457031
vt 0.534945369 0.923152983
vn 0.964634 0.000000 -0.556948
vt 0.520403206 0.908591986
vn 1.015873 0.000000 -0.457031
vt 0.520403862 0.923152983
vn 0.718351 -0.718351 -0.457031
vt 0.534928858 0.923152983
vn 0.964634 0.000000 -0.556948
vt 0.520403206 0.908591986
vn 0.718351 -0.718351 -0.457031
vt 0.534928858 0.923152983
vn 0.682150 -0.682150 -0.556948
vt 0.534927249 0.908591986
vn 0.718351 -0.718351 -0.457031
vt 0.323579252 0.733869016
vn 1.015873 0.000000 -0.457031
vt 0.253145158 0.733869016
v -22.062971 26.702567 24.376310
vn 1.029128 -0.426288 0.000000
vt 0.253149033 0.767368972
vn 0.718351 -0.718351 -0.457031
vt 0.323579252 0.733869016
vn 1.029128 -0.426288 0.000000
vt 0.253149033 0.767368972
v -22.742236 25.062673 24.376310
vn 1.029128 -0.426288 0.000000
vt 0.323583156 0.767368972
vn -0.718351 -0.718351 -0.457031
vt 0.323583603 0.733869016
vn -0.000000 -1.015873 -0.457031
vt 0.253147215 0.733869016
v -24.382134 24.383410 24.376308
vn -0.426288 -1.029128 0.000000
vt 0.253152728 0.767368972
vn -0.718351 -0.718351 -0.457031
vt 0.323583603 0.733869016
vn -0.426288 -1.029128 0.000000
vt 0.253152728 0.767368972
v -26.022033 25.062673 24.376310
vn -0.426288 -1.029128 0.000000
vt 0.323588669 0.767368972
vn -0.718351 0.718351 -0.457031
vt 0.323594630 0.733869016
vn -1.015873 0.000000 -0.457031
vt 0.253163278 0.733869016
v -26.701297 26.702567 24.376310
vn -1.029128 0.426288 0.000000
vt 0.253166258 0.767368972
vn -0.718351 0.718351 -0.457031
vt 0.323594630 0.733869016
vn -1.029128 0.426288 0.000000
vt 0.253166258 0.767368972
v -26.022033 28.342465 24.376310
vn -1.029128 0.426288 0.000000
vt 0.323596686 0.767368972
vn 1.015873 0.000000 -0.457031
vt 0.323583156 0.733869016
vn 0.718351 0.718351 -0.457031
vt 0.253145844 0.733869016
vn 1.029128 0.426288 0.000000
vt 0.253149033 0.767368972
vn 1.015873 0.000000 -0.457031
vt 0.323583156 0.733869016
vn 1.029128 0.426288 0.000000
vt 0.253149033 0.767368972
vn 1.029128 0.426288 0.000000
vt 0.323587298 0.767368972
vn -0.000000 -1.015873 -0.457031
vt 0.323576748 0.733869016
vn 0.718351 -0.718351 -0.457031
vt 0.253141940 0.733869016
vn 0.426288 -1.029128 0.000000
vt 0.253146976 0.767368972
vn -0.000000 -1.015873 -0.457031
vt 0.323576748 0.733869016
vn 0.426288 -1.029128 0.000000
vt 0.253146976 0.767368972
vn 0.426288 -1.029128 0.000000
vt 0.323582023 0.767368972
vn -1.015873 0.000000 -0.457031
vt 0.323594391 0.733869016
vn -0.718351 -0.718351 -0.457031
vt 0.253157765 0.733869016
vn -1.029128 -0.426288 0.000000
vt 0.253161907 0.767368972
vn -1.015873 0.000000 -0.457031
vt 0.323594391 0.733869016
vn -1.029128 -0.426288 0.000000
vt 0.253161907 0.767368972
vn -1.029128 -0.426288 0.000000
vt 0.323597610 0.767368972
vn 0.000000 1.015873 -0.457031
vt 0.323568255 0.733869016
vn -0.718351 0.718351 -0.457031
vt 0.253147900 0.733869016
vn -0.426288 1.029128 0.000000
vt 0.253149748 0.767368972
vn 0.000000 1.015873 -0.457031
vt 0.323568255 0.733869016
vn -0.426288 1.029128 0.000000
vt 0.253149748 0.767368972
vn -0.426288 1.029128 0.000000
vt 0.323564351 0.767368972
v -25.628618 27.949055 15.675757
vn -0.000000 0.000000 1.113896
vt 0.978700817 0.764815986
v -26.144928 26.702573 15.675757
vn -0.000000 0.000000 1.113896
vt 0.983888805 0.752264023
v -25.628618 25.456087 15.675757
vn -0.000000 0.000000 1.113896
vt 0.978700817 0.739710987
v -24.382134 24.939779 15.675757
vn -0.000000 0.000000 1.113896
vt 0.966188371 0.734511018
vn -0.000000 0.000000 1.113896
vt 0.978700817 0.764815986
vn -0.000000 0.000000 1.113896
vt 0.978700817 0.739710987
vn -0.000000 0.000000 1.113896
vt 0.966188371 0.734511018
v -24.382134 28.465368 15.675757
vn -0.000000 0.000000 1.113896
vt 0.966188610 0.770016015
vn -0.000000 0.000000 1.113896
vt 0.978700817 0.764815986
vn -0.000000 0.000000 1.113896
vt 0.966188371 0.734511018
v -23.135647 27.949055 15.675757
vn -0.000000 0.000000 1.113896
vt 0.953615367 0.764815986
vn -0.000000 0.000000 1.113896
vt 0.966188610 0.770016015
vn -0.000000 0.000000 1.113896
vt 0.966188371 0.734511018
v -23.135647 25.456087 15.675757
vn -0.000000 0.000000 1.113896
vt 0.953615367 0.739710987
vn -0.000000 0.000000 1.113896
vt 0.953615367 0.764815986
vn -0.000000 0.000000 1.113896
vt 0.953615367 0.764815986
vn -0.000000 0.000000 1.113896
vt 0.953615367 0.739710987
v -22.619337 26.702573 15.675757
vn -0.000000 0.000000 1.113896
vt 0.948427379 0.752264023
vn -0.000000 0.614982 0.928766
vt 0.458647996 0.413865000
v -24.382134 28.465365 24.744684
vn -0.000000 0.614982 0.928766
vt 0.466591269 0.413888991
v -23.135647 27.949052 24.744684
vn 0.434865 0.434865 0.928766
vt 0.469042093 0.408737004
vn -0.000000 0.614982 0.928766
vt 0.458647996 0.413865000
v -25.628618 27.949052 24.744684
vn -0.434865 0.434865 0.928766
vt 0.468737841 0.419064999
vn -0.000000 0.614982 0.928766
vt 0.466591269 0.413888991
vn -0.000000 0.614982 0.928766
vt 0.458647996 0.413865000
vn -0.434865 0.434865 0.928766
vt 0.463489264 0.421826988
vn -0.434865 0.434865 0.928766
vt 0.468737841 0.419064999
vn -0.000000 0.614982 0.928766
vt 0.458647996 0.413865000
vn 0.434865 0.434865 0.928766
vt 0.469042093 0.408737004
vn 0.434865 0.434865 0.928766
vt 0.463792622 0.405970007
vn 0.434865 0.434865 0.928766
vt 0.469042093 0.408737004
v -22.619337 26.702567 24.744684
vn 0.614982 0.000000 0.928766
vt 0.473380178 0.406720012
vn 0.434865 0.434865 0.928766
vt 0.463792622 0.405970007
v -26.144928 26.702567 24.744684
vn -0.614982 0.000000 0.928766
vt 0.473141313 0.421025008
vn -0.434865 0.434865 0.928766
vt 0.468737841 0.419064999
vn -0.434865 0.434865 0.928766
vt 0.463489264 0.421826988
vn -0.614982 0.000000 0.928766
vt 0.473141313 0.421025008
vn -0.434865 0.434865 0.928766
vt 0.463489264 0.421826988
vn -0.614982 0.000000 0.928766
vt 0.473202586 0.424623013
vn 0.614982 0.000000 0.928766
vt 0.473319143 0.403122008
vn 0.434865 0.434865 0.928766
vt 0.463792622 0.405970007
vn 0.614982 0.000000 0.928766
vt 0.473380178 0.406720012
vn 0.434865 -0.434865 0.928766
vt 0.483021677 0.405918002
vn 0.614982 0.000000 0.928766
vt 0.473319143 0.403122008
vn 0.614982 0.000000 0.928766
vt 0.473380178 0.406720012
vn -0.434865 -0.434865 0.928766
vt 0.482783258 0.421775013
vn -0.614982 0.000000 0.928766
vt 0.473141313 0.421025008
vn -0.614982 0.000000 0.928766
vt 0.473202586 0.424623013
vn -0.434865 -0.434865 0.928766
vt 0.482783258 0.421775013
v -25.628618 25.456082 24.744684
vn -0.434865 -0.434865 0.928766
vt 0.477532864 0.419009000
vn -0.614982 0.000000 0.928766
vt 0.473141313 0.421025008
vn 0.434865 -0.434865 0.928766
vt 0.483021677 0.405918002
vn 0.614982 0.000000 0.928766
vt 0.473380178 0.406720012
v -23.135647 25.456082 24.744684
vn 0.434865 -0.434865 0.928766
vt 0.477772653 0.408679992
vn -0.000000 -0.614982 0.928766
vt 0.487844825 0.413879991
vn 0.434865 -0.434865 0.928766
vt 0.483021677 0.405918002
vn 0.434865 -0.434865 0.928766
vt 0.477772653 0.408679992
vn -0.000000 -0.614982 0.928766
vt 0.487844825 0.413879991
vn -0.434865 -0.434865 0.928766
vt 0.477532864 0.419009000
vn -0.434865 -0.434865 0.928766
vt 0.482783258 0.421775013
vn -0.000000 -0.614982 0.928766
vt 0.487844825 0.413879991
v -24.382134 24.939774 24.744684
vn -0.000000 -0.614982 0.928766
vt 0.479910493 0.413856000
vn -0.434865 -0.434865 0.928766
vt 0.477532864 0.419009000
vn -0.000000 -0.614982 0.928766
vt 0.487844825 0.413879991
vn 0.434865 -0.434865 0.928766
vt 0.477772653 0.408679992
vn -0.000000 -0.614982 0.928766
vt 0.479910493 0.413856000
vn -1.113896 0.000000 0.000000
vt 0.473355174 0.406720012
vn -0.787636 -0.787636 0.000000
vt 0.469023526 0.408737004
vn -0.787636 -0.787636 0.000000
vt 0.468995988 0.408737004
vn -1.113896 0.000000 0.000000
vt 0.473355174 0.406720012
vn -0.787636 -0.787636 0.000000
vt 0.468995988 0.408737004
vn -1.113896 0.000000 0.000000
vt 0.473329484 0.406720012
vn -1.113896 0.000000 0.000000
vt 0.473355174 0.406720012
vn -1.113896 0.000000 0.000000
vt 0.473329484 0.406720012
vn -0.787636 0.787636 0.000000
vt 0.477750838 0.408679992
vn -0.787636 -0.787636 0.000000
vt 0.469023526 0.408737004
vn -0.000000 -1.113896 0.000000
vt 0.466554582 0.413888991
vn -0.787636 -0.787636 0.000000
vt 0.468995988 0.408737004
vn -0.787636 -0.787636 0.000000
vt 0.469023526 0.408737004
vn -0.000000 -1.113896 0.000000
vt 0.466582566 0.413888991
vn -0.000000 -1.113896 0.000000
vt 0.466554582 0.413888991
vn -0.787636 0.787636 0.000000
vt 0.477750838 0.408679992
vn -1.113896 0.000000 0.000000
vt 0.473329484 0.406720012
vn -0.787636 0.787636 0.000000
vt 0.477724224 0.408679992
vn -0.000000 1.113896 0.000000
vt 0.479887545 0.413856000
vn -0.787636 0.787636 0.000000
vt 0.477750838 0.408679992
vn -0.787636 0.787636 0.000000
vt 0.477724224 0.408679992
vn -0.000000 -1.113896 0.000000
vt 0.466582566 0.413888991
vn 0.787636 -0.787636 0.000000
vt 0.468690813 0.419064999
vn -0.000000 -1.113896 0.000000
vt 0.466554582 0.413888991
vn -0.000000 -1.113896 0.000000
vt 0.466582566 0.413888991
vn 0.787636 -0.787636 0.000000
vt 0.468717188 0.419064999
vn 0.787636 -0.787636 0.000000
vt 0.468690813 0.419064999
vn -0.000000 1.113896 0.000000
vt 0.479887545 0.413856000
vn -0.787636 0.787636 0.000000
vt 0.477724224 0.408679992
vn -0.000000 1.113896 0.000000
vt 0.479860246 0.413856000
vn -0.000000 1.113896 0.000000
vt 0.479887545 0.413856000
vn -0.000000 1.113896 0.000000
vt 0.479860246 0.413856000
vn 0.787636 0.787636 0.000000
vt 0.477506697 0.419009000
vn 0.787636 -0.787636 0.000000
vt 0.468717188 0.419064999
vn 1.113896 0.000000 -0.000000
vt 0.473085344 0.421025008
vn 0.787636 -0.787636 0.000000
vt 0.468690813 0.419064999
vn 1.113896 0.000000 -0.000000
vt 0.473109663 0.421025008
vn 1.113896 0.000000 -0.000000
vt 0.473085344 0.421025008
vn 0.787636 -0.787636 0.000000
vt 0.468717188 0.419064999
vn 0.787636 0.787636 0.000000
vt 0.477506697 0.419009000
vn -0.000000 1.113896 0.000000
vt 0.479860246 0.413856000
vn 0.787636 0.787636 0.000000
vt 0.477479875 0.419009000
vn 1.113896 0.000000 -0.000000
vt 0.473109663 0.421025008
vn 0.787636 0.787636 0.000000
vt 0.477506697 0.419009000
vn 0.787636 0.787636 0.000000
vt 0.477479875 0.419009000
vn 1.113896 0.000000 -0.000000
vt 0.473109663 0.421025008
vn 0.787636 0.787636 0.000000
vt 0.477479875 0.419009000
vn 1.113896 0.000000 -0.000000
vt 0.473085344 0.421025008
s 259
f 1772/9019/9019 1773/9020/9020 1774/9021/9021
f 1772/9022/9022 1774/9023/9023 1775/9024/9024
f 1775/9025/9025 1774/9026/9026 1776/9027/9027
f 1775/9028/9028 1776/9029/9029 1777/9030/9030
f 1777/9031/9031 1776/9032/9032 1778/9033/9033
f 1777/9034/9034 1778/9035/9035 1779/9036/9036
f 1779/9037/9037 1778/9038/9038 1780/9039/9039
f 1779/9040/9040 1780/9041/9041 1781/9042/9042
f 1781/9043/9043 1780/9044/9044 1782/9045/9045
f 1781/9046/9046 1782/9047/9047 1783/9048/9048
f 1783/9049/9049 1782/9050/9050 1784/9051/9051
f 1783/9052/9052 1784/9053/9053 1785/9054/9054
f 1779/9055/9055 1781/9056/9056 1786/9057/9057
f 1779/9058/9058 1786/9059/9059 1787/9060/9060
f 1785/9061/9061 1784/9062/9062 1788/9063/9063
f 1785/9064/9064 1788/9065/9065 1789/9066/9066
f 1789/9067/9067 1788/9068/9068 1773/9069/9069
f 1789/9070/9070 1773/9071/9071 1772/9072/9072
f 1790/9073/9073 1791/9074/9074 1792/9075/9075
f 1790/9076/9076 1792/9077/9077 1793/9078/9078
f 1785/9079/9079 1789/9080/9080 1790/9081/9081
f 1785/9082/9082 1790/9083/9083 1794/9084/9084
f 1777/9085/9085 1795/9086/9086 1796/9087/9087
f 1777/9088/9088 1796/9089/9089 1775/9090/9090
f 1783/9091/9091 1797/9092/9092 1786/9093/9093
f 1783/9094/9094 1786/9095/9095 1781/9096/9096
f 1789/9097/9097 1772/9098/9098 1791/9099/9099
f 1789/9100/9100 1791/9101/9101 1790/9102/9102
f 1775/9103/9103 1796/9104/9104 1791/9105/9105
f 1775/9106/9106 1791/9107/9107 1772/9108/9108
f 1777/9109/9109 1779/9110/9110 1787/9111/9111
f 1777/9112/9112 1787/9113/9113 1795/9114/9114
f 1785/9115/9115 1794/9116/9116 1797/9117/9117
f 1785/9118/9118 1797/9119/9119 1783/9120/9120
f 1797/9121/9121 1794/9122/9122 1798/9123/9123
f 1797/9124/9124 1798/9125/9125 1799/9126/9126
f 1787/9127/9127 1786/9128/9128 1800/9129/9129
f 1787/9130/9130 1800/9131/9131 1801/9132/9132
f 1796/9133/9133 1795/9134/9134 1802/9135/9135
f 1796/9136/9136 1802/9137/9137 1803/9138/9138
f 1794/9139/9139 1790/9140/9140 1793/9141/9141
f 1794/9142/9142 1793/9143/9143 1798/9144/9144
f 1786/9145/9145 1797/9146/9146 1799/9147/9147
f 1786/9148/9148 1799/9149/9149 1800/9150/9150
f 1795/9151/9151 1787/9152/9152 1801/9153/9153
f 1795/9154/9154 1801/9155/9155 1802/9156/9156
f 1791/9157/9157 1796/9158/9158 1803/9159/9159
f 1791/9160/9160 1803/9161/9161 1792/9162/9162
s 260
f 1804/9163/9163 1805/9164/9164 1806/9165/9165
f 1807/9166/9166 1804/9167/9167 1806/9168/9168
f 1807/9169/9169 1808/9170/9170 1804/9171/9171
f 1807/9172/9172 1809/9173/9173 1808/9174/9174
f 1807/9175/9175 1810/9176/9176 1809/9177/9177
f 1809/9178/9178 1810/9179/9179 1811/9180/9180
s 261
f 1792/9181/9181 1812/9182/9182 1813/9183/9183
f 1792/9184/9184 1814/9185/9185 1812/9186/9186
f 1792/9187/9187 1803/9188/9188 1814/9189/9189
f 1792/9190/9190 1813/9191/9191 1793/9192/9192
f 1813/9193/9193 1815/9194/9194 1793/9195/9195
f 1816/9196/9196 1814/9197/9197 1803/9198/9198
f 1816/9199/9199 1803/9200/9200 1802/9201/9201
f 1798/9202/9202 1793/9203/9203 1815/9204/9204
f 1799/9205/9205 1798/9206/9206 1815/9207/9207
f 1801/9208/9208 1816/9209/9209 1802/9210/9210
f 1801/9211/9211 1817/9212/9212 1816/9213/9213
f 1799/9214/9214 1815/9215/9215 1818/9216/9216
f 1800/9217/9217 1799/9218/9218 1818/9219/9219
f 1800/9220/9220 1817/9221/9221 1801/9222/9222
f 1800/9223/9223 1819/9224/9224 1817/9225/9225
f 1800/9226/9226 1818/9227/9227 1819/9228/9228
s 262
f 1815/9229/9229 1813/9230/9230 1809/9231/9231
f 1815/9232/9232 1809/9233/9233 1811/9234/9234
f 1815/9235/9235 1811/9236/9236 1818/9237/9237
f 1813/9238/9238 1808/9239/9239 1809/9240/9240
f 1813/9241/9241 1812/9242/9242 1808/9243/9243
f 1818/9244/9244 1811/9245/9245 1810/9246/9246
f 1819/9247/9247 1818/9248/9248 1810/9249/9249
f 1812/9250/9250 1804/9251/9251 1808/9252/9252
f 1812/9253/9253 1814/9254/9254 1804/9255/9255
f 1819/9256/9256 1810/9257/9257 1807/9258/9258
f 1819/9259/9259 1807/9260/9260 1817/9261/9261
f 1814/9262/9262 1805/9263/9263 1804/9264/9264
f 1816/9265/9265 1805/9266/9266 1814/9267/9267
f 1817/9268/9268 1807/9269/9269 1806/9270/9270
f 1816/9271/9271 1817/9272/9272 1806/9273/9273
f 1816/9274/9274 1806/9275/9275 1805/9276/9276
o flare3,ox=-0.00,oy=0.00,oz=12.12,p=rbarrel2,,e=0
v -24.302090 26.691734 25.047224
v -24.302090 26.691734 29.047224
v -24.302090 28.691734 25.047224
f 1820/1/1 1821/2/2 1822/3/3
o llauncher,ox=24.30,oy=5.39,oz=-0.38,p=shoulder,
v 24.297466 39.664561 -7.951979
vn -0.000000 0.000000 -1.113896
vt 0.578553379 0.870012999
v 25.725776 35.624690 -7.360357
vn 0.787636 0.000000 -0.787636
vt 0.578004062 0.858666003
v 24.297466 35.624694 -7.951981
vn -0.000000 0.000000 -1.113896
vt 0.578553379 0.858666003
vn -0.000000 0.000000 -1.113896
vt 0.578553379 0.870012999
v 25.725776 39.664558 -7.360354
vn 0.787636 0.000000 -0.787636
vt 0.578004062 0.870012999
vn 0.787636 0.000000 -0.787636
vt 0.578004062 0.858666003
vn 0.787636 0.000000 -0.787636
vt 0.578004062 0.858666003
vn 0.787636 0.000000 -0.787636
vt 0.578004062 0.870012999
v 26.317403 35.624690 -5.932043
vn 1.113896 0.000000 0.000000
vt 0.577393711 0.858666003
vn 0.787636 0.000000 -0.787636
vt 0.578004062 0.870012999
v 26.317403 39.664558 -5.932041
vn 1.113896 0.000000 0.000000
vt 0.577393711 0.870012999
vn 1.113896 0.000000 0.000000
vt 0.577393711 0.858666003
vn 1.113896 0.000000 0.000000
vt 0.577393711 0.858666003
vn 1.113896 0.000000 0.000000
vt 0.577393711 0.870012999
v 25.725776 35.624690 -4.503733
vn 0.787636 0.000000 0.787636
vt 0.576844394 0.858666003
vn 1.113896 0.000000 0.000000
vt 0.577393711 0.870012999
v 25.725776 39.664558 -4.503731
vn 0.787636 0.000000 0.787636
vt 0.576844394 0.870012999
vn 0.787636 0.000000 0.787636
vt 0.576844394 0.858666003
vn 0.787636 0.000000 0.787636
vt 0.576844394 0.858666003
vn 0.787636 0.000000 0.787636
vt 0.576844394 0.870012999
v 24.297466 35.624690 -3.912106
vn -0.000000 0.000000 1.113896
vt 0.576234043 0.858666003
vn 0.787636 0.000000 0.787636
vt 0.576844394 0.870012999
v 24.297466 39.664558 -3.912104
vn -0.000000 0.000000 1.113896
vt 0.576234043 0.870012999
vn -0.000000 0.000000 1.113896
vt 0.576234043 0.858666003
vn -0.000000 0.000000 1.113896
vt 0.576234043 0.858666003
vn -0.000000 0.000000 1.113896
vt 0.576234043 0.870012999
v 22.869155 35.624690 -4.503733
vn -0.787636 0.000000 0.787636
vt 0.575684726 0.858666003
vn -0.000000 0.000000 1.113896
vt 0.576234043 0.870012999
v 22.869155 39.664558 -4.503731
vn -0.787636 0.000000 0.787636
vt 0.575684726 0.870012999
vn -0.787636 0.000000 0.787636
vt 0.575684726 0.858666003
vn -0.787636 0.000000 0.787636
vt 0.575684726 0.858666003
vn -0.787636 0.000000 0.787636
vt 0.575684726 0.870012999
v 22.277529 35.624690 -5.932043
vn -1.113896 0.000000 0.000000
vt 0.575074375 0.858666003
vn -0.787636 0.000000 0.787636
vt 0.575684726 0.870012999
v 22.277529 39.664558 -5.932041
vn -1.113896 0.000000 0.000000
vt 0.575074375 0.870012999
vn -1.113896 0.000000 0.000000
vt 0.575074375 0.858666003
vn -1.113896 0.000000 0.000000
vt 0.575074375 0.858666003
vn -1.113896 0.000000 0.000000
vt 0.575074375 0.870012999
v 22.869155 35.624690 -7.360357
vn -0.787636 0.000000 -0.787636
vt 0.574525058 0.858666003
vn -1.113896 0.000000 0.000000
vt 0.575074375 0.870012999
v 22.869155 39.664558 -7.360354
vn -0.787636 0.000000 -0.787636
vt 0.574525058 0.870012999
vn -0.787636 0.000000 -0.787636
vt 0.574525058 0.858666003
vn -0.787636 0.000000 -0.787636
vt 0.574525058 0.858666003
vn -0.787636 0.000000 -0.787636
vt 0.574525058 0.870012999
vn -0.000000 0.000000 -1.113896
vt 0.573914707 0.858666003
vn -0.787636 0.000000 -0.787636
vt 0.574525058 0.870012999
vn -0.000000 0.000000 -1.113896
vt 0.573914707 0.870012999
vn -0.000000 0.000000 -1.113896
vt 0.573914707 0.858666003
v 21.623039 25.611618 7.756483
vn -0.000000 0.000000 -1.113896
vt 0.055611286 0.696434975
v 21.623039 28.584362 7.756483
vn -0.000000 0.000000 -1.113896
vt 0.036811084 0.696434975
v 26.971886 28.584362 7.756483
vn -0.000000 0.000000 -1.113896
vt 0.036824849 0.659179986
vn -0.000000 0.000000 -1.113896
vt 0.055611286 0.696434975
vn -0.000000 0.000000 -1.113896
vt 0.036824849 0.659179986
v 26.971886 25.611618 7.756483
vn -0.000000 0.000000 -1.113896
vt 0.055623908 0.659179986
vn -0.000000 0.000000 -1.113896
vt 0.055611286 0.696434975
vn -0.000000 0.000000 -1.113896
vt 0.055623908 0.659179986
v 25.785202 24.304687 7.756483
vn -0.000000 0.000000 -1.113896
vt 0.063861363 0.667445004
vn -0.000000 0.000000 -1.113896
vt 0.055611286 0.696434975
vn -0.000000 0.000000 -1.113896
vt 0.063861363 0.667445004
v 22.809725 24.304687 7.756483
vn -0.000000 0.000000 -1.113896
vt 0.063854247 0.688169003
v 22.809725 24.304689 1.160655
vn -0.000000 0.000000 1.113896
vt 0.063983887 0.667702019
v 25.785202 24.304689 1.160655
vn -0.000000 0.000000 1.113896
vt 0.063988477 0.688426971
v 26.971886 25.611619 1.160655
vn -0.000000 0.000000 1.113896
vt 0.055749420 0.696691990
vn -0.000000 0.000000 1.113896
vt 0.063983887 0.667702019
vn -0.000000 0.000000 1.113896
vt 0.055749420 0.696691990
v 21.623039 25.611619 1.160655
vn -0.000000 0.000000 1.113896
vt 0.055741388 0.659437001
vn -0.000000 0.000000 1.113896
vt 0.055749420 0.696691990
v 21.623039 28.584362 1.160656
vn -0.000000 0.000000 1.113896
vt 0.036933612 0.659437001
vn -0.000000 0.000000 1.113896
vt 0.055741388 0.659437001
vn -0.000000 0.000000 1.113896
vt 0.055749420 0.696691990
v 26.971886 28.584362 1.160656
vn -0.000000 0.000000 1.113896
vt 0.036941644 0.696691990
vn -0.000000 0.000000 1.113896
vt 0.036933612 0.659437001
v 25.785202 24.304689 -2.292866
vn -0.000000 -0.624004 -0.922751
vt 0.006246237 0.870396972
v 22.809725 24.304689 -2.292866
vn -0.000000 -0.624004 -0.922751
vt 0.006244401 0.853905976
v 21.623039 25.611619 -3.176718
vn -0.000000 -0.624004 -0.922751
vt 0.020282947 0.847329021
vn -0.000000 -0.624004 -0.922751
vt 0.006246237 0.870396972
vn -0.000000 -0.624004 -0.922751
vt 0.020282947 0.847329021
v 26.971886 25.611619 -3.176718
vn -0.000000 -0.624004 -0.922751
vt 0.020287994 0.876975000
vn -0.000000 -0.624004 -0.922751
vt 0.020282947 0.847329021
v 26.971886 28.584362 -5.187120
vn -0.000000 -0.624004 -0.922751
vt 0.052330535 0.876975000
vn -0.000000 -0.624004 -0.922751
vt 0.020287994 0.876975000
vn -0.000000 -0.624004 -0.922751
vt 0.020282947 0.847329021
v 21.623039 28.584362 -5.187120
vn -0.000000 -0.624004 -0.922751
vt 0.052324109 0.847329021
vn -0.000000 -0.624004 -0.922751
vt 0.052330535 0.876975000
v 22.809725 24.304684 13.716370
vn -0.000000 0.000000 1.113896
vt 0.176916823 0.916307986
v 25.785202 24.304684 13.716370
vn -0.000000 0.000000 1.113896
vt 0.176916361 0.932115972
v 26.971886 25.611617 13.716370
vn -0.000000 0.000000 1.113896
vt 0.170629054 0.938421011
v 21.623039 25.611617 13.716370
vn -0.000000 0.000000 1.113896
vt 0.170629054 0.910003006
vn -0.000000 0.000000 1.113896
vt 0.176916823 0.916307986
vn -0.000000 0.000000 1.113896
vt 0.170629054 0.938421011
vn -0.000000 0.000000 1.113896
vt 0.170629054 0.910003006
vn -0.000000 0.000000 1.113896
vt 0.170629054 0.938421011
v 21.623039 33.880526 13.716374
vn -0.000000 0.000000 1.113896
vt 0.130720094 0.910003006
vn -0.000000 0.000000 1.113896
vt 0.170629054 0.938421011
v 26.971886 33.880526 13.716374
vn -0.000000 0.000000 1.113896
vt 0.130721927 0.938421011
vn -0.000000 0.000000 1.113896
vt 0.130720094 0.910003006
v 26.767737 36.670501 -13.057876
vn -0.000000 0.000000 -1.113896
vt 0.037858546 0.707488000
v 27.443370 36.109380 -13.057876
vn -0.000000 0.000000 -1.113896
vt 0.040176965 0.705542028
v 27.443370 34.906888 -13.057877
vn -0.000000 0.000000 -1.113896
vt 0.043479059 0.705542028
vn -0.000000 0.000000 -1.113896
vt 0.037858546 0.707488000
vn -0.000000 0.000000 -1.113896
vt 0.043479059 0.705542028
v 21.151559 34.906888 -13.057877
vn -0.000000 0.000000 -1.113896
vt 0.043480206 0.723667026
vn -0.000000 0.000000 -1.113896
vt 0.037858546 0.707488000
vn -0.000000 0.000000 -1.113896
vt 0.043480206 0.723667026
v 21.827192 36.670501 -13.057876
vn -0.000000 0.000000 -1.113896
vt 0.037859466 0.721719980
vn -0.000000 0.000000 -1.113896
vt 0.043480206 0.723667026
v 21.151559 36.109380 -13.057876
vn -0.000000 0.000000 -1.113896
vt 0.040178113 0.723667026
vn -0.000000 0.000000 -1.113896
vt 0.037859466 0.721719980
vn -0.000000 0.000000 -1.113896
vt 0.043479059 0.705542028
v 27.443370 31.328746 -13.057878
vn -0.000000 0.000000 -1.113896
vt 0.052820191 0.705542028
vn -0.000000 0.000000 -1.113896
vt 0.043480206 0.723667026
vn -0.000000 0.000000 -1.113896
vt 0.043480206 0.723667026
vn -0.000000 0.000000 -1.113896
vt 0.052820191 0.705542028
v 21.151559 31.328746 -13.057878
vn -0.000000 0.000000 -1.113896
vt 0.052821338 0.723667026
v 27.918304 31.929243 -9.979060
vn -1.113896 0.000000 0.000000
vt 0.625001132 0.000000000
v 27.918304 34.339374 -1.575259
vn -1.113896 0.000000 0.000000
vt 0.375001132 0.250000000
v 27.918304 34.339377 -9.979059
vn -1.113896 0.000000 0.000000
vt 0.375001132 0.000000000
vn -1.113896 0.000000 0.000000
vt 0.625001132 0.000000000
v 27.918304 31.929232 -1.575260
vn -1.113896 0.000000 0.000000
vt 0.625001132 0.250000000
vn -1.113896 0.000000 0.000000
vt 0.375001132 0.250000000
vn -0.000000 0.000000 1.113896
vt 0.499940097 0.257064015
v 33.115811 33.911413 -1.575260
vn -0.000000 0.000000 1.113896
vt 0.441022843 0.360284001
vn -0.000000 0.000000 1.113896
vt 0.440980136 0.257064015
vn -0.000000 0.000000 1.113896
vt 0.499940097 0.257064015
v 33.115811 32.357193 -1.575260
vn -0.000000 0.000000 1.113896
vt 0.499980956 0.360284001
vn -0.000000 0.000000 1.113896
vt 0.441022843 0.360284001
vn 1.113896 0.000000 0.000000
vt 0.499998152 0.371906012
v 33.115811 33.911423 -5.753761
vn 1.113896 0.000000 0.000000
vt 0.441038191 0.454609007
vn 1.113896 0.000000 0.000000
vt 0.441038191 0.371906012
vn 1.113896 0.000000 0.000000
vt 0.499998152 0.371906012
v 33.115811 32.357193 -5.753763
vn 1.113896 0.000000 0.000000
vt 0.499998152 0.454609007
vn 1.113896 0.000000 0.000000
vt 0.441038191 0.454609007
vn 0.702646 0.000000 -0.864272
vt 0.499993116 0.372936994
vn 0.702646 0.000000 -0.864272
vt 0.440980136 0.475724995
vn 0.702646 0.000000 -0.864272
vt 0.441033602 0.372936994
vn 0.702646 0.000000 -0.864272
vt 0.499993116 0.372936994
vn 0.702646 0.000000 -0.864272
vt 0.499940097 0.475724995
vn 0.702646 0.000000 -0.864272
vt 0.440980136 0.475724995
vn 0.091451 1.110109 0.000000
vt 0.495362461 0.426598012
vn 0.091451 1.110109 0.000000
vt 0.442614555 0.384287000
vn 0.091451 1.110109 0.000000
vt 0.495362461 0.341500998
vn 0.091451 1.110109 0.000000
vt 0.495362461 0.426598012
vn 0.091451 1.110109 0.000000
vt 0.442616850 0.426598012
vn 0.091451 1.110109 0.000000
vt 0.442614555 0.384287000
vn 0.091451 -1.110109 0.000000
vt 0.494996250 0.426616013
vn 0.091451 -1.110109 0.000000
vt 0.442174911 0.384303987
vn 0.091451 -1.110109 0.000000
vt 0.442174226 0.426616013
vn 0.091451 -1.110109 0.000000
vt 0.494996250 0.426616013
vn 0.091451 -1.110109 0.000000
vt 0.494996250 0.341518015
vn 0.091451 -1.110109 0.000000
vt 0.442174911 0.384303987
vn -0.000000 -1.113896 0.000000
vt 0.044330798 0.834574997
vn -0.000000 -1.113896 0.000000
vt 0.002159405 0.817425013
vn -0.000000 -1.113896 0.000000
vt 0.044330109 0.817425013
vn -0.000000 -1.113896 0.000000
vt 0.044330798 0.834574997
vn -0.000000 -1.113896 0.000000
vt 0.002158488 0.834574997
vn -0.000000 -1.113896 0.000000
vt 0.002159405 0.817425013
v 21.623039 35.431280 10.866267
vn -0.000000 0.978446 0.532331
vt 0.153012380 0.909785986
vn -0.000000 0.978446 0.532331
vt 0.171199247 0.936621010
v 26.971886 35.431280 10.866267
vn -0.000000 0.978446 0.532331
vt 0.153012380 0.936621010
vn -0.000000 0.978446 0.532331
vt 0.153012380 0.909785986
vn -0.000000 0.978446 0.532331
vt 0.171199247 0.909785986
vn -0.000000 0.978446 0.532331
vt 0.171199247 0.936621010
vn -0.000000 -1.113896 0.000000
vt 0.008982034 0.909128010
vn -0.000000 -1.113896 0.000000
vt 0.047260027 0.937229991
vn -0.000000 -1.113896 0.000000
vt 0.008991901 0.937229991
vn -0.000000 -1.113896 0.000000
vt 0.008982034 0.909128010
vn -0.000000 -1.113896 0.000000
vt 0.047248784 0.909128010
vn -0.000000 -1.113896 0.000000
vt 0.047260027 0.937229991
vn 1.113896 0.000000 0.000000
vt 0.061916955 0.950923026
v 26.971886 35.431287 -5.187117
vn 1.113896 0.000000 0.000000
vt 0.078004077 0.997397006
v 26.971886 35.431287 1.160658
vn 1.113896 0.000000 0.000000
vt 0.061927740 0.997397006
vn 1.113896 0.000000 0.000000
vt 0.061916955 0.950923026
vn 1.113896 0.000000 0.000000
vt 0.078030691 0.950923026
vn 1.113896 0.000000 0.000000
vt 0.078004077 0.997397006
vn 1.113896 0.000000 0.000000
vt 0.094651304 0.899347007
vn 1.113896 0.000000 0.000000
vt 0.121681154 0.876475990
vn 1.113896 0.000000 0.000000
vt 0.081964016 0.876475990
vn 1.113896 0.000000 0.000000
vt 0.094651304 0.899347007
vn 1.113896 0.000000 0.000000
vt 0.121670373 0.899347007
vn 1.113896 0.000000 0.000000
vt 0.121681154 0.876475990
vn 1.113896 0.000000 0.000000
vt 0.121853478 0.876547992
vn 1.113896 0.000000 0.000000
vt 0.098729417 0.918932021
vn 1.113896 0.000000 0.000000
vt 0.087979421 0.876547992
vn 1.113896 0.000000 0.000000
vt 0.121853478 0.876547992
vn 1.113896 0.000000 0.000000
vt 0.121862888 0.918932021
vn 1.113896 0.000000 0.000000
vt 0.098729417 0.918932021
vn 1.113896 0.000000 0.000000
vt 0.097031675 0.913653016
vn 1.113896 0.000000 0.000000
vt 0.122236438 0.926768005
vn 1.113896 0.000000 0.000000
vt 0.097028002 0.926768005
vn 1.113896 0.000000 0.000000
vt 0.097031675 0.913653016
vn 1.113896 0.000000 0.000000
vt 0.122246996 0.890286982
vn 1.113896 0.000000 0.000000
vt 0.122236438 0.926768005
vn 1.113896 0.000000 0.000000
vt 0.097031675 0.913653016
vn 1.113896 0.000000 0.000000
vt 0.110223293 0.883445024
vn 1.113896 0.000000 0.000000
vt 0.122246996 0.890286982
vn -1.113896 0.000000 0.000000
vt 0.094448231 0.899347007
v 21.623039 35.431287 1.160658
vn -1.113896 0.000000 0.000000
vt 0.121483363 0.876475990
vn -1.113896 0.000000 0.000000
vt 0.121467993 0.899347007
vn -1.113896 0.000000 0.000000
vt 0.094448231 0.899347007
vn -1.113896 0.000000 0.000000
vt 0.081762098 0.876475990
vn -1.113896 0.000000 0.000000
vt 0.121483363 0.876475990
vn -1.113896 0.000000 0.000000
vt 0.061913054 0.997397006
vn -1.113896 0.000000 0.000000
vt 0.078071766 0.950923026
vn -1.113896 0.000000 0.000000
vt 0.061897680 0.950923026
vn -1.113896 0.000000 0.000000
vt 0.061913054 0.997397006
v 21.623039 35.431287 -5.187117
vn -1.113896 0.000000 0.000000
vt 0.078065112 0.997397006
vn -1.113896 0.000000 0.000000
vt 0.078071766 0.950923026
vn -1.113896 0.000000 0.000000
vt 0.121834204 0.876547992
vn -1.113896 0.000000 0.000000
vt 0.098645665 0.918932021
vn -1.113896 0.000000 0.000000
vt 0.121840857 0.918932021
vn -1.113896 0.000000 0.000000
vt 0.121834204 0.876547992
vn -1.113896 0.000000 0.000000
vt 0.087898426 0.876547992
vn -1.113896 0.000000 0.000000
vt 0.098645665 0.918932021
vn -1.113896 0.000000 0.000000
vt 0.122107029 0.890286982
vn -1.113896 0.000000 0.000000
vt 0.110082410 0.883445024
vn -1.113896 0.000000 0.000000
vt 0.096889637 0.913653016
vn -1.113896 0.000000 0.000000
vt 0.122107029 0.890286982
vn -1.113896 0.000000 0.000000
vt 0.096889637 0.913653016
vn -1.113896 0.000000 0.000000
vt 0.122101746 0.926768005
vn -1.113896 0.000000 0.000000
vt 0.096889637 0.913653016
vn -1.113896 0.000000 0.000000
vt 0.096886657 0.926768005
vn -1.113896 0.000000 0.000000
vt 0.122101746 0.926768005
v 26.374792 35.431287 2.778699
vn -1.113896 0.000000 0.000000
vt 0.497519135 0.351797014
v 26.374792 35.027295 8.373466
vn -1.113896 0.000000 0.000000
vt 0.477122366 0.237139001
v 26.374792 35.431283 8.373466
vn -1.113896 0.000000 0.000000
vt 0.497523040 0.237139001
vn -1.113896 0.000000 0.000000
vt 0.497519135 0.351797014
v 26.374792 35.027299 2.778699
vn -1.113896 0.000000 0.000000
vt 0.477126032 0.351797014
vn -1.113896 0.000000 0.000000
vt 0.477122366 0.237139001
vn -0.000000 0.000000 -1.113896
vt 0.098532543 0.947057009
vn -0.000000 0.000000 -1.113896
vt 0.123170093 0.929235995
vn -0.000000 0.000000 -1.113896
vt 0.123170093 0.947057009
vn -0.000000 0.000000 -1.113896
vt 0.098532543 0.947057009
vn -0.000000 0.000000 -1.113896
vt 0.098526575 0.929235995
vn -0.000000 0.000000 -1.113896
vt 0.123170093 0.929235995
vn 0.000000 1.113896 -0.000000
vt 0.183942750 0.998969018
vn 0.000000 1.113896 -0.000000
vt 0.151978686 0.970193028
vn 0.000000 1.113896 -0.000000
vt 0.183938846 0.970193028
vn 0.000000 1.113896 -0.000000
vt 0.183942750 0.998969018
vn 0.000000 1.113896 -0.000000
vt 0.151978686 0.998969018
vn 0.000000 1.113896 -0.000000
vt 0.151978686 0.970193028
v 22.220135 35.431283 8.373466
vn 0.000000 1.113896 -0.000000
vt 0.169060037 0.974312007
vn 0.000000 1.113896 -0.000000
vt 0.125955448 0.971226990
vn 0.000000 1.113896 -0.000000
vt 0.183954000 0.971226990
vn 0.000000 1.113896 -0.000000
vt 0.169060037 0.974312007
vn 0.000000 1.113896 -0.000000
vt 0.183954000 0.971226990
vn 0.000000 1.113896 -0.000000
vt 0.183955148 0.998862028
vn 0.000000 1.113896 -0.000000
vt 0.169060037 0.974312007
vn 0.000000 1.113896 -0.000000
vt 0.183955148 0.998862028
vn 0.000000 1.113896 -0.000000
vt 0.169061184 0.995777011
vn 0.000000 1.113896 -0.000000
vt 0.169060037 0.974312007
v 22.220135 35.431287 2.778699
vn 0.000000 1.113896 -0.000000
vt 0.135604292 0.974312007
vn 0.000000 1.113896 -0.000000
vt 0.125955448 0.971226990
vn 0.000000 1.113896 -0.000000
vt 0.135604292 0.974312007
vn 0.000000 1.113896 -0.000000
vt 0.125959352 0.998862028
vn 0.000000 1.113896 -0.000000
vt 0.125955448 0.971226990
vn 0.000000 1.113896 -0.000000
vt 0.183955148 0.998862028
vn 0.000000 1.113896 -0.000000
vt 0.125959352 0.998862028
vn 0.000000 1.113896 -0.000000
vt 0.169061184 0.995777011
vn 0.000000 1.113896 -0.000000
vt 0.169061184 0.995777011
vn 0.000000 1.113896 -0.000000
vt 0.125959352 0.998862028
vn 0.000000 1.113896 -0.000000
vt 0.135607272 0.995777011
vn 0.000000 1.113896 -0.000000
vt 0.135604292 0.974312007
vn 0.000000 1.113896 -0.000000
vt 0.135607272 0.995777011
vn 0.000000 1.113896 -0.000000
vt 0.125959352 0.998862028
vn -0.000000 -1.113896 0.000000
vt 0.001661946 0.939971030
vn -0.000000 -1.113896 0.000000
vt 0.059644885 0.967302978
vn -0.000000 -1.113896 0.000000
vt 0.001662634 0.967302978
vn -0.000000 -1.113896 0.000000
vt 0.001661946 0.939971030
vn -0.000000 -1.113896 0.000000
vt 0.059644885 0.939971030
vn -0.000000 -1.113896 0.000000
vt 0.059644885 0.967302978
vn -0.824617 -0.748761 0.000000
vt 0.002159635 0.817425013
vn -0.824617 -0.748761 0.000000
vt 0.044328734 0.807753026
vn -0.824617 -0.748761 0.000000
vt 0.044328272 0.817425013
vn -0.824617 -0.748761 0.000000
vt 0.002159635 0.817425013
vn -0.824617 -0.748761 0.000000
vt 0.002160323 0.807753026
vn -0.824617 -0.748761 0.000000
vt 0.044328734 0.807753026
vn 0.824617 -0.748761 0.000000
vt 0.044341583 0.834574997
vn 0.824617 -0.748761 0.000000
vt 0.002170878 0.844247997
vn 0.824617 -0.748761 0.000000
vt 0.002167437 0.834574997
vn 0.824617 -0.748761 0.000000
vt 0.044341583 0.834574997
vn 0.824617 -0.748761 0.000000
vt 0.044345483 0.844247997
vn 0.824617 -0.748761 0.000000
vt 0.002170878 0.844247997
vn 0.824617 -0.748761 0.000000
vt 0.123316944 0.942638993
vn 0.824617 -0.748761 0.000000
vt 0.099151611 0.930231988
vn 0.824617 -0.748761 0.000000
vt 0.123317629 0.930231988
vn 0.824617 -0.748761 0.000000
vt 0.123316944 0.942638993
vn 0.824617 -0.748761 0.000000
vt 0.099151380 0.945814013
vn 0.824617 -0.748761 0.000000
vt 0.099151611 0.930231988
vn -0.824617 -0.748761 0.000000
vt 0.099133022 0.930258989
vn -0.824617 -0.748761 0.000000
vt 0.123302490 0.942664981
vn -0.824617 -0.748761 0.000000
vt 0.123302720 0.930258989
vn -0.824617 -0.748761 0.000000
vt 0.099133022 0.930258989
vn -0.824617 -0.748761 0.000000
vt 0.099132568 0.945840001
vn -0.824617 -0.748761 0.000000
vt 0.123302490 0.942664981
vn 0.000000 1.113896 -0.000000
vt 0.110729247 0.629701018
v 22.220135 35.027299 2.778699
vn 0.000000 1.113896 -0.000000
vt 0.144302487 0.648033023
v 22.220135 35.027295 8.373466
vn 0.000000 1.113896 -0.000000
vt 0.110731080 0.648033023
vn 0.000000 1.113896 -0.000000
vt 0.110729247 0.629701018
vn 0.000000 1.113896 -0.000000
vt 0.144302249 0.629701018
vn 0.000000 1.113896 -0.000000
vt 0.144302487 0.648033023
vn -0.000000 0.000000 1.113896
vt 0.498198539 0.474583000
vn -0.000000 0.000000 1.113896
vt 0.480971485 0.279646009
vn -0.000000 0.000000 1.113896
vt 0.498198777 0.279646009
vn -0.000000 0.000000 1.113896
vt 0.498198539 0.474583000
vn -0.000000 0.000000 1.113896
vt 0.480971485 0.474583000
vn -0.000000 0.000000 1.113896
vt 0.480971485 0.279646009
vn 1.113896 0.000000 0.000000
vt 0.497464746 0.435781002
vn 1.113896 0.000000 0.000000
vt 0.477065235 0.321123004
vn 1.113896 0.000000 0.000000
vt 0.497460395 0.321123004
vn 1.113896 0.000000 0.000000
vt 0.497464746 0.435781002
vn 1.113896 0.000000 0.000000
vt 0.477063388 0.435781002
vn 1.113896 0.000000 0.000000
vt 0.477065235 0.321123004
vn -0.000000 0.000000 -1.113896
vt 0.498620749 0.474155992
vn -0.000000 0.000000 -1.113896
vt 0.481396675 0.279219002
vn -0.000000 0.000000 -1.113896
vt 0.498619139 0.279219002
vn -0.000000 0.000000 -1.113896
vt 0.498620749 0.474155992
vn -0.000000 0.000000 -1.113896
vt 0.481394827 0.474155992
vn -0.000000 0.000000 -1.113896
vt 0.481396675 0.279219002
v 21.531071 37.644635 -14.113407
vn 0.000000 1.113896 -0.000000
vt 0.602464736 0.456560999
v 27.063858 37.644627 -0.797788
vn 0.000000 1.113896 -0.000000
vt 0.572613478 0.447735012
v 27.063858 37.644635 -14.113407
vn 0.000000 1.113896 -0.000000
vt 0.602468848 0.447735012
vn 0.000000 1.113896 -0.000000
vt 0.602464736 0.456560999
v 21.531071 37.644627 -0.797788
vn 0.000000 1.113896 -0.000000
vt 0.572606146 0.456560999
vn 0.000000 1.113896 -0.000000
vt 0.572613478 0.447735012
v 28.327877 29.109338 -11.550596
vn -0.000000 -1.113896 0.000000
vt 0.538422525 0.472553015
v 20.267054 29.109332 5.758128
vn -0.000000 -1.113896 0.000000
vt 0.560130656 0.425884008
v 20.267054 29.109338 -11.550596
vn -0.000000 -1.113896 0.000000
vt 0.560144186 0.472553015
vn -0.000000 -1.113896 0.000000
vt 0.538422525 0.472553015
v 28.327877 29.109332 5.758128
vn -0.000000 -1.113896 0.000000
vt 0.538414776 0.425884008
vn -0.000000 -1.113896 0.000000
vt 0.560130656 0.425884008
v 28.327877 34.906882 0.010187
vn -0.000000 0.945586 0.588694
vt 0.564800084 0.461984009
v 20.267054 31.328737 5.758129
vn -0.000000 0.945586 0.588694
vt 0.582183361 0.440746009
v 28.327877 31.328737 5.758129
vn -0.000000 0.945586 0.588694
vt 0.582189798 0.461984009
vn -0.000000 0.945586 0.588694
vt 0.564800084 0.461984009
v 20.267054 34.906882 0.010187
vn -0.000000 0.945586 0.588694
vt 0.564791083 0.440746009
vn -0.000000 0.945586 0.588694
vt 0.582183361 0.440746009
v 21.151559 29.711466 -12.245893
vn 1.113896 0.000000 0.000000
vt 0.481836319 0.271827996
vn 1.113896 0.000000 0.000000
vt 0.488674074 0.284505993
v 21.151559 29.711466 -11.190364
vn 1.113896 0.000000 0.000000
vt 0.472785443 0.271721005
vn 1.113896 0.000000 0.000000
vt 0.481836319 0.271827996
v 21.151559 31.328746 -14.113408
vn 1.113896 0.000000 0.000000
vt 0.497711629 0.284612000
vn 1.113896 0.000000 0.000000
vt 0.488674074 0.284505993
v 21.151559 34.906888 -14.113408
vn 1.113896 0.000000 0.000000
vt 0.497404873 0.322939008
vn 1.113896 0.000000 0.000000
vt 0.488674074 0.294963986
vn 1.113896 0.000000 0.000000
vt 0.497711629 0.295071006
vn 1.113896 0.000000 0.000000
vt 0.488303035 0.322831988
vn 1.113896 0.000000 0.000000
vt 0.488674074 0.294963986
vn 1.113896 0.000000 0.000000
vt 0.497404873 0.322939008
v 21.151559 36.109380 -14.113407
vn 1.113896 0.000000 0.000000
vt 0.497282565 0.332305014
vn 1.113896 0.000000 0.000000
vt 0.488303035 0.322831988
vn 1.113896 0.000000 0.000000
vt 0.497404873 0.322939008
vn 1.113896 0.000000 0.000000
vt 0.497282565 0.332305014
vn 1.113896 0.000000 0.000000
vt 0.488236278 0.332197994
vn 1.113896 0.000000 0.000000
vt 0.488303035 0.322831988
vn -0.000000 0.000000 1.113896
vt 0.582185924 0.461984009
vn -0.000000 0.000000 1.113896
vt 0.587487459 0.440746009
vn -0.000000 0.000000 1.113896
vt 0.587494373 0.461984009
vn -0.000000 0.000000 1.113896
vt 0.582185924 0.461984009
vn -0.000000 0.000000 1.113896
vt 0.582179010 0.440746009
vn -0.000000 0.000000 1.113896
vt 0.587487459 0.440746009
vn -0.711668 0.856920 0.000000
vt 0.572599709 0.456560999
v 20.267054 36.594862 -14.113407
vn -0.711668 0.856920 0.000000
vt 0.602455318 0.459087014
v 20.267054 36.594854 0.010187
vn -0.711668 0.856920 0.000000
vt 0.572601557 0.459087014
vn -0.711668 0.856920 0.000000
vt 0.572599709 0.456560999
vn -0.711668 0.856920 0.000000
vt 0.602458775 0.456560999
vn -0.711668 0.856920 0.000000
vt 0.602455318 0.459087014
vn 0.711668 0.856920 0.000000
vt 0.572619677 0.447735012
v 28.327877 36.594862 -14.113407
vn 0.711668 0.856920 0.000000
vt 0.602473438 0.445210010
vn 0.711668 0.856920 0.000000
vt 0.602473438 0.447735012
vn 0.711668 0.856920 0.000000
vt 0.572619677 0.447735012
v 28.327877 36.594854 0.010187
vn 0.711668 0.856920 0.000000
vt 0.572624028 0.445210010
vn 0.711668 0.856920 0.000000
vt 0.602473438 0.445210010
vn -0.000000 0.679365 0.882763
vt 0.560781360 0.461984009
vn -0.000000 0.679365 0.882763
vt 0.558271825 0.444076002
vn -0.000000 0.679365 0.882763
vt 0.560774982 0.440746009
vn -0.000000 0.679365 0.882763
vt 0.560781360 0.461984009
vn -0.000000 0.679365 0.882763
vt 0.558277786 0.458653003
vn -0.000000 0.679365 0.882763
vt 0.558271825 0.444076002
vn -0.000000 -0.841994 -0.729156
vt 0.059699494 0.723667026
vn -0.000000 -0.841994 -0.729156
vt 0.052813306 0.705542028
v 27.443372 29.711466 -11.190364
vn -0.000000 -0.841994 -0.729156
vt 0.059699267 0.705542028
vn -0.000000 -0.841994 -0.729156
vt 0.059699494 0.723667026
vn -0.000000 -0.841994 -0.729156
vt 0.052816980 0.723667026
vn -0.000000 -0.841994 -0.729156
vt 0.052813306 0.705542028
vn 0.000000 1.113896 -0.000000
vt 0.498551458 0.357313991
vn 0.000000 1.113896 -0.000000
vt 0.477301568 0.230505005
v 27.443372 29.711466 -12.245893
vn 0.000000 1.113896 -0.000000
vt 0.498551667 0.230505005
vn 0.000000 1.113896 -0.000000
vt 0.498551458 0.357313991
vn 0.000000 1.113896 -0.000000
vt 0.477301806 0.357313991
vn 0.000000 1.113896 -0.000000
vt 0.477301568 0.230505005
v 26.767737 36.670501 -14.113407
vn -0.000000 -1.113896 0.000000
vt 0.498255670 0.330078989
vn -0.000000 -1.113896 0.000000
vt 0.477006257 0.230505005
v 21.827192 36.670501 -14.113407
vn -0.000000 -1.113896 0.000000
vt 0.498254776 0.230505005
vn -0.000000 -1.113896 0.000000
vt 0.498255670 0.330078989
vn -0.000000 -1.113896 0.000000
vt 0.477005571 0.330078989
vn -0.000000 -1.113896 0.000000
vt 0.477006257 0.230505005
vn 0.711668 -0.856920 0.000000
vt 0.498134524 0.324182987
vn 0.711668 -0.856920 0.000000
vt 0.489152253 0.316817999
vn 0.711668 -0.856920 0.000000
vt 0.498195559 0.316924989
vn 0.711668 -0.856920 0.000000
vt 0.498134524 0.324182987
vn 0.711668 -0.856920 0.000000
vt 0.489030659 0.324077010
vn 0.711668 -0.856920 0.000000
vt 0.489152253 0.316817999
v 27.443370 36.109380 -14.113407
vn -0.711668 -0.856920 0.000000
vt 0.497278661 0.321866006
vn -0.711668 -0.856920 0.000000
vt 0.488114208 0.329017997
vn -0.711668 -0.856920 0.000000
vt 0.497156590 0.329124004
vn -0.711668 -0.856920 0.000000
vt 0.497278661 0.321866006
vn -0.711668 -0.856920 0.000000
vt 0.488174558 0.321758986
vn -0.711668 -0.856920 0.000000
vt 0.488114208 0.329017997
vn -0.000000 0.000000 1.113896
vt 0.560774267 0.461984009
vn -0.000000 0.000000 1.113896
vt 0.564789057 0.440746009
vn -0.000000 0.000000 1.113896
vt 0.564798474 0.461984009
vn -0.000000 0.000000 1.113896
vt 0.560774267 0.461984009
vn -0.000000 0.000000 1.113896
vt 0.560766697 0.440746009
vn -0.000000 0.000000 1.113896
vt 0.564789057 0.440746009
vn -1.113896 0.000000 0.000000
vt 0.560450733 0.466713995
vn -1.113896 0.000000 0.000000
vt 0.597005725 0.469929010
vn -1.113896 0.000000 0.000000
vt 0.560447752 0.469929010
v 20.267054 31.328746 -14.113408
vn -1.113896 0.000000 0.000000
vt 0.602443159 0.466713995
vn -1.113896 0.000000 0.000000
vt 0.597005725 0.469929010
vn -1.113896 0.000000 0.000000
vt 0.560450733 0.466713995
vn -1.113896 0.000000 0.000000
vt 0.572592139 0.461531997
vn -1.113896 0.000000 0.000000
vt 0.602443159 0.466713995
vn -1.113896 0.000000 0.000000
vt 0.560450733 0.466713995
v 20.267054 34.906888 -14.113408
vn -1.113896 0.000000 0.000000
vt 0.602445424 0.461531997
vn -1.113896 0.000000 0.000000
vt 0.602443159 0.466713995
vn -1.113896 0.000000 0.000000
vt 0.572592139 0.461531997
vn -1.113896 0.000000 0.000000
vt 0.572593510 0.459087014
vn -1.113896 0.000000 0.000000
vt 0.602445424 0.461531997
vn -1.113896 0.000000 0.000000
vt 0.572592139 0.461531997
vn -1.113896 0.000000 0.000000
vt 0.572593510 0.459087014
vn -1.113896 0.000000 0.000000
vt 0.602447271 0.459087014
vn -1.113896 0.000000 0.000000
vt 0.602445424 0.461531997
vn 1.113896 0.000000 0.000000
vt 0.560477793 0.437581986
vn 1.113896 0.000000 0.000000
vt 0.560475767 0.434368014
vn 1.113896 0.000000 0.000000
vt 0.597034454 0.434368014
v 28.327877 31.328746 -14.113408
vn 1.113896 0.000000 0.000000
vt 0.602470458 0.437581986
vn 1.113896 0.000000 0.000000
vt 0.560477793 0.437581986
vn 1.113896 0.000000 0.000000
vt 0.597034454 0.434368014
vn 1.113896 0.000000 0.000000
vt 0.572618961 0.442764997
vn 1.113896 0.000000 0.000000
vt 0.560477793 0.437581986
vn 1.113896 0.000000 0.000000
vt 0.602470458 0.437581986
vn 1.113896 0.000000 0.000000
vt 0.572618961 0.442764997
vn 1.113896 0.000000 0.000000
vt 0.602470458 0.437581986
v 28.327877 34.906888 -14.113408
vn 1.113896 0.000000 0.000000
vt 0.602471828 0.442764997
vn 1.113896 0.000000 0.000000
vt 0.602472305 0.445210010
vn 1.113896 0.000000 0.000000
vt 0.572618961 0.442764997
vn 1.113896 0.000000 0.000000
vt 0.602471828 0.442764997
vn 1.113896 0.000000 0.000000
vt 0.602472305 0.445210010
vn 1.113896 0.000000 0.000000
vt 0.572620571 0.445210010
vn 1.113896 0.000000 0.000000
vt 0.572618961 0.442764997
v 27.443370 34.906888 -14.113408
vn -0.000000 0.000000 -1.113896
vt 0.599237859 0.473297000
vn -0.000000 0.000000 -1.113896
vt 0.591851473 0.476525992
v 27.443370 31.328746 -14.113408
vn -0.000000 0.000000 -1.113896
vt 0.591851234 0.473297000
vn -0.000000 0.000000 -1.113896
vt 0.599237859 0.473297000
vn -0.000000 0.000000 -1.113896
vt 0.599238098 0.476525992
vn -0.000000 0.000000 -1.113896
vt 0.591851473 0.476525992
vn -0.000000 0.000000 -1.113896
vt 0.599237859 0.473297000
vn -0.000000 0.000000 -1.113896
vt 0.605341613 0.473297000
vn -0.000000 0.000000 -1.113896
vt 0.599238098 0.476525992
vn -0.000000 0.000000 -1.113896
vt 0.607294977 0.476525992
vn -0.000000 0.000000 -1.113896
vt 0.599238098 0.476525992
vn -0.000000 0.000000 -1.113896
vt 0.605341613 0.473297000
vn -0.000000 0.000000 -1.113896
vt 0.608515441 0.470829993
vn -0.000000 0.000000 -1.113896
vt 0.607294977 0.476525992
vn -0.000000 0.000000 -1.113896
vt 0.605341613 0.473297000
vn -0.000000 0.000000 -1.113896
vt 0.608515441 0.470829993
vn -0.000000 0.000000 -1.113896
vt 0.613948047 0.471911013
vn -0.000000 0.000000 -1.113896
vt 0.607294977 0.476525992
vn -0.000000 0.000000 -1.113896
vt 0.608514309 0.452791989
vn -0.000000 0.000000 -1.113896
vt 0.613948047 0.471911013
vn -0.000000 0.000000 -1.113896
vt 0.608515441 0.470829993
vn -0.000000 0.000000 -1.113896
vt 0.608514309 0.452791989
vn -0.000000 0.000000 -1.113896
vt 0.613946676 0.451710999
vn -0.000000 0.000000 -1.113896
vt 0.613948047 0.471911013
vn -0.000000 0.000000 -1.113896
vt 0.608514309 0.452791989
vn -0.000000 0.000000 -1.113896
vt 0.607293129 0.447095990
vn -0.000000 0.000000 -1.113896
vt 0.613946676 0.451710999
vn -0.000000 0.000000 -1.113896
vt 0.608514309 0.452791989
vn -0.000000 0.000000 -1.113896
vt 0.605340242 0.450325012
vn -0.000000 0.000000 -1.113896
vt 0.607293129 0.447095990
vn -0.000000 0.000000 -1.113896
vt 0.599236071 0.447095990
vn -0.000000 0.000000 -1.113896
vt 0.607293129 0.447095990
vn -0.000000 0.000000 -1.113896
vt 0.605340242 0.450325012
vn -0.000000 0.000000 -1.113896
vt 0.599236071 0.447095990
vn -0.000000 0.000000 -1.113896
vt 0.605340242 0.450325012
vn -0.000000 0.000000 -1.113896
vt 0.599236071 0.450325012
vn -0.000000 0.000000 -1.113896
vt 0.591849208 0.450325012
vn -0.000000 0.000000 -1.113896
vt 0.599236071 0.447095990
vn -0.000000 0.000000 -1.113896
vt 0.599236071 0.450325012
vn -0.000000 0.000000 -1.113896
vt 0.591849208 0.450325012
vn -0.000000 0.000000 -1.113896
vt 0.591848969 0.447095990
vn -0.000000 0.000000 -1.113896
vt 0.599236071 0.447095990
vn -1.113896 0.000000 0.000000
vt 0.497401863 0.312500000
vn -1.113896 0.000000 0.000000
vt 0.488174319 0.321758986
vn -1.113896 0.000000 0.000000
vt 0.497279793 0.321866006
vn -1.113896 0.000000 0.000000
vt 0.488301665 0.312393993
vn -1.113896 0.000000 0.000000
vt 0.488174319 0.321758986
vn -1.113896 0.000000 0.000000
vt 0.497401863 0.312500000
vn -1.113896 0.000000 0.000000
vt 0.497706145 0.284631997
vn -1.113896 0.000000 0.000000
vt 0.488301665 0.312393993
vn -1.113896 0.000000 0.000000
vt 0.497401863 0.312500000
vn -1.113896 0.000000 0.000000
vt 0.497706145 0.284631997
vn -1.113896 0.000000 0.000000
vt 0.488670647 0.284525990
vn -1.113896 0.000000 0.000000
vt 0.488301665 0.312393993
vn -1.113896 0.000000 0.000000
vt 0.497706145 0.284631997
vn -1.113896 0.000000 0.000000
vt 0.481831491 0.271847993
vn -1.113896 0.000000 0.000000
vt 0.488670647 0.284525990
vn -1.113896 0.000000 0.000000
vt 0.481831491 0.271847993
vn -1.113896 0.000000 0.000000
vt 0.472785443 0.271741003
vn -1.113896 0.000000 0.000000
vt 0.488670647 0.284525990
vn -0.000000 -0.841994 -0.729156
vt 0.586526990 0.473297000
vn -0.000000 -0.841994 -0.729156
vt 0.591840029 0.473297000
vn -0.000000 -0.841994 -0.729156
vt 0.591840684 0.476525992
vn -0.000000 -0.841994 -0.729156
vt 0.584512353 0.476525992
vn -0.000000 -0.841994 -0.729156
vt 0.586526990 0.473297000
vn -0.000000 -0.841994 -0.729156
vt 0.591840684 0.476525992
vn -0.000000 -0.841994 -0.729156
vt 0.586523056 0.450325012
vn -0.000000 -0.841994 -0.729156
vt 0.586526990 0.473297000
vn -0.000000 -0.841994 -0.729156
vt 0.584512353 0.476525992
vn -0.000000 -0.841994 -0.729156
vt 0.586523056 0.450325012
vn -0.000000 -0.841994 -0.729156
vt 0.584512353 0.476525992
vn -0.000000 -0.841994 -0.729156
vt 0.584507287 0.447095990
vn -0.000000 -0.841994 -0.729156
vt 0.586523056 0.450325012
vn -0.000000 -0.841994 -0.729156
vt 0.584507287 0.447095990
vn -0.000000 -0.841994 -0.729156
vt 0.591835856 0.447095990
vn -0.000000 -0.841994 -0.729156
vt 0.586523056 0.450325012
vn -0.000000 -0.841994 -0.729156
vt 0.591835856 0.447095990
vn -0.000000 -0.841994 -0.729156
vt 0.591836333 0.450325012
s 256
f 1923/9727/9727 1921/9728/9728 1924/9729/9729
f 1923/9730/9730 1922/9731/9731 1921/9732/9732
f 1923/9733/9733 1918/9734/9734 1922/9735/9735
f 1912/9736/9736 1922/9737/9737 1918/9738/9738
f 1916/9739/9739 1912/9740/9740 1918/9741/9741
f 1916/9742/9742 1895/9743/9743 1912/9744/9744
f 1917/9745/9745 1895/9746/9746 1916/9747/9747
f 1917/9748/9748 1893/9749/9749 1895/9750/9750
f 1917/9751/9751 1910/9752/9752 1893/9753/9753
f 1917/9754/9754 1909/9755/9755 1910/9756/9756
f 1920/9757/9757 1910/9758/9758 1909/9759/9759
f 1920/9760/9760 1909/9761/9761 1908/9762/9762
f 1907/9763/9763 1920/9764/9764 1908/9765/9765
f 1907/9766/9766 1919/9767/9767 1920/9768/9768
s 257
f 1923/9769/9769 1864/9770/9770 1918/9771/9771
f 1865/9772/9772 1864/9773/9773 1923/9774/9774
f 1924/9775/9775 1865/9776/9776 1923/9777/9777
f 1924/9778/9778 1869/9779/9779 1865/9780/9780
f 1924/9781/9781 1915/9782/9782 1869/9783/9783
f 1915/9784/9784 1914/9785/9785 1869/9786/9786
s 258
f 1915/9787/9787 1924/9788/9788 1921/9789/9789
f 1897/9790/9790 1915/9791/9791 1921/9792/9792
f 1905/9793/9793 1915/9794/9794 1897/9795/9795
f 1905/9796/9796 1897/9797/9797 1899/9798/9798
f 1905/9799/9799 1899/9800/9800 1919/9801/9801
f 1905/9802/9802 1919/9803/9803 1907/9804/9804
s 211
f 1823/9277/9277 1824/9278/9278 1825/9279/9279
f 1823/9280/9280 1826/9281/9281 1824/9282/9282
f 1824/9283/9283 1826/9284/9284 1827/9285/9285
f 1826/9286/9286 1828/9287/9287 1827/9288/9288
f 1827/9289/9289 1828/9290/9290 1829/9291/9291
f 1828/9292/9292 1830/9293/9293 1829/9294/9294
f 1829/9295/9295 1830/9296/9296 1831/9297/9297
f 1830/9298/9298 1832/9299/9299 1831/9300/9300
f 1831/9301/9301 1832/9302/9302 1833/9303/9303
f 1832/9304/9304 1834/9305/9305 1833/9306/9306
f 1833/9307/9307 1834/9308/9308 1835/9309/9309
f 1834/9310/9310 1836/9311/9311 1835/9312/9312
f 1835/9313/9313 1836/9314/9314 1837/9315/9315
f 1836/9316/9316 1838/9317/9317 1837/9318/9318
f 1837/9319/9319 1838/9320/9320 1825/9321/9321
f 1838/9322/9322 1823/9323/9323 1825/9324/9324
s 212
f 1839/9325/9325 1840/9326/9326 1841/9327/9327
f 1839/9328/9328 1841/9329/9329 1842/9330/9330
f 1839/9331/9331 1842/9332/9332 1843/9333/9333
f 1839/9334/9334 1843/9335/9335 1844/9336/9336
s 213
f 1845/9337/9337 1846/9338/9338 1847/9339/9339
f 1845/9340/9340 1847/9341/9341 1848/9342/9342
f 1847/9343/9343 1849/9344/9344 1848/9345/9345
f 1847/9346/9346 1850/9347/9347 1849/9348/9348
s 214
f 1851/9349/9349 1852/9350/9350 1853/9351/9351
f 1851/9352/9352 1853/9353/9353 1854/9354/9354
f 1853/9355/9355 1855/9356/9356 1854/9357/9357
f 1853/9358/9358 1856/9359/9359 1855/9360/9360
s 215
f 1857/9361/9361 1858/9362/9362 1859/9363/9363
f 1860/9364/9364 1857/9365/9365 1859/9366/9366
f 1860/9367/9367 1859/9368/9368 1861/9369/9369
f 1859/9370/9370 1862/9371/9371 1861/9372/9372
s 216
f 1863/9373/9373 1864/9374/9374 1865/9375/9375
f 1863/9376/9376 1865/9377/9377 1866/9378/9378
f 1863/9379/9379 1866/9380/9380 1867/9381/9381
f 1866/9382/9382 1868/9383/9383 1867/9384/9384
f 1865/9385/9385 1869/9386/9386 1866/9387/9387
f 1866/9388/9388 1869/9389/9389 1870/9390/9390
s 217
f 1871/9391/9391 1872/9392/9392 1873/9393/9393
f 1871/9394/9394 1874/9395/9395 1872/9396/9396
s 218
f 1874/9397/9397 1875/9398/9398 1872/9399/9399
f 1874/9400/9400 1876/9401/9401 1875/9402/9402
s 219
f 1876/9403/9403 1877/9404/9404 1875/9405/9405
f 1876/9406/9406 1878/9407/9407 1877/9408/9408
s 220
f 1878/9409/9409 1873/9410/9410 1877/9411/9411
f 1878/9412/9412 1871/9413/9413 1873/9414/9414
s 221
f 1872/9415/9415 1877/9416/9416 1873/9417/9417
f 1872/9418/9418 1875/9419/9419 1877/9420/9420
s 222
f 1874/9421/9421 1878/9422/9422 1876/9423/9423
f 1874/9424/9424 1871/9425/9425 1878/9426/9426
s 223
f 1843/9427/9427 1857/9428/9428 1844/9429/9429
f 1843/9430/9430 1858/9431/9431 1857/9432/9432
s 224
f 1879/9433/9433 1862/9434/9434 1880/9435/9435
f 1879/9436/9436 1861/9437/9437 1862/9438/9438
s 225
f 1840/9439/9439 1850/9440/9440 1841/9441/9441
f 1840/9442/9442 1849/9443/9443 1850/9444/9444
s 226
f 1850/9445/9445 1881/9446/9446 1882/9447/9447
f 1850/9448/9448 1855/9449/9449 1881/9450/9450
f 1841/9451/9451 1882/9452/9452 1880/9453/9453
f 1841/9454/9454 1850/9455/9455 1882/9456/9456
f 1850/9457/9457 1854/9458/9458 1855/9459/9459
f 1850/9460/9460 1847/9461/9461 1854/9462/9462
f 1841/9463/9463 1859/9464/9464 1842/9465/9465
f 1841/9466/9466 1862/9467/9467 1859/9468/9468
f 1841/9469/9469 1880/9470/9470 1862/9471/9471
s 227
f 1840/9472/9472 1883/9473/9473 1849/9474/9474
f 1840/9475/9475 1879/9476/9476 1883/9477/9477
f 1883/9478/9478 1856/9479/9479 1849/9480/9480
f 1883/9481/9481 1884/9482/9482 1856/9483/9483
f 1849/9484/9484 1853/9485/9485 1848/9486/9486
f 1849/9487/9487 1856/9488/9488 1853/9489/9489
f 1861/9490/9490 1879/9491/9491 1840/9492/9492
f 1861/9493/9493 1840/9494/9494 1860/9495/9495
f 1840/9496/9496 1839/9497/9497 1860/9498/9498
s 228
f 1885/9499/9499 1886/9500/9500 1887/9501/9501
f 1885/9502/9502 1888/9503/9503 1886/9504/9504
s 229
f 1855/9505/9505 1884/9506/9506 1881/9507/9507
f 1855/9508/9508 1856/9509/9509 1884/9510/9510
s 230
f 1882/9511/9511 1884/9512/9512 1883/9513/9513
f 1882/9514/9514 1881/9515/9515 1884/9516/9516
f 1889/9517/9517 1883/9518/9518 1879/9519/9519
f 1889/9520/9520 1879/9521/9521 1880/9522/9522
f 1889/9523/9523 1880/9524/9524 1887/9525/9525
f 1889/9526/9526 1890/9527/9527 1883/9528/9528
f 1890/9529/9529 1882/9530/9530 1883/9531/9531
f 1880/9532/9532 1882/9533/9533 1887/9534/9534
f 1887/9535/9535 1882/9536/9536 1885/9537/9537
f 1890/9538/9538 1885/9539/9539 1882/9540/9540
s 231
f 1845/9541/9541 1851/9542/9542 1846/9543/9543
f 1845/9544/9544 1852/9545/9545 1851/9546/9546
s 232
f 1857/9547/9547 1839/9548/9548 1844/9549/9549
f 1857/9550/9550 1860/9551/9551 1839/9552/9552
s 233
f 1843/9553/9553 1859/9554/9554 1858/9555/9555
f 1843/9556/9556 1842/9557/9557 1859/9558/9558
s 234
f 1851/9559/9559 1847/9560/9560 1846/9561/9561
f 1851/9562/9562 1854/9563/9563 1847/9564/9564
s 235
f 1848/9565/9565 1852/9566/9566 1845/9567/9567
f 1848/9568/9568 1853/9569/9569 1852/9570/9570
s 236
f 1886/9571/9571 1891/9572/9572 1892/9573/9573
f 1886/9574/9574 1888/9575/9575 1891/9576/9576
s 237
f 1890/9577/9577 1888/9578/9578 1885/9579/9579
f 1890/9580/9580 1891/9581/9581 1888/9582/9582
s 238
f 1889/9583/9583 1891/9584/9584 1890/9585/9585
f 1889/9586/9586 1892/9587/9587 1891/9588/9588
s 239
f 1887/9589/9589 1892/9590/9590 1889/9591/9591
f 1887/9592/9592 1886/9593/9593 1892/9594/9594
s 240
f 1893/9595/9595 1894/9596/9596 1895/9597/9597
f 1893/9598/9598 1896/9599/9599 1894/9600/9600
s 241
f 1897/9601/9601 1898/9602/9602 1899/9603/9603
f 1897/9604/9604 1900/9605/9605 1898/9606/9606
s 242
f 1901/9607/9607 1902/9608/9608 1903/9609/9609
f 1901/9610/9610 1904/9611/9611 1902/9612/9612
s 243
f 1905/9613/9613 1870/9614/9614 1906/9615/9615
f 1905/9616/9616 1907/9617/9617 1870/9618/9618
f 1908/9619/9619 1870/9620/9620 1907/9621/9621
f 1866/9622/9622 1870/9623/9623 1908/9624/9624
f 1909/9625/9625 1866/9626/9626 1908/9627/9627
f 1909/9628/9628 1868/9629/9629 1866/9630/9630
s 244
f 1903/9631/9631 1898/9632/9632 1900/9633/9633
f 1903/9634/9634 1902/9635/9635 1898/9636/9636
s 245
f 1896/9637/9637 1910/9638/9638 1911/9639/9639
f 1896/9640/9640 1893/9641/9641 1910/9642/9642
s 246
f 1894/9643/9643 1912/9644/9644 1895/9645/9645
f 1894/9646/9646 1913/9647/9647 1912/9648/9648
s 247
f 1913/9649/9649 1896/9650/9650 1911/9651/9651
f 1913/9652/9652 1894/9653/9653 1896/9654/9654
s 248
f 1906/9655/9655 1869/9656/9656 1914/9657/9657
f 1906/9658/9658 1870/9659/9659 1869/9660/9660
s 249
f 1905/9661/9661 1914/9662/9662 1915/9663/9663
f 1905/9664/9664 1906/9665/9665 1914/9666/9666
s 250
f 1916/9667/9667 1867/9668/9668 1917/9669/9669
f 1916/9670/9670 1863/9671/9671 1867/9672/9672
s 251
f 1917/9673/9673 1868/9674/9674 1909/9675/9675
f 1917/9676/9676 1867/9677/9677 1868/9678/9678
s 252
f 1918/9679/9679 1863/9680/9680 1916/9681/9681
f 1918/9682/9682 1864/9683/9683 1863/9684/9684
s 253
f 1913/9685/9685 1904/9686/9686 1901/9687/9687
f 1913/9688/9688 1911/9689/9689 1904/9690/9690
s 254
f 1902/9691/9691 1899/9692/9692 1898/9693/9693
f 1919/9694/9694 1899/9695/9695 1902/9696/9696
f 1904/9697/9697 1919/9698/9698 1902/9699/9699
f 1920/9700/9700 1919/9701/9701 1904/9702/9702
f 1911/9703/9703 1920/9704/9704 1904/9705/9705
f 1911/9706/9706 1910/9707/9707 1920/9708/9708
s 255
f 1903/9709/9709 1900/9710/9710 1897/9711/9711
f 1921/9712/9712 1903/9713/9713 1897/9714/9714
f 1901/9715/9715 1903/9716/9716 1921/9717/9717
f 1901/9718/9718 1921/9719/9719 1922/9720/9720
f 1912/9721/9721 1901/9722/9722 1922/9723/9723
f 1912/9724/9724 1913/9725/9725 1901/9726/9726
o lbarrel1,ox=-0.00,oy=-4.98,oz=18.85,p=llauncher,
v 24.382134 33.525295 20.742375
vn -0.000000 0.964634 -0.556948
vt 0.070174135 0.533107996
v 25.801957 32.937190 2.171607
vn 0.787636 0.787636 0.000000
vt 0.076234058 0.578827977
v 24.382134 33.525297 2.171607
vn -0.000000 1.113896 0.000000
vt 0.070130542 0.578827977
vn -0.000000 0.964634 -0.556948
vt 0.070174135 0.533107996
v 25.801957 32.937183 20.742375
vn 0.651963 0.818379 -0.382066
vt 0.076277882 0.533107996
vn 0.787636 0.787636 0.000000
vt 0.076234058 0.578827977
vn 0.651963 0.818379 -0.382066
vt 0.070174366 0.533107996
v 26.390067 31.517364 2.171607
vn 1.113896 0.000000 0.000000
vt 0.076234058 0.578827977
vn 0.787636 0.787636 0.000000
vt 0.070130542 0.578827977
vn 0.651963 0.818379 -0.382066
vt 0.070174366 0.533107996
v 26.390067 31.517357 20.742375
vn 1.039711 -0.117627 -0.382066
vt 0.076277882 0.533107996
vn 1.113896 0.000000 0.000000
vt 0.076234058 0.578827977
vn 1.039711 -0.117627 -0.382066
vt 0.070166111 0.533107996
v 25.801957 30.097544 2.171607
vn 0.787636 -0.787636 0.000000
vt 0.076234058 0.578827977
vn 1.113896 0.000000 0.000000
vt 0.070130542 0.578827977
vn 1.039711 -0.117627 -0.382066
vt 0.070166111 0.533107996
v 25.801957 30.097541 20.742377
vn 0.682150 -0.682150 -0.556948
vt 0.076266408 0.533107996
vn 0.787636 -0.787636 0.000000
vt 0.076234058 0.578827977
vn 0.682150 -0.682150 -0.556948
vt 0.070152566 0.533107996
v 24.382134 29.509430 2.171607
vn -0.000000 -1.113896 0.000000
vt 0.076234058 0.578827977
vn 0.787636 -0.787636 0.000000
vt 0.070130542 0.578827977
vn 0.682150 -0.682150 -0.556948
vt 0.070152566 0.533107996
v 24.382134 29.509427 20.742377
vn -0.000000 -0.964634 -0.556948
vt 0.076246910 0.533107996
vn -0.000000 -1.113896 0.000000
vt 0.076234058 0.578827977
vn -0.000000 -0.964634 -0.556948
vt 0.070136741 0.533107996
v 22.962308 30.097544 2.171607
vn -0.787636 -0.787636 0.000000
vt 0.076234058 0.578827977
vn -0.000000 -1.113896 0.000000
vt 0.070130542 0.578827977
vn -0.000000 -0.964634 -0.556948
vt 0.070136741 0.533107996
v 22.962308 30.097541 20.742377
vn -0.682150 -0.682150 -0.556948
vt 0.076244384 0.533107996
vn -0.787636 -0.787636 0.000000
vt 0.076234058 0.578827977
vn -0.682150 -0.682150 -0.556948
vt 0.070148669 0.533107996
v 22.374198 31.517364 2.171607
vn -1.113896 0.000000 0.000000
vt 0.076234058 0.578827977
vn -0.787636 -0.787636 0.000000
vt 0.070130542 0.578827977
vn -0.682150 -0.682150 -0.556948
vt 0.070148669 0.533107996
v 22.374198 31.517357 20.742375
vn -0.964634 0.000000 -0.556948
vt 0.076255396 0.533107996
vn -1.113896 0.000000 0.000000
vt 0.076234058 0.578827977
vn 0.682150 -0.682150 -0.556948
vt 0.534937561 0.908591986
v 24.382134 29.198198 20.973636
vn -0.000000 -1.015873 -0.457031
vt 0.520398617 0.923152983
vn -0.000000 -0.964634 -0.556948
vt 0.520399272 0.908591986
vn 0.682150 -0.682150 -0.556948
vt 0.534937561 0.908591986
v 26.022033 29.877463 20.973636
vn 0.718351 -0.718351 -0.457031
vt 0.534938514 0.923152983
vn -0.000000 -1.015873 -0.457031
vt 0.520398617 0.923152983
vn -0.964634 0.000000 -0.556948
vt 0.070160374 0.533107996
v 22.962308 32.937190 2.171607
vn -0.787636 0.787636 0.000000
vt 0.076234058 0.578827977
vn -1.113896 0.000000 0.000000
vt 0.070130542 0.578827977
vn -0.964634 0.000000 -0.556948
vt 0.070160374 0.533107996
v 22.962308 32.937183 20.742375
vn -0.682150 0.682150 -0.556948
vt 0.076264575 0.533107996
vn -0.787636 0.787636 0.000000
vt 0.076234058 0.578827977
vn -0.682150 0.682150 -0.556948
vt 0.070168629 0.533107996
vn -0.000000 1.113896 0.000000
vt 0.076234058 0.578827977
vn -0.787636 0.787636 0.000000
vt 0.070130542 0.578827977
vn -0.682150 0.682150 -0.556948
vt 0.070168629 0.533107996
vn -0.000000 0.964634 -0.556948
vt 0.076272607 0.533107996
vn -0.000000 1.113896 0.000000
vt 0.076234058 0.578827977
v 22.742236 33.157255 20.973636
vn -0.718351 0.718351 -0.457031
vt 0.323600382 0.733869016
v 24.382134 33.836520 26.068478
vn -0.426288 1.029128 0.000000
vt 0.253167629 0.767368972
v 24.382134 33.836522 20.973636
vn -0.000000 1.015873 -0.457031
vt 0.253166258 0.733869016
vn -0.718240 0.718351 -0.457031
vt 0.323600382 0.733869016
v 22.742236 33.157251 26.068478
vn -0.426288 1.029128 0.000000
vt 0.323601753 0.767368972
vn -0.426288 1.029128 0.000000
vt 0.253167629 0.767368972
vn -0.964634 0.000000 -0.556948
vt 0.534939885 0.908591986
vn -0.718351 0.718351 -0.457031
vt 0.520419478 0.923152983
vn -0.682150 0.682150 -0.556948
vt 0.520418525 0.908591986
vn -0.964634 0.000000 -0.556948
vt 0.534939885 0.908591986
v 22.062971 31.517357 20.973636
vn -1.015873 0.000000 -0.457031
vt 0.534941494 0.923152983
vn -0.718351 0.718351 -0.457031
vt 0.520419478 0.923152983
vn -0.682150 -0.682150 -0.556948
vt 0.520398140 0.908591986
vn -0.000000 -1.015873 -0.457031
vt 0.534922898 0.923152983
v 22.742236 29.877463 20.973636
vn -0.718240 -0.718351 -0.457031
vt 0.520399511 0.923152983
vn -0.682150 -0.682150 -0.556948
vt 0.520398140 0.908591986
vn -0.000000 -0.964634 -0.556948
vt 0.534923375 0.908591986
vn -0.000000 -1.015873 -0.457031
vt 0.534922898 0.923152983
vn -0.682150 0.682150 -0.556948
vt 0.534947693 0.908591986
vn -0.000000 1.015873 -0.457031
vt 0.520427525 0.923152983
vn -0.000000 0.964634 -0.556948
vt 0.520426571 0.908591986
vn -0.682150 0.682150 -0.556948
vt 0.534947693 0.908591986
vn -0.718351 0.718351 -0.457031
vt 0.534949481 0.923152983
vn -0.000000 1.015873 -0.457031
vt 0.520427525 0.923152983
vn 0.651963 0.818379 -0.382066
vt 0.520431638 0.908591986
vn -0.000000 1.015873 -0.457031
vt 0.534956396 0.923152983
v 26.022033 33.157255 20.973636
vn 0.393651 0.950265 -0.427513
vt 0.520432770 0.923152983
vn 0.651963 0.818379 -0.382066
vt 0.520431638 0.908591986
vn -0.000000 0.964634 -0.556948
vt 0.534955025 0.908591986
vn -0.000000 1.015873 -0.457031
vt 0.534956396 0.923152983
vn 1.039711 -0.117627 -0.382066
vt 0.534950197 0.908591986
vn 0.718351 -0.718351 -0.457031
vt 0.520419478 0.923152983
vn 0.682150 -0.682150 -0.556948
vt 0.520417631 0.908591986
vn 1.039711 -0.117627 -0.382066
vt 0.534950197 0.908591986
v 26.701297 31.517357 20.973636
vn 0.950265 -0.393651 -0.427513
vt 0.534951329 0.923152983
vn 0.718351 -0.718351 -0.457031
vt 0.520419478 0.923152983
vn -0.964634 0.000000 -0.556948
vt 0.520409167 0.908591986
vn -0.718240 -0.718351 -0.457031
vt 0.534932315 0.923152983
vn -1.015873 0.000000 -0.457031
vt 0.520410061 0.923152983
vn -0.964634 0.000000 -0.556948
vt 0.520409167 0.908591986
vn -0.682150 -0.682150 -0.556948
vt 0.534930468 0.908591986
vn -0.718240 -0.718351 -0.457031
vt 0.534932315 0.923152983
vn -0.718240 -0.718351 -0.457031
vt 0.323578805 0.733869016
v 22.062971 31.517357 26.068478
vn -1.029128 -0.426288 0.000000
vt 0.253152251 0.767368972
vn -1.015873 0.000000 -0.457031
vt 0.253147215 0.733869016
vn -0.718351 -0.718240 -0.457031
vt 0.323578805 0.733869016
v 22.742236 29.877463 26.068478
vn -1.029128 -0.426288 0.000000
vt 0.323586136 0.767368972
vn -1.029128 -0.426288 0.000000
vt 0.253152251 0.767368972
vn 0.718351 -0.718351 -0.457031
vt 0.323578328 0.733869016
v 24.382134 29.198195 26.068478
vn 0.426288 -1.029128 0.000000
vt 0.253153861 0.767368972
vn -0.000000 -1.015873 -0.457031
vt 0.253129095 0.733869016
vn 0.718240 -0.718351 -0.457031
vt 0.323578328 0.733869016
v 26.022033 29.877463 26.068478
vn 0.426288 -1.029128 0.000000
vt 0.323591202 0.767368972
vn 0.426288 -1.029128 0.000000
vt 0.253153861 0.767368972
vn -1.015873 0.000000 -0.457031
vt 0.323591888 0.733869016
vn -1.029128 0.426288 0.000000
vt 0.253160298 0.767368972
vn -0.718351 0.718351 -0.457031
vt 0.253158212 0.733869016
vn -1.015873 0.000000 -0.457031
vt 0.323591888 0.733869016
vn -1.029128 0.426288 0.000000
vt 0.323594183 0.767368972
vn -1.029128 0.426288 0.000000
vt 0.253160298 0.767368972
vn -0.000000 -1.015873 -0.457031
vt 0.323556989 0.733869016
vn -0.426288 -1.029128 0.000000
vt 0.253147215 0.767368972
vn -0.718240 -0.718351 -0.457031
vt 0.253131151 0.733869016
vn -0.000000 -1.015762 -0.457031
vt 0.323556989 0.733869016
vn -0.426288 -1.029128 0.000000
vt 0.323582709 0.767368972
vn -0.426288 -1.029128 0.000000
vt 0.253147215 0.767368972
vn 0.950265 -0.393651 -0.427513
vt 0.323596686 0.733869016
vn 1.029128 -0.426288 0.000000
vt 0.253164202 0.767368972
vn 0.718351 -0.718351 -0.457031
vt 0.253158689 0.733869016
vn 0.950265 -0.393762 -0.427513
vt 0.323596686 0.733869016
v 26.701297 31.517357 26.068478
vn 1.029128 -0.426288 0.000000
vt 0.323599666 0.767368972
vn 1.029128 -0.426288 0.000000
vt 0.253164202 0.767368972
vn -0.000000 1.015873 -0.457031
vt 0.323605865 0.733869016
v 26.022033 33.157251 26.068478
vn 0.426288 1.029128 0.000000
vt 0.253171772 0.767368972
vn 0.393651 0.950265 -0.427513
vt 0.253171533 0.733869016
vn -0.000000 1.015873 -0.457031
vt 0.323605865 0.733869016
vn 0.426288 1.029128 0.000000
vt 0.323606342 0.767368972
vn 0.426288 1.029128 0.000000
vt 0.253171772 0.767368972
vn 0.644946 0.267112 -0.867948
vt 0.520427287 0.908591986
vn 0.950265 0.393651 -0.427513
vt 0.534958482 0.923152983
vn 0.950265 0.393651 -0.427513
vt 0.520429134 0.923152983
vn 0.644946 0.267112 -0.867948
vt 0.520427287 0.908591986
vn 0.644946 0.267112 -0.867948
vt 0.534957767 0.908591986
vn 0.950265 0.393651 -0.427513
vt 0.534958482 0.923152983
vn 0.950265 0.393651 -0.427513
vt 0.323606104 0.733869016
vn 1.029128 0.426288 0.000000
vt 0.253171772 0.767368972
vn 0.950265 0.393651 -0.427513
vt 0.253171295 0.733869016
vn 0.950265 0.393651 -0.427513
vt 0.323606104 0.733869016
vn 1.029128 0.426288 0.000000
vt 0.323606551 0.767368972
vn 1.029128 0.426288 0.000000
vt 0.253171772 0.767368972
v 25.628618 30.270876 17.367921
vn -0.000000 0.000000 1.113896
vt 0.978700817 0.739710987
v 26.144928 31.517357 17.367921
vn -0.000000 0.000000 1.113896
vt 0.983888805 0.752264023
v 25.628618 32.763845 17.367921
vn -0.000000 0.000000 1.113896
vt 0.978700817 0.764815986
vn -0.000000 0.000000 1.113896
vt 0.978700817 0.739710987
vn -0.000000 0.000000 1.113896
vt 0.978700817 0.764815986
v 24.382134 33.280159 17.367921
vn -0.000000 0.000000 1.113896
vt 0.966188610 0.770016015
v 24.382134 29.754563 17.367921
vn -0.000000 0.000000 1.113896
vt 0.966188371 0.734511018
vn -0.000000 0.000000 1.113896
vt 0.978700817 0.739710987
vn -0.000000 0.000000 1.113896
vt 0.966188610 0.770016015
vn -0.000000 0.000000 1.113896
vt 0.966188371 0.734511018
vn -0.000000 0.000000 1.113896
vt 0.966188610 0.770016015
v 23.135647 30.270876 17.367921
vn -0.000000 0.000000 1.113896
vt 0.953615367 0.739710987
vn -0.000000 0.000000 1.113896
vt 0.966188610 0.770016015
v 23.135647 32.763845 17.367921
vn -0.000000 0.000000 1.113896
vt 0.953615367 0.764815986
vn -0.000000 0.000000 1.113896
vt 0.953615367 0.739710987
vn -0.000000 0.000000 1.113896
vt 0.953615367 0.764815986
v 22.619337 31.517357 17.367921
vn -0.000000 0.000000 1.113896
vt 0.948427379 0.752264023
vn -0.000000 0.000000 1.113896
vt 0.953615367 0.739710987
vn -0.000000 0.614982 0.928766
vt 0.458677828 0.413865000
v 23.135647 32.763845 26.436850
vn -0.434865 0.434865 0.928766
vt 0.469053119 0.408737004
v 24.382134 33.280159 26.436850
vn -0.000000 0.614982 0.928766
vt 0.466612399 0.413888991
vn -0.000000 0.614982 0.928766
vt 0.458677828 0.413865000
vn -0.000000 0.614982 0.928766
vt 0.466612399 0.413888991
v 25.628618 32.763845 26.436850
vn 0.434865 0.434865 0.928766
vt 0.468748629 0.419064999
vn -0.000000 0.614982 0.928766
vt 0.458677828 0.413865000
vn 0.434865 0.434865 0.928766
vt 0.468748629 0.419064999
vn 0.434865 0.434865 0.928766
vt 0.463499606 0.421826988
vn -0.000000 0.614982 0.928766
vt 0.458677828 0.413865000
vn -0.434865 0.434865 0.928766
vt 0.463803858 0.405970007
vn -0.434865 0.434865 0.928766
vt 0.469053119 0.408737004
vn -0.434865 0.434865 0.928766
vt 0.469053119 0.408737004
vn -0.434865 0.434865 0.928766
vt 0.463803858 0.405970007
v 22.619337 31.517357 26.436850
vn -0.614982 0.000000 0.928766
vt 0.473383158 0.406720012
v 26.144928 31.517357 26.436850
vn 0.614982 0.000000 0.928766
vt 0.473142922 0.421025008
vn 0.434865 0.434865 0.928766
vt 0.463499606 0.421826988
vn 0.434865 0.434865 0.928766
vt 0.468748629 0.419064999
vn 0.614982 0.000000 0.928766
vt 0.473142922 0.421025008
vn 0.614982 0.000000 0.928766
vt 0.473203957 0.424623013
vn 0.434865 0.434865 0.928766
vt 0.463499606 0.421826988
vn -0.614982 0.000000 0.928766
vt 0.473383158 0.406720012
vn -0.434865 0.434865 0.928766
vt 0.463803858 0.405970007
vn -0.614982 0.000000 0.928766
vt 0.473321915 0.403122008
vn -0.434865 -0.434865 0.928766
vt 0.483023286 0.405918002
vn -0.614982 0.000000 0.928766
vt 0.473383158 0.406720012
vn -0.614982 0.000000 0.928766
vt 0.473321915 0.403122008
vn 0.434865 -0.434865 0.928766
vt 0.482784182 0.421775013
vn 0.614982 0.000000 0.928766
vt 0.473203957 0.424623013
vn 0.614982 0.000000 0.928766
vt 0.473142922 0.421025008
vn 0.434865 -0.434865 0.928766
vt 0.482784182 0.421775013
vn 0.614982 0.000000 0.928766
vt 0.473142922 0.421025008
v 25.628618 30.270872 26.436850
vn 0.434865 -0.434865 0.928766
vt 0.477534026 0.419009000
v 23.135647 30.270872 26.436850
vn -0.434865 -0.434865 0.928766
vt 0.477774024 0.408679992
vn -0.614982 0.000000 0.928766
vt 0.473383158 0.406720012
vn -0.434865 -0.434865 0.928766
vt 0.483023286 0.405918002
vn -0.000000 -0.614982 0.928766
vt 0.487845987 0.413879991
vn -0.434865 -0.434865 0.928766
vt 0.477774024 0.408679992
vn -0.434865 -0.434865 0.928766
vt 0.483023286 0.405918002
vn -0.000000 -0.614982 0.928766
vt 0.487845987 0.413879991
vn 0.434865 -0.434865 0.928766
vt 0.482784182 0.421775013
vn 0.434865 -0.434865 0.928766
vt 0.477534026 0.419009000
vn -0.000000 -0.614982 0.928766
vt 0.487845987 0.413879991
vn 0.434865 -0.434865 0.928766
vt 0.477534026 0.419009000
v 24.382134 29.754559 26.436850
vn -0.000000 -0.614982 0.928766
vt 0.479911864 0.413856000
vn -0.000000 -0.614982 0.928766
vt 0.487845987 0.413879991
vn -0.000000 -0.614982 0.928766
vt 0.479911864 0.413856000
vn -0.434865 -0.434865 0.928766
vt 0.477774024 0.408679992
vn 1.113896 0.000000 0.000000
vt 0.473357916 0.406720012
vn 0.787636 -0.787636 0.000000
vt 0.468995988 0.408737004
vn 0.787636 -0.787636 0.000000
vt 0.469024211 0.408737004
vn 1.113896 0.000000 0.000000
vt 0.473357916 0.406720012
vn 1.113896 0.000000 0.000000
vt 0.473329484 0.406720012
vn 0.787636 -0.787636 0.000000
vt 0.468995988 0.408737004
vn 1.113896 0.000000 0.000000
vt 0.473357916 0.406720012
vn 0.787636 0.787636 0.000000
vt 0.477753371 0.408679992
vn 1.113896 0.000000 0.000000
vt 0.473329484 0.406720012
vn 0.787636 -0.787636 0.000000
vt 0.468995988 0.408737004
vn -0.000000 -1.113896 0.000000
vt 0.466554582 0.413888991
vn 0.787636 -0.787636 0.000000
vt 0.469024211 0.408737004
vn 0.787636 -0.787636 0.000000
vt 0.469024211 0.408737004
vn -0.000000 -1.113896 0.000000
vt 0.466554582 0.413888991
vn -0.000000 -1.113896 0.000000
vt 0.466583252 0.413888991
vn 0.787636 0.787636 0.000000
vt 0.477724016 0.408679992
vn 1.113896 0.000000 0.000000
vt 0.473329484 0.406720012
vn 0.787636 0.787636 0.000000
vt 0.477753371 0.408679992
vn -0.000000 1.113896 0.000000
vt 0.479889601 0.413856000
vn 0.787636 0.787636 0.000000
vt 0.477724016 0.408679992
vn 0.787636 0.787636 0.000000
vt 0.477753371 0.408679992
vn -0.000000 -1.113896 0.000000
vt 0.466583252 0.413888991
vn -0.000000 -1.113896 0.000000
vt 0.466554582 0.413888991
vn -0.787636 -0.787636 0.000000
vt 0.468690813 0.419064999
vn -0.000000 -1.113896 0.000000
vt 0.466583252 0.413888991
vn -0.787636 -0.787636 0.000000
vt 0.468690813 0.419064999
vn -0.787636 -0.787636 0.000000
vt 0.468719721 0.419064999
vn -0.000000 1.113896 0.000000
vt 0.479889601 0.413856000
vn -0.000000 1.113896 0.000000
vt 0.479860246 0.413856000
vn 0.787636 0.787636 0.000000
vt 0.477724016 0.408679992
vn -0.000000 1.113896 0.000000
vt 0.479889601 0.413856000
vn -0.787636 0.787636 0.000000
vt 0.477509230 0.419009000
vn -0.000000 1.113896 0.000000
vt 0.479860246 0.413856000
vn -0.787636 -0.787636 0.000000
vt 0.468690813 0.419064999
vn -1.113896 0.000000 0.000000
vt 0.473085344 0.421025008
vn -0.787636 -0.787636 0.000000
vt 0.468719721 0.419064999
vn -1.113896 0.000000 0.000000
vt 0.473114461 0.421025008
vn -0.787636 -0.787636 0.000000
vt 0.468719721 0.419064999
vn -1.113896 0.000000 0.000000
vt 0.473085344 0.421025008
vn -0.787636 0.787636 0.000000
vt 0.477480084 0.419009000
vn -0.000000 1.113896 0.000000
vt 0.479860246 0.413856000
vn -0.787636 0.787636 0.000000
vt 0.477509230 0.419009000
vn -1.113896 0.000000 0.000000
vt 0.473114461 0.421025008
vn -0.787636 0.787636 0.000000
vt 0.477480084 0.419009000
vn -0.787636 0.787636 0.000000
vt 0.477509230 0.419009000
vn -1.113896 0.000000 0.000000
vt 0.473114461 0.421025008
vn -1.113896 0.000000 0.000000
vt 0.473085344 0.421025008
vn -0.787636 0.787636 0.000000
vt 0.477480084 0.419009000
s 259
f 1925/9805/9805 1926/9806/9806 1927/9807/9807
f 1925/9808/9808 1928/9809/9809 1926/9810/9810
f 1928/9811/9811 1929/9812/9812 1926/9813/9813
f 1928/9814/9814 1930/9815/9815 1929/9816/9816
f 1930/9817/9817 1931/9818/9818 1929/9819/9819
f 1930/9820/9820 1932/9821/9821 1931/9822/9822
f 1932/9823/9823 1933/9824/9824 1931/9825/9825
f 1932/9826/9826 1934/9827/9827 1933/9828/9828
f 1934/9829/9829 1935/9830/9830 1933/9831/9831
f 1934/9832/9832 1936/9833/9833 1935/9834/9834
f 1936/9835/9835 1937/9836/9836 1935/9837/9837
f 1936/9838/9838 1938/9839/9839 1937/9840/9840
f 1932/9841/9841 1939/9842/9842 1934/9843/9843
f 1932/9844/9844 1940/9845/9845 1939/9846/9846
f 1938/9847/9847 1941/9848/9848 1937/9849/9849
f 1938/9850/9850 1942/9851/9851 1941/9852/9852
f 1942/9853/9853 1927/9854/9854 1941/9855/9855
f 1942/9856/9856 1925/9857/9857 1927/9858/9858
f 1943/9859/9859 1944/9860/9860 1945/9861/9861
f 1943/9862/9862 1946/9863/9863 1944/9864/9864
f 1938/9865/9865 1943/9866/9866 1942/9867/9867
f 1938/9868/9868 1947/9869/9869 1943/9870/9870
f 1936/9871/9871 1939/9872/9872 1948/9873/9873
f 1936/9874/9874 1934/9875/9875 1939/9876/9876
f 1942/9877/9877 1945/9878/9878 1925/9879/9879
f 1942/9880/9880 1943/9881/9881 1945/9882/9882
f 1928/9883/9883 1945/9884/9884 1949/9885/9885
f 1928/9886/9886 1925/9887/9887 1945/9888/9888
f 1930/9889/9889 1940/9890/9890 1932/9891/9891
f 1930/9892/9892 1950/9893/9893 1940/9894/9894
f 1938/9895/9895 1948/9896/9896 1947/9897/9897
f 1938/9898/9898 1936/9899/9899 1948/9900/9900
f 1948/9901/9901 1951/9902/9902 1947/9903/9903
f 1948/9904/9904 1952/9905/9905 1951/9906/9906
f 1940/9907/9907 1953/9908/9908 1939/9909/9909
f 1940/9910/9910 1954/9911/9911 1953/9912/9912
f 1947/9913/9913 1946/9914/9914 1943/9915/9915
f 1947/9916/9916 1951/9917/9917 1946/9918/9918
f 1939/9919/9919 1952/9920/9920 1948/9921/9921
f 1939/9922/9922 1953/9923/9923 1952/9924/9924
f 1950/9925/9925 1954/9926/9926 1940/9927/9927
f 1950/9928/9928 1955/9929/9929 1954/9930/9930
f 1945/9931/9931 1956/9932/9932 1949/9933/9933
f 1945/9934/9934 1944/9935/9935 1956/9936/9936
s 260
f 1930/9937/9937 1949/9938/9938 1950/9939/9939
f 1930/9940/9940 1928/9941/9941 1949/9942/9942
f 1949/9943/9943 1955/9944/9944 1950/9945/9945
f 1949/9946/9946 1956/9947/9947 1955/9948/9948
s 261
f 1957/9949/9949 1958/9950/9950 1959/9951/9951
f 1957/9952/9952 1959/9953/9953 1960/9954/9954
f 1961/9955/9955 1957/9956/9956 1960/9957/9957
f 1961/9958/9958 1960/9959/9959 1962/9960/9960
f 1960/9961/9961 1963/9962/9962 1962/9963/9963
f 1963/9964/9964 1964/9965/9965 1962/9966/9966
s 262
f 1944/9967/9967 1965/9968/9968 1966/9969/9969
f 1944/9970/9970 1966/9971/9971 1967/9972/9972
f 1944/9973/9973 1967/9974/9974 1956/9975/9975
f 1944/9976/9976 1946/9977/9977 1965/9978/9978
f 1965/9979/9979 1946/9980/9980 1968/9981/9981
f 1969/9982/9982 1956/9983/9983 1967/9984/9984
f 1969/9985/9985 1955/9986/9986 1956/9987/9987
f 1968/9988/9988 1946/9989/9989 1951/9990/9990
f 1952/9991/9991 1968/9992/9992 1951/9993/9993
f 1954/9994/9994 1955/9995/9995 1969/9996/9996
f 1954/9997/9997 1969/9998/9998 1970/9999/9999
f 1971/10000/10000 1968/10001/10001 1952/10002/10002
f 1953/10003/10003 1971/10004/10004 1952/10005/10005
f 1953/10006/10006 1954/10007/10007 1970/10008/10008
f 1953/10009/10009 1970/10010/10010 1972/10011/10011
f 1953/10012/10012 1972/10013/10013 1971/10014/10014
s 263
f 1968/10015/10015 1963/10016/10016 1965/10017/10017
f 1968/10018/10018 1964/10019/10019 1963/10020/10020
f 1968/10021/10021 1971/10022/10022 1964/10023/10023
f 1963/10024/10024 1960/10025/10025 1965/10026/10026
f 1965/10027/10027 1960/10028/10028 1966/10029/10029
f 1962/10030/10030 1964/10031/10031 1971/10032/10032
f 1972/10033/10033 1962/10034/10034 1971/10035/10035
f 1966/10036/10036 1960/10037/10037 1959/10038/10038
f 1966/10039/10039 1959/10040/10040 1967/10041/10041
f 1972/10042/10042 1961/10043/10043 1962/10044/10044
f 1972/10045/10045 1970/10046/10046 1961/10047/10047
f 1959/10048/10048 1958/10049/10049 1967/10050/10050
f 1969/10051/10051 1967/10052/10052 1958/10053/10053
f 1957/10054/10054 1961/10055/10055 1970/10056/10056
f 1969/10057/10057 1957/10058/10058 1970/10059/10059
f 1969/10060/10060 1958/10061/10061 1957/10062/10062
o flare2,ox=-0.00,oy=0.00,oz=13.47,p=lbarrel1,,e=0
v 24.302090 31.404922 26.393849
v 24.302090 31.404922 30.393849
v 24.302090 33.404922 26.393849
f 1973/1/1 1974/2/2 1975/3/3
o lbarrel2,ox=-0.00,oy=-9.70,oz=18.85,p=llauncher,
v 24.382134 28.710501 19.050212
vn -0.000000 0.964634 -0.556948
vt 0.070148207 0.533107996
v 25.801957 28.122397 0.479440
vn 0.787636 0.787636 0.000000
vt 0.076234058 0.578827977
v 24.382134 28.710504 0.479440
vn -0.000000 1.113896 0.000000
vt 0.070130542 0.578827977
vn -0.000000 0.964634 -0.556948
vt 0.070148207 0.533107996
v 25.801957 28.122394 19.050212
vn 0.682150 0.682150 -0.556948
vt 0.076261133 0.533107996
vn 0.787636 0.787636 0.000000
vt 0.076234058 0.578827977
vn 0.682150 0.682150 -0.556948
vt 0.070163816 0.533107996
v 26.390067 26.702573 0.479443
vn 1.113896 0.000000 0.000000
vt 0.076234058 0.578827977
vn 0.787636 0.787636 0.000000
vt 0.070130542 0.578827977
vn 0.682150 0.682150 -0.556948
vt 0.070163816 0.533107996
v 26.390067 26.702571 19.050212
vn 0.964634 0.000000 -0.556948
vt 0.076270998 0.533107996
vn 1.113896 0.000000 0.000000
vt 0.076234058 0.578827977
vn 0.964634 0.000000 -0.556948
vt 0.070162892 0.533107996
v 25.801957 25.282752 0.479443
vn 0.787636 -0.787636 0.000000
vt 0.076234058 0.578827977
vn 1.113896 0.000000 0.000000
vt 0.070130542 0.578827977
vn 0.964634 0.000000 -0.556948
vt 0.070162892 0.533107996
v 25.801957 25.282745 19.050212
vn 0.682150 -0.682150 -0.556948
vt 0.076264344 0.533107996
vn 0.787636 -0.787636 0.000000
vt 0.076234058 0.578827977
vn 0.682150 -0.682150 -0.556948
vt 0.070151880 0.533107996
v 24.382134 24.694642 0.479443
vn -0.000000 -1.113896 0.000000
vt 0.076234058 0.578827977
vn 0.787636 -0.787636 0.000000
vt 0.070130542 0.578827977
vn 0.682150 -0.682150 -0.556948
vt 0.070151880 0.533107996
v 24.382134 24.694638 19.050212
vn -0.000000 -0.964634 -0.556948
vt 0.076253794 0.533107996
vn -0.000000 -1.113896 0.000000
vt 0.076234058 0.578827977
vn -0.000000 -0.964634 -0.556948
vt 0.070145227 0.533107996
v 22.962308 25.282752 0.479443
vn -0.787636 -0.787636 0.000000
vt 0.076234058 0.578827977
vn -0.000000 -1.113896 0.000000
vt 0.070130542 0.578827977
vn -0.000000 -0.964634 -0.556948
vt 0.070145227 0.533107996
v 22.962308 25.282745 19.050212
vn -0.682150 -0.682150 -0.556948
vt 0.076248512 0.533107996
vn -0.787636 -0.787636 0.000000
vt 0.076234058 0.578827977
vn -0.682150 -0.682150 -0.556948
vt 0.070147753 0.533107996
v 22.374198 26.702573 0.479443
vn -1.113896 0.000000 0.000000
vt 0.076234058 0.578827977
vn -0.787636 -0.787636 0.000000
vt 0.070130542 0.578827977
vn -0.682150 -0.682150 -0.556948
vt 0.070147753 0.533107996
v 22.374198 26.702571 19.050212
vn -0.964634 0.000000 -0.556948
vt 0.076251954 0.533107996
vn -1.113896 0.000000 0.000000
vt 0.076234058 0.578827977
vn 0.682150 -0.682150 -0.556948
vt 0.534935951 0.908591986
v 24.382134 24.383410 19.281470
vn -0.000000 -1.015873 -0.457031
vt 0.520405471 0.923152983
vn -0.000000 -0.964634 -0.556948
vt 0.520403624 0.908591986
vn 0.682150 -0.682150 -0.556948
vt 0.534935951 0.908591986
v 26.022033 25.062676 19.281471
vn 0.718351 -0.718351 -0.457031
vt 0.534936905 0.923152983
vn -0.000000 -1.015873 -0.457031
vt 0.520405471 0.923152983
vn -0.964634 0.000000 -0.556948
vt 0.070153028 0.533107996
v 22.962308 28.122397 0.479440
vn -0.787636 0.787636 0.000000
vt 0.076234058 0.578827977
vn -1.113896 0.000000 0.000000
vt 0.070130542 0.578827977
vn -0.964634 0.000000 -0.556948
vt 0.070153028 0.533107996
v 22.962308 28.122394 19.050212
vn -0.682150 0.682150 -0.556948
vt 0.076253563 0.533107996
vn -0.787636 0.787636 0.000000
vt 0.076234058 0.578827977
vn -0.682150 0.682150 -0.556948
vt 0.070149355 0.533107996
vn -0.000000 1.113896 0.000000
vt 0.076234058 0.578827977
vn -0.787636 0.787636 0.000000
vt 0.070130542 0.578827977
vn -0.682150 0.682150 -0.556948
vt 0.070149355 0.533107996
vn -0.000000 0.964634 -0.556948
vt 0.076245300 0.533107996
vn -0.000000 1.113896 0.000000
vt 0.076234058 0.578827977
v 22.742236 28.342465 19.281473
vn -0.718351 0.718351 -0.457031
vt 0.323574215 0.733869016
v 24.382134 29.021729 24.376314
vn -0.426288 1.029128 0.000000
vt 0.253124267 0.767368972
v 24.382134 29.021733 19.281473
vn 0.000000 1.015873 -0.457031
vt 0.253127247 0.733869016
vn -0.718240 0.718351 -0.457031
vt 0.323574215 0.733869016
v 22.742236 28.342461 24.376314
vn -0.426288 1.029128 0.000000
vt 0.323577434 0.767368972
vn -0.426288 1.029128 0.000000
vt 0.253124267 0.767368972
vn -0.964634 0.000000 -0.556948
vt 0.534932315 0.908591986
vn -0.718351 0.718351 -0.457031
vt 0.520406187 0.923152983
vn -0.682150 0.682150 -0.556948
vt 0.520404994 0.908591986
vn -0.964634 0.000000 -0.556948
vt 0.534932315 0.908591986
v 22.062971 26.702571 19.281471
vn -1.015873 0.000000 -0.457031
vt 0.534933209 0.923152983
vn -0.718351 0.718351 -0.457031
vt 0.520406187 0.923152983
vn 0.964634 0.000000 -0.556948
vt 0.520419955 0.908591986
v 26.022033 28.342465 19.281473
vn 0.718351 0.718351 -0.457031
vt 0.534945846 0.923152983
v 26.701297 26.702571 19.281471
vn 1.015873 0.000000 -0.457031
vt 0.520420849 0.923152983
vn 0.964634 0.000000 -0.556948
vt 0.520419955 0.908591986
vn 0.682150 0.682150 -0.556948
vt 0.534944713 0.908591986
vn 0.718351 0.718351 -0.457031
vt 0.534945846 0.923152983
vn -0.682150 -0.682150 -0.556948
vt 0.520399034 0.908591986
vn -0.000000 -1.015873 -0.457031
vt 0.534928620 0.923152983
v 22.742236 25.062676 19.281471
vn -0.718351 -0.718351 -0.457031
vt 0.520400226 0.923152983
vn -0.682150 -0.682150 -0.556948
vt 0.520399034 0.908591986
vn -0.000000 -0.964634 -0.556948
vt 0.534927249 0.908591986
vn -0.000000 -1.015873 -0.457031
vt 0.534928620 0.923152983
vn -0.682150 0.682150 -0.556948
vt 0.534929335 0.908591986
vn 0.000000 1.015873 -0.457031
vt 0.520398617 0.923152983
vn -0.000000 0.964634 -0.556948
vt 0.520400882 0.908591986
vn -0.682150 0.682150 -0.556948
vt 0.534929335 0.908591986
vn -0.718351 0.718351 -0.457031
vt 0.534930706 0.923152983
vn 0.000000 1.015873 -0.457031
vt 0.520398617 0.923152983
vn 0.682150 0.682150 -0.556948
vt 0.520413518 0.908591986
vn 0.000000 1.015873 -0.457031
vt 0.534928381 0.923152983
vn 0.718351 0.718351 -0.457031
vt 0.520414412 0.923152983
vn 0.682150 0.682150 -0.556948
vt 0.520413518 0.908591986
vn -0.000000 0.964634 -0.556948
vt 0.534929991 0.908591986
vn 0.000000 1.015873 -0.457031
vt 0.534928381 0.923152983
vn 0.964634 0.000000 -0.556948
vt 0.534944475 0.908591986
vn 0.718351 -0.718351 -0.457031
vt 0.520416021 0.923152983
vn 0.682150 -0.682150 -0.556948
vt 0.520414174 0.908591986
vn 0.964634 0.000000 -0.556948
vt 0.534944475 0.908591986
vn 1.015873 0.000000 -0.457031
vt 0.534945369 0.923152983
vn 0.718351 -0.718351 -0.457031
vt 0.520416021 0.923152983
vn -0.964634 0.000000 -0.556948
vt 0.520403206 0.908591986
vn -0.718351 -0.718351 -0.457031
vt 0.534928620 0.923152983
vn -1.015873 0.000000 -0.457031
vt 0.520403624 0.923152983
vn -0.964634 0.000000 -0.556948
vt 0.520403206 0.908591986
vn -0.682150 -0.682150 -0.556948
vt 0.534927249 0.908591986
vn -0.718351 -0.718351 -0.457031
vt 0.534928620 0.923152983
vn -0.718351 -0.718351 -0.457031
vt 0.323579013 0.733869016
v 22.062971 26.702567 24.376314
vn -1.029128 -0.426288 0.000000
vt 0.253149033 0.767368972
vn -1.015873 0.000000 -0.457031
vt 0.253145158 0.733869016
vn -0.718351 -0.718240 -0.457031
vt 0.323579013 0.733869016
v 22.742236 25.062673 24.376314
vn -1.029128 -0.426288 0.000000
vt 0.323583156 0.767368972
vn -1.029128 -0.426288 0.000000
vt 0.253149033 0.767368972
vn 0.718351 -0.718351 -0.457031
vt 0.323583603 0.733869016
v 24.382134 24.383410 24.376312
vn 0.426288 -1.029128 0.000000
vt 0.253152490 0.767368972
vn -0.000000 -1.015873 -0.457031
vt 0.253147453 0.733869016
vn 0.718240 -0.718351 -0.457031
vt 0.323583603 0.733869016
v 26.022033 25.062673 24.376314
vn 0.426288 -1.029128 0.000000
vt 0.323588192 0.767368972
vn 0.426288 -1.029128 0.000000
vt 0.253152490 0.767368972
vn 0.718351 0.718351 -0.457031
vt 0.323594868 0.733869016
v 26.701297 26.702567 24.376314
vn 1.029128 0.426288 0.000000
vt 0.253166258 0.767368972
vn 1.015873 0.000000 -0.457031
vt 0.253163278 0.733869016
vn 0.718351 0.718240 -0.457031
vt 0.323594868 0.733869016
v 26.022033 28.342461 24.376314
vn 1.029128 0.426288 0.000000
vt 0.323596686 0.767368972
vn 1.029128 0.426288 0.000000
vt 0.253166258 0.767368972
vn -1.015873 0.000000 -0.457031
vt 0.323583156 0.733869016
vn -1.029128 0.426288 0.000000
vt 0.253149033 0.767368972
vn -0.718351 0.718351 -0.457031
vt 0.253146052 0.733869016
vn -1.015873 0.000000 -0.457031
vt 0.323583156 0.733869016
vn -1.029128 0.426288 0.000000
vt 0.323587060 0.767368972
vn -1.029128 0.426288 0.000000
vt 0.253149033 0.767368972
vn -0.000000 -1.015873 -0.457031
vt 0.323576957 0.733869016
vn -0.426288 -1.029128 0.000000
vt 0.253146738 0.767368972
vn -0.718351 -0.718351 -0.457031
vt 0.253141940 0.733869016
vn -0.000000 -1.015873 -0.457031
vt 0.323576957 0.733869016
vn -0.426288 -1.029128 0.000000
vt 0.323582023 0.767368972
vn -0.426288 -1.029128 0.000000
vt 0.253146738 0.767368972
vn 1.015873 0.000000 -0.457031
vt 0.323594391 0.733869016
vn 1.029128 -0.426288 0.000000
vt 0.253161907 0.767368972
vn 0.718351 -0.718351 -0.457031
vt 0.253158003 0.733869016
vn 1.015873 0.000000 -0.457031
vt 0.323594391 0.733869016
vn 1.029128 -0.426288 0.000000
vt 0.323597610 0.767368972
vn 1.029128 -0.426288 0.000000
vt 0.253161907 0.767368972
vn 0.000000 1.015873 -0.457031
vt 0.323568255 0.733869016
vn 0.426288 1.029128 0.000000
vt 0.253149956 0.767368972
vn 0.718351 0.718351 -0.457031
vt 0.253148139 0.733869016
vn 0.000000 1.015873 -0.457031
vt 0.323568255 0.733869016
vn 0.426288 1.029128 0.000000
vt 0.323564351 0.767368972
vn 0.426288 1.029128 0.000000
vt 0.253149956 0.767368972
v 25.628618 25.456087 15.675757
vn -0.000000 0.000000 1.113896
vt 0.978700817 0.739710987
v 26.144928 26.702569 15.675757
vn -0.000000 0.000000 1.113896
vt 0.983888805 0.752264023
v 25.628618 27.949052 15.675757
vn -0.000000 0.000000 1.113896
vt 0.978700817 0.764815986
v 24.382134 24.939776 15.675757
vn -0.000000 0.000000 1.113896
vt 0.966188371 0.734511018
vn -0.000000 0.000000 1.113896
vt 0.978700817 0.739710987
vn -0.000000 0.000000 1.113896
vt 0.978700817 0.764815986
vn -0.000000 0.000000 1.113896
vt 0.966188371 0.734511018
vn -0.000000 0.000000 1.113896
vt 0.978700817 0.764815986
v 24.382134 28.465365 15.675757
vn -0.000000 0.000000 1.113896
vt 0.966188610 0.770016015
vn -0.000000 0.000000 1.113896
vt 0.966188371 0.734511018
vn -0.000000 0.000000 1.113896
vt 0.966188610 0.770016015
v 23.135647 27.949052 15.675757
vn -0.000000 0.000000 1.113896
vt 0.953615367 0.764815986
vn -0.000000 0.000000 1.113896
vt 0.966188371 0.734511018
vn -0.000000 0.000000 1.113896
vt 0.953615367 0.764815986
v 23.135647 25.456087 15.675757
vn -0.000000 0.000000 1.113896
vt 0.953615367 0.739710987
vn -0.000000 0.000000 1.113896
vt 0.953615367 0.764815986
v 22.619337 26.702569 15.675757
vn -0.000000 0.000000 1.113896
vt 0.948427379 0.752264023
vn -0.000000 0.000000 1.113896
vt 0.953615367 0.739710987
vn -0.000000 0.614982 0.928766
vt 0.458647996 0.413865000
v 23.135647 27.949052 24.744685
vn -0.434865 0.434865 0.928766
vt 0.469042093 0.408737004
v 24.382134 28.465361 24.744685
vn -0.000000 0.614982 0.928766
vt 0.466591269 0.413888991
vn -0.000000 0.614982 0.928766
vt 0.458647996 0.413865000
vn -0.000000 0.614982 0.928766
vt 0.466591269 0.413888991
v 25.628618 27.949052 24.744685
vn 0.434865 0.434865 0.928766
vt 0.468737841 0.419064999
vn -0.000000 0.614982 0.928766
vt 0.458647996 0.413865000
vn 0.434865 0.434865 0.928766
vt 0.468737841 0.419064999
vn 0.434865 0.434865 0.928766
vt 0.463489264 0.421826988
vn -0.000000 0.614982 0.928766
vt 0.458647996 0.413865000
vn -0.434865 0.434865 0.928766
vt 0.463792622 0.405970007
vn -0.434865 0.434865 0.928766
vt 0.469042093 0.408737004
vn -0.434865 0.434865 0.928766
vt 0.469042093 0.408737004
vn -0.434865 0.434865 0.928766
vt 0.463792622 0.405970007
v 22.619337 26.702567 24.744685
vn -0.614982 0.000000 0.928766
vt 0.473380178 0.406720012
v 26.144928 26.702567 24.744685
vn 0.614982 0.000000 0.928766
vt 0.473141313 0.421025008
vn 0.434865 0.434865 0.928766
vt 0.463489264 0.421826988
vn 0.434865 0.434865 0.928766
vt 0.468737841 0.419064999
vn 0.614982 0.000000 0.928766
vt 0.473141313 0.421025008
vn 0.614982 0.000000 0.928766
vt 0.473202586 0.424623013
vn 0.434865 0.434865 0.928766
vt 0.463489264 0.421826988
vn -0.614982 0.000000 0.928766
vt 0.473380178 0.406720012
vn -0.434865 0.434865 0.928766
vt 0.463792622 0.405970007
vn -0.614982 0.000000 0.928766
vt 0.473318905 0.403122008
vn -0.434865 -0.434865 0.928766
vt 0.483021677 0.405918002
vn -0.614982 0.000000 0.928766
vt 0.473380178 0.406720012
vn -0.614982 0.000000 0.928766
vt 0.473318905 0.403122008
vn 0.434865 -0.434865 0.928766
vt 0.482783258 0.421775013
vn 0.614982 0.000000 0.928766
vt 0.473202586 0.424623013
vn 0.614982 0.000000 0.928766
vt 0.473141313 0.421025008
vn 0.434865 -0.434865 0.928766
vt 0.482783258 0.421775013
vn 0.614982 0.000000 0.928766
vt 0.473141313 0.421025008
v 25.628618 25.456082 24.744685
vn 0.434865 -0.434865 0.928766
vt 0.477533102 0.419009000
v 23.135647 25.456082 24.744685
vn -0.434865 -0.434865 0.928766
vt 0.477772653 0.408679992
vn -0.614982 0.000000 0.928766
vt 0.473380178 0.406720012
vn -0.434865 -0.434865 0.928766
vt 0.483021677 0.405918002
vn -0.000000 -0.614982 0.928766
vt 0.487844825 0.413879991
vn -0.434865 -0.434865 0.928766
vt 0.477772653 0.408679992
vn -0.434865 -0.434865 0.928766
vt 0.483021677 0.405918002
vn -0.000000 -0.614982 0.928766
vt 0.487844825 0.413879991
vn 0.434865 -0.434865 0.928766
vt 0.482783258 0.421775013
vn 0.434865 -0.434865 0.928766
vt 0.477533102 0.419009000
vn -0.000000 -0.614982 0.928766
vt 0.487844825 0.413879991
vn 0.434865 -0.434865 0.928766
vt 0.477533102 0.419009000
v 24.382134 24.939771 24.744685
vn -0.000000 -0.614982 0.928766
vt 0.479910493 0.413856000
vn -0.000000 -0.614982 0.928766
vt 0.487844825 0.413879991
vn -0.000000 -0.614982 0.928766
vt 0.479910493 0.413856000
vn -0.434865 -0.434865 0.928766
vt 0.477772653 0.408679992
vn 1.113896 0.000000 0.000000
vt 0.473354936 0.406720012
vn 0.787636 -0.787636 0.000000
vt 0.468995988 0.408737004
vn 0.787636 -0.787636 0.000000
vt 0.469023526 0.408737004
vn 1.113896 0.000000 0.000000
vt 0.473354936 0.406720012
vn 1.113896 0.000000 0.000000
vt 0.473329484 0.406720012
vn 0.787636 -0.787636 0.000000
vt 0.468995988 0.408737004
vn 1.113896 0.000000 0.000000
vt 0.473354936 0.406720012
vn 0.787636 0.787636 0.000000
vt 0.477750838 0.408679992
vn 1.113896 0.000000 0.000000
vt 0.473329484 0.406720012
vn 0.787636 -0.787636 0.000000
vt 0.468995988 0.408737004
vn -0.000000 -1.113896 0.000000
vt 0.466554582 0.413888991
vn 0.787636 -0.787636 0.000000
vt 0.469023526 0.408737004
vn 0.787636 -0.787636 0.000000
vt 0.469023526 0.408737004
vn -0.000000 -1.113896 0.000000
vt 0.466554582 0.413888991
vn -0.000000 -1.113896 0.000000
vt 0.466582328 0.413888991
vn 0.787636 0.787636 0.000000
vt 0.477724016 0.408679992
vn 1.113896 0.000000 0.000000
vt 0.473329484 0.406720012
vn 0.787636 0.787636 0.000000
vt 0.477750838 0.408679992
vn -0.000000 1.113896 0.000000
vt 0.479887545 0.413856000
vn 0.787636 0.787636 0.000000
vt 0.477724016 0.408679992
vn 0.787636 0.787636 0.000000
vt 0.477750838 0.408679992
vn -0.000000 -1.113896 0.000000
vt 0.466582328 0.413888991
vn -0.000000 -1.113896 0.000000
vt 0.466554582 0.413888991
vn -0.787636 -0.787636 0.000000
vt 0.468690813 0.419064999
vn -0.000000 -1.113896 0.000000
vt 0.466582328 0.413888991
vn -0.787636 -0.787636 0.000000
vt 0.468690813 0.419064999
vn -0.787636 -0.787636 0.000000
vt 0.468717188 0.419064999
vn -0.000000 1.113896 0.000000
vt 0.479887545 0.413856000
vn -0.000000 1.113896 0.000000
vt 0.479860246 0.413856000
vn 0.787636 0.787636 0.000000
vt 0.477724016 0.408679992
vn -0.000000 1.113896 0.000000
vt 0.479887545 0.413856000
vn -0.787636 0.787636 0.000000
vt 0.477506697 0.419009000
vn -0.000000 1.113896 0.000000
vt 0.479860246 0.413856000
vn -0.787636 -0.787636 0.000000
vt 0.468690813 0.419064999
vn -1.113896 0.000000 0.000000
vt 0.473085344 0.421025008
vn -0.787636 -0.787636 0.000000
vt 0.468717188 0.419064999
vn -1.113896 0.000000 0.000000
vt 0.473109663 0.421025008
vn -0.787636 -0.787636 0.000000
vt 0.468717188 0.419064999
vn -1.113896 0.000000 0.000000
vt 0.473085344 0.421025008
vn -0.787636 0.787636 0.000000
vt 0.477480084 0.419009000
vn -0.000000 1.113896 0.000000
vt 0.479860246 0.413856000
vn -0.787636 0.787636 0.000000
vt 0.477506697 0.419009000
vn -1.113896 0.000000 0.000000
vt 0.473109663 0.421025008
vn -0.787636 0.787636 0.000000
vt 0.477480084 0.419009000
vn -0.787636 0.787636 0.000000
vt 0.477506697 0.419009000
vn -1.113896 0.000000 0.000000
vt 0.473109663 0.421025008
vn -1.113896 0.000000 0.000000
vt 0.473085344 0.421025008
vn -0.787636 0.787636 0.000000
vt 0.477480084 0.419009000
s 259
f 1976/10063/10063 1977/10064/10064 1978/10065/10065
f 1976/10066/10066 1979/10067/10067 1977/10068/10068
f 1979/10069/10069 1980/10070/10070 1977/10071/10071
f 1979/10072/10072 1981/10073/10073 1980/10074/10074
f 1981/10075/10075 1982/10076/10076 1980/10077/10077
f 1981/10078/10078 1983/10079/10079 1982/10080/10080
f 1983/10081/10081 1984/10082/10082 1982/10083/10083
f 1983/10084/10084 1985/10085/10085 1984/10086/10086
f 1985/10087/10087 1986/10088/10088 1984/10089/10089
f 1985/10090/10090 1987/10091/10091 1986/10092/10092
f 1987/10093/10093 1988/10094/10094 1986/10095/10095
f 1987/10096/10096 1989/10097/10097 1988/10098/10098
f 1983/10099/10099 1990/10100/10100 1985/10101/10101
f 1983/10102/10102 1991/10103/10103 1990/10104/10104
f 1989/10105/10105 1992/10106/10106 1988/10107/10107
f 1989/10108/10108 1993/10109/10109 1992/10110/10110
f 1993/10111/10111 1978/10112/10112 1992/10113/10113
f 1993/10114/10114 1976/10115/10115 1978/10116/10116
f 1994/10117/10117 1995/10118/10118 1996/10119/10119
f 1994/10120/10120 1997/10121/10121 1995/10122/10122
f 1989/10123/10123 1994/10124/10124 1993/10125/10125
f 1989/10126/10126 1998/10127/10127 1994/10128/10128
f 1981/10129/10129 1999/10130/10130 2000/10131/10131
f 1981/10132/10132 1979/10133/10133 1999/10134/10134
f 1987/10135/10135 1990/10136/10136 2001/10137/10137
f 1987/10138/10138 1985/10139/10139 1990/10140/10140
f 1993/10141/10141 1996/10142/10142 1976/10143/10143
f 1993/10144/10144 1994/10145/10145 1996/10146/10146
f 1979/10147/10147 1996/10148/10148 1999/10149/10149
f 1979/10150/10150 1976/10151/10151 1996/10152/10152
f 1981/10153/10153 1991/10154/10154 1983/10155/10155
f 1981/10156/10156 2000/10157/10157 1991/10158/10158
f 1989/10159/10159 2001/10160/10160 1998/10161/10161
f 1989/10162/10162 1987/10163/10163 2001/10164/10164
f 2001/10165/10165 2002/10166/10166 1998/10167/10167
f 2001/10168/10168 2003/10169/10169 2002/10170/10170
f 1991/10171/10171 2004/10172/10172 1990/10173/10173
f 1991/10174/10174 2005/10175/10175 2004/10176/10176
f 1999/10177/10177 2006/10178/10178 2000/10179/10179
f 1999/10180/10180 2007/10181/10181 2006/10182/10182
f 1998/10183/10183 1997/10184/10184 1994/10185/10185
f 1998/10186/10186 2002/10187/10187 1997/10188/10188
f 1990/10189/10189 2003/10190/10190 2001/10191/10191
f 1990/10192/10192 2004/10193/10193 2003/10194/10194
f 2000/10195/10195 2005/10196/10196 1991/10197/10197
f 2000/10198/10198 2006/10199/10199 2005/10200/10200
f 1996/10201/10201 2007/10202/10202 1999/10203/10203
f 1996/10204/10204 1995/10205/10205 2007/10206/10206
s 260
f 2008/10207/10207 2009/10208/10208 2010/10209/10209
f 2011/10210/10210 2008/10211/10211 2010/10212/10212
f 2011/10213/10213 2010/10214/10214 2012/10215/10215
f 2011/10216/10216 2012/10217/10217 2013/10218/10218
f 2011/10219/10219 2013/10220/10220 2014/10221/10221
f 2013/10222/10222 2015/10223/10223 2014/10224/10224
s 261
f 1995/10225/10225 2016/10226/10226 2017/10227/10227
f 1995/10228/10228 2017/10229/10229 2018/10230/10230
f 1995/10231/10231 2018/10232/10232 2007/10233/10233
f 1995/10234/10234 1997/10235/10235 2016/10236/10236
f 2016/10237/10237 1997/10238/10238 2019/10239/10239
f 2020/10240/10240 2007/10241/10241 2018/10242/10242
f 2020/10243/10243 2006/10244/10244 2007/10245/10245
f 2019/10246/10246 1997/10247/10247 2002/10248/10248
f 2003/10249/10249 2019/10250/10250 2002/10251/10251
f 2005/10252/10252 2006/10253/10253 2020/10254/10254
f 2005/10255/10255 2020/10256/10256 2021/10257/10257
f 2022/10258/10258 2019/10259/10259 2003/10260/10260
f 2004/10261/10261 2022/10262/10262 2003/10263/10263
f 2004/10264/10264 2005/10265/10265 2021/10266/10266
f 2004/10267/10267 2021/10268/10268 2023/10269/10269
f 2004/10270/10270 2023/10271/10271 2022/10272/10272
s 262
f 2019/10273/10273 2013/10274/10274 2016/10275/10275
f 2019/10276/10276 2015/10277/10277 2013/10278/10278
f 2019/10279/10279 2022/10280/10280 2015/10281/10281
f 2013/10282/10282 2012/10283/10283 2016/10284/10284
f 2016/10285/10285 2012/10286/10286 2017/10287/10287
f 2014/10288/10288 2015/10289/10289 2022/10290/10290
f 2023/10291/10291 2014/10292/10292 2022/10293/10293
f 2017/10294/10294 2012/10295/10295 2010/10296/10296
f 2017/10297/10297 2010/10298/10298 2018/10299/10299
f 2023/10300/10300 2011/10301/10301 2014/10302/10302
f 2023/10303/10303 2021/10304/10304 2011/10305/10305
f 2010/10306/10306 2009/10307/10307 2018/10308/10308
f 2020/10309/10309 2018/10310/10310 2009/10311/10311
f 2008/10312/10312 2011/10313/10313 2021/10314/10314
f 2020/10315/10315 2008/10316/10316 2021/10317/10317
f 2020/10318/10318 2009/10319/10319 2008/10320/10320
o flare4,ox=-0.00,oy=0.00,oz=12.12,p=lbarrel2,,e=0
v 24.302090 26.691734 25.047224
v 24.302090 26.691734 29.047224
v 24.302090 28.691734 25.047224
f 2024/1/1 2025/2/2 2026/3/3
o aacover,ox=-0.00,oy=10.49,oz=-0.57,p=aimx1,
v -14.145174 41.540301 -6.561517
vn -0.000000 0.000000 -1.113896
vt 0.012879565 0.885931015
v -14.145174 41.934056 -6.334179
vn 0.000000 0.964634 -0.556948
vt 0.011719897 0.885931015
v -9.742161 41.934056 -6.334179
vn 0.000000 0.964634 -0.556948
vt 0.011719897 0.899999022
vn -0.000000 0.000000 -1.113896
vt 0.012879565 0.885931015
vn 0.000000 0.964634 -0.556948
vt 0.011719897 0.899999022
v -9.742159 41.540301 -6.561517
vn -0.000000 0.000000 -1.113896
vt 0.012879565 0.899999022
vn 0.000000 0.964634 -0.556948
vt 0.012879565 0.899999022
vn 0.000000 0.964634 -0.556948
vt 0.012879565 0.885931015
v -14.145174 41.934056 -5.879510
vn -0.000000 0.964634 0.556948
vt 0.011771754 0.885931015
vn 0.000000 0.964634 -0.556948
vt 0.012879565 0.899999022
vn -0.000000 0.964634 0.556948
vt 0.011771754 0.885931015
v -9.742161 41.934056 -5.879510
vn -0.000000 0.964634 0.556948
vt 0.011771524 0.899999022
vn -0.000000 0.964634 0.556948
vt 0.012925915 0.899999022
vn -0.000000 0.964634 0.556948
vt 0.012926604 0.885931015
v -14.145174 41.540301 -5.652173
vn -0.000000 0.000000 1.113896
vt 0.011766247 0.885931015
vn -0.000000 0.964634 0.556948
vt 0.012925915 0.899999022
vn -0.000000 0.000000 1.113896
vt 0.011766247 0.885931015
v -9.742159 41.540301 -5.652173
vn -0.000000 0.000000 1.113896
vt 0.011765559 0.899999022
vn -0.000000 0.000000 1.113896
vt 0.012904576 0.899999022
vn -0.000000 0.000000 1.113896
vt 0.012905264 0.885931015
v -14.145174 41.146545 -5.879510
vn -0.000000 -0.964634 0.556948
vt 0.011719897 0.885931015
vn -0.000000 0.000000 1.113896
vt 0.012904576 0.899999022
vn -0.000000 -0.964634 0.556948
vt 0.011719897 0.885931015
v -9.742159 41.146545 -5.879510
vn -0.000000 -0.964634 0.556948
vt 0.011719897 0.899999022
vn -0.000000 -0.964634 0.556948
vt 0.012879565 0.899999022
vn -0.000000 -0.964634 0.556948
vt 0.012879565 0.885931015
v -14.145174 41.146545 -6.334179
vn -0.000000 -0.964634 -0.556948
vt 0.011719897 0.885931015
vn -0.000000 -0.964634 0.556948
vt 0.012879565 0.899999022
vn -0.000000 -0.964634 -0.556948
vt 0.011719897 0.885931015
v -9.742159 41.146545 -6.334179
vn -0.000000 -0.964634 -0.556948
vt 0.011719897 0.899999022
vn -0.000000 -0.964634 -0.556948
vt 0.012879565 0.899999022
vn -0.000000 -0.964634 -0.556948
vt 0.012879565 0.885931015
vn -0.000000 0.000000 -1.113896
vt 0.011719897 0.885931015
vn -0.000000 -0.964634 -0.556948
vt 0.012879565 0.899999022
vn -0.000000 0.000000 -1.113896
vt 0.011719897 0.885931015
vn -0.000000 0.000000 -1.113896
vt 0.011719897 0.899999022
v -9.155567 37.033184 -2.825214
vn -0.000000 -0.645503 -0.907825
vt 0.187562183 0.877605975
v -14.731768 37.033184 -2.825213
vn -0.000000 -0.645503 -0.907825
vt 0.187562183 0.906817019
v -14.731768 41.480653 -5.987736
vn -0.000000 -0.645503 -0.907825
vt 0.203797534 0.906817019
vn -0.000000 -0.645503 -0.907825
vt 0.187562183 0.877605975
vn -0.000000 -0.645503 -0.907825
vt 0.203797534 0.906817019
v -9.155567 41.480653 -5.987737
vn -0.000000 -0.645503 -0.907825
vt 0.203797534 0.877605975
v -14.731768 41.646427 -5.754606
vn -0.000000 0.645503 0.907825
vt 0.187610596 0.877605975
v -14.731768 37.198962 -2.592082
vn -0.000000 0.645503 0.907825
vt 0.187597975 0.906817019
v -9.155567 37.198964 -2.592082
vn -0.000000 0.645503 0.907825
vt 0.203834936 0.906817019
vn -0.000000 0.645503 0.907825
vt 0.187610596 0.877605975
vn -0.000000 0.645503 0.907825
vt 0.203834936 0.906817019
v -9.155567 41.646427 -5.754606
vn -0.000000 0.645503 0.907825
vt 0.203845024 0.877605975
vn -0.000000 -0.907825 0.645503
vt 0.172486499 0.379328012
vn -0.000000 -0.907714 0.645503
vt 0.240601733 0.379328012
vn -0.000000 -0.907825 0.645503
vt 0.240612283 0.393507004
vn -0.000000 -0.907825 0.645503
vt 0.172486499 0.379328012
vn -0.000000 -0.907825 0.645503
vt 0.240612283 0.393507004
vn -0.000000 -0.907825 0.645503
vt 0.172497973 0.393507004
vn -1.113896 0.000000 0.000000
vt 0.131165698 0.379328012
vn -1.113896 0.000000 0.000000
vt 0.172486499 0.379328012
vn -1.113896 0.000000 0.000000
vt 0.172501415 0.393507004
vn -1.113896 0.000000 0.000000
vt 0.131165698 0.379328012
vn -1.113896 0.000000 0.000000
vt 0.172501415 0.393507004
vn -1.113896 0.000000 0.000000
vt 0.131196439 0.393507004
vn 1.113896 0.000000 0.000000
vt 0.063050464 0.379328012
vn 1.113896 0.000000 0.000000
vt 0.063080296 0.393507004
vn 1.113896 0.000000 0.000000
vt 0.021747101 0.393507004
vn 1.113896 0.000000 0.000000
vt 0.063050464 0.379328012
vn 1.113896 0.000000 0.000000
vt 0.021747101 0.393507004
vn 1.113896 0.000000 0.000000
vt 0.021729663 0.379328012
vn -0.000000 0.907825 -0.645503
vt 0.063050464 0.379328012
vn -0.000000 0.907825 -0.645503
vt 0.131165698 0.379328012
vn -0.000000 0.907825 -0.645503
vt 0.131202176 0.393507004
vn -0.000000 0.907825 -0.645503
vt 0.063050464 0.379328012
vn -0.000000 0.907825 -0.645503
vt 0.131202176 0.393507004
vn -0.000000 0.907825 -0.645503
vt 0.063088097 0.393507004
v 9.742161 41.540297 -6.561517
vn -0.000000 0.000000 -1.113896
vt 0.012879565 0.899999022
v 14.145176 41.934056 -6.334179
vn 0.000000 0.964634 -0.556948
vt 0.011719897 0.885931015
v 14.145176 41.540297 -6.561517
vn -0.000000 0.000000 -1.113896
vt 0.012879565 0.885931015
vn -0.000000 0.000000 -1.113896
vt 0.012879565 0.899999022
v 9.742161 41.934056 -6.334179
vn 0.000000 0.964634 -0.556948
vt 0.011719897 0.899999022
vn 0.000000 0.964634 -0.556948
vt 0.011719897 0.885931015
vn 0.000000 0.964634 -0.556948
vt 0.012879565 0.899999022
v 14.145176 41.934056 -5.879510
vn -0.000000 0.964634 0.556948
vt 0.011771524 0.885931015
vn 0.000000 0.964634 -0.556948
vt 0.012879565 0.885931015
vn 0.000000 0.964634 -0.556948
vt 0.012879565 0.899999022
v 9.742161 41.934056 -5.879510
vn -0.000000 0.964634 0.556948
vt 0.011771524 0.899999022
vn -0.000000 0.964634 0.556948
vt 0.011771524 0.885931015
vn -0.000000 0.964634 0.556948
vt 0.012925915 0.899999022
v 14.145176 41.540297 -5.652173
vn -0.000000 0.000000 1.113896
vt 0.011766247 0.885931015
vn -0.000000 0.964634 0.556948
vt 0.012926375 0.885931015
vn -0.000000 0.964634 0.556948
vt 0.012925915 0.899999022
v 9.742161 41.540297 -5.652173
vn -0.000000 0.000000 1.113896
vt 0.011765788 0.899999022
vn -0.000000 0.000000 1.113896
vt 0.011766247 0.885931015
vn -0.000000 0.000000 1.113896
vt 0.012904805 0.899999022
v 14.145176 41.146545 -5.879510
vn -0.000000 -0.964634 0.556948
vt 0.011719897 0.885931015
vn -0.000000 0.000000 1.113896
vt 0.012905264 0.885931015
vn -0.000000 0.000000 1.113896
vt 0.012904805 0.899999022
v 9.742161 41.146545 -5.879510
vn -0.000000 -0.964634 0.556948
vt 0.011719897 0.899999022
vn -0.000000 -0.964634 0.556948
vt 0.011719897 0.885931015
vn -0.000000 -0.964634 0.556948
vt 0.012879565 0.899999022
v 14.145176 41.146545 -6.334179
vn -0.000000 -0.964634 -0.556948
vt 0.011719897 0.885931015
vn -0.000000 -0.964634 0.556948
vt 0.012879565 0.885931015
vn -0.000000 -0.964634 0.556948
vt 0.012879565 0.899999022
v 9.742161 41.146545 -6.334179
vn -0.000000 -0.964634 -0.556948
vt 0.011719897 0.899999022
vn -0.000000 -0.964634 -0.556948
vt 0.011719897 0.885931015
vn -0.000000 -0.964634 -0.556948
vt 0.012879565 0.899999022
vn -0.000000 0.000000 -1.113896
vt 0.011719897 0.885931015
vn -0.000000 -0.964634 -0.556948
vt 0.012879565 0.885931015
vn -0.000000 -0.964634 -0.556948
vt 0.012879565 0.899999022
vn -0.000000 0.000000 -1.113896
vt 0.011719897 0.899999022
vn -0.000000 0.000000 -1.113896
vt 0.011719897 0.885931015
v 9.155569 37.033184 -2.825214
vn -0.000000 -0.645503 -0.907825
vt 0.187562183 0.877605975
v 14.731770 41.480650 -5.987736
vn -0.000000 -0.645503 -0.907825
vt 0.203797534 0.906817019
v 14.731770 37.033184 -2.825213
vn -0.000000 -0.645503 -0.907825
vt 0.187562183 0.906817019
vn -0.000000 -0.645503 -0.907825
vt 0.187562183 0.877605975
v 9.155569 41.480650 -5.987737
vn -0.000000 -0.645503 -0.907825
vt 0.203797534 0.877605975
vn -0.000000 -0.645503 -0.907825
vt 0.203797534 0.906817019
v 14.731770 41.646427 -5.754606
vn -0.000000 0.645503 0.907825
vt 0.187610596 0.877605975
v 9.155569 37.198962 -2.592082
vn -0.000000 0.645503 0.907825
vt 0.203834936 0.906817019
v 14.731770 37.198958 -2.592082
vn -0.000000 0.645503 0.907825
vt 0.187597975 0.906817019
vn -0.000000 0.645503 0.907825
vt 0.187610596 0.877605975
v 9.155569 41.646427 -5.754606
vn -0.000000 0.645503 0.907825
vt 0.203845263 0.877605975
vn -0.000000 0.645503 0.907825
vt 0.203834936 0.906817019
vn -0.000000 -0.907825 0.645503
vt 0.172486499 0.379328012
vn -0.000000 -0.907825 0.645503
vt 0.240612283 0.393507004
vn -0.000000 -0.907825 0.645503
vt 0.240601733 0.379328012
vn -0.000000 -0.907825 0.645503
vt 0.172486499 0.379328012
vn -0.000000 -0.907825 0.645503
vt 0.172497973 0.393507004
vn -0.000000 -0.907825 0.645503
vt 0.240612283 0.393507004
vn 1.113896 0.000000 0.000000
vt 0.131165698 0.379328012
vn 1.113896 0.000000 0.000000
vt 0.172501415 0.393507004
vn 1.113896 0.000000 0.000000
vt 0.172486499 0.379328012
vn 1.113896 0.000000 0.000000
vt 0.131165698 0.379328012
vn 1.113896 0.000000 0.000000
vt 0.131196439 0.393507004
vn 1.113896 0.000000 0.000000
vt 0.172501415 0.393507004
vn -1.113896 0.000000 0.000000
vt 0.063050464 0.379328012
vn -1.113896 0.000000 0.000000
vt 0.021747101 0.393507004
vn -1.113896 0.000000 0.000000
vt 0.063080296 0.393507004
vn -1.113896 0.000000 0.000000
vt 0.063050464 0.379328012
vn -1.113896 0.000000 0.000000
vt 0.021729663 0.379328012
vn -1.113896 0.000000 0.000000
vt 0.021747101 0.393507004
vn -0.000000 0.907825 -0.645503
vt 0.063050464 0.379328012
vn -0.000000 0.907825 -0.645503
vt 0.131202176 0.393507004
vn -0.000000 0.907825 -0.645503
vt 0.131165698 0.379328012
vn -0.000000 0.907825 -0.645503
vt 0.063050464 0.379328012
vn -0.000000 0.907825 -0.645503
vt 0.063088097 0.393507004
vn -0.000000 0.907825 -0.645503
vt 0.131202176 0.393507004
vn -1.113896 0.000000 0.000000
vt 0.759364784 0.904156983
vn -1.113896 0.000000 0.000000
vt 0.731446445 0.920379996
vn -1.113896 0.000000 0.000000
vt 0.749879062 0.920451999
vn -1.113896 0.000000 0.000000
vt 0.759364784 0.904156983
vn -1.113896 0.000000 0.000000
vt 0.722474277 0.904012978
vn -1.113896 0.000000 0.000000
vt 0.731446445 0.920379996
vn -1.113896 0.000000 0.000000
vt 0.759364784 0.904156983
vn -1.113896 0.000000 0.000000
vt 0.731934726 0.887718976
vn -1.113896 0.000000 0.000000
vt 0.722474277 0.904012978
vn -1.113896 0.000000 0.000000
vt 0.759364784 0.904156983
vn -1.113896 0.000000 0.000000
vt 0.750398815 0.887790978
vn -1.113896 0.000000 0.000000
vt 0.731934726 0.887718976
vn 1.113896 0.000000 0.000000
vt 0.722560823 0.903910995
vn 1.113896 0.000000 0.000000
vt 0.731507480 0.920270026
vn 1.113896 0.000000 0.000000
vt 0.750001132 0.920325994
vn 1.113896 0.000000 0.000000
vt 0.722560823 0.903910995
vn 1.113896 0.000000 0.000000
vt 0.750001132 0.920325994
vn 1.113896 0.000000 0.000000
vt 0.759400547 0.904024005
vn 1.113896 0.000000 0.000000
vt 0.722560823 0.903910995
vn 1.113896 0.000000 0.000000
vt 0.759400547 0.904024005
vn 1.113896 0.000000 0.000000
vt 0.750367343 0.887664974
vn 1.113896 0.000000 0.000000
vt 0.722560823 0.903910995
vn 1.113896 0.000000 0.000000
vt 0.750367343 0.887664974
vn 1.113896 0.000000 0.000000
vt 0.731966376 0.887607992
vn 1.113896 0.000000 0.000000
vt 0.759339511 0.903910995
vn 1.113896 0.000000 0.000000
vt 0.750001132 0.887598991
vn 1.113896 0.000000 0.000000
vt 0.731597662 0.887637019
vn 1.113896 0.000000 0.000000
vt 0.722497940 0.903988004
vn 1.113896 0.000000 0.000000
vt 0.759339511 0.903910995
vn 1.113896 0.000000 0.000000
vt 0.731597662 0.887637019
vn 1.113896 0.000000 0.000000
vt 0.722497940 0.903988004
vn 1.113896 0.000000 0.000000
vt 0.731812656 0.920298994
vn 1.113896 0.000000 0.000000
vt 0.759339511 0.903910995
vn 1.113896 0.000000 0.000000
vt 0.759339511 0.903910995
vn 1.113896 0.000000 0.000000
vt 0.731812656 0.920298994
vn 1.113896 0.000000 0.000000
vt 0.750245273 0.920261025
vn -1.113896 0.000000 0.000000
vt 0.759339511 0.904054999
vn -1.113896 0.000000 0.000000
vt 0.731597900 0.887769997
vn -1.113896 0.000000 0.000000
vt 0.750001132 0.887739003
vn -1.113896 0.000000 0.000000
vt 0.722497940 0.904115975
vn -1.113896 0.000000 0.000000
vt 0.731597900 0.887769997
vn -1.113896 0.000000 0.000000
vt 0.759339511 0.904054999
vn -1.113896 0.000000 0.000000
vt 0.722497940 0.904115975
vn -1.113896 0.000000 0.000000
vt 0.759339511 0.904054999
vn -1.113896 0.000000 0.000000
vt 0.731812656 0.920431018
vn -1.113896 0.000000 0.000000
vt 0.759339511 0.904054999
vn -1.113896 0.000000 0.000000
vt 0.750245273 0.920400977
vn -1.113896 0.000000 0.000000
vt 0.731812656 0.920431018
s 194
f 2027/10321/10321 2028/10322/10322 2029/10323/10323
f 2027/10324/10324 2029/10325/10325 2030/10326/10326
f 2029/10327/10327 2028/10328/10328 2031/10329/10329
f 2029/10330/10330 2031/10331/10331 2032/10332/10332
f 2032/10333/10333 2031/10334/10334 2033/10335/10335
f 2032/10336/10336 2033/10337/10337 2034/10338/10338
f 2034/10339/10339 2033/10340/10340 2035/10341/10341
f 2034/10342/10342 2035/10343/10343 2036/10344/10344
f 2036/10345/10345 2035/10346/10346 2037/10347/10347
f 2036/10348/10348 2037/10349/10349 2038/10350/10350
f 2038/10351/10351 2037/10352/10352 2027/10353/10353
f 2038/10354/10354 2027/10355/10355 2030/10356/10356
s 195
f 2039/10357/10357 2040/10358/10358 2041/10359/10359
f 2039/10360/10360 2041/10361/10361 2042/10362/10362
s 196
f 2043/10363/10363 2044/10364/10364 2045/10365/10365
f 2043/10366/10366 2045/10367/10367 2046/10368/10368
s 197
f 2040/10369/10369 2039/10370/10370 2045/10371/10371
f 2040/10372/10372 2045/10373/10373 2044/10374/10374
s 198
f 2041/10375/10375 2040/10376/10376 2044/10377/10377
f 2041/10378/10378 2044/10379/10379 2043/10380/10380
s 199
f 2042/10381/10381 2046/10382/10382 2045/10383/10383
f 2042/10384/10384 2045/10385/10385 2039/10386/10386
s 200
f 2042/10387/10387 2041/10388/10388 2043/10389/10389
f 2042/10390/10390 2043/10391/10391 2046/10392/10392
s 201
f 2047/10393/10393 2048/10394/10394 2049/10395/10395
f 2047/10396/10396 2050/10397/10397 2048/10398/10398
f 2050/10399/10399 2051/10400/10400 2048/10401/10401
f 2050/10402/10402 2052/10403/10403 2051/10404/10404
f 2052/10405/10405 2053/10406/10406 2051/10407/10407
f 2052/10408/10408 2054/10409/10409 2053/10410/10410
f 2054/10411/10411 2055/10412/10412 2053/10413/10413
f 2054/10414/10414 2056/10415/10415 2055/10416/10416
f 2056/10417/10417 2057/10418/10418 2055/10419/10419
f 2056/10420/10420 2058/10421/10421 2057/10422/10422
f 2058/10423/10423 2049/10424/10424 2057/10425/10425
f 2058/10426/10426 2047/10427/10427 2049/10428/10428
s 202
f 2059/10429/10429 2060/10430/10430 2061/10431/10431
f 2059/10432/10432 2062/10433/10433 2060/10434/10434
s 203
f 2063/10435/10435 2064/10436/10436 2065/10437/10437
f 2063/10438/10438 2066/10439/10439 2064/10440/10440
s 204
f 2061/10441/10441 2064/10442/10442 2059/10443/10443
f 2061/10444/10444 2065/10445/10445 2064/10446/10446
s 205
f 2060/10447/10447 2065/10448/10448 2061/10449/10449
f 2060/10450/10450 2063/10451/10451 2065/10452/10452
s 206
f 2062/10453/10453 2064/10454/10454 2066/10455/10455
f 2062/10456/10456 2059/10457/10457 2064/10458/10458
s 207
f 2062/10459/10459 2063/10460/10460 2060/10461/10461
f 2062/10462/10462 2066/10463/10463 2063/10464/10464
s 208
f 2033/10465/10465 2037/10466/10466 2035/10467/10467
f 2033/10468/10468 2027/10469/10469 2037/10470/10470
f 2033/10471/10471 2028/10472/10472 2027/10473/10473
f 2033/10474/10474 2031/10475/10475 2028/10476/10476
s 209
f 2053/10477/10477 2055/10478/10478 2057/10479/10479
f 2053/10480/10480 2057/10481/10481 2049/10482/10482
f 2053/10483/10483 2049/10484/10484 2048/10485/10485
f 2053/10486/10486 2048/10487/10487 2051/10488/10488
s 210
f 2030/10489/10489 2029/10490/10490 2032/10491/10491
f 2034/10492/10492 2030/10493/10493 2032/10494/10494
f 2034/10495/10495 2036/10496/10496 2030/10497/10497
f 2030/10498/10498 2036/10499/10499 2038/10500/10500
s 211
f 2047/10501/10501 2052/10502/10502 2050/10503/10503
f 2054/10504/10504 2052/10505/10505 2047/10506/10506
f 2054/10507/10507 2047/10508/10508 2056/10509/10509
f 2047/10510/10510 2058/10511/10511 2056/10512/10512
o aaflare1,ox=-12.07,oy=14.70,oz=0.00,p=turret,,e=0
v -12.075000 39.021673 -4.443862
v -12.075000 39.021673 -0.443862
v -12.075000 41.021673 -4.443862
f 2067/1/1 2068/2/2 2069/3/3
o aaflare2,ox=12.07,oy=14.70,oz=0.00,p=turret,,e=0
v 12.075000 39.021673 -4.443862
v 12.075000 39.021673 -0.443862
v 12.075000 41.021673 -4.443862
f 2070/1/1 2071/2/2 2072/3/3
