# Spring Unit export, Created by Beherith mysterme@gmail.com with the help of Muon 
# arguments of an object 'o' piecename:
# Mxyz = midpoint of an s3o
# r = unit radius
# h = height
#			 t1 t2 = textures 1 and 2
# Oxyz = piece offset
# p = parent
o pelvis,ox=-0.00,oy=17.20,oz=-13.00,p=,mx=0.00,my=10.00,mz=-4.00,r=25.00,h=29.00,t1=Arm_color.dds,t2=Arm_other.dds
v 5.325383 15.190243 -17.796001
vn 0.727499 -0.170535 -0.664578
vt 0.276767999 0.430364013
v 6.123337 15.523665 -17.008057
vn 0.728798 -0.341108 -0.593716
vt 0.274242014 0.430364013
v 5.325383 12.268255 -14.936456
vn 0.732471 -0.584489 -0.349083
vt 0.276760995 0.406865001
vn 0.728798 -0.341108 -0.593716
vt 0.274242014 0.430364013
v 6.123337 13.073291 -14.610048
vn 0.733795 -0.656562 -0.174560
vt 0.274242014 0.406865001
vn 0.732471 -0.584489 -0.349083
vt 0.276760995 0.406865001
vn 0.727499 -0.170535 -0.664578
vt 0.276773989 0.406865001
v 6.123337 18.988840 -17.007883
vn 0.727499 0.170602 -0.664560
vt 0.274278998 0.430364013
vn 0.728798 -0.341108 -0.593716
vt 0.274246007 0.406865001
vn 0.727499 -0.170535 -0.664578
vt 0.276773989 0.406865001
v 5.325383 19.322348 -17.795794
vn 0.728800 0.341166 -0.593680
vt 0.276784986 0.430364013
vn 0.727499 0.170602 -0.664560
vt 0.274278998 0.430364013
vn 0.732471 -0.584489 -0.349083
vt 0.276755005 0.430364013
vn 0.733795 -0.656562 -0.174560
vt 0.274237990 0.430364013
v 5.325384 12.268046 -10.892244
vn 0.733796 -0.656579 0.174492
vt 0.276742995 0.406865001
vn 0.733795 -0.656562 -0.174560
vt 0.274237990 0.430364013
v 6.123338 13.073117 -11.218575
vn 0.732473 -0.584523 0.349022
vt 0.274237007 0.406865001
vn 0.733796 -0.656579 0.174492
vt 0.276742995 0.406865001
vn 0.733796 -0.656579 0.174492
vt 0.276740998 0.430364013
vn 0.732473 -0.584523 0.349022
vt 0.274235994 0.430364013
v 5.325383 15.189738 -8.032410
vn 0.728800 -0.341166 0.593680
vt 0.276751995 0.406865001
vn 0.732473 -0.584523 0.349022
vt 0.274235994 0.430364013
v 6.123337 15.523243 -8.820323
vn 0.727500 -0.170601 0.664559
vt 0.274248987 0.406865001
vn 0.728800 -0.341166 0.593680
vt 0.276751995 0.406865001
vn 0.728800 -0.341166 0.593680
vt 0.276755989 0.430364013
vn 0.727500 -0.170601 0.664559
vt 0.274253011 0.430364013
v 5.325383 19.321846 -8.032206
vn 0.727500 0.170536 0.664577
vt 0.276760012 0.406865001
vn 0.727500 -0.170601 0.664559
vt 0.274253011 0.430364013
v 6.123337 18.988421 -8.820152
vn 0.728800 0.341107 0.593714
vt 0.274242997 0.406865001
vn 0.727500 0.170536 0.664577
vt 0.276760012 0.406865001
vn 0.727500 0.170536 0.664577
vt 0.276766986 0.430364013
vn 0.728800 0.341107 0.593714
vt 0.274246991 0.430364013
v 5.325383 22.243832 -10.891750
vn 0.732473 0.584488 0.349081
vt 0.276775986 0.406865001
vn 0.728800 0.341107 0.593714
vt 0.274246991 0.430364013
v 6.123337 21.438793 -11.218163
vn 0.733796 0.656561 0.174559
vt 0.274271995 0.406865001
vn 0.732473 0.584488 0.349081
vt 0.276775986 0.406865001
vn 0.732473 0.584488 0.349081
vt 0.276782990 0.430364013
vn 0.733796 0.656561 0.174559
vt 0.274278998 0.430364013
v 5.325383 22.244042 -14.935961
vn 0.733796 0.656579 -0.174492
vt 0.276784986 0.406865001
vn 0.733796 0.656561 0.174559
vt 0.274278998 0.430364013
v 6.123337 21.438969 -14.609632
vn 0.732473 0.584523 -0.349022
vt 0.274282008 0.406865001
vn 0.733796 0.656579 -0.174492
vt 0.276784986 0.406865001
vn 0.733796 0.656579 -0.174492
vt 0.276787996 0.430364013
vn 0.732473 0.584523 -0.349022
vt 0.274284005 0.430364013
vn 0.728800 0.341166 -0.593680
vt 0.276787996 0.406865001
vn 0.732473 0.584523 -0.349022
vt 0.274284005 0.430364013
vn 0.727499 0.170602 -0.664560
vt 0.274282008 0.406865001
vn 0.728800 0.341166 -0.593680
vt 0.276787996 0.406865001
v -5.325384 15.190242 -17.796001
vn -0.728798 -0.341108 -0.593716
vt 0.277078986 0.407211989
v -6.123339 15.523664 -17.008057
vn -0.727498 -0.170536 -0.664578
vt 0.273757011 0.407211989
v -5.325384 19.322348 -17.795794
vn -0.727499 0.170602 -0.664560
vt 0.277090013 0.427798986
vn -0.727498 -0.170536 -0.664578
vt 0.273757011 0.407211989
v -6.123339 18.988840 -17.007883
vn -0.728799 0.341167 -0.593681
vt 0.273790002 0.427798986
vn -0.727499 0.170602 -0.664560
vt 0.277090013 0.427798986
v -5.325384 12.268255 -14.936456
vn -0.733794 -0.656563 -0.174560
vt 0.277065992 0.407211989
v -6.123339 13.073291 -14.610048
vn -0.732471 -0.584489 -0.349083
vt 0.273754001 0.407211989
vn -0.728798 -0.341108 -0.593716
vt 0.277072996 0.427798986
vn -0.732471 -0.584489 -0.349083
vt 0.273754001 0.407211989
vn -0.727498 -0.170536 -0.664578
vt 0.273754001 0.427798986
vn -0.728798 -0.341108 -0.593716
vt 0.277072996 0.427798986
v -5.325384 12.268046 -10.892244
vn -0.732471 -0.584524 0.349023
vt 0.277047992 0.407211989
v -6.123339 13.073114 -11.218575
vn -0.733794 -0.656581 0.174493
vt 0.273748994 0.407211989
vn -0.733794 -0.656563 -0.174560
vt 0.277060002 0.427798986
vn -0.733794 -0.656581 0.174493
vt 0.273748994 0.407211989
vn -0.732471 -0.584489 -0.349083
vt 0.273750007 0.427798986
vn -0.733794 -0.656563 -0.174560
vt 0.277060002 0.427798986
vn -0.732471 -0.584524 0.349023
vt 0.277047008 0.427798986
v -6.123339 15.523242 -8.820323
vn -0.728799 -0.341167 0.593681
vt 0.273761004 0.407211989
vn -0.733794 -0.656581 0.174493
vt 0.273746997 0.427798986
vn -0.732471 -0.584524 0.349023
vt 0.277047008 0.427798986
v -5.325384 15.189737 -8.032410
vn -0.727499 -0.170602 0.664560
vt 0.277056992 0.407211989
vn -0.728799 -0.341167 0.593681
vt 0.273761004 0.407211989
vn -0.727499 -0.170602 0.664560
vt 0.277060986 0.427798986
v -6.123339 18.988421 -8.820151
vn -0.727499 0.170536 0.664577
vt 0.273754001 0.407211989
vn -0.728799 -0.341167 0.593681
vt 0.273764998 0.427798986
vn -0.727499 -0.170602 0.664560
vt 0.277060986 0.427798986
v -5.325384 19.321846 -8.032206
vn -0.728799 0.341108 0.593715
vt 0.277065009 0.407211989
vn -0.727499 0.170536 0.664577
vt 0.273754001 0.407211989
vn -0.728799 0.341108 0.593715
vt 0.277072012 0.427798986
v -6.123339 21.438793 -11.218163
vn -0.732472 0.584488 0.349082
vt 0.273782998 0.407211989
vn -0.727499 0.170536 0.664577
vt 0.273757994 0.427798986
vn -0.728799 0.341108 0.593715
vt 0.277072012 0.427798986
v -5.325384 22.243832 -10.891750
vn -0.733796 0.656562 0.174560
vt 0.277081013 0.407211989
vn -0.732472 0.584488 0.349082
vt 0.273782998 0.407211989
vn -0.733796 0.656562 0.174560
vt 0.277089000 0.427798986
v -6.123339 21.438969 -14.609632
vn -0.733795 0.656580 -0.174493
vt 0.273793995 0.407211989
vn -0.732472 0.584488 0.349082
vt 0.273791999 0.427798986
vn -0.733796 0.656562 0.174560
vt 0.277089000 0.427798986
v -5.325384 22.244040 -14.935961
vn -0.732472 0.584524 -0.349023
vt 0.277090997 0.407211989
vn -0.733795 0.656580 -0.174493
vt 0.273793995 0.407211989
vn -0.732472 0.584524 -0.349023
vt 0.277094007 0.427798986
vn -0.728799 0.341167 -0.593681
vt 0.273793995 0.407211989
vn -0.733795 0.656580 -0.174493
vt 0.273795992 0.427798986
vn -0.732472 0.584524 -0.349023
vt 0.277094007 0.427798986
vn -0.727499 0.170602 -0.664560
vt 0.277092993 0.407211989
vn -0.728799 0.341167 -0.593681
vt 0.273793995 0.407211989
vn 0.000000 -0.498981 -0.866613
vt 0.415760010 0.874651015
vn -0.000000 0.249561 -0.968359
vt 0.415764004 0.864169002
vn 0.000000 -0.249463 -0.968384
vt 0.459522992 0.874651015
vn -0.000000 0.249561 -0.968359
vt 0.415764004 0.864169002
vn -0.000000 0.499068 -0.866563
vt 0.459526002 0.864169002
vn 0.000000 -0.249463 -0.968384
vt 0.459522992 0.874651015
vn 0.000000 -0.249463 -0.968384
vt 0.459513009 0.864169002
vn 0.000000 -0.859047 -0.511897
vt 0.459509999 0.874651015
vn 0.000000 -0.498981 -0.866613
vt 0.415751010 0.864169002
vn 0.000000 -0.859047 -0.511897
vt 0.459509999 0.874651015
vn -0.000000 -0.966683 -0.255976
vt 0.415748000 0.874651015
vn 0.000000 -0.498981 -0.866613
vt 0.415751010 0.864169002
vn 0.000000 -0.859047 -0.511897
vt 0.459500998 0.864169002
vn -0.000000 -0.966709 0.255877
vt 0.459491014 0.874651015
vn -0.000000 -0.966683 -0.255976
vt 0.415737987 0.864169002
vn -0.000000 -0.966709 0.255877
vt 0.459491014 0.874651015
vn 0.000000 -0.859099 0.511810
vt 0.415728986 0.874651015
vn -0.000000 -0.966683 -0.255976
vt 0.415737987 0.864169002
vn -0.000000 -0.966709 0.255877
vt 0.459482998 0.864169002
vn 0.000000 -0.499068 0.866563
vt 0.459486991 0.874651015
vn 0.000000 -0.859099 0.511810
vt 0.415720999 0.864169002
vn 0.000000 -0.499068 0.866563
vt 0.459486991 0.874651015
vn 0.000000 -0.249560 0.968359
vt 0.415724009 0.874651015
vn 0.000000 -0.859099 0.511810
vt 0.415720999 0.864169002
vn 0.000000 -0.499068 0.866563
vt 0.459491014 0.864169002
vn 0.000000 0.249464 0.968384
vt 0.459491014 0.874651015
vn 0.000000 -0.249560 0.968359
vt 0.415728003 0.864169002
vn 0.000000 0.249464 0.968384
vt 0.459491014 0.874651015
vn -0.000000 0.498981 0.866613
vt 0.415728986 0.874651015
vn 0.000000 -0.249560 0.968359
vt 0.415728003 0.864169002
vn 0.000000 0.249464 0.968384
vt 0.459499002 0.864169002
vn -0.000000 0.859047 0.511897
vt 0.459508985 0.874651015
vn -0.000000 0.498981 0.866613
vt 0.415737003 0.864169002
vn -0.000000 0.859047 0.511897
vt 0.459508985 0.874651015
vn -0.000000 0.966683 0.255976
vt 0.415746987 0.874651015
vn -0.000000 0.498981 0.866613
vt 0.415737003 0.864169002
vn -0.000000 0.859047 0.511897
vt 0.459518999 0.864169002
vn -0.000000 0.966709 -0.255877
vt 0.459522009 0.874651015
vn -0.000000 0.966683 0.255976
vt 0.415755987 0.864169002
vn -0.000000 0.966709 -0.255877
vt 0.459522009 0.874651015
vn -0.000000 0.859098 -0.511810
vt 0.415760010 0.874651015
vn -0.000000 0.966683 0.255976
vt 0.415755987 0.864169002
vn -0.000000 0.966709 -0.255877
vt 0.459524989 0.864169002
vn -0.000000 0.499068 -0.866563
vt 0.459526986 0.874651015
vn -0.000000 0.859098 -0.511810
vt 0.415762991 0.864169002
vn -0.000000 0.499068 -0.866563
vt 0.459526986 0.874651015
vn -0.000000 0.249561 -0.968359
vt 0.415764004 0.874651015
vn -0.000000 0.859098 -0.511810
vt 0.415762991 0.864169002
vn -1.000000 -0.000000 0.000000
vt 0.838930011 0.701933026
vn -1.000000 -0.000000 0.000000
vt 0.848573029 0.734753013
vn -1.000000 0.000000 0.000000
vt 0.838930011 0.721158981
vn -1.000000 -0.000000 0.000000
vt 0.838930011 0.701933026
vn -1.000000 -0.000000 0.000000
vt 0.848590016 0.688337982
vn -1.000000 -0.000000 0.000000
vt 0.848573029 0.734753013
vn -1.000000 -0.000000 0.000000
vt 0.848573029 0.734753013
vn -1.000000 -0.000000 0.000000
vt 0.848590016 0.688337982
vn -1.000000 0.000000 0.000000
vt 0.862191975 0.688337982
vn -1.000000 -0.000000 0.000000
vt 0.848573029 0.734753013
vn -1.000000 0.000000 0.000000
vt 0.862191975 0.688337982
vn -1.000000 -0.000000 0.000000
vt 0.871863008 0.701932013
vn -1.000000 -0.000000 0.000000
vt 0.848573029 0.734753013
vn -1.000000 -0.000000 0.000000
vt 0.871863008 0.701932013
vn -1.000000 -0.000000 0.000000
vt 0.871867001 0.721158028
vn -1.000000 -0.000000 0.000000
vt 0.848573029 0.734753013
vn -1.000000 -0.000000 0.000000
vt 0.871867001 0.721158028
vn -1.000000 0.000000 0.000000
vt 0.862218976 0.734751999
vn 1.000000 0.000000 -0.000000
vt 0.848528981 0.688337982
vn 1.000000 0.000001 -0.000000
vt 0.838930011 0.701933026
vn 1.000000 0.000000 -0.000000
vt 0.838930011 0.721158981
vn 1.000000 0.000000 -0.000000
vt 0.848528981 0.688337982
vn 1.000000 0.000000 -0.000000
vt 0.838930011 0.721158981
vn 1.000000 -0.000000 0.000000
vt 0.862191975 0.688337982
vn 1.000000 0.000000 -0.000000
vt 0.838930011 0.721158981
vn 1.000000 -0.000000 0.000000
vt 0.871863008 0.701932013
vn 1.000000 -0.000000 0.000000
vt 0.862191975 0.688337982
vn 1.000000 0.000000 -0.000000
vt 0.838930011 0.721158981
vn 1.000000 0.000000 0.000000
vt 0.871867001 0.721158028
vn 1.000000 -0.000000 0.000000
vt 0.871863008 0.701932013
vn 1.000000 0.000000 -0.000000
vt 0.838930011 0.721158981
vn 1.000000 -0.000000 0.000000
vt 0.862219989 0.734751999
vn 1.000000 0.000000 0.000000
vt 0.871867001 0.721158028
vn 1.000000 0.000000 -0.000000
vt 0.838930011 0.721158981
vn 1.000000 -0.000000 0.000000
vt 0.848511994 0.734753013
vn 1.000000 -0.000000 0.000000
vt 0.862219989 0.734751999
s 1
f 1/1/1 2/2/2 3/3/3
f 2/4/4 4/5/5 3/6/6
f 1/7/7 5/8/8 2/9/9
f 1/10/10 6/11/11 5/12/12
f 3/13/13 4/14/14 7/15/15
f 4/16/16 8/17/17 7/18/18
f 7/19/19 8/20/20 9/21/21
f 8/22/22 10/23/23 9/24/24
f 9/25/25 10/26/26 11/27/27
f 10/28/28 12/29/29 11/30/30
f 11/31/31 12/32/32 13/33/33
f 12/34/34 14/35/35 13/36/36
f 13/37/37 14/38/38 15/39/39
f 14/40/40 16/41/41 15/42/42
f 15/43/43 16/44/44 6/45/45
f 16/46/46 5/47/47 6/48/48
s 2
f 17/49/49 18/50/50 19/51/51
f 18/52/52 20/53/53 19/54/54
f 21/55/55 22/56/56 17/57/57
f 22/58/58 18/59/59 17/60/60
f 23/61/61 24/62/62 21/63/63
f 24/64/64 22/65/65 21/66/66
f 23/67/67 25/68/68 24/69/69
f 23/70/70 26/71/71 25/72/72
f 26/73/73 27/74/74 25/75/75
f 26/76/76 28/77/77 27/78/78
f 28/79/79 29/80/80 27/81/81
f 28/82/82 30/83/83 29/84/84
f 30/85/85 31/86/86 29/87/87
f 30/88/88 32/89/89 31/90/90
f 32/91/91 20/92/92 31/93/93
f 32/94/94 19/95/95 20/96/96
s 3
f 17/97/97 19/98/98 1/99/99
f 19/100/100 6/101/101 1/102/102
f 1/103/103 3/104/104 17/105/105
f 3/106/106 21/107/107 17/108/108
f 3/109/109 7/110/110 21/111/111
f 7/112/112 23/113/113 21/114/114
f 7/115/115 9/116/116 23/117/117
f 9/118/118 26/119/119 23/120/120
f 9/121/121 11/122/122 26/123/123
f 11/124/124 28/125/125 26/126/126
f 11/127/127 13/128/128 28/129/129
f 13/130/130 30/131/131 28/132/132
f 13/133/133 15/134/134 30/135/135
f 15/136/136 32/137/137 30/138/138
f 15/139/139 6/140/140 32/141/141
f 6/142/142 19/143/143 32/144/144
s 4
f 24/145/145 18/146/146 22/147/147
f 24/148/148 25/149/149 18/150/150
f 18/151/151 25/152/152 27/153/153
f 18/154/154 27/155/155 29/156/156
f 18/157/157 29/158/158 31/159/159
f 18/160/160 31/161/161 20/162/162
s 5
f 10/163/163 8/164/164 4/165/165
f 10/166/166 4/167/167 12/168/168
f 4/169/169 14/170/170 12/171/171
f 4/172/172 16/173/173 14/174/174
f 4/175/175 5/176/176 16/177/177
f 4/178/178 2/179/179 5/180/180
o torso,ox=-0.00,oy=0.00,oz=0.00,p=pelvis,
v 3.956694 11.721300 7.337023
vn -0.999994 -0.000060 0.003364
vt 0.016556000 0.571556985
v 3.936493 13.058453 1.356588
vn -0.999994 -0.000060 0.003364
vt 0.009046000 0.569911003
v 3.916293 13.619054 -4.637398
vn -0.999994 -0.000060 0.003364
vt 0.001599000 0.568264008
v 6.846412 18.727753 10.861416
vn 0.907333 0.121477 0.402481
vt 0.213438004 0.826175988
v 5.085221 23.487228 8.163580
vn 0.483463 0.685286 0.544653
vt 0.232968003 0.829253018
v 5.551148 18.714583 11.812864
vn 0.473407 0.326640 0.818042
vt 0.212338999 0.831604004
vn 0.483463 0.685286 0.544653
vt 0.044918999 0.512421012
v 4.622423 23.502989 8.705500
vn 0.520903 0.622955 0.583598
vt 0.044553000 0.513553023
vn 0.473407 0.326640 0.818042
vt 0.034970000 0.513553023
v -4.982125 24.152207 -4.387362
vn -0.784529 0.585803 -0.203347
vt 0.231858999 0.829644024
v -5.136930 23.971205 -4.701006
vn -0.281180 0.673558 -0.683562
vt 0.228018999 0.833697021
v -5.708164 23.571928 -4.400329
vn -0.840072 0.484628 -0.243751
vt 0.216119006 0.829644024
v 5.708164 23.571928 -4.400329
vn 0.798920 0.498615 -0.336317
vt 0.231866002 0.825587988
v 5.136930 23.971205 -4.701003
vn 0.453425 0.505857 -0.733835
vt 0.219962999 0.829640985
v 4.982125 24.152207 -4.387362
vn 0.559263 0.786084 -0.263243
vt 0.216112003 0.825587988
vn 0.520903 0.622955 0.583598
vt 0.036313001 0.521304011
v 5.036145 19.202091 12.059689
vn 0.301994 0.600090 0.740737
vt 0.036802001 0.517073989
vn 0.473407 0.326640 0.818042
vt 0.036800999 0.517073989
vn 0.483463 0.685286 0.544653
vt 0.036311001 0.521304011
v 3.992081 24.006296 8.426260
vn 0.196002 0.792782 0.577131
vt 0.035758000 0.521749020
vn 0.520903 0.622955 0.583598
vt 0.036313001 0.521304011
vn 0.483463 0.685286 0.544653
vt 0.036311001 0.521304011
v 4.396210 24.044188 7.870552
vn 0.175617 0.936105 0.304741
vt 0.035755001 0.521749020
vn 0.196002 0.792782 0.577131
vt 0.035758000 0.521749020
vn 0.196002 0.792782 0.577131
vt 0.035758000 0.521749020
vn 0.175617 0.936105 0.304741
vt 0.035755001 0.521749020
v -3.992081 24.006296 8.426260
vn -0.134176 0.878224 0.459043
vt 0.029470000 0.521731973
vn 0.175617 0.936105 0.304741
vt 0.035755001 0.521749020
v -4.396210 24.044188 7.870552
vn -0.241561 0.884700 0.398690
vt 0.029469000 0.521731973
vn -0.134176 0.878224 0.459043
vt 0.029470000 0.521731973
vn -0.134176 0.878224 0.459043
vt 0.029470000 0.521731973
vn -0.241561 0.884700 0.398690
vt 0.029469000 0.521731973
v -4.622423 23.502989 8.705500
vn -0.456507 0.702158 0.546421
vt 0.028927000 0.521282971
vn -0.241561 0.884700 0.398690
vt 0.029469000 0.521731973
v -5.085223 23.487228 8.163580
vn -0.562516 0.620928 0.545915
vt 0.028926000 0.521282971
vn -0.456507 0.702158 0.546421
vt 0.028927000 0.521282971
vn 0.929159 -0.329404 -0.167799
vt 0.001608000 0.568264008
v 4.427407 13.258422 14.110228
vn 0.954241 -0.297350 -0.031735
vt 0.025192000 0.568476021
vn 0.985154 -0.169010 -0.030109
vt 0.016572000 0.571556985
vn 0.907333 0.121477 0.402481
vt 0.021162000 0.557372987
vn 0.954241 -0.297350 -0.031735
vt 0.025434000 0.568401992
vn 0.929159 -0.329404 -0.167799
vt 0.001608000 0.568264008
vn 0.907333 0.121477 0.402481
vt 0.021162000 0.557372987
vn 0.929159 -0.329404 -0.167799
vt 0.001608000 0.568264008
v 6.153501 18.987562 -4.408039
vn 0.864267 -0.077071 -0.497095
vt 0.002162000 0.557372987
vn -0.000000 -0.047868 -0.998854
vt 0.226171002 0.841968000
v -4.981294 24.487185 -4.403415
vn -0.000000 -0.047868 -0.998854
vt 0.226169005 0.841968000
vn -0.000000 -0.047868 -0.998854
vt 0.230931997 0.837737978
vn -0.000000 -0.047868 -0.998854
vt 0.226169005 0.841968000
v 4.981294 24.487185 -4.403415
vn -0.000000 -0.047868 -0.998854
vt 0.230929002 0.837737978
vn -0.000000 -0.047868 -0.998854
vt 0.230931997 0.837737978
v -5.606508 25.048117 6.153795
vn -0.000000 0.056825 0.998384
vt 0.222946003 0.834087014
v -5.606131 24.711468 6.172956
vn -0.000000 0.056825 0.998384
vt 0.222948998 0.834087014
v 5.606507 25.048117 6.153795
vn -0.000000 0.056825 0.998384
vt 0.231186002 0.834087014
vn -0.000000 0.056825 0.998384
vt 0.222948998 0.834087014
v 5.606131 24.711468 6.172956
vn -0.000000 0.056825 0.998384
vt 0.231188998 0.834087014
vn -0.000000 0.056825 0.998384
vt 0.231186002 0.834087014
vn -0.000000 -0.760161 -0.649735
vt 0.235122994 0.843524992
v -3.816074 15.489199 -5.839689
vn -0.000000 -0.540775 -0.841167
vt 0.230726004 0.845767975
v 3.816074 15.489199 -5.839689
vn -0.000000 -0.540775 -0.841167
vt 0.234084994 0.842667997
vn -0.000000 -0.760161 -0.649735
vt 0.235122994 0.843524992
v -3.916292 13.619054 -4.637398
vn -0.000000 -0.926626 -0.375984
vt 0.231524006 0.846879005
vn -0.000000 -0.540775 -0.841167
vt 0.230726004 0.845767975
v 0.696819 24.188154 -4.460942
vn 0.000000 0.984808 -0.173648
vt 0.917567015 0.740028977
v 1.303181 22.732395 -12.716968
vn 0.000000 0.984808 -0.173648
vt 0.861756980 0.687914014
v 0.696819 22.732395 -12.716968
vn 0.000000 0.984808 -0.173648
vt 0.917542994 0.687914014
vn 0.000000 0.984808 -0.173648
vt 0.917567015 0.740028977
v 1.303181 24.188154 -4.460942
vn 0.000000 0.984808 -0.173648
vt 0.861781001 0.740028977
vn 0.000000 0.984808 -0.173648
vt 0.861756980 0.687914014
v 0.696819 22.135246 -12.611674
vn -0.000000 -0.984808 0.173648
vt 0.861756980 0.687914014
v 1.303181 23.591005 -4.355649
vn -0.000000 -0.984808 0.173648
vt 0.917542994 0.740028977
v 0.696819 23.591005 -4.355649
vn -0.000000 -0.984808 0.173648
vt 0.861756980 0.740028977
vn -0.000000 -0.984808 0.173648
vt 0.861756980 0.687914014
v 1.303181 22.135246 -12.611674
vn -0.000000 -0.984808 0.173648
vt 0.917542994 0.687914014
vn -0.000000 -0.984808 0.173648
vt 0.917542994 0.740028977
v -1.303181 24.188154 -4.460942
vn -1.000000 0.000000 0.000000
vt 0.917562008 0.687914014
v -1.303181 22.732395 -12.716968
vn -1.000000 0.000000 0.000000
vt 0.917542994 0.740028977
v -1.303181 23.591005 -4.355649
vn -1.000000 0.000000 0.000000
vt 0.861756980 0.687914014
vn -1.000000 0.000000 0.000000
vt 0.917542994 0.740028977
v -1.303181 22.135246 -12.611674
vn -1.000000 0.000000 0.000000
vt 0.861756980 0.740028977
vn -1.000000 0.000000 0.000000
vt 0.861756980 0.687914014
v -0.696819 22.732395 -12.716968
vn 1.000000 -0.000000 0.000000
vt 0.917542994 0.687914014
v -0.696819 24.188154 -4.460942
vn 1.000000 -0.000000 0.000000
vt 0.917553008 0.740028977
v -0.696819 22.135246 -12.611674
vn 1.000000 -0.000000 0.000000
vt 0.861756980 0.687914014
vn 1.000000 -0.000000 0.000000
vt 0.917553008 0.740028977
v -0.696819 23.591005 -4.355649
vn 1.000000 0.000000 0.000000
vt 0.861756980 0.740028977
vn 1.000000 -0.000000 0.000000
vt 0.861756980 0.687914014
vn 0.000000 0.998591 -0.053058
vt 0.017448001 0.499900013
vn 0.000000 0.998591 -0.053058
vt 0.052416999 0.534021020
vn 0.000000 0.998591 -0.053058
vt 0.017444000 0.534021020
vn 0.000000 0.998591 -0.053058
vt 0.017448001 0.499900013
vn 0.000000 0.998591 -0.053058
vt 0.052421000 0.499900013
vn 0.000000 0.998591 -0.053058
vt 0.052416999 0.534021020
vn -0.840072 0.484628 -0.243751
vt 0.051254001 0.532968998
v -6.846412 18.727753 10.861420
vn -0.994187 -0.094804 -0.051030
vt 0.019214001 0.510710001
v -6.298378 24.163548 6.530069
vn -0.631409 0.647123 0.427264
vt 0.019214001 0.532968998
vn -0.840072 0.484628 -0.243751
vt 0.051254001 0.532968998
v -6.153501 18.987562 -4.408039
vn -0.832872 -0.115378 -0.541307
vt 0.051242001 0.510710001
vn -0.994187 -0.094804 -0.051030
vt 0.019214001 0.510710001
vn 0.798920 0.498615 -0.336317
vt 0.051254001 0.532968998
v 6.298378 24.163548 6.530069
vn 0.792469 0.583037 0.179055
vt 0.019214001 0.532968998
vn 0.864267 -0.077071 -0.497095
vt 0.051242001 0.510710001
vn 0.792469 0.583037 0.179055
vt 0.019214001 0.532968998
vn 0.907333 0.121477 0.402481
vt 0.019214001 0.510710001
vn 0.864267 -0.077071 -0.497095
vt 0.051242001 0.510710001
vn -0.562516 0.620928 0.545915
vt 0.033566002 0.523118019
v -5.036145 19.202091 12.059690
vn -0.323788 0.595198 0.735460
vt 0.038084000 0.523118019
vn -0.456507 0.702158 0.546421
vt 0.033567000 0.523118019
vn -0.562516 0.620928 0.545915
vt 0.033566002 0.523118019
v -5.551148 18.714583 11.812864
vn -0.339924 0.279420 0.897985
vt 0.038082998 0.523118019
vn -0.323788 0.595198 0.735460
vt 0.038084000 0.523118019
vn -0.562516 0.620928 0.545915
vt 0.228025004 0.834536016
vn -0.631409 0.647123 0.427264
vt 0.227293000 0.831784010
vn -0.339924 0.279420 0.897985
vt 0.232541993 0.834536016
vn -0.631409 0.647123 0.427264
vt 0.227293000 0.831784010
vn -0.539268 0.344764 0.768328
vt 0.232481003 0.831884027
vn -0.339924 0.279420 0.897985
vt 0.232541993 0.834536016
vn -1.000000 -0.000000 0.000000
vt 0.917553008 0.687914014
vn -1.000000 -0.000000 0.000000
vt 0.917542994 0.740028977
vn -1.000000 -0.000000 0.000000
vt 0.861756980 0.687914014
vn -1.000000 -0.000000 0.000000
vt 0.917542994 0.740028977
vn -1.000000 0.000000 0.000000
vt 0.861756980 0.740028977
vn -1.000000 -0.000000 0.000000
vt 0.861756980 0.687914014
vn 1.000000 0.000000 0.000000
vt 0.917542994 0.687914014
vn 1.000000 0.000000 0.000000
vt 0.917562008 0.740028977
vn 1.000000 0.000000 0.000000
vt 0.861756980 0.687914014
vn 1.000000 0.000000 0.000000
vt 0.917562008 0.740028977
vn 1.000000 -0.000000 0.000000
vt 0.861756980 0.740028977
vn 1.000000 0.000000 0.000000
vt 0.861756980 0.687914014
vn 0.000000 0.984808 -0.173648
vt 0.917567015 0.740028977
vn 0.000000 0.984808 -0.173648
vt 0.861756980 0.687914014
vn 0.000000 0.984808 -0.173648
vt 0.917542994 0.687914014
vn 0.000000 0.984808 -0.173648
vt 0.917567015 0.740028977
vn 0.000000 0.984808 -0.173648
vt 0.861779988 0.740028977
vn 0.000000 0.984808 -0.173648
vt 0.861756980 0.687914014
vn -0.000000 -0.984808 0.173648
vt 0.861756980 0.687914014
vn -0.000000 -0.984808 0.173648
vt 0.917542994 0.740028977
vn -0.000000 -0.984808 0.173648
vt 0.861756980 0.740028977
vn -0.000000 -0.984808 0.173648
vt 0.861756980 0.687914014
vn -0.000000 -0.984808 0.173648
vt 0.917542994 0.687914014
vn -0.000000 -0.984808 0.173648
vt 0.917542994 0.740028977
v -2.941709 13.920880 -15.757507
vn -0.000000 -0.999841 0.017852
vt 0.000001000 0.000000000
v -2.995846 14.663094 -18.515488
vn -0.000000 -0.755363 -0.655307
vt 0.000039000 0.000000000
v 2.941711 13.920880 -15.757507
vn -0.000000 -0.992333 -0.123590
vt 0.000001000 0.000000000
vn -0.000000 -0.755363 -0.655307
vt 0.000039000 0.000000000
v 2.995847 14.663094 -18.515488
vn -0.000000 -0.755363 -0.655307
vt 0.000039000 0.000000000
vn -0.000000 -0.992333 -0.123590
vt 0.000001000 0.000000000
vn -0.000000 -0.992333 -0.123590
vt 0.793946028 0.619835019
vn -0.000000 -0.987727 0.156191
vt 0.793956995 0.646908998
vn -0.000000 -0.999841 0.017852
vt 0.760681987 0.619835019
vn -0.000000 -0.987727 0.156191
vt 0.793956995 0.646908998
vn -0.000000 -0.987727 0.156191
vt 0.760692000 0.646908998
vn -0.000000 -0.999841 0.017852
vt 0.760681987 0.619835019
v -2.935903 21.409227 -15.539009
vn 0.000000 0.951237 -0.308462
vt 0.809327006 0.622076988
v -3.847146 22.975645 -5.778494
vn -0.483196 0.652266 -0.584013
vt 0.751501024 0.622076988
v 2.935903 21.409227 -15.539009
vn 0.000000 0.972253 -0.233934
vt 0.809327006 0.590668023
vn -0.483196 0.652266 -0.584013
vt 0.751501024 0.622076988
v 3.847147 22.975645 -5.778494
vn 0.642338 0.590192 -0.488954
vt 0.751501024 0.590668023
vn 0.000000 0.972253 -0.233934
vt 0.809327006 0.590668023
vn -0.000000 -0.990838 -0.135055
vt 0.017049000 0.524627984
vn -0.000000 -0.926626 -0.375984
vt 0.001242000 0.518755972
vn -0.000000 -0.760161 -0.649735
vt 0.016867001 0.519041002
v -3.936493 13.058453 1.356588
vn -0.000000 -0.984243 -0.176822
vt 0.001000000 0.524484992
vn -0.000000 -0.926626 -0.375984
vt 0.001242000 0.518755972
vn -0.000000 -0.990838 -0.135055
vt 0.017049000 0.524627984
vn -0.000000 -0.997311 -0.073286
vt 0.017302999 0.530214012
vn -0.000000 -0.984243 -0.176822
vt 0.001000000 0.524484992
vn -0.000000 -0.990838 -0.135055
vt 0.017049000 0.524627984
vn -0.000000 -0.997311 -0.073286
vt 0.017302999 0.530214012
v -3.956694 11.721300 7.337023
vn -0.000000 -0.997072 0.076469
vt 0.000824000 0.530214012
vn -0.000000 -0.984243 -0.176822
vt 0.001000000 0.524484992
vn -0.000000 -0.997311 -0.073286
vt 0.017302999 0.530214012
vn -0.000000 -0.975203 0.221314
vt 0.017798999 0.536854982
vn -0.000000 -0.997072 0.076469
vt 0.000824000 0.530214012
vn -0.000000 -0.997072 0.076469
vt 0.000824000 0.530214012
vn -0.000000 -0.975203 0.221314
vt 0.017798999 0.536854982
v -4.427407 13.258422 14.110228
vn -0.000000 -0.975203 0.221314
vt 0.000403000 0.536854982
vn 0.520903 0.622955 0.583598
vt 0.017635999 0.502209008
vn 0.196002 0.792782 0.577131
vt 0.019954000 0.500081003
vn 0.301994 0.600090 0.740737
vt 0.017576000 0.522176027
vn 0.196002 0.792782 0.577131
vt 0.019954000 0.500081003
vn -0.323788 0.595198 0.735460
vt 0.052000001 0.522176027
vn 0.301994 0.600090 0.740737
vt 0.017576000 0.522176027
vn 0.196002 0.792782 0.577131
vt 0.019954000 0.500081003
vn -0.134176 0.878224 0.459043
vt 0.049617000 0.500081003
vn -0.323788 0.595198 0.735460
vt 0.052000001 0.522176027
vn -0.323788 0.595198 0.735460
vt 0.052000001 0.522176027
vn -0.134176 0.878224 0.459043
vt 0.049617000 0.500081003
vn -0.456507 0.702158 0.546421
vt 0.051936999 0.502209008
vn 0.559263 0.786084 -0.263243
vt 0.228563994 0.830061972
vn 0.792469 0.583037 0.179055
vt 0.217951998 0.828733981
vn 0.798920 0.498615 -0.336317
vt 0.228631005 0.828733981
vn 0.559263 0.786084 -0.263243
vt 0.228563994 0.830061972
vn 0.599064 0.743832 0.296373
vt 0.218189001 0.830034018
vn 0.792469 0.583037 0.179055
vt 0.217951998 0.828733981
vn 0.559263 0.786084 -0.263243
vt 0.228563994 0.830061972
vn 0.998260 -0.002408 -0.058925
vt 0.228559002 0.830061972
vn 0.599064 0.743832 0.296373
vt 0.218189001 0.830034018
vn 0.599064 0.743832 0.296373
vt 0.218189001 0.830034018
vn 0.998260 -0.002408 -0.058925
vt 0.228559002 0.830061972
vn 0.998255 -0.004466 -0.058881
vt 0.218187004 0.830034018
vn 0.986511 -0.155938 -0.049796
vt 0.859131992 0.668408990
v 4.261924 19.127197 -5.906431
vn 0.911129 -0.036223 -0.410526
vt 0.841271996 0.679452002
vn 0.849628 -0.183643 -0.494375
vt 0.841265976 0.668412030
vn 0.986511 -0.155938 -0.049796
vt 0.859131992 0.668408990
vn 0.987632 -0.149855 -0.046114
vt 0.864171028 0.670506001
vn 0.911129 -0.036223 -0.410526
vt 0.841271996 0.679452002
vn 0.911129 -0.036223 -0.410526
vt 0.841271996 0.679452002
vn 0.987632 -0.149855 -0.046114
vt 0.864171028 0.670506001
v 3.231428 17.429882 -19.699989
vn 0.995809 0.042158 -0.081166
vt 0.866434991 0.678813994
vn -0.982637 -0.150358 -0.108709
vt 0.767475009 0.607936025
vn -0.982820 -0.177076 -0.052056
vt 0.810398996 0.604017973
vn -0.968558 -0.244358 -0.046748
vt 0.800965011 0.607942998
vn -0.982637 -0.150358 -0.108709
vt 0.767475009 0.607936025
v -3.231427 17.429882 -19.699987
vn -0.996979 -0.035958 -0.068844
vt 0.814616978 0.588468015
vn -0.982820 -0.177076 -0.052056
vt 0.810398996 0.604017973
vn -0.982637 -0.150358 -0.108709
vt 0.767475009 0.607936025
v -4.261924 19.127197 -5.906431
vn -0.942937 0.016020 -0.332586
vt 0.767481029 0.587271988
vn -0.996979 -0.035958 -0.068844
vt 0.814616978 0.588468015
vn -0.982637 -0.150358 -0.108709
vt 0.230726004 0.845767975
vn -0.915091 -0.274248 -0.295628
vt 0.231524006 0.846879005
vn -0.942937 0.016020 -0.332586
vt 0.228908002 0.844255984
vn -0.832872 -0.115378 -0.541307
vt 0.227936998 0.845305026
vn -0.942937 0.016020 -0.332586
vt 0.228908002 0.844255984
vn -0.915091 -0.274248 -0.295628
vt 0.231524006 0.846879005
vn -0.832872 -0.115378 -0.541307
vt 0.227936998 0.845305026
vn -0.483196 0.652266 -0.584013
vt 0.227394000 0.842180014
vn -0.942937 0.016020 -0.332586
vt 0.228908002 0.844255984
vn -0.281180 0.673558 -0.683562
vt 0.226238996 0.842185020
vn -0.483196 0.652266 -0.584013
vt 0.227394000 0.842180014
vn -0.832872 -0.115378 -0.541307
vt 0.227936998 0.845305026
vn -0.281180 0.673558 -0.683562
vt 0.226238996 0.842185020
vn -0.832872 -0.115378 -0.541307
vt 0.227936998 0.845305026
vn -0.840072 0.484628 -0.243751
vt 0.226053998 0.842675984
vn -0.281180 0.673558 -0.683562
vt 0.226238996 0.842185020
vn 0.642338 0.590192 -0.488954
vt 0.230933994 0.838979006
vn -0.483196 0.652266 -0.584013
vt 0.227394000 0.842180014
vn -0.784529 0.585803 -0.203347
vt 0.226171002 0.841968000
vn 0.559263 0.786084 -0.263243
vt 0.230931997 0.837737978
vn -0.281180 0.673558 -0.683562
vt 0.226238996 0.842185020
vn 0.559263 0.786084 -0.263243
vt 0.230931997 0.837737978
vn 0.453425 0.505857 -0.733835
vt 0.231122002 0.837813020
vn -0.281180 0.673558 -0.683562
vt 0.226238996 0.842185020
vn -0.281180 0.673558 -0.683562
vt 0.226238996 0.842185020
vn 0.453425 0.505857 -0.733835
vt 0.231122002 0.837813020
vn 0.642338 0.590192 -0.488954
vt 0.230933994 0.838979006
vn 0.642338 0.590192 -0.488954
vt 0.230933994 0.838979006
vn 0.453425 0.505857 -0.733835
vt 0.231122002 0.837813020
vn 0.911129 -0.036223 -0.410526
vt 0.232814997 0.840719998
vn 0.864267 -0.077071 -0.497095
vt 0.233979002 0.839901984
vn 0.911129 -0.036223 -0.410526
vt 0.232814997 0.840719998
vn 0.453425 0.505857 -0.733835
vt 0.231122002 0.837813020
vn 0.864267 -0.077071 -0.497095
vt 0.233979002 0.839901984
vn 0.453425 0.505857 -0.733835
vt 0.231122002 0.837813020
vn 0.798920 0.498615 -0.336317
vt 0.231608003 0.837737978
vn 0.849628 -0.183643 -0.494375
vt 0.234084994 0.842667997
vn 0.911129 -0.036223 -0.410526
vt 0.232814997 0.840719998
vn 0.864267 -0.077071 -0.497095
vt 0.233979002 0.839901984
vn 0.929159 -0.329404 -0.167799
vt 0.235128000 0.843524992
vn 0.849628 -0.183643 -0.494375
vt 0.234084994 0.842667997
vn 0.864267 -0.077071 -0.497095
vt 0.233979002 0.839901984
vn -0.840072 0.484628 -0.243751
vt 0.228631005 0.831393003
vn -0.631409 0.647123 0.427264
vt 0.217951998 0.831393003
vn -0.616511 0.769898 0.164839
vt 0.218189999 0.830092013
vn -0.840072 0.484628 -0.243751
vt 0.228631005 0.831393003
vn -0.616511 0.769898 0.164839
vt 0.218189999 0.830092013
vn -0.784529 0.585803 -0.203347
vt 0.228562996 0.830065012
vn -0.616511 0.769898 0.164839
vt 0.218189999 0.830092013
vn -0.998259 -0.002409 -0.058925
vt 0.218187004 0.830092013
vn -0.784529 0.585803 -0.203347
vt 0.228562996 0.830065012
vn -0.784529 0.585803 -0.203347
vt 0.228562996 0.830065012
vn -0.998259 -0.002409 -0.058925
vt 0.218187004 0.830092013
vn -0.998252 -0.000356 -0.059099
vt 0.228560001 0.830065012
vn -0.539268 0.344764 0.768328
vt 0.221861005 0.828565001
v -3.444945 14.355427 14.416903
vn -0.302746 0.186705 0.934605
vt 0.224607006 0.824872017
vn -0.339924 0.279420 0.897985
vt 0.222959995 0.828437984
vn -0.188955 -0.103758 0.976489
vt 0.223933995 0.824047983
vn -0.302746 0.186705 0.934605
vt 0.224607006 0.824872017
vn -0.539268 0.344764 0.768328
vt 0.221861005 0.828565001
v 3.444946 14.355427 14.416903
vn 0.114540 0.159286 0.980565
vt 0.229608998 0.824889004
vn -0.302746 0.186705 0.934605
vt 0.224607006 0.824872017
vn -0.188955 -0.103758 0.976489
vt 0.223933995 0.824047983
vn 0.391997 0.064833 0.917679
vt 0.230343997 0.824052989
vn 0.114540 0.159286 0.980565
vt 0.229608998 0.824889004
vn -0.188955 -0.103758 0.976489
vt 0.223933995 0.824047983
vn 0.473407 0.326640 0.818042
vt 0.231261000 0.828492999
vn 0.114540 0.159286 0.980565
vt 0.229608998 0.824889004
vn 0.391997 0.064833 0.917679
vt 0.230343997 0.824052989
vn 0.473407 0.326640 0.818042
vt 0.231261000 0.828492999
vn 0.391997 0.064833 0.917679
vt 0.230343997 0.824052989
vn 0.907333 0.121477 0.402481
vt 0.232359007 0.828633010
vn 0.907333 0.121477 0.402481
vt 0.232359007 0.828633010
vn 0.792469 0.583037 0.179055
vt 0.231748000 0.833598971
vn 0.483463 0.685286 0.544653
vt 0.230771005 0.832722008
vn 0.792469 0.583037 0.179055
vt 0.231748000 0.833598971
vn 0.599064 0.743832 0.296373
vt 0.231188998 0.834087014
vn 0.483463 0.685286 0.544653
vt 0.230771005 0.832722008
vn 0.483463 0.685286 0.544653
vt 0.230771005 0.832722008
vn 0.599064 0.743832 0.296373
vt 0.231188998 0.834087014
vn 0.175617 0.936105 0.304741
vt 0.230216995 0.833167017
vn 0.599064 0.743832 0.296373
vt 0.231188998 0.834087014
vn -0.241561 0.884700 0.398690
vt 0.223930001 0.833150029
vn 0.175617 0.936105 0.304741
vt 0.230216995 0.833167017
vn 0.599064 0.743832 0.296373
vt 0.231188998 0.834087014
vn -0.616511 0.769898 0.164839
vt 0.222948998 0.834087014
vn -0.241561 0.884700 0.398690
vt 0.223930001 0.833150029
vn -0.241561 0.884700 0.398690
vt 0.223930001 0.833150029
vn -0.616511 0.769898 0.164839
vt 0.222948998 0.834087014
vn -0.631409 0.647123 0.427264
vt 0.222348005 0.833589017
vn -0.241561 0.884700 0.398690
vt 0.223930001 0.833150029
vn -0.631409 0.647123 0.427264
vt 0.222348005 0.833589017
vn -0.562516 0.620928 0.545915
vt 0.223383993 0.832701027
vn -0.000000 -0.755363 -0.655307
vt 0.001091000 0.537307024
vn -0.000000 -0.133535 -0.991044
vt 0.017514000 0.531270981
vn -0.000000 -0.755363 -0.655307
vt 0.016899001 0.537312984
vn -0.000000 -0.755363 -0.655307
vt 0.001091000 0.537307024
vn -0.000000 0.158809 -0.987309
vt 0.000487000 0.531265020
vn -0.000000 -0.133535 -0.991044
vt 0.017514000 0.531270981
vn -0.000000 -0.133535 -0.991044
vt 0.017514000 0.531270981
vn -0.000000 0.158809 -0.987309
vt 0.000487000 0.531265020
v 2.995649 20.223677 -18.418512
vn -0.000000 0.720928 -0.693010
vt 0.016903000 0.525085986
vn -0.000000 0.720928 -0.693010
vt 0.016903000 0.525085986
vn -0.000000 0.158809 -0.987309
vt 0.000487000 0.531265020
v -2.995649 20.223677 -18.418512
vn 0.000000 0.720928 -0.693010
vt 0.001156000 0.525080979
vn -0.000000 0.720928 -0.693010
vt 0.016903000 0.525085986
vn 0.000000 0.720928 -0.693010
vt 0.001156000 0.525080979
vn 0.000000 0.951237 -0.308462
vt 0.001222000 0.520569980
vn 0.000000 0.972253 -0.233934
vt 0.016725000 0.520574987
vn -0.000000 0.720928 -0.693010
vt 0.016903000 0.525085986
vn 0.000000 0.951237 -0.308462
vt 0.001222000 0.520569980
vn -0.980320 0.173708 -0.093798
vt 0.924440026 0.582197011
vn -0.942937 0.016020 -0.332586
vt 0.896023989 0.600835979
vn -0.483196 0.652266 -0.584013
vt 0.896032989 0.582195997
vn -0.980320 0.173708 -0.093798
vt 0.924440026 0.582197011
vn -0.979999 0.180706 -0.083344
vt 0.932844996 0.588178992
vn -0.942937 0.016020 -0.332586
vt 0.896023989 0.600835979
vn -0.942937 0.016020 -0.332586
vt 0.896023989 0.600835979
vn -0.979999 0.180706 -0.083344
vt 0.932844996 0.588178992
vn -0.996979 -0.035958 -0.068844
vt 0.936444998 0.601862013
vn 0.642338 0.590192 -0.488954
vt 0.799049020 0.602374971
vn 0.954722 0.270760 -0.123265
vt 0.835312009 0.596487999
vn 0.900233 0.408878 -0.149665
vt 0.827027023 0.602374971
vn 0.642338 0.590192 -0.488954
vt 0.799049020 0.602374971
vn 0.995809 0.042158 -0.081166
vt 0.838850021 0.583019972
vn 0.954722 0.270760 -0.123265
vt 0.835312009 0.596487999
vn 0.642338 0.590192 -0.488954
vt 0.799049020 0.602374971
vn 0.911129 -0.036223 -0.410526
vt 0.799039006 0.584029019
vn 0.995809 0.042158 -0.081166
vt 0.838850021 0.583019972
vn 0.000000 -0.451705 0.892167
vt 0.017260000 0.522022009
vn 0.000000 -0.451706 0.892167
vt 0.052294001 0.522022009
vn -0.339924 0.279420 0.897985
vt 0.052301001 0.522022009
vn 0.000000 -0.451705 0.892167
vt 0.017260000 0.522022009
vn -0.339924 0.279420 0.897985
vt 0.052301001 0.522022009
vn 0.473407 0.326640 0.818042
vt 0.017267000 0.522022009
vn -0.339924 0.279420 0.897985
vt 0.052301001 0.522022009
vn 0.114540 0.159286 0.980565
vt 0.019773001 0.537181020
vn 0.473407 0.326640 0.818042
vt 0.017267000 0.522022009
vn -0.339924 0.279420 0.897985
vt 0.052301001 0.522022009
vn -0.302746 0.186705 0.934605
vt 0.049802002 0.537181020
vn 0.114540 0.159286 0.980565
vt 0.019773001 0.537181020
vn -0.832872 -0.115378 -0.541307
vt 0.002284000 0.557287991
vn -0.947497 -0.317579 -0.037334
vt 0.025250999 0.568507016
vn -0.994187 -0.094804 -0.051030
vt 0.021344000 0.557303011
vn -0.832872 -0.115378 -0.541307
vt 0.002284000 0.557287991
vn -0.915091 -0.274248 -0.295628
vt 0.001547000 0.568212986
vn -0.947497 -0.317579 -0.037334
vt 0.025250999 0.568507016
vn -0.947497 -0.317579 -0.037334
vt 0.025250999 0.568507016
vn -0.915091 -0.274248 -0.295628
vt 0.001853000 0.568224013
vn -0.973459 -0.226333 -0.033922
vt 0.009296000 0.569880009
vn -0.947497 -0.317579 -0.037334
vt 0.025250999 0.568507016
vn -0.973459 -0.226333 -0.033922
vt 0.009296000 0.569880009
vn -0.988768 -0.145109 -0.035785
vt 0.016756000 0.571536005
s off
f 33/181/181 34/182/182 35/183/183
s 6
f 36/184/184 37/185/185 38/186/186
f 37/187/187 39/188/188 38/189/189
f 40/190/190 41/191/191 42/192/192
f 43/193/193 44/194/194 45/195/195
f 39/196/196 46/197/197 38/198/198
f 37/199/199 47/200/200 39/201/201
f 37/202/202 48/203/203 47/204/204
f 47/205/205 48/206/206 49/207/207
f 48/208/208 50/209/209 49/210/210
f 49/211/211 50/212/212 51/213/213
f 50/214/214 52/215/215 51/216/216
f 35/217/217 53/218/218 33/219/219
f 36/220/220 53/221/221 35/222/222
f 36/223/223 35/224/224 54/225/225
f 42/274/274 80/275/275 81/276/276
f 42/277/277 82/278/278 80/279/279
f 43/280/280 83/281/281 54/282/282
f 83/283/283 36/284/284 54/285/285
f 52/286/286 84/287/287 51/288/288
f 52/289/289 85/290/290 84/291/291
f 52/292/292 81/293/293 85/294/294
f 81/295/295 80/296/296 85/297/297
f 86/322/322 87/323/323 88/324/324
f 87/325/325 89/326/326 88/327/327
f 88/328/328 62/329/329 86/330/330
f 62/331/331 61/332/332 86/333/333
f 90/334/334 91/335/335 92/336/336
f 91/337/337 93/338/338 92/339/339
f 39/358/358 47/359/359 46/360/360
f 47/361/361 84/362/362 46/363/363
f 47/364/364 49/365/365 84/366/366
f 84/367/367 49/368/368 51/369/369
f 45/370/370 83/371/371 43/372/372
f 45/373/373 60/374/374 83/375/375
f 45/376/376 56/377/377 60/378/378
f 60/379/379 56/380/380 59/381/381
f 88/382/382 97/383/383 62/384/384
f 88/385/385 89/386/386 97/387/387
f 97/388/388 89/389/389 98/390/390
f 61/391/391 87/392/392 86/393/393
f 61/394/394 99/395/395 87/396/396
f 61/397/397 100/398/398 99/399/399
f 61/400/400 63/401/401 100/402/402
f 82/403/403 100/404/404 63/405/405
f 82/406/406 91/407/407 100/408/408
f 41/409/409 91/410/410 82/411/411
f 41/412/412 82/413/413 42/414/414
f 41/415/415 93/416/416 91/417/417
f 40/418/418 45/419/419 41/420/420
f 45/421/421 44/422/422 41/423/423
f 41/424/424 44/425/425 93/426/426
f 93/427/427 44/428/428 97/429/429
f 54/430/430 97/431/431 44/432/432
f 54/433/433 44/434/434 43/435/435
f 62/436/436 97/437/437 54/438/438
f 35/439/439 62/440/440 54/441/441
f 42/442/442 81/443/443 58/444/444
f 42/445/445 58/446/446 40/447/447
f 58/448/448 57/449/449 40/450/450
f 40/451/451 57/452/452 55/453/453
f 80/454/454 101/455/455 85/456/456
f 96/457/457 101/458/458 80/459/459
f 102/460/460 101/461/461 96/462/462
f 53/463/463 102/464/464 96/465/465
f 38/466/466 102/467/467 53/468/468
f 38/469/469 53/470/470 36/471/471
f 36/472/472 83/473/473 37/474/474
f 83/475/475 60/476/476 37/477/477
f 37/478/478 60/479/479 48/480/480
f 60/481/481 50/482/482 48/483/483
f 60/484/484 58/485/485 50/486/486
f 50/487/487 58/488/488 81/489/489
f 50/490/490 81/491/491 52/492/492
f 87/493/493 98/494/494 89/495/495
f 87/496/496 99/497/497 98/498/498
f 98/499/499 99/500/500 103/501/501
f 103/502/502 99/503/503 104/504/504
f 103/505/505 104/506/506 90/507/507
f 92/508/508 103/509/509 90/510/510
f 90/511/511 100/512/512 91/513/513
f 90/514/514 104/515/515 100/516/516
f 100/517/517 104/518/518 99/519/519
f 93/520/520 103/521/521 92/522/522
f 93/523/523 98/524/524 103/525/525
f 93/526/526 97/527/527 98/528/528
f 46/529/529 84/530/530 85/531/531
f 46/532/532 85/533/533 38/534/534
f 85/535/535 102/536/536 38/537/537
f 85/538/538 101/539/539 102/540/540
f 82/541/541 96/542/542 80/543/543
f 82/544/544 63/545/545 96/546/546
f 96/547/547 63/548/548 94/549/549
f 96/550/550 94/551/551 95/552/552
s 7
f 40/226/226 55/227/227 45/228/228
f 55/229/229 56/230/230 45/231/231
s 8
f 57/232/232 58/233/233 59/234/234
f 58/235/235 60/236/236 59/237/237
s 9
f 35/238/238 61/239/239 62/240/240
f 35/241/241 63/242/242 61/243/243
f 34/340/340 63/341/341 35/342/342
f 94/343/343 63/344/344 34/345/345
f 33/346/346 94/347/347 34/348/348
f 33/349/349 95/350/350 94/351/351
f 33/352/352 53/353/353 95/354/354
f 95/355/355 53/356/356 96/357/357
s 10
f 64/244/244 65/245/245 66/246/246
f 64/247/247 67/248/248 65/249/249
s 11
f 68/250/250 69/251/251 70/252/252
f 68/253/253 71/254/254 69/255/255
s 12
f 72/256/256 73/257/257 74/258/258
f 73/259/259 75/260/260 74/261/261
s 13
f 76/262/262 77/263/263 78/264/264
f 77/265/265 79/266/266 78/267/267
s 14
f 57/268/268 56/269/269 55/270/270
f 57/271/271 59/272/272 56/273/273
s 15
f 64/298/298 66/299/299 70/300/300
f 66/301/301 68/302/302 70/303/303
s 16
f 65/304/304 67/305/305 71/306/306
f 67/307/307 69/308/308 71/309/309
s 17
f 72/310/310 76/311/311 73/312/312
f 72/313/313 77/314/314 76/315/315
s 18
f 75/316/316 79/317/317 74/318/318
f 75/319/319 78/320/320 79/321/321
o eyes,ox=-0.00,oy=0.00,oz=23.94,p=torso,
v 0.045557 18.828272 10.266507
vn 0.178704 0.973650 -0.141674
vt 0.852356970 0.719772995
v -0.965619 18.299168 10.513233
vn -0.734376 0.677002 -0.048575
vt 0.850647986 0.717839003
v -0.034120 19.102615 12.051409
vn -0.168167 0.984001 0.058836
vt 0.858364999 0.720067024
vn -0.168167 0.984001 0.058836
vt 0.858364999 0.720067024
v 0.549277 18.797346 12.193758
vn 0.660581 0.724229 0.197800
vt 0.854038000 0.727478027
vn 0.178704 0.973650 -0.141674
vt 0.852356970 0.719772995
vn -0.168167 0.984001 0.058836
vt 0.858364999 0.720067024
vn -0.734376 0.677002 -0.048575
vt 0.850647986 0.717839003
v -0.617519 18.797346 12.193758
vn -0.842387 0.455445 0.288017
vt 0.853854001 0.712697983
vn -0.168167 0.984001 0.058836
vt 0.709996998 0.741586030
v -0.034120 18.975342 12.511165
vn 0.114789 0.876298 0.467894
vt 0.707143009 0.740110993
vn 0.660581 0.724229 0.197800
vt 0.710003972 0.736319005
vn -0.168167 0.984001 0.058836
vt 0.709996998 0.741586030
v -0.349354 18.810394 12.588084
vn -0.370594 0.659222 0.654283
vt 0.705314994 0.740924001
vn 0.114789 0.876298 0.467894
vt 0.707143009 0.740110993
vn 0.660581 0.724229 0.197800
vt 0.854038000 0.727478027
v 1.056734 18.299168 10.513233
vn 0.898166 0.413803 0.148544
vt 0.851257980 0.722069025
vn 0.178704 0.973650 -0.141674
vt 0.852356970 0.719772995
vn 0.660581 0.724229 0.197800
vt 0.854038000 0.727478027
v 0.549277 18.186815 12.478455
vn 0.825406 -0.054493 0.561903
vt 0.845494986 0.727478027
vn 0.898166 0.413803 0.148544
vt 0.851257980 0.722069025
vn 0.660581 0.724229 0.197800
vt 0.710003972 0.736319005
v 0.281114 18.810394 12.588084
vn 0.326294 0.499064 0.802787
vt 0.707331002 0.738093019
vn 0.825406 -0.054493 0.561903
vt 0.705426991 0.733681023
vn 0.660581 0.724229 0.197800
vt 0.710003972 0.736319005
vn 0.114789 0.876298 0.467894
vt 0.707143009 0.740110993
vn 0.326294 0.499064 0.802787
vt 0.707331002 0.738093019
vn 0.825406 -0.054493 0.561903
vt 0.845494986 0.727478027
v 1.056734 17.240955 11.006685
vn 0.720891 -0.442809 0.533138
vt 0.848634005 0.722337008
vn 0.898166 0.413803 0.148544
vt 0.851257980 0.722069025
vn 0.825406 -0.054493 0.561903
vt 0.845494986 0.727478027
v -0.034120 17.881546 12.620800
vn 0.165479 -0.586242 0.793056
vt 0.840915978 0.720108986
vn 0.720891 -0.442809 0.533138
vt 0.848634005 0.722337008
vn 0.825406 -0.054493 0.561903
vt 0.705426991 0.733681023
v 0.281114 18.480499 12.741917
vn 0.459150 -0.024655 0.888016
vt 0.705614984 0.736931026
vn 0.165479 -0.586242 0.793056
vt 0.700848997 0.736301005
vn 0.165479 -0.586242 0.793056
vt 0.840915978 0.720108986
v 0.045557 16.711851 11.253410
vn -0.185163 -0.752066 0.632544
vt 0.846925020 0.720403016
vn 0.720891 -0.442809 0.533138
vt 0.848634005 0.722337008
vn 0.165479 -0.586242 0.793056
vt 0.840915978 0.720108986
v -0.617519 18.186815 12.478455
vn -0.673638 -0.336179 0.658176
vt 0.845309973 0.712697983
vn -0.185163 -0.752066 0.632544
vt 0.846925020 0.720403016
vn 0.165479 -0.586242 0.793056
vt 0.700848997 0.736301005
v -0.034120 18.315550 12.818833
vn -0.092648 -0.067966 0.993376
vt 0.703787029 0.737788022
vn -0.673638 -0.336179 0.658176
vt 0.700848997 0.741577029
vn -0.673638 -0.336179 0.658176
vt 0.845309973 0.712697983
v -0.965619 17.240955 11.006685
vn -0.920308 -0.191813 0.340941
vt 0.847962976 0.718106985
vn -0.185163 -0.752066 0.632544
vt 0.846925020 0.720403016
vn -0.673638 -0.336179 0.658176
vt 0.845309973 0.712697983
vn -0.842387 0.455445 0.288017
vt 0.853854001 0.712697983
vn -0.920308 -0.191813 0.340941
vt 0.847962976 0.718106985
vn -0.673638 -0.336179 0.658176
vt 0.700848997 0.741577029
v -0.349354 18.480499 12.741917
vn -0.463242 0.222909 0.857740
vt 0.703606009 0.739798009
vn -0.842387 0.455445 0.288017
vt 0.705425978 0.744175017
vn -0.673638 -0.336179 0.658176
vt 0.700848997 0.741577029
vn -0.092648 -0.067966 0.993376
vt 0.703787029 0.737788022
vn -0.463242 0.222909 0.857740
vt 0.703606009 0.739798009
vn 0.326294 0.499064 0.802787
vt 0.707331002 0.738093019
vn 0.459150 -0.024655 0.888016
vt 0.705614984 0.736931026
vn 0.825406 -0.054493 0.561903
vt 0.705426991 0.733681023
vn 0.326294 0.499064 0.802787
vt 0.707331002 0.738093019
vn -0.092648 -0.067966 0.993376
vt 0.703787029 0.737788022
vn 0.459150 -0.024655 0.888016
vt 0.705614984 0.736931026
vn 0.459150 -0.024655 0.888016
vt 0.705614984 0.736931026
vn -0.092648 -0.067966 0.993376
vt 0.703787029 0.737788022
vn 0.165479 -0.586242 0.793056
vt 0.700848997 0.736301005
vn -0.842387 0.455445 0.288017
vt 0.853854001 0.712697983
vn -0.734376 0.677002 -0.048575
vt 0.850647986 0.717839003
vn -0.920308 -0.191813 0.340941
vt 0.847962976 0.718106985
vn -0.842387 0.455445 0.288017
vt 0.705425978 0.744175017
vn -0.370594 0.659222 0.654283
vt 0.705314994 0.740924001
vn -0.168167 0.984001 0.058836
vt 0.709996998 0.741586030
vn -0.842387 0.455445 0.288017
vt 0.705425978 0.744175017
vn -0.463242 0.222909 0.857740
vt 0.703606009 0.739798009
vn -0.370594 0.659222 0.654283
vt 0.705314994 0.740924001
vn 0.114789 0.876298 0.467894
vt 0.707143009 0.740110993
vn -0.370594 0.659222 0.654283
vt 0.705314994 0.740924001
vn 0.326294 0.499064 0.802787
vt 0.707331002 0.738093019
vn -0.370594 0.659222 0.654283
vt 0.705314994 0.740924001
vn -0.463242 0.222909 0.857740
vt 0.703606009 0.739798009
vn 0.326294 0.499064 0.802787
vt 0.707331002 0.738093019
vn -0.463242 0.222909 0.857740
vt 0.703606009 0.739798009
vn -0.092648 -0.067966 0.993376
vt 0.703787029 0.737788022
vn 0.326294 0.499064 0.802787
vt 0.707331002 0.738093019
v 3.510556 17.728119 10.778623
vn 0.178703 0.973650 -0.141675
vt 0.852356970 0.719772995
v 2.499381 17.199011 11.025349
vn -0.734376 0.677002 -0.048576
vt 0.850647986 0.717839003
v 3.430880 18.002461 12.563524
vn -0.168169 0.984001 0.058834
vt 0.858371973 0.720067024
vn -0.168169 0.984001 0.058834
vt 0.858371973 0.720067024
v 4.014278 17.697195 12.705873
vn 0.660581 0.724229 0.197801
vt 0.854043007 0.727478027
vn 0.178703 0.973650 -0.141675
vt 0.852356970 0.719772995
vn -0.168169 0.984001 0.058834
vt 0.858371973 0.720067024
vn -0.734376 0.677002 -0.048576
vt 0.850647986 0.717839003
v 2.847482 17.697195 12.705873
vn -0.842386 0.455446 0.288017
vt 0.853854001 0.712697983
vn -0.168169 0.984001 0.058834
vt 0.710004985 0.741586030
v 3.430880 17.875191 13.023279
vn 0.114787 0.876298 0.467895
vt 0.707143009 0.740110993
vn 0.660581 0.724229 0.197801
vt 0.710008025 0.736319005
vn -0.168169 0.984001 0.058834
vt 0.710004985 0.741586030
v 3.115646 17.710241 13.100198
vn -0.370594 0.659221 0.654283
vt 0.705313981 0.740924001
vn 0.114787 0.876298 0.467895
vt 0.707143009 0.740110993
vn 0.660581 0.724229 0.197801
vt 0.854043007 0.727478027
v 4.521735 17.199011 11.025349
vn 0.898166 0.413802 0.148544
vt 0.851257980 0.722069025
vn 0.178703 0.973650 -0.141675
vt 0.852356970 0.719772995
vn 0.660581 0.724229 0.197801
vt 0.854043007 0.727478027
v 4.014278 17.086660 12.990570
vn 0.825405 -0.054494 0.561905
vt 0.845499992 0.727478027
vn 0.898166 0.413802 0.148544
vt 0.851257980 0.722069025
vn 0.660581 0.724229 0.197801
vt 0.710008025 0.736319005
v 3.746114 17.710241 13.100198
vn 0.326294 0.499064 0.802788
vt 0.707334995 0.738093019
vn 0.825405 -0.054494 0.561905
vt 0.705431998 0.733681023
vn 0.660581 0.724229 0.197801
vt 0.710008025 0.736319005
vn 0.114787 0.876298 0.467895
vt 0.707143009 0.740110993
vn 0.326294 0.499064 0.802788
vt 0.707334995 0.738093019
vn 0.825405 -0.054494 0.561905
vt 0.845499992 0.727478027
v 4.521735 16.140802 11.518800
vn 0.720890 -0.442810 0.533138
vt 0.848634005 0.722337008
vn 0.898166 0.413802 0.148544
vt 0.851257980 0.722069025
vn 0.825405 -0.054494 0.561905
vt 0.845499992 0.727478027
v 3.430880 16.781395 13.132916
vn 0.165480 -0.586243 0.793055
vt 0.840918005 0.720108986
vn 0.720890 -0.442810 0.533138
vt 0.848634005 0.722337008
vn 0.825405 -0.054494 0.561905
vt 0.705431998 0.733681023
v 3.746114 17.380344 13.254031
vn 0.459153 -0.024656 0.888015
vt 0.705621004 0.736931026
vn 0.165480 -0.586243 0.793055
vt 0.700850010 0.736301005
vn 0.165480 -0.586243 0.793055
vt 0.840918005 0.720108986
v 3.510556 15.611697 11.765525
vn -0.185163 -0.752066 0.632544
vt 0.846925020 0.720403016
vn 0.720890 -0.442810 0.533138
vt 0.848634005 0.722337008
vn 0.165480 -0.586243 0.793055
vt 0.840918005 0.720108986
v 2.847482 17.086660 12.990571
vn -0.673637 -0.336179 0.658176
vt 0.845309973 0.712697983
vn -0.185163 -0.752066 0.632544
vt 0.846925020 0.720403016
vn 0.165480 -0.586243 0.793055
vt 0.700850010 0.736301005
v 3.430880 17.215397 13.330950
vn -0.092647 -0.067966 0.993377
vt 0.703788996 0.737788022
vn -0.673637 -0.336179 0.658176
vt 0.700848997 0.741577029
vn -0.673637 -0.336179 0.658176
vt 0.845309973 0.712697983
v 2.499381 16.140802 11.518800
vn -0.920308 -0.191813 0.340941
vt 0.847962976 0.718106985
vn -0.185163 -0.752066 0.632544
vt 0.846925020 0.720403016
vn -0.673637 -0.336179 0.658176
vt 0.845309973 0.712697983
vn -0.842386 0.455446 0.288017
vt 0.853854001 0.712697983
vn -0.920308 -0.191813 0.340941
vt 0.847962976 0.718106985
vn -0.673637 -0.336179 0.658176
vt 0.700848997 0.741577029
v 3.115646 17.380344 13.254031
vn -0.463243 0.222911 0.857739
vt 0.703604996 0.739798009
vn -0.842386 0.455446 0.288017
vt 0.705425978 0.744175017
vn -0.673637 -0.336179 0.658176
vt 0.700848997 0.741577029
vn -0.092647 -0.067966 0.993377
vt 0.703788996 0.737788022
vn -0.463243 0.222911 0.857739
vt 0.703604996 0.739798009
vn 0.326294 0.499064 0.802788
vt 0.707334995 0.738093019
vn 0.459153 -0.024656 0.888015
vt 0.705621004 0.736931026
vn 0.825405 -0.054494 0.561905
vt 0.705431998 0.733681023
vn 0.326294 0.499064 0.802788
vt 0.707334995 0.738093019
vn -0.092647 -0.067966 0.993377
vt 0.703788996 0.737788022
vn 0.459153 -0.024656 0.888015
vt 0.705621004 0.736931026
vn 0.459153 -0.024656 0.888015
vt 0.705621004 0.736931026
vn -0.092647 -0.067966 0.993377
vt 0.703788996 0.737788022
vn 0.165480 -0.586243 0.793055
vt 0.700850010 0.736301005
vn -0.842386 0.455446 0.288017
vt 0.853854001 0.712697983
vn -0.734376 0.677002 -0.048576
vt 0.850647986 0.717839003
vn -0.920308 -0.191813 0.340941
vt 0.847962976 0.718106985
vn -0.842386 0.455446 0.288017
vt 0.705425978 0.744175017
vn -0.370594 0.659221 0.654283
vt 0.705313981 0.740924001
vn -0.168169 0.984001 0.058834
vt 0.710004985 0.741586030
vn -0.842386 0.455446 0.288017
vt 0.705425978 0.744175017
vn -0.463243 0.222911 0.857739
vt 0.703604996 0.739798009
vn -0.370594 0.659221 0.654283
vt 0.705313981 0.740924001
vn 0.114787 0.876298 0.467895
vt 0.707143009 0.740110993
vn -0.370594 0.659221 0.654283
vt 0.705313981 0.740924001
vn 0.326294 0.499064 0.802788
vt 0.707334995 0.738093019
vn -0.370594 0.659221 0.654283
vt 0.705313981 0.740924001
vn -0.463243 0.222911 0.857739
vt 0.703604996 0.739798009
vn 0.326294 0.499064 0.802788
vt 0.707334995 0.738093019
vn -0.463243 0.222911 0.857739
vt 0.703604996 0.739798009
vn -0.092647 -0.067966 0.993377
vt 0.703788996 0.737788022
vn 0.326294 0.499064 0.802788
vt 0.707334995 0.738093019
v -3.424736 17.787342 10.838155
vn 0.178704 0.973649 -0.141676
vt 0.852356970 0.719772995
v -4.435913 17.258236 11.084882
vn -0.734377 0.677001 -0.048576
vt 0.850647986 0.717839003
v -3.504415 18.061688 12.623057
vn -0.168170 0.984001 0.058835
vt 0.858374000 0.720067024
vn -0.168170 0.984001 0.058835
vt 0.858374000 0.720067024
v -2.921016 17.756418 12.765406
vn 0.660582 0.724228 0.197799
vt 0.854040027 0.727478027
vn 0.178704 0.973649 -0.141676
vt 0.852356970 0.719772995
vn -0.168170 0.984001 0.058835
vt 0.858374000 0.720067024
vn -0.734377 0.677001 -0.048576
vt 0.850647986 0.717839003
v -4.087811 17.756418 12.765406
vn -0.842387 0.455444 0.288017
vt 0.853861988 0.712697983
vn -0.168170 0.984001 0.058835
vt 0.710005999 0.741586030
v -3.504415 17.934416 13.082814
vn 0.114787 0.876298 0.467895
vt 0.707143009 0.740110993
vn 0.660582 0.724228 0.197799
vt 0.710004985 0.736319005
vn -0.168170 0.984001 0.058835
vt 0.710005999 0.741586030
v -3.819647 17.769466 13.159730
vn -0.370597 0.659220 0.654284
vt 0.705317974 0.740924001
vn 0.114787 0.876298 0.467895
vt 0.707143009 0.740110993
vn 0.660582 0.724228 0.197799
vt 0.854040027 0.727478027
v -2.413559 17.258236 11.084882
vn 0.898166 0.413803 0.148544
vt 0.851257980 0.722069025
vn 0.178704 0.973649 -0.141676
vt 0.852356970 0.719772995
vn 0.660582 0.724228 0.197799
vt 0.854040027 0.727478027
v -2.921016 17.145886 13.050102
vn 0.825407 -0.054494 0.561902
vt 0.845494986 0.727478027
vn 0.898166 0.413803 0.148544
vt 0.851257980 0.722069025
vn 0.660582 0.724228 0.197799
vt 0.710004985 0.736319005
v -3.189178 17.769466 13.159730
vn 0.326295 0.499064 0.802787
vt 0.707331002 0.738093019
vn 0.825407 -0.054494 0.561902
vt 0.705426991 0.733681023
vn 0.660582 0.724228 0.197799
vt 0.710004985 0.736319005
vn 0.114787 0.876298 0.467895
vt 0.707143009 0.740110993
vn 0.326295 0.499064 0.802787
vt 0.707331002 0.738093019
vn 0.825407 -0.054494 0.561902
vt 0.845494986 0.727478027
v -2.413559 16.200026 11.578334
vn 0.720891 -0.442809 0.533139
vt 0.848634005 0.722337008
vn 0.898166 0.413803 0.148544
vt 0.851257980 0.722069025
vn 0.825407 -0.054494 0.561902
vt 0.845494986 0.727478027
v -3.504415 16.840620 13.192451
vn 0.165478 -0.586241 0.793056
vt 0.840918005 0.720108986
vn 0.720891 -0.442809 0.533139
vt 0.848634005 0.722337008
vn 0.825407 -0.054494 0.561902
vt 0.705426991 0.733681023
v -3.189178 17.439570 13.313565
vn 0.459152 -0.024655 0.888016
vt 0.705614984 0.736931026
vn 0.165478 -0.586241 0.793056
vt 0.700851023 0.736301005
vn 0.165478 -0.586241 0.793056
vt 0.840918005 0.720108986
v -3.424736 15.670923 11.825060
vn -0.185164 -0.752065 0.632544
vt 0.846925020 0.720403016
vn 0.720891 -0.442809 0.533139
vt 0.848634005 0.722337008
vn 0.165478 -0.586241 0.793056
vt 0.840918005 0.720108986
v -4.087811 17.145886 13.050102
vn -0.673639 -0.336178 0.658176
vt 0.845317006 0.712697983
vn -0.185164 -0.752065 0.632544
vt 0.846925020 0.720403016
vn 0.165478 -0.586241 0.793056
vt 0.700851023 0.736301005
v -3.504415 17.274622 13.390481
vn -0.092650 -0.067964 0.993376
vt 0.703790009 0.737788022
vn -0.673639 -0.336178 0.658176
vt 0.700856984 0.741577029
vn -0.673639 -0.336178 0.658176
vt 0.845317006 0.712697983
v -4.435913 16.200026 11.578334
vn -0.920308 -0.191812 0.340943
vt 0.847962976 0.718106985
vn -0.185164 -0.752065 0.632544
vt 0.846925020 0.720403016
vn -0.673639 -0.336178 0.658176
vt 0.845317006 0.712697983
vn -0.842387 0.455444 0.288017
vt 0.853861988 0.712697983
vn -0.920308 -0.191812 0.340943
vt 0.847962976 0.718106985
vn -0.673639 -0.336178 0.658176
vt 0.700856984 0.741577029
v -3.819647 17.439570 13.313565
vn -0.463244 0.222911 0.857739
vt 0.703612030 0.739798009
vn -0.842387 0.455444 0.288017
vt 0.705433011 0.744175017
vn -0.673639 -0.336178 0.658176
vt 0.700856984 0.741577029
vn -0.092650 -0.067964 0.993376
vt 0.703790009 0.737788022
vn -0.463244 0.222911 0.857739
vt 0.703612030 0.739798009
vn 0.326295 0.499064 0.802787
vt 0.707331002 0.738093019
vn 0.459152 -0.024655 0.888016
vt 0.705614984 0.736931026
vn 0.825407 -0.054494 0.561902
vt 0.705426991 0.733681023
vn 0.326295 0.499064 0.802787
vt 0.707331002 0.738093019
vn -0.092650 -0.067964 0.993376
vt 0.703790009 0.737788022
vn 0.459152 -0.024655 0.888016
vt 0.705614984 0.736931026
vn 0.459152 -0.024655 0.888016
vt 0.705614984 0.736931026
vn -0.092650 -0.067964 0.993376
vt 0.703790009 0.737788022
vn 0.165478 -0.586241 0.793056
vt 0.700851023 0.736301005
vn -0.842387 0.455444 0.288017
vt 0.853861988 0.712697983
vn -0.734377 0.677001 -0.048576
vt 0.850647986 0.717839003
vn -0.920308 -0.191812 0.340943
vt 0.847962976 0.718106985
vn -0.842387 0.455444 0.288017
vt 0.705433011 0.744175017
vn -0.370597 0.659220 0.654284
vt 0.705317974 0.740924001
vn -0.168170 0.984001 0.058835
vt 0.710005999 0.741586030
vn -0.842387 0.455444 0.288017
vt 0.705433011 0.744175017
vn -0.463244 0.222911 0.857739
vt 0.703612030 0.739798009
vn -0.370597 0.659220 0.654284
vt 0.705317974 0.740924001
vn 0.114787 0.876298 0.467895
vt 0.707143009 0.740110993
vn -0.370597 0.659220 0.654284
vt 0.705317974 0.740924001
vn 0.326295 0.499064 0.802787
vt 0.707331002 0.738093019
vn -0.370597 0.659220 0.654284
vt 0.705317974 0.740924001
vn -0.463244 0.222911 0.857739
vt 0.703612030 0.739798009
vn 0.326295 0.499064 0.802787
vt 0.707331002 0.738093019
vn -0.463244 0.222911 0.857739
vt 0.703612030 0.739798009
vn -0.092650 -0.067964 0.993376
vt 0.703790009 0.737788022
vn 0.326295 0.499064 0.802787
vt 0.707331002 0.738093019
s 19
f 105/553/553 106/554/554 107/555/555
f 107/556/556 108/557/557 105/558/558
f 107/559/559 106/560/560 109/561/561
f 107/562/562 110/563/563 108/564/564
f 107/565/565 111/566/566 110/567/567
f 108/568/568 112/569/569 105/570/570
f 108/571/571 113/572/572 112/573/573
f 108/574/574 114/575/575 113/576/576
f 108/577/577 110/578/578 114/579/579
f 113/580/580 115/581/581 112/582/582
f 113/583/583 116/584/584 115/585/585
f 113/586/586 117/587/587 116/588/588
f 116/589/589 118/590/590 115/591/591
f 116/592/592 119/593/593 118/594/594
f 116/595/595 120/596/596 119/597/597
f 119/598/598 121/599/599 118/600/600
f 119/601/601 109/602/602 121/603/603
f 119/604/604 122/605/605 109/606/606
f 119/607/607 120/608/608 122/609/609
f 114/610/610 117/611/611 113/612/612
f 114/613/613 120/614/614 117/615/615
f 117/616/616 120/617/617 116/618/618
f 109/619/619 106/620/620 121/621/621
f 109/622/622 111/623/623 107/624/624
f 109/625/625 122/626/626 111/627/627
f 110/628/628 111/629/629 114/630/630
f 111/631/631 122/632/632 114/633/633
f 122/634/634 120/635/635 114/636/636
s 20
f 123/637/637 124/638/638 125/639/639
f 125/640/640 126/641/641 123/642/642
f 125/643/643 124/644/644 127/645/645
f 125/646/646 128/647/647 126/648/648
f 125/649/649 129/650/650 128/651/651
f 126/652/652 130/653/653 123/654/654
f 126/655/655 131/656/656 130/657/657
f 126/658/658 132/659/659 131/660/660
f 126/661/661 128/662/662 132/663/663
f 131/664/664 133/665/665 130/666/666
f 131/667/667 134/668/668 133/669/669
f 131/670/670 135/671/671 134/672/672
f 134/673/673 136/674/674 133/675/675
f 134/676/676 137/677/677 136/678/678
f 134/679/679 138/680/680 137/681/681
f 137/682/682 139/683/683 136/684/684
f 137/685/685 127/686/686 139/687/687
f 137/688/688 140/689/689 127/690/690
f 137/691/691 138/692/692 140/693/693
f 132/694/694 135/695/695 131/696/696
f 132/697/697 138/698/698 135/699/699
f 135/700/700 138/701/701 134/702/702
f 127/703/703 124/704/704 139/705/705
f 127/706/706 129/707/707 125/708/708
f 127/709/709 140/710/710 129/711/711
f 128/712/712 129/713/713 132/714/714
f 129/715/715 140/716/716 132/717/717
f 140/718/718 138/719/719 132/720/720
s 21
f 141/721/721 142/722/722 143/723/723
f 143/724/724 144/725/725 141/726/726
f 143/727/727 142/728/728 145/729/729
f 143/730/730 146/731/731 144/732/732
f 143/733/733 147/734/734 146/735/735
f 144/736/736 148/737/737 141/738/738
f 144/739/739 149/740/740 148/741/741
f 144/742/742 150/743/743 149/744/744
f 144/745/745 146/746/746 150/747/747
f 149/748/748 151/749/749 148/750/750
f 149/751/751 152/752/752 151/753/753
f 149/754/754 153/755/755 152/756/756
f 152/757/757 154/758/758 151/759/759
f 152/760/760 155/761/761 154/762/762
f 152/763/763 156/764/764 155/765/765
f 155/766/766 157/767/767 154/768/768
f 155/769/769 145/770/770 157/771/771
f 155/772/772 158/773/773 145/774/774
f 155/775/775 156/776/776 158/777/777
f 150/778/778 153/779/779 149/780/780
f 150/781/781 156/782/782 153/783/783
f 153/784/784 156/785/785 152/786/786
f 145/787/787 142/788/788 157/789/789
f 145/790/790 147/791/791 143/792/792
f 145/793/793 158/794/794 147/795/795
f 146/796/796 147/797/797 150/798/798
f 147/799/799 158/800/800 150/801/801
f 158/802/802 156/803/803 150/804/804
o shoulder,ox=-0.00,oy=0.84,oz=15.43,p=torso,
v 6.856905 16.875343 -2.877757
vn 0.671924 -0.207074 -0.711083
vt 0.273337007 0.407873005
v 7.884342 17.190914 -1.998796
vn 0.661793 -0.414195 -0.624878
vt 0.275705010 0.407873005
v 6.856905 14.109779 0.312095
vn 0.634782 -0.686488 -0.354663
vt 0.273322999 0.427525014
vn 0.661793 -0.414195 -0.624878
vt 0.275705010 0.407873005
v 7.884342 14.871718 0.676205
vn 0.626004 -0.759385 -0.177350
vt 0.275700003 0.427525014
vn 0.634782 -0.686488 -0.354663
vt 0.273322999 0.427525014
vn 0.671924 -0.207074 -0.711083
vt 0.273344994 0.427525014
v 7.884342 20.470594 -1.998605
vn 0.671921 0.207155 -0.711062
vt 0.275732994 0.407873005
vn 0.661793 -0.414195 -0.624878
vt 0.275709987 0.427525014
vn 0.671924 -0.207074 -0.711083
vt 0.273344994 0.427525014
v 6.856905 20.786245 -2.877525
vn 0.661789 0.414263 -0.624838
vt 0.273351997 0.407873005
vn 0.671921 0.207155 -0.711062
vt 0.275732994 0.407873005
vn 0.634782 -0.686488 -0.354663
vt 0.273326010 0.407873005
vn 0.626004 -0.759385 -0.177350
vt 0.275702000 0.407873005
v 6.856906 14.109581 4.823454
vn 0.626003 -0.759402 0.177281
vt 0.273344010 0.427525014
vn 0.626004 -0.759385 -0.177350
vt 0.275702000 0.407873005
v 7.884345 14.871554 4.459424
vn 0.634778 -0.686524 0.354599
vt 0.275723994 0.427525014
vn 0.626003 -0.759402 0.177281
vt 0.273344010 0.427525014
vn 0.626003 -0.759402 0.177281
vt 0.273350000 0.407873005
vn 0.634778 -0.686524 0.354599
vt 0.275729001 0.407873005
v 6.856905 16.874867 8.013621
vn 0.661788 -0.414263 0.624838
vt 0.273355007 0.427525014
vn 0.634778 -0.686524 0.354599
vt 0.275729001 0.407873005
v 7.884342 17.190516 7.134701
vn 0.671921 -0.207156 0.711062
vt 0.275736004 0.427525014
vn 0.661788 -0.414263 0.624838
vt 0.273355007 0.427525014
vn 0.661788 -0.414263 0.624838
vt 0.273360014 0.407873005
vn 0.671921 -0.207156 0.711062
vt 0.275743008 0.407873005
v 6.856905 20.785769 8.013855
vn 0.671925 0.207073 0.711082
vt 0.273360997 0.427525014
vn 0.671921 -0.207156 0.711062
vt 0.275743008 0.407873005
v 7.884342 20.470194 7.134893
vn 0.661794 0.414194 0.624877
vt 0.275747001 0.427525014
vn 0.671925 0.207073 0.711082
vt 0.273360997 0.427525014
vn 0.671925 0.207073 0.711082
vt 0.273362994 0.407873005
vn 0.661794 0.414194 0.624877
vt 0.275750011 0.407873005
v 6.856905 23.551334 4.824000
vn 0.634783 0.686487 0.354663
vt 0.273368001 0.427525014
vn 0.661794 0.414194 0.624877
vt 0.275750011 0.407873005
v 7.884342 22.789393 4.459891
vn 0.626005 0.759384 0.177350
vt 0.275750011 0.427525014
vn 0.634783 0.686487 0.354663
vt 0.273368001 0.427525014
vn 0.634783 0.686487 0.354663
vt 0.273371011 0.407873005
vn 0.626005 0.759384 0.177350
vt 0.275750995 0.407873005
v 6.856905 23.551533 0.312642
vn 0.626004 0.759401 -0.177281
vt 0.273371994 0.427525014
vn 0.626005 0.759384 0.177350
vt 0.275750995 0.407873005
v 7.884342 22.789559 0.676672
vn 0.634779 0.686524 -0.354599
vt 0.275750011 0.427525014
vn 0.626004 0.759401 -0.177281
vt 0.273371994 0.427525014
vn 0.626004 0.759401 -0.177281
vt 0.273366004 0.407873005
vn 0.634779 0.686524 -0.354599
vt 0.275745004 0.407873005
vn 0.661789 0.414263 -0.624838
vt 0.273360014 0.427525014
vn 0.634779 0.686524 -0.354599
vt 0.275745004 0.407873005
vn 0.671921 0.207155 -0.711062
vt 0.275741994 0.427525014
vn 0.661789 0.414263 -0.624838
vt 0.273360014 0.427525014
v -6.856906 16.875340 -2.877757
vn -0.661793 -0.414195 -0.624878
vt 0.272855997 0.411646992
v -7.884345 17.190914 -1.998796
vn -0.671923 -0.207074 -0.711083
vt 0.276136994 0.411646992
v -6.856906 20.786245 -2.877525
vn -0.671920 0.207155 -0.711063
vt 0.272864014 0.428346008
vn -0.671923 -0.207074 -0.711083
vt 0.276136994 0.411646992
v -7.884345 20.470594 -1.998605
vn -0.661787 0.414263 -0.624839
vt 0.276160985 0.428346008
vn -0.671920 0.207155 -0.711063
vt 0.272864014 0.428346008
v -6.856906 14.109779 0.312095
vn -0.626003 -0.759386 -0.177350
vt 0.272834003 0.411646992
v -7.884345 14.871718 0.676205
vn -0.634782 -0.686488 -0.354663
vt 0.276127011 0.411646992
vn -0.661793 -0.414195 -0.624878
vt 0.272848010 0.428346008
vn -0.634782 -0.686488 -0.354663
vt 0.276127011 0.411646992
vn -0.671923 -0.207074 -0.711083
vt 0.276131988 0.428346008
vn -0.661793 -0.414195 -0.624878
vt 0.272848010 0.428346008
v -6.856906 14.109580 4.823454
vn -0.634778 -0.686525 0.354599
vt 0.272855997 0.411646992
v -7.884345 14.871550 4.459424
vn -0.626002 -0.759403 0.177281
vt 0.276151001 0.411646992
vn -0.626003 -0.759386 -0.177350
vt 0.272837013 0.428346008
vn -0.626002 -0.759403 0.177281
vt 0.276151001 0.411646992
vn -0.634782 -0.686488 -0.354663
vt 0.276129007 0.428346008
vn -0.626003 -0.759386 -0.177350
vt 0.272837013 0.428346008
vn -0.634778 -0.686525 0.354599
vt 0.272861987 0.428346008
v -7.884345 17.190516 7.134701
vn -0.661788 -0.414263 0.624838
vt 0.276163012 0.411646992
vn -0.626002 -0.759403 0.177281
vt 0.276156008 0.428346008
vn -0.634778 -0.686525 0.354599
vt 0.272861987 0.428346008
v -6.856906 16.874865 8.013621
vn -0.671920 -0.207155 0.711063
vt 0.272866994 0.411646992
vn -0.661788 -0.414263 0.624838
vt 0.276163012 0.411646992
vn -0.671920 -0.207155 0.711063
vt 0.272872001 0.428346008
v -7.884345 20.470192 7.134893
vn -0.671924 0.207073 0.711083
vt 0.276174009 0.411646992
vn -0.661788 -0.414263 0.624838
vt 0.276169986 0.428346008
vn -0.671920 -0.207155 0.711063
vt 0.272872001 0.428346008
v -6.856906 20.785767 8.013855
vn -0.661793 0.414194 0.624878
vt 0.272873014 0.411646992
vn -0.671924 0.207073 0.711083
vt 0.276174009 0.411646992
vn -0.661793 0.414194 0.624878
vt 0.272875011 0.428346008
v -7.884345 22.789393 4.459891
vn -0.634783 0.686487 0.354663
vt 0.276176989 0.411646992
vn -0.671924 0.207073 0.711083
vt 0.276176989 0.428346008
vn -0.661793 0.414194 0.624878
vt 0.272875011 0.428346008
v -6.856906 23.551334 4.824000
vn -0.626003 0.759386 0.177350
vt 0.272879988 0.411646992
vn -0.634783 0.686487 0.354663
vt 0.276176989 0.411646992
vn -0.626003 0.759386 0.177350
vt 0.272882998 0.428346008
v -7.884347 22.789559 0.676672
vn -0.626001 0.759404 -0.177282
vt 0.276176989 0.411646992
vn -0.634783 0.686487 0.354663
vt 0.276178002 0.428346008
vn -0.626003 0.759386 0.177350
vt 0.272882998 0.428346008
v -6.856907 23.551527 0.312642
vn -0.634777 0.686526 -0.354600
vt 0.272882998 0.411646992
vn -0.626001 0.759404 -0.177282
vt 0.276176989 0.411646992
vn -0.634777 0.686526 -0.354600
vt 0.272877991 0.428346008
vn -0.661787 0.414263 -0.624839
vt 0.276169002 0.411646992
vn -0.626001 0.759404 -0.177282
vt 0.276172012 0.428346008
vn -0.634777 0.686526 -0.354600
vt 0.272877991 0.428346008
vn -0.671920 0.207155 -0.711063
vt 0.272872001 0.411646992
vn -0.661787 0.414263 -0.624839
vt 0.276169002 0.411646992
vn 0.000000 -0.547403 -0.836869
vt 0.269127995 0.394389004
vn -0.000000 0.273777 -0.961793
vt 0.259306014 0.394389004
vn 0.000000 -0.273669 -0.961824
vt 0.269129008 0.380511999
vn -0.000000 0.273777 -0.961793
vt 0.259306014 0.394389004
vn -0.000000 0.547490 -0.836812
vt 0.259306014 0.380511999
vn 0.000000 -0.273669 -0.961824
vt 0.269129008 0.380511999
vn 0.000000 -0.273669 -0.961824
vt 0.259292006 0.380511999
vn 0.000000 -0.886581 -0.462572
vt 0.269111007 0.380511999
vn 0.000000 -0.547403 -0.836869
vt 0.259292006 0.394389004
vn 0.000000 -0.886581 -0.462572
vt 0.269111007 0.380511999
vn 0.000000 -0.972880 -0.231309
vt 0.269111007 0.394389004
vn 0.000000 -0.547403 -0.836869
vt 0.259292006 0.394389004
vn 0.000000 -0.886581 -0.462572
vt 0.259290993 0.380511999
vn 0.000000 -0.972901 0.231221
vt 0.269127995 0.380511999
vn 0.000000 -0.972880 -0.231309
vt 0.259292006 0.394389004
vn 0.000000 -0.972901 0.231221
vt 0.269127995 0.380511999
vn 0.000000 -0.886626 0.462488
vt 0.269129008 0.394389004
vn 0.000000 -0.972880 -0.231309
vt 0.259292006 0.394389004
vn 0.000000 -0.972901 0.231221
vt 0.259306014 0.380511999
vn 0.000000 -0.547490 0.836812
vt 0.269134015 0.380511999
vn 0.000000 -0.886626 0.462488
vt 0.259306014 0.394389004
vn 0.000000 -0.547490 0.836812
vt 0.269134015 0.380511999
vn 0.000000 -0.273778 0.961793
vt 0.269134015 0.394389004
vn 0.000000 -0.886626 0.462488
vt 0.259306014 0.394389004
vn 0.000000 -0.547490 0.836812
vt 0.259310991 0.380511999
vn -0.000000 0.273669 0.961824
vt 0.269138008 0.380511999
vn 0.000000 -0.273778 0.961793
vt 0.259310991 0.394389004
vn -0.000000 0.273669 0.961824
vt 0.269138008 0.380511999
vn -0.000000 0.547402 0.836870
vt 0.269138008 0.394389004
vn 0.000000 -0.273778 0.961793
vt 0.259310991 0.394389004
vn -0.000000 0.273669 0.961824
vt 0.259314001 0.380511999
vn -0.000000 0.886581 0.462573
vt 0.269147992 0.380511999
vn -0.000000 0.547402 0.836870
vt 0.259314001 0.394389004
vn -0.000000 0.886581 0.462573
vt 0.269147992 0.380511999
vn -0.000000 0.972880 0.231309
vt 0.269147992 0.394389004
vn -0.000000 0.547402 0.836870
vt 0.259314001 0.394389004
vn -0.000000 0.886581 0.462573
vt 0.259323001 0.380511999
vn -0.000000 0.972901 -0.231221
vt 0.269149989 0.380511999
vn -0.000000 0.972880 0.231309
vt 0.259323001 0.394389004
vn -0.000000 0.972901 -0.231221
vt 0.269149989 0.380511999
vn -0.000000 0.886625 -0.462488
vt 0.269149989 0.394389004
vn -0.000000 0.972880 0.231309
vt 0.259323001 0.394389004
vn -0.000000 0.972901 -0.231221
vt 0.259319991 0.380511999
vn -0.000000 0.547490 -0.836812
vt 0.269138008 0.380511999
vn -0.000000 0.886625 -0.462488
vt 0.259319991 0.394389004
vn -0.000000 0.547490 -0.836812
vt 0.269138008 0.380511999
vn -0.000000 0.273777 -0.961793
vt 0.269138992 0.394389004
vn -0.000000 0.886625 -0.462488
vt 0.259319991 0.394389004
vn -1.000000 -0.000000 0.000000
vt 0.875697017 0.689594984
vn -1.000000 -0.000000 -0.000000
vt 0.890938997 0.683780015
vn -1.000000 -0.000000 0.000000
vt 0.884584010 0.689594984
vn -1.000000 -0.000000 0.000000
vt 0.875697017 0.689594984
vn -1.000000 -0.000000 0.000000
vt 0.869422972 0.683780015
vn -1.000000 -0.000000 -0.000000
vt 0.890938997 0.683780015
vn -1.000000 -0.000000 -0.000000
vt 0.890938997 0.683780015
vn -1.000000 -0.000000 0.000000
vt 0.869422972 0.683780015
vn -1.000000 -0.000000 0.000000
vt 0.869427979 0.675557017
vn -1.000000 -0.000000 -0.000000
vt 0.890938997 0.683780015
vn -1.000000 -0.000000 0.000000
vt 0.869427979 0.675557017
vn -1.000000 -0.000000 0.000000
vt 0.875712991 0.669741988
vn -1.000000 -0.000000 -0.000000
vt 0.890938997 0.683780015
vn -1.000000 -0.000000 0.000000
vt 0.875712991 0.669741988
vn -1.000000 -0.000000 -0.000000
vt 0.884621024 0.669741988
vn -1.000000 -0.000000 -0.000000
vt 0.890938997 0.683780015
vn -1.000000 -0.000000 -0.000000
vt 0.884621024 0.669741988
vn -1.000000 0.000000 -0.000001
vt 0.890965998 0.675557017
vn 1.000000 0.000001 -0.000000
vt 0.869422972 0.683704019
vn 1.000000 0.000002 -0.000001
vt 0.875697017 0.689518988
vn 1.000000 0.000000 -0.000000
vt 0.884584010 0.689518988
vn 1.000000 0.000001 -0.000000
vt 0.869422972 0.683704019
vn 1.000000 0.000000 -0.000000
vt 0.884584010 0.689518988
vn 1.000000 0.000000 0.000000
vt 0.869427979 0.675481021
vn 1.000000 0.000000 -0.000000
vt 0.884584010 0.689518988
vn 1.000000 0.000000 0.000000
vt 0.875712991 0.669665992
vn 1.000000 0.000000 0.000000
vt 0.869427979 0.675481021
vn 1.000000 0.000000 -0.000000
vt 0.884584010 0.689518988
vn 1.000000 0.000000 0.000000
vt 0.884621978 0.669665992
vn 1.000000 0.000000 0.000000
vt 0.875712991 0.669665992
vn 1.000000 0.000000 -0.000000
vt 0.884584010 0.689518988
vn 1.000000 0.000000 0.000000
vt 0.890965998 0.675481021
vn 1.000000 0.000000 0.000000
vt 0.884621978 0.669665992
vn 1.000000 0.000000 -0.000000
vt 0.884584010 0.689518988
vn 1.000000 0.000000 0.000000
vt 0.890938997 0.683704019
vn 1.000000 0.000000 0.000000
vt 0.890965998 0.675481021
s 19
f 159/805/805 160/806/806 161/807/807
f 160/808/808 162/809/809 161/810/810
f 159/811/811 163/812/812 160/813/813
f 159/814/814 164/815/815 163/816/816
f 161/817/817 162/818/818 165/819/819
f 162/820/820 166/821/821 165/822/822
f 165/823/823 166/824/824 167/825/825
f 166/826/826 168/827/827 167/828/828
f 167/829/829 168/830/830 169/831/831
f 168/832/832 170/833/833 169/834/834
f 169/835/835 170/836/836 171/837/837
f 170/838/838 172/839/839 171/840/840
f 171/841/841 172/842/842 173/843/843
f 172/844/844 174/845/845 173/846/846
f 173/847/847 174/848/848 164/849/849
f 174/850/850 163/851/851 164/852/852
s 20
f 175/853/853 176/854/854 177/855/855
f 176/856/856 178/857/857 177/858/858
f 179/859/859 180/860/860 175/861/861
f 180/862/862 176/863/863 175/864/864
f 181/865/865 182/866/866 179/867/867
f 182/868/868 180/869/869 179/870/870
f 181/871/871 183/872/872 182/873/873
f 181/874/874 184/875/875 183/876/876
f 184/877/877 185/878/878 183/879/879
f 184/880/880 186/881/881 185/882/882
f 186/883/883 187/884/884 185/885/885
f 186/886/886 188/887/887 187/888/888
f 188/889/889 189/890/890 187/891/891
f 188/892/892 190/893/893 189/894/894
f 190/895/895 178/896/896 189/897/897
f 190/898/898 177/899/899 178/900/900
s 21
f 175/901/901 177/902/902 159/903/903
f 177/904/904 164/905/905 159/906/906
f 159/907/907 161/908/908 175/909/909
f 161/910/910 179/911/911 175/912/912
f 161/913/913 165/914/914 179/915/915
f 165/916/916 181/917/917 179/918/918
f 165/919/919 167/920/920 181/921/921
f 167/922/922 184/923/923 181/924/924
f 167/925/925 169/926/926 184/927/927
f 169/928/928 186/929/929 184/930/930
f 169/931/931 171/932/932 186/933/933
f 171/934/934 188/935/935 186/936/936
f 171/937/937 173/938/938 188/939/939
f 173/940/940 190/941/941 188/942/942
f 173/943/943 164/944/944 190/945/945
f 164/946/946 177/947/947 190/948/948
s 22
f 182/949/949 176/950/950 180/951/951
f 182/952/952 183/953/953 176/954/954
f 176/955/955 183/956/956 185/957/957
f 176/958/958 185/959/959 187/960/960
f 176/961/961 187/962/962 189/963/963
f 176/964/964 189/965/965 178/966/966
s 23
f 168/967/967 166/968/968 162/969/969
f 168/970/970 162/971/971 170/972/972
f 162/973/973 172/974/974 170/975/975
f 162/976/976 174/977/977 172/978/978
f 162/979/979 163/980/980 174/981/981
f 162/982/982 160/983/983 163/984/984
o luparm,ox=8.08,oy=1.00,oz=15.43,p=torso,
v 14.371496 20.403450 0.214811
vn 0.932025 0.350157 -0.093376
vt 0.437619001 0.871259987
v 14.371363 20.294911 -0.462884
vn 0.950356 0.307218 -0.049392
vt 0.436154991 0.871259987
v 13.650478 20.801281 -0.302346
vn 0.298558 0.716403 -0.630580
vt 0.436154991 0.868155003
vn 0.298558 0.716403 -0.630580
vt 0.436154991 0.868155003
vn -0.159081 0.278658 -0.947123
vt 0.436136007 0.871259987
v 14.243452 20.306870 -0.437882
vn -0.088039 0.263148 -0.960730
vt 0.436134011 0.870546997
v 9.674546 13.973699 2.299854
vn 0.120105 -0.795933 0.593351
vt 0.491239995 0.863997996
v 7.843662 16.193241 6.183258
vn 0.188897 -0.482897 0.855060
vt 0.493259996 0.862614989
v 8.530067 9.712576 -2.598412
vn 0.203928 -0.761713 0.614985
vt 0.491039991 0.867160976
vn 0.120105 -0.795933 0.593351
vt 0.491239995 0.863997996
vn 0.203928 -0.761713 0.614985
vt 0.491041988 0.867160976
v 9.653272 9.789576 -2.659575
vn 0.087179 -0.761596 0.642162
vt 0.490482986 0.867000997
vn 0.188897 -0.482897 0.855060
vt 0.493256986 0.862614989
vn 0.120105 -0.795933 0.593351
vt 0.491239995 0.863997996
v 13.650469 16.521628 5.479808
vn 0.341541 -0.406537 0.847395
vt 0.491618991 0.861097991
vn 0.120105 -0.795933 0.593351
vt 0.491239995 0.863997996
v 14.243452 16.248171 5.046893
vn 0.072814 -0.564511 0.822208
vt 0.491313010 0.861154974
vn 0.341541 -0.406537 0.847395
vt 0.491618991 0.861097991
vn 0.120105 -0.795933 0.593351
vt 0.491239995 0.863997996
v 13.300500 14.055093 2.243354
vn -0.093787 -0.768616 0.632798
vt 0.490130991 0.862403989
vn 0.072814 -0.564511 0.822208
vt 0.491313010 0.861154974
vn 0.072814 -0.564511 0.822208
vt 0.491313010 0.861154974
vn -0.093787 -0.768616 0.632798
vt 0.490130991 0.862403989
v 13.303726 9.759535 -2.636256
vn -0.125037 -0.750751 0.648644
vt 0.487127006 0.863008022
vn 0.072814 -0.564511 0.822208
vt 0.491313010 0.861154974
vn -0.125037 -0.750751 0.648644
vt 0.487127006 0.863008022
v 14.371372 16.220728 5.042775
vn -0.037228 -0.515452 0.856109
vt 0.491252989 0.861059010
v 14.368690 9.742619 -2.621740
vn -0.020926 -0.763572 0.645384
vt 0.487031013 0.862519979
vn -0.037228 -0.515452 0.856109
vt 0.491252989 0.861059010
vn -0.125037 -0.750751 0.648644
vt 0.487127006 0.863008022
v 9.674433 17.014652 -1.809486
vn 0.008738 -0.803823 -0.594804
vt 0.489100009 0.865050972
vn 0.008738 -0.803823 -0.594804
vt 0.490130991 0.862403989
vn 0.008775 -0.803807 -0.594826
vt 0.491239995 0.863997996
vn 0.008738 -0.803823 -0.594804
vt 0.489100009 0.865050972
v 13.300531 16.984577 -1.715799
vn 0.008700 -0.803840 -0.594782
vt 0.488537997 0.864278972
vn 0.008738 -0.803823 -0.594804
vt 0.490130991 0.862403989
v 14.368687 11.071171 -4.417183
vn -0.004661 -0.803849 -0.594815
vt 0.223542005 0.824666023
vn -0.004661 -0.803849 -0.594815
vt 0.235625997 0.824666023
v 13.303726 11.062236 -4.396763
vn -0.004661 -0.803849 -0.594815
vt 0.223538995 0.833594978
vn -0.004661 -0.803849 -0.594815
vt 0.235625997 0.824666023
vn -0.004661 -0.803849 -0.594815
vt 0.235622004 0.833594978
vn -0.004661 -0.803849 -0.594815
vt 0.223538995 0.833594978
v 8.529940 11.084620 -4.452511
vn 0.022642 -0.803653 -0.594667
vt 0.223525003 0.842527986
vn 0.022642 -0.803653 -0.594667
vt 0.235602006 0.833598971
vn 0.022709 -0.803632 -0.594694
vt 0.235606000 0.842527986
vn 0.022642 -0.803653 -0.594667
vt 0.223525003 0.842527986
v 9.653382 11.048789 -4.361434
vn 0.022575 -0.803674 -0.594641
vt 0.223516002 0.833598971
vn 0.022642 -0.803653 -0.594667
vt 0.235602006 0.833598971
vn -1.000000 -0.000404 -0.000299
vt 0.487004012 0.863565028
vn -1.000000 -0.000404 -0.000303
vt 0.487127006 0.863008022
vn -1.000000 -0.000404 -0.000303
vt 0.488537997 0.864278972
vn -1.000000 -0.000404 -0.000303
vt 0.487127006 0.863008022
vn -1.000000 -0.000403 -0.000306
vt 0.490130991 0.862403989
vn -1.000000 -0.000404 -0.000303
vt 0.488537997 0.864278972
vn 0.999994 -0.002710 -0.001987
vt 0.491239995 0.863997996
vn 0.999994 -0.002710 -0.001987
vt 0.489746988 0.867084980
vn 0.999994 -0.002671 -0.002004
vt 0.489100009 0.865050972
vn 0.999994 -0.002710 -0.001987
vt 0.491239995 0.863997996
vn 0.999994 -0.002750 -0.001970
vt 0.490482986 0.867000997
vn 0.999994 -0.002710 -0.001987
vt 0.489746988 0.867084980
v 7.866970 22.841215 2.863605
vn 0.143176 0.988403 -0.050594
vt 0.102586001 0.624661028
v 7.867044 20.146521 6.505046
vn 0.144476 0.566307 0.811433
vt 0.116301000 0.624661028
v 13.648178 21.989294 2.753864
vn 0.423676 0.861239 0.280653
vt 0.102595001 0.667129993
vn 0.144476 0.566307 0.811433
vt 0.116301000 0.624661028
v 13.648202 19.792437 5.722921
vn 0.422765 0.221290 0.878806
vt 0.116328001 0.667129993
vn 0.423676 0.861239 0.280653
vt 0.102595001 0.667129993
vn 0.423676 0.861239 0.280653
vt 0.116324998 0.667129993
vn 0.298558 0.716403 -0.630580
vt 0.102591999 0.667141020
vn 0.143176 0.988403 -0.050594
vt 0.116319999 0.624661028
vn 0.298558 0.716403 -0.630580
vt 0.102591999 0.667141020
v 7.842860 21.384474 -0.814641
vn 0.158076 0.493745 -0.855119
vt 0.102568001 0.624661028
vn 0.143176 0.988403 -0.050594
vt 0.116319999 0.624661028
vn 0.144476 0.566307 0.811433
vt 0.102567002 0.624661028
vn 0.188897 -0.482897 0.855060
vt 0.116125003 0.624661028
vn 0.422765 0.221290 0.878806
vt 0.102591000 0.667129993
vn 0.188897 -0.482897 0.855060
vt 0.116125003 0.624661028
vn 0.341541 -0.406537 0.847395
vt 0.116140001 0.667141020
vn 0.422765 0.221290 0.878806
vt 0.102591000 0.667129993
vn 0.341541 -0.406537 0.847395
vt 0.447811007 0.866162002
v 14.371506 16.900555 4.948471
vn 0.897917 0.003505 0.440151
vt 0.446469009 0.869268000
vn 0.422765 0.221290 0.878806
vt 0.434201002 0.866150975
vn 0.897917 0.003505 0.440151
vt 0.446469009 0.869268000
v 14.369499 19.526157 5.141773
vn 0.876158 0.277053 0.394447
vt 0.435360998 0.869268000
vn 0.422765 0.221290 0.878806
vt 0.434201002 0.866150975
vn -0.999853 -0.013827 -0.010177
vt 0.491822988 0.862307012
vn -0.999975 0.005660 0.004261
vt 0.487976998 0.860369980
vn -0.999974 0.005752 0.004277
vt 0.490615994 0.860369980
vn -0.999853 -0.013827 -0.010177
vt 0.491822988 0.862307012
vn -0.999140 -0.033361 -0.024617
vt 0.486761004 0.862312973
vn -0.999975 0.005660 0.004261
vt 0.487976998 0.860369980
vn -0.999853 -0.013827 -0.010177
vt 0.491822988 0.862307012
vn -0.997842 -0.052797 -0.039027
vt 0.489944011 0.868303001
vn -0.999140 -0.033361 -0.024617
vt 0.486761004 0.862312973
vn -0.999140 -0.033361 -0.024617
vt 0.486761004 0.862312973
vn -0.997842 -0.052797 -0.039027
vt 0.489944011 0.868303001
vn -0.997842 -0.052817 -0.039017
vt 0.488664001 0.868303001
vn 0.144868 0.323039 -0.935232
vt 0.437656999 0.870576024
vn 0.202918 0.365689 -0.908348
vt 0.438502997 0.867460012
vn 0.158076 0.493745 -0.855119
vt 0.438811988 0.872738004
vn 0.144868 0.323039 -0.935232
vt 0.437656999 0.870576024
vn 0.086753 0.391546 -0.916060
vt 0.437687010 0.867440999
vn 0.202918 0.365689 -0.908348
vt 0.438502997 0.867460012
vn -0.015208 0.352681 -0.935620
vt 0.436075002 0.870573997
vn 0.144868 0.323039 -0.935232
vt 0.437656999 0.870576024
vn 0.158076 0.493745 -0.855119
vt 0.438809007 0.872738004
vn 0.298558 0.716403 -0.630580
vt 0.435532004 0.872541010
vn -0.015208 0.352681 -0.935620
vt 0.436075002 0.870573997
vn 0.158076 0.493745 -0.855119
vt 0.438809007 0.872738004
vn 0.298558 0.716403 -0.630580
vt 0.435532004 0.872541010
vn -0.088039 0.263148 -0.960730
vt 0.435409009 0.872292995
vn -0.015208 0.352681 -0.935620
vt 0.436075002 0.870573997
vn -0.015208 0.352681 -0.935620
vt 0.436075002 0.870573997
vn -0.088039 0.263148 -0.960730
vt 0.435409009 0.872292995
vn -0.159081 0.278658 -0.947123
vt 0.435346007 0.872282982
vn -0.015208 0.352681 -0.935620
vt 0.436075002 0.870573997
vn -0.159081 0.278658 -0.947123
vt 0.435346007 0.872282982
vn -0.081308 0.401955 -0.912042
vt 0.435341001 0.867438018
vn -0.015208 0.352681 -0.935620
vt 0.436075002 0.870573997
vn -0.081308 0.401955 -0.912042
vt 0.435341001 0.867438018
vn -0.020923 0.412299 -0.910808
vt 0.436069012 0.867438018
v 15.321846 19.374064 2.174693
vn 1.000000 0.000000 0.000000
vt 0.072506003 0.575479984
v 15.321846 18.970396 3.283733
vn 1.000000 0.000000 0.000000
vt 0.075861000 0.572052002
v 15.321846 18.372065 3.562736
vn 1.000000 0.000000 0.000000
vt 0.078550003 0.572365999
vn 1.000000 0.000000 0.000000
vt 0.072506003 0.575479984
vn 1.000000 0.000000 0.000000
vt 0.078550003 0.572365999
v 15.321846 19.095053 1.576330
vn 1.000000 0.000000 0.000000
vt 0.072691001 0.578157008
vn 1.000000 0.000000 0.000000
vt 0.078550003 0.572365999
v 15.321846 17.986033 1.172679
vn 1.000000 -0.000000 0.000000
vt 0.076044001 0.581049979
vn 1.000000 0.000000 0.000000
vt 0.072691001 0.578157008
vn 1.000000 0.000000 0.000000
vt 0.078550003 0.572365999
v 15.321846 17.387678 1.451697
vn 1.000000 -0.000000 0.000000
vt 0.078668997 0.581314981
vn 1.000000 -0.000000 0.000000
vt 0.076044001 0.581049979
vn 1.000000 0.000000 0.000000
vt 0.078550003 0.572365999
v 15.321846 16.984022 2.560745
vn 1.000000 0.000000 0.000000
vt 0.081960998 0.578002989
vn 1.000000 -0.000000 0.000000
vt 0.078668997 0.581314981
vn 1.000000 0.000000 0.000000
vt 0.078550003 0.572365999
v 15.321846 17.263027 3.159076
vn 1.000000 0.000000 0.000000
vt 0.081836000 0.575401008
vn 1.000000 0.000000 0.000000
vt 0.081960998 0.578002989
vn 0.341541 -0.406537 0.847395
vt 0.436093003 0.865558982
vn 0.072814 -0.564511 0.822208
vt 0.436028004 0.865912974
vn 0.897917 0.003505 0.440151
vt 0.435663998 0.865558982
vn 0.072814 -0.564511 0.822208
vt 0.436028004 0.865912974
vn -0.037228 -0.515452 0.856109
vt 0.436031014 0.865929008
vn 0.897917 0.003505 0.440151
vt 0.435663998 0.865558982
vn 0.897917 0.003505 0.440151
vt 0.435663998 0.865558982
vn 0.950356 0.307218 -0.049392
vt 0.430905014 0.865929008
vn 0.932025 0.350157 -0.093376
vt 0.431270003 0.865558982
vn 0.897917 0.003505 0.440151
vt 0.435663998 0.865558982
vn 1.000000 -0.000220 -0.000164
vt 0.432613999 0.873291016
vn 0.950356 0.307218 -0.049392
vt 0.430905014 0.865929008
vn 0.897917 0.003505 0.440151
vt 0.435663998 0.865558982
vn 1.000000 -0.000220 -0.000164
vt 0.434262007 0.873291016
vn 1.000000 -0.000220 -0.000164
vt 0.432613999 0.873291016
vn 0.897917 0.003505 0.440151
vt 0.435663998 0.865558982
vn 1.000000 -0.000220 -0.000164
vt 0.436031014 0.865929008
vn 1.000000 -0.000220 -0.000164
vt 0.434262007 0.873291016
vn 0.423676 0.861239 0.280653
vt 0.433225989 0.870521009
vn 0.422765 0.221290 0.878806
vt 0.437864989 0.870521009
vn 0.876158 0.277053 0.394447
vt 0.437496990 0.871164024
vn 0.423676 0.861239 0.280653
vt 0.433225989 0.870521009
vn 0.876158 0.277053 0.394447
vt 0.437496990 0.871164024
v 14.369485 21.355671 2.669141
vn 0.802232 0.596330 -0.028549
vt 0.433591992 0.871164024
vn 0.423676 0.861239 0.280653
vt 0.433225989 0.870521009
vn 0.802232 0.596330 -0.028549
vt 0.433591992 0.871164024
vn 0.298558 0.716403 -0.630580
vt 0.431028008 0.874005020
vn 0.802232 0.596330 -0.028549
vt 0.433591992 0.871164024
vn 0.932025 0.350157 -0.093376
vt 0.431820005 0.874005020
vn 0.298558 0.716403 -0.630580
vt 0.431028008 0.874005020
vn 0.802232 0.596330 -0.028549
vt 0.433591992 0.871164024
vn 0.876158 0.277053 0.394447
vt 0.437496990 0.871164024
vn 0.932025 0.350157 -0.093376
vt 0.431820005 0.874005020
vn 0.932025 0.350157 -0.093376
vt 0.431820005 0.874005020
vn 0.876158 0.277053 0.394447
vt 0.437496990 0.871164024
vn 0.897917 0.003505 0.440151
vt 0.439265013 0.874005020
vn 0.506021 0.860977 -0.051591
vt 0.072506003 0.575479984
v 14.368749 19.946722 2.383128
vn 0.506024 0.860975 -0.051593
vt 0.067300998 0.571787000
v 14.368749 19.543058 3.492160
vn 0.524637 0.693402 0.493913
vt 0.072612002 0.566928029
vn 0.506021 0.860977 -0.051591
vt 0.072506003 0.575479984
v 14.368749 19.303482 1.003689
vn 0.506015 0.592955 -0.626381
vt 0.067483999 0.581140995
vn 0.506024 0.860975 -0.051593
vt 0.067300998 0.571787000
vn 0.506021 0.860977 -0.051591
vt 0.072506003 0.575479984
vn 0.506014 0.592958 -0.626379
vt 0.072691001 0.578157008
vn 0.506015 0.592955 -0.626381
vt 0.067483999 0.581140995
vn 0.506021 0.860977 -0.051591
vt 0.072506003 0.575479984
vn 0.524637 0.693402 0.493913
vt 0.072612002 0.566928029
vn 0.479996 0.550173 0.683310
vt 0.075861000 0.572052002
vn 0.524637 0.693402 0.493913
vt 0.072612002 0.566928029
v 14.368749 18.163639 4.135384
vn 0.479993 0.169792 0.860684
vt 0.082010001 0.566965997
vn 0.479996 0.550173 0.683310
vt 0.075861000 0.572052002
vn 0.506015 0.592955 -0.626381
vt 0.067483999 0.581140995
vn 0.506014 0.592958 -0.626379
vt 0.072691001 0.578157008
vn 0.506014 -0.051597 -0.860981
vt 0.076044001 0.581049979
vn 0.506015 0.592955 -0.626381
vt 0.067483999 0.581140995
vn 0.506014 -0.051597 -0.860981
vt 0.076044001 0.581049979
v 14.368749 18.194449 0.600038
vn 0.506013 -0.051598 -0.860981
vt 0.072672002 0.586486995
vn 0.479996 0.550173 0.683310
vt 0.075861000 0.572052002
vn 0.479993 0.169792 0.860684
vt 0.082010001 0.566965997
vn 0.524631 -0.067360 0.848661
vt 0.078550003 0.572365999
vn 0.479993 0.169792 0.860684
vt 0.082010001 0.566965997
v 14.368749 17.054598 3.731725
vn 0.524631 -0.493909 0.693409
vt 0.087015003 0.572485030
vn 0.524631 -0.067360 0.848661
vt 0.078550003 0.572365999
vn 0.506014 -0.051597 -0.860981
vt 0.076044001 0.581049979
v 14.368749 16.815018 1.243278
vn 0.506021 -0.626380 -0.592951
vt 0.081827000 0.586345971
vn 0.506013 -0.051598 -0.860981
vt 0.072672002 0.586486995
vn 0.506014 -0.051597 -0.860981
vt 0.076044001 0.581049979
vn 0.506020 -0.626382 -0.592950
vt 0.078668997 0.581314981
vn 0.506021 -0.626380 -0.592951
vt 0.081827000 0.586345971
vn 0.524631 -0.067360 0.848661
vt 0.078550003 0.572365999
vn 0.524631 -0.493909 0.693409
vt 0.087015003 0.572485030
vn 0.479996 -0.683307 0.550178
vt 0.081836000 0.575401008
vn 0.524631 -0.493909 0.693409
vt 0.087015003 0.572485030
v 14.368749 16.411360 2.352310
vn 0.480000 -0.860680 0.169796
vt 0.087013997 0.581645012
vn 0.479996 -0.683307 0.550178
vt 0.081836000 0.575401008
vn 0.506021 -0.626380 -0.592951
vt 0.081827000 0.586345971
vn 0.506020 -0.626382 -0.592950
vt 0.078668997 0.581314981
vn 0.524638 -0.848657 -0.067357
vt 0.081960998 0.578002989
vn 0.480000 -0.860680 0.169796
vt 0.087013997 0.581645012
vn 0.506021 -0.626380 -0.592951
vt 0.081827000 0.586345971
vn 0.524638 -0.848657 -0.067357
vt 0.081960998 0.578002989
vn 0.479996 -0.683307 0.550178
vt 0.081836000 0.575401008
vn 0.480000 -0.860680 0.169796
vt 0.087013997 0.581645012
vn 0.524638 -0.848657 -0.067357
vt 0.081960998 0.578002989
s 19
f 191/985/985 192/986/986 193/987/987
f 193/988/988 192/989/989 194/990/990
f 195/991/991 196/992/992 197/993/993
f 195/994/994 197/995/995 198/996/996
f 196/997/997 195/998/998 199/999/999
f 195/1000/1000 200/1001/1001 199/1002/1002
f 195/1003/1003 201/1004/1004 200/1005/1005
f 200/1006/1006 201/1007/1007 202/1008/1008
f 200/1009/1009 202/1010/1010 203/1011/1011
f 204/1012/1012 203/1013/1013 202/1014/1014
f 211/1045/1045 212/1046/1046 213/1047/1047
f 212/1048/1048 214/1049/1049 213/1050/1050
f 213/1051/1051 193/1052/1052 211/1053/1053
f 193/1054/1054 215/1055/1055 211/1056/1056
f 212/1057/1057 196/1058/1058 214/1059/1059
f 196/1060/1060 199/1061/1061 214/1062/1062
f 199/1063/1063 216/1064/1064 214/1065/1065
f 216/1066/1066 217/1067/1067 214/1068/1068
f 205/1081/1081 209/1082/1082 215/1083/1083
f 205/1084/1084 210/1085/1085 209/1086/1086
f 206/1087/1087 205/1088/1088 215/1089/1089
f 193/1090/1090 206/1091/1091 215/1092/1092
f 193/1093/1093 194/1094/1094 206/1095/1095
f 206/1096/1096 194/1097/1097 192/1098/1098
f 206/1099/1099 192/1100/1100 207/1101/1101
f 206/1102/1102 207/1103/1103 208/1104/1104
f 199/1123/1123 200/1124/1124 216/1125/1125
f 200/1126/1126 203/1127/1127 216/1128/1128
f 216/1129/1129 192/1130/1130 191/1131/1131
f 216/1132/1132 207/1133/1133 192/1134/1134
f 216/1135/1135 204/1136/1136 207/1137/1137
f 216/1138/1138 203/1139/1139 204/1140/1140
f 213/1141/1141 214/1142/1142 217/1143/1143
f 213/1144/1144 217/1145/1145 226/1146/1146
f 213/1147/1147 226/1148/1148 193/1149/1149
f 226/1150/1150 191/1151/1151 193/1152/1152
f 226/1153/1153 217/1154/1154 191/1155/1155
f 191/1156/1156 217/1157/1157 216/1158/1158
s 20
f 205/1015/1015 201/1016/1016 195/1017/1017
f 205/1018/1018 206/1019/1019 201/1020/1020
s 21
f 207/1021/1021 204/1022/1022 208/1023/1023
f 204/1024/1024 202/1025/1025 208/1026/1026
s 22
f 209/1027/1027 198/1028/1028 197/1029/1029
f 209/1030/1030 210/1031/1031 198/1032/1032
s 23
f 208/1033/1033 202/1034/1034 206/1035/1035
f 202/1036/1036 201/1037/1037 206/1038/1038
s 24
f 195/1039/1039 210/1040/1040 205/1041/1041
f 195/1042/1042 198/1043/1043 210/1044/1044
s 25
f 215/1069/1069 212/1070/1070 211/1071/1071
f 215/1072/1072 196/1073/1073 212/1074/1074
f 215/1075/1075 209/1076/1076 196/1077/1077
f 196/1078/1078 209/1079/1079 197/1080/1080
s 26
f 218/1105/1105 219/1106/1106 220/1107/1107
f 218/1108/1108 220/1109/1109 221/1110/1110
f 220/1111/1111 222/1112/1112 221/1113/1113
f 220/1114/1114 223/1115/1115 222/1116/1116
f 220/1117/1117 224/1118/1118 223/1119/1119
f 220/1120/1120 225/1121/1121 224/1122/1122
s 27
f 218/1159/1159 227/1160/1160 228/1161/1161
f 218/1162/1162 229/1163/1163 227/1164/1164
f 218/1165/1165 221/1166/1166 229/1167/1167
f 218/1168/1168 228/1169/1169 219/1170/1170
f 228/1171/1171 230/1172/1172 219/1173/1173
f 229/1174/1174 221/1175/1175 222/1176/1176
f 229/1177/1177 222/1178/1178 231/1179/1179
f 219/1180/1180 230/1181/1181 220/1182/1182
f 230/1183/1183 232/1184/1184 220/1185/1185
f 222/1186/1186 233/1187/1187 231/1188/1188
f 222/1189/1189 223/1190/1190 233/1191/1191
f 220/1192/1192 232/1193/1193 225/1194/1194
f 232/1195/1195 234/1196/1196 225/1197/1197
f 233/1198/1198 223/1199/1199 224/1200/1200
f 234/1201/1201 233/1202/1202 224/1203/1203
f 225/1204/1204 234/1205/1205 224/1206/1206
o lloarm,ox=3.36,oy=-7.35,oz=-5.04,p=luparm,
v 11.789618 2.018631 3.630898
vn -0.000000 -0.965926 0.258819
vt 0.838321984 0.711275995
v 10.849546 1.520151 1.770542
vn -0.000000 -0.965926 0.258819
vt 0.889283001 0.689494014
v 11.789618 1.520151 1.770542
vn -0.000000 -0.965926 0.258819
vt 0.889283001 0.711275995
v 10.849546 2.018631 3.630898
vn -0.000000 -0.965926 0.258819
vt 0.838321984 0.689494014
vn -0.000000 -0.965926 0.258819
vt 0.889283001 0.689494014
vn -0.000000 -0.965926 0.258819
vt 0.838321984 0.711275995
v 12.285942 4.585159 0.630102
vn 0.982085 -0.116475 0.148131
vt 0.820298016 0.744965971
v 12.285942 5.243227 3.086046
vn 0.996300 -0.078616 0.034735
vt 0.755481005 0.744965971
v 12.285942 2.936179 3.704216
vn 0.964830 -0.231650 -0.124259
vt 0.755461991 0.723327994
vn 0.982085 -0.116475 0.148131
vt 0.227341995 0.830780983
v 13.192782 9.164757 -5.327949
vn 0.996300 -0.078616 0.034735
vt 0.234604999 0.834230006
vn 0.996300 -0.078616 0.034735
vt 0.225759000 0.829972982
vn 0.964830 -0.231650 -0.124259
vt 0.755452991 0.723327994
vn 0.947312 -0.303373 -0.102787
vt 0.763306975 0.709743023
vn 0.982085 -0.116475 0.148131
vt 0.820298016 0.744965971
vn 0.947312 -0.303373 -0.102787
vt 0.763310015 0.709743023
vn 0.869154 0.042583 0.492705
vt 0.812379003 0.709743023
vn 0.982085 -0.116475 0.148131
vt 0.820298016 0.744965971
vn 0.869154 0.042583 0.492705
vt 0.812379003 0.709743023
v 12.285942 2.278114 1.248272
vn 0.527654 0.219856 0.820515
vt 0.820253015 0.723327994
vn 0.982085 -0.116475 0.148131
vt 0.820285976 0.744965971
v 10.405084 5.243227 3.086046
vn -0.988137 -0.145566 -0.048954
vt 0.756307006 0.743842006
vn -0.956442 -0.191907 0.219977
vt 0.813233972 0.710110009
vn -0.882275 -0.194073 -0.428866
vt 0.764101982 0.710110009
vn -0.988137 -0.145566 -0.048954
vt 0.756307006 0.743842006
v 10.405084 4.585159 0.630102
vn -0.997713 -0.065293 0.017495
vt 0.821062982 0.741231024
v 10.405084 2.278114 1.248272
vn -0.970730 -0.126527 0.204143
vt 0.824464023 0.719861984
vn -0.988137 -0.145566 -0.048954
vt 0.225850001 0.829362988
v 9.593004 9.164757 -5.327949
vn -0.998327 -0.052883 0.023359
vt 0.235242993 0.827233016
vn -0.997713 -0.065293 0.017495
vt 0.227434993 0.829043984
vn -0.988137 -0.145566 -0.048954
vt 0.225850001 0.829362988
v 9.593004 12.414716 -0.825020
vn -0.998753 -0.040475 0.029213
vt 0.221743003 0.824238002
vn -0.998327 -0.052883 0.023359
vt 0.235242993 0.827233016
vn -0.882275 -0.194073 -0.428866
vt 0.764100015 0.710110009
v 10.405084 2.936179 3.704216
vn -0.569952 -0.212665 -0.793680
vt 0.755436003 0.722221017
vn -0.988137 -0.145566 -0.048954
vt 0.756296992 0.743842006
vn -0.970730 -0.126527 0.204143
vt 0.824464023 0.719861984
vn -0.956442 -0.191907 0.219977
vt 0.813233972 0.710110009
vn -0.988137 -0.145566 -0.048954
vt 0.756307006 0.743842006
vn 0.996300 -0.078616 0.034735
vt 0.234604999 0.834230006
v 13.192782 12.414717 -0.825020
vn 0.999311 -0.030099 0.021724
vt 0.221747994 0.834743977
vn 0.996300 -0.078616 0.034735
vt 0.225759000 0.829972982
vn 0.996300 -0.078616 0.034735
vt 0.221784994 0.833957016
v 13.192782 10.860633 -5.164784
vn 1.000000 -0.000000 0.000000
vt 0.223616004 0.832953990
vn 0.999311 -0.030099 0.021724
vt 0.233281001 0.834236026
vn -0.998327 -0.052883 0.023359
vt 0.221876994 0.825866997
v 9.593004 13.362917 -2.162178
vn -1.000000 0.000000 0.000000
vt 0.230780005 0.826946974
v 9.593004 10.860633 -5.164784
vn -1.000000 0.000000 0.000000
vt 0.223905995 0.826946974
vn -0.998753 -0.040475 0.029213
vt 0.233278006 0.825791001
vn -1.000000 0.000000 0.000000
vt 0.230780005 0.826946974
vn -0.998327 -0.052883 0.023359
vt 0.221876994 0.825866997
vn 1.000000 -0.000000 0.000000
vt 0.223616004 0.832953990
v 13.192782 13.362917 -2.162178
vn 1.000000 0.000000 0.000000
vt 0.230477005 0.832992971
vn 0.999311 -0.030099 0.021724
vt 0.233281001 0.834236026
vn -0.000000 0.033605 0.999435
vt 0.826811016 0.722775996
vn -0.000000 -0.079653 0.996823
vt 0.838334024 0.689494014
vn -0.000000 -0.079653 0.996823
vt 0.838333011 0.711275995
vn -0.000000 0.033605 0.999435
vt 0.826811016 0.722775996
vn -0.000000 0.147905 0.989002
vt 0.826799989 0.679194987
vn -0.000000 -0.079653 0.996823
vt 0.838334024 0.689494014
vn -0.000000 0.033605 0.999435
vt 0.826811016 0.722775996
vn -0.000000 0.371420 0.928465
vt 0.804361999 0.722775996
vn -0.000000 0.147905 0.989002
vt 0.826799989 0.679194987
vn -0.000000 0.147905 0.989002
vt 0.826799989 0.679194987
vn -0.000000 0.371420 0.928465
vt 0.804361999 0.722775996
vn -0.000000 0.371420 0.928465
vt 0.804359972 0.679194987
vn -0.000000 0.371420 0.928465
vt 0.225759000 0.829972982
vn -0.000000 0.664353 0.747419
vt 0.221743003 0.824238002
vn -0.000000 0.371420 0.928465
vt 0.225869000 0.829362988
vn -0.000000 0.371420 0.928465
vt 0.225759000 0.829972982
vn -0.000000 0.664353 0.747419
vt 0.221747994 0.834743977
vn -0.000000 0.664353 0.747419
vt 0.221743003 0.824238002
vn -0.000000 0.664353 0.747419
vt 0.233278006 0.825791001
vn -0.000000 0.815723 0.578443
vt 0.230477005 0.832992971
vn -0.000000 0.815723 0.578443
vt 0.230780005 0.826946974
vn -0.000000 0.664353 0.747419
vt 0.233281001 0.834236026
vn -0.000000 0.815723 0.578443
vt 0.230477005 0.832992971
vn -0.000000 0.664353 0.747419
vt 0.233278006 0.825791001
vn -0.000000 -0.567392 -0.823448
vt 0.889283001 0.711275995
vn -0.000000 -0.470614 -0.882339
vt 0.900819004 0.679194987
vn -0.000000 -0.366410 -0.930453
vt 0.900819004 0.722775996
vn -0.000000 -0.567392 -0.823448
vt 0.889283001 0.711275995
vn -0.000000 -0.567392 -0.823448
vt 0.889283001 0.689494014
vn -0.000000 -0.470614 -0.882339
vt 0.900819004 0.679194987
vn -0.000000 -0.366410 -0.930453
vt 0.900819004 0.722775996
vn -0.000000 -0.555227 -0.831699
vt 0.923240006 0.679194987
vn -0.000000 -0.555227 -0.831699
vt 0.923245013 0.722775996
vn -0.000000 -0.470614 -0.882339
vt 0.900819004 0.679194987
vn -0.000000 -0.555227 -0.831699
vt 0.923240006 0.679194987
vn -0.000000 -0.366410 -0.930453
vt 0.900819004 0.722775996
vn -0.000000 -0.555227 -0.831699
vt 0.227434993 0.829043984
vn -0.000000 -0.398405 -0.917210
vt 0.234604999 0.834230006
vn -0.000000 -0.555227 -0.831699
vt 0.227320001 0.830780983
vn -0.000000 -0.555227 -0.831699
vt 0.227434993 0.829043984
vn -0.000000 -0.398405 -0.917210
vt 0.235242993 0.827233016
vn -0.000000 -0.398405 -0.917210
vt 0.234604999 0.834230006
vn -0.000000 -0.398405 -0.917210
vt 0.221876994 0.825866997
vn 0.000000 0.342695 -0.939447
vt 0.223905995 0.826946974
vn -0.000000 -0.398405 -0.917210
vt 0.221784994 0.833957016
vn 0.000000 0.342695 -0.939447
vt 0.223905995 0.826946974
vn 0.000000 0.582800 -0.812616
vt 0.223616004 0.832953990
vn -0.000000 -0.398405 -0.917210
vt 0.221784994 0.833957016
vn 0.000000 0.342695 -0.939447
vt 0.223905995 0.826946974
vn 0.000000 0.768207 -0.640201
vt 0.230780005 0.826946974
vn 0.000000 0.582800 -0.812616
vt 0.223616004 0.832953990
vn 0.000000 0.768207 -0.640201
vt 0.230780005 0.826946974
vn 0.000000 0.768207 -0.640201
vt 0.230477005 0.832992971
vn 0.000000 0.582800 -0.812616
vt 0.223616004 0.832953990
s 32
f 237/1285/1285 246/1286/1286 243/1287/1287
f 237/1288/1288 236/1289/1289 246/1290/1290
f 243/1291/1291 245/1292/1292 239/1293/1293
f 246/1294/1294 245/1295/1295 243/1296/1296
f 245/1297/1297 242/1298/1298 239/1299/1299
f 245/1300/1300 247/1301/1301 242/1302/1302
f 247/1303/1303 253/1304/1304 242/1305/1305
f 253/1306/1306 251/1307/1307 242/1308/1308
f 253/1309/1309 252/1310/1310 251/1311/1311
f 252/1312/1312 254/1313/1313 251/1314/1314
s 28
f 235/1207/1207 236/1208/1208 237/1209/1209
f 238/1210/1210 236/1211/1211 235/1212/1212
s 29
f 239/1213/1213 240/1214/1214 241/1215/1215
f 239/1216/1216 242/1217/1217 240/1218/1218
f 241/1219/1219 235/1220/1220 239/1221/1221
f 235/1222/1222 237/1223/1223 239/1224/1224
f 237/1225/1225 243/1226/1226 239/1227/1227
f 242/1246/1246 250/1247/1247 240/1248/1248
f 242/1249/1249 251/1250/1250 250/1251/1251
f 251/1258/1258 254/1259/1259 250/1260/1260
s 30
f 244/1228/1228 236/1229/1229 238/1230/1230
f 244/1231/1231 245/1232/1232 246/1233/1233
f 244/1234/1234 247/1235/1235 245/1236/1236
f 244/1237/1237 248/1238/1238 247/1239/1239
f 238/1240/1240 249/1241/1241 244/1242/1242
f 246/1243/1243 236/1244/1244 244/1245/1245
f 247/1252/1252 252/1253/1253 253/1254/1254
f 248/1255/1255 252/1256/1256 247/1257/1257
s 31
f 241/1261/1261 238/1262/1262 235/1263/1263
f 241/1264/1264 249/1265/1265 238/1266/1266
f 241/1267/1267 240/1268/1268 249/1269/1269
f 249/1270/1270 240/1271/1271 244/1272/1272
f 240/1273/1273 248/1274/1274 244/1275/1275
f 240/1276/1276 250/1277/1277 248/1278/1278
f 248/1279/1279 254/1280/1280 252/1281/1281
f 250/1282/1282 254/1283/1283 248/1284/1284
o lhand,ox=-0.00,oy=-8.51,oz=5.25,p=lloarm,
v 10.742885 1.687715 0.316243
vn 0.999542 -0.008289 0.029119
vt 0.879656971 0.712894022
v 10.742885 3.365169 0.793772
vn 0.998026 0.042874 0.045899
vt 0.877946973 0.729943991
v 10.580395 1.687713 5.893872
vn 0.998026 0.042874 0.045899
vt 0.859768987 0.712894022
vn 0.998026 0.042874 0.045899
vt 0.877946973 0.729943991
v 10.580395 3.365167 3.375148
vn 0.993614 0.093913 0.062545
vt 0.868714988 0.729946017
vn 0.998026 0.042874 0.045899
vt 0.859768987 0.712894022
vn -0.988518 0.037180 -0.146457
vt 0.973092973 0.097537003
v 10.913511 0.846421 -1.048980
vn -0.989597 0.044032 -0.136960
vt 0.970230997 0.090406001
v 10.742885 -0.354331 -0.202162
vn -0.989597 0.044032 -0.136960
vt 0.973948002 0.081304997
vn -0.989597 0.044032 -0.136960
vt 0.970230997 0.090406001
v 10.913511 -0.452154 -1.567385
vn -0.990540 0.050877 -0.127444
vt 0.970228016 0.080011003
vn -0.989597 0.044032 -0.136960
vt 0.973948002 0.081304997
v 12.213738 1.687713 5.893872
vn -0.998622 0.043683 0.029092
vt 0.859758973 0.712886989
v 12.213738 3.365167 3.375148
vn -0.998859 0.012909 0.045981
vt 0.868714988 0.695834994
v 12.051247 1.687715 0.316243
vn -0.998859 0.012909 0.045981
vt 0.879644990 0.712886989
vn -0.998859 0.012909 0.045981
vt 0.868714988 0.695834994
v 12.051247 3.365169 0.793772
vn -0.997865 -0.017881 0.062813
vt 0.877936006 0.695837021
vn -0.998859 0.012909 0.045981
vt 0.879644990 0.712886989
v 12.051247 -0.354331 -0.202162
vn 0.991486 0.032041 -0.126212
vt 0.963344991 0.081304997
v 11.880621 -0.452154 -1.567385
vn 0.988275 0.048607 -0.144741
vt 0.967073023 0.080011003
vn 0.988275 0.048607 -0.144741
vt 0.964139998 0.097537003
vn 0.988275 0.048607 -0.144741
vt 0.967073023 0.080011003
v 11.880621 0.846421 -1.048980
vn 0.984443 0.065143 -0.163179
vt 0.967073023 0.090406001
vn 0.988275 0.048607 -0.144741
vt 0.964139998 0.097537003
v 11.968736 -0.235560 5.893872
vn 1.000000 0.000000 0.000000
vt 0.976270974 0.077215001
v 11.968736 0.386647 7.349854
vn 1.000000 0.000000 0.000000
vt 0.972016990 0.082364999
v 11.968736 -0.235560 7.349854
vn 1.000000 0.000000 0.000000
vt 0.972014010 0.077215001
vn 1.000000 0.000000 0.000000
vt 0.976270974 0.077215001
v 11.968736 1.193871 5.893872
vn 1.000000 0.000000 0.000000
vt 0.976278007 0.089045003
vn 1.000000 0.000000 0.000000
vt 0.972016990 0.082364999
v 10.825395 -0.235560 7.349854
vn -1.000000 0.000000 0.000000
vt 0.980485022 0.077215001
v 10.825395 1.193871 5.893872
vn -1.000000 0.000000 0.000000
vt 0.976271987 0.089045003
v 10.825395 -0.235560 5.893872
vn -1.000000 0.000000 0.000000
vt 0.976266980 0.077215001
vn -1.000000 0.000000 0.000000
vt 0.980485022 0.077215001
v 10.825395 0.386647 7.349854
vn -1.000000 0.000000 0.000000
vt 0.980485976 0.082364999
vn -1.000000 0.000000 0.000000
vt 0.976271987 0.089045003
vn 0.000000 0.983492 -0.180953
vt 0.771207988 0.412892997
vn 0.000000 0.643588 -0.765373
vt 0.771883011 0.403993994
vn 0.000000 0.932214 -0.361907
vt 0.776208997 0.412892997
vn 0.000000 0.643588 -0.765373
vt 0.771883011 0.403993994
vn 0.000000 0.643588 -0.765373
vt 0.775542974 0.403993994
vn 0.000000 0.932214 -0.361907
vt 0.776208997 0.412892997
vn 0.000000 0.932214 -0.361907
vt 0.900716007 0.710310996
vn -0.000000 1.000000 0.000000
vt 0.864903986 0.711552024
vn 0.000000 0.983492 -0.180953
vt 0.900720000 0.700317979
vn -0.000000 1.000000 0.000000
vt 0.864903986 0.711552024
vn -0.000000 1.000000 0.000000
vt 0.864907980 0.699077010
vn 0.000000 0.983492 -0.180953
vt 0.900720000 0.700317979
vn 0.000000 0.370759 -0.928729
vt 0.970239997 0.080011003
vn 0.000000 0.643588 -0.765373
vt 0.967073023 0.090406001
vn 0.000000 0.370759 -0.928729
vt 0.967067003 0.080011003
vn 0.000000 0.370759 -0.928729
vt 0.970239997 0.080011003
vn 0.000000 0.643588 -0.765373
vt 0.970230997 0.090406001
vn 0.000000 0.643588 -0.765373
vt 0.967073023 0.090406001
v 10.335392 1.193873 5.667453
vn -0.347459 0.859019 0.375977
vt 0.773281991 0.414974988
v 8.440109 0.386647 5.760246
vn -0.590112 0.493991 0.638546
vt 0.766210020 0.403782994
v 9.583450 0.386647 6.816864
vn -0.590112 0.493992 0.638546
vt 0.773292005 0.403782994
vn -0.347459 0.859019 0.375977
vt 0.773281991 0.414974988
v 9.192052 1.193873 4.610835
vn -0.347460 0.859019 0.375977
vt 0.766201019 0.414974988
vn -0.590112 0.493991 0.638546
vt 0.766210020 0.403782994
vn -0.590112 0.493992 0.638546
vt 0.972621977 0.095172003
vn -0.590112 0.493991 0.638546
vt 0.959681988 0.095172003
v 9.583450 -0.235560 6.816864
vn -0.678705 -0.000001 0.734411
vt 0.972621024 0.081850998
vn -0.590112 0.493991 0.638546
vt 0.959681988 0.095172003
v 8.440109 -0.235560 5.760245
vn -0.678706 -0.000001 0.734410
vt 0.959680974 0.081850998
vn -0.678705 -0.000001 0.734411
vt 0.972621024 0.081850998
vn -0.000000 0.000000 1.000000
vt 0.971651018 0.081666999
vn -0.000000 0.000000 1.000000
vt 0.961459994 0.094988003
vn -0.000000 0.000000 1.000000
vt 0.961458027 0.081666999
vn -0.000000 0.000000 1.000000
vt 0.971651018 0.081666999
vn -0.000000 0.000000 1.000000
vt 0.971653998 0.094988003
vn -0.000000 0.000000 1.000000
vt 0.961459994 0.094988003
v 12.458740 1.193873 5.667453
vn -0.836835 -0.000000 0.547455
vt 0.963578999 0.089045003
v 13.210681 -0.235560 6.816864
vn -0.836835 -0.000000 0.547455
vt 0.967792988 0.077215001
v 13.210681 0.386647 6.816864
vn -0.836835 0.000000 0.547455
vt 0.967795014 0.082364999
vn -0.836835 -0.000000 0.547455
vt 0.963578999 0.089045003
v 12.458740 -0.235560 5.667452
vn -0.836835 -0.000000 0.547455
vt 0.963572979 0.077215001
vn -0.836835 -0.000000 0.547455
vt 0.967792988 0.077215001
v 14.354022 0.386647 5.760246
vn 0.836834 0.000000 -0.547456
vt 0.967814028 0.082364999
v 13.602079 -0.235560 4.610835
vn 0.836834 0.000000 -0.547456
vt 0.972009003 0.077215001
v 13.602079 1.193873 4.610835
vn 0.836834 0.000000 -0.547456
vt 0.972012997 0.089045003
vn 0.836834 0.000000 -0.547456
vt 0.967814028 0.082364999
v 14.354022 -0.235560 5.760245
vn 0.836834 0.000001 -0.547456
vt 0.967810988 0.077215001
vn 0.836834 0.000000 -0.547456
vt 0.972009003 0.077215001
vn -0.000000 -0.999840 0.017876
vt 0.968144000 0.084893003
vn -0.000000 -0.997443 0.071470
vt 0.968815029 0.080401003
vn -0.000000 -0.999591 0.028605
vt 0.973149002 0.084893003
vn -0.000000 -0.997443 0.071470
vt 0.968815029 0.080401003
vn -0.000000 -0.997443 0.071470
vt 0.972477019 0.080401003
vn -0.000000 -0.999591 0.028605
vt 0.973149002 0.084893003
vn 0.836835 -0.000000 0.547455
vt 0.963578999 0.100883000
vn 0.836835 -0.000000 0.547455
vt 0.959317982 0.094203003
v 10.335392 -0.235560 5.667452
vn 0.836835 -0.000000 0.547455
vt 0.963573992 0.089052998
vn 0.836835 -0.000000 0.547455
vt 0.959317982 0.094203003
vn 0.836835 0.000000 0.547455
vt 0.959315002 0.089052998
vn 0.836835 -0.000000 0.547455
vt 0.963573992 0.089052998
vn -0.836835 0.000001 -0.547455
vt 0.963577986 0.082364999
vn -0.836835 0.000000 -0.547456
vt 0.959299982 0.089045003
vn -0.836835 0.000000 -0.547456
vt 0.963576972 0.077215001
vn -0.836835 0.000000 -0.547456
vt 0.959299982 0.089045003
v 9.192052 -0.235560 4.610835
vn -0.836834 0.000000 -0.547456
vt 0.959299982 0.077215001
vn -0.836835 0.000000 -0.547456
vt 0.963576972 0.077215001
vn -0.000000 -1.000000 0.000000
vt 0.971010983 0.092000000
vn -0.000000 -1.000000 0.000000
vt 0.962895989 0.092000000
vn -0.000000 -1.000000 0.000000
vt 0.971010983 0.084452003
vn -0.000000 -1.000000 0.000000
vt 0.962895989 0.092000000
vn -0.000000 -1.000000 0.000000
vt 0.962894976 0.084452003
vn -0.000000 -1.000000 0.000000
vt 0.971010983 0.084452003
vn -0.000000 0.874579 0.484883
vt 0.785993993 0.403782994
vn -0.000000 0.874579 0.484883
vt 0.785984993 0.414974988
vn -0.000000 0.874579 0.484883
vt 0.780376971 0.403782994
vn -0.000000 0.874579 0.484883
vt 0.785984993 0.414974988
vn -0.000000 0.874579 0.484883
vt 0.780368984 0.414974988
vn -0.000000 0.874579 0.484883
vt 0.780376971 0.403782994
vn 0.347460 0.859018 0.375977
vt 0.773294985 0.414974988
vn 0.590112 0.493991 0.638546
vt 0.773302019 0.403782994
vn 0.347460 0.859019 0.375977
vt 0.780375004 0.414974988
vn 0.590112 0.493991 0.638546
vt 0.773302019 0.403782994
vn 0.590112 0.493991 0.638546
vt 0.780384004 0.403782994
vn 0.347460 0.859019 0.375977
vt 0.780375004 0.414974988
vn 0.590112 0.493991 0.638546
vt 0.959695995 0.095172003
vn 0.678705 -0.000001 0.734411
vt 0.972634971 0.081850998
vn 0.590112 0.493991 0.638546
vt 0.972639024 0.095172003
vn 0.590112 0.493991 0.638546
vt 0.959695995 0.095172003
vn 0.678706 0.000000 0.734410
vt 0.959693015 0.081850998
vn 0.678705 -0.000001 0.734411
vt 0.972634971 0.081850998
vn 0.484042 0.270871 0.832065
vt 0.908001006 0.676271975
v 13.847080 -0.354333 4.384416
vn 0.678706 -0.000000 0.734410
vt 0.896879017 0.702612996
v 13.847080 1.687714 4.384417
vn 0.969864 0.238378 0.050400
vt 0.896897018 0.676271975
vn 0.484042 0.270871 0.832065
vt 0.908001006 0.676271975
v 12.213738 -0.354333 5.893872
vn 0.364411 0.000000 0.931238
vt 0.907977998 0.702612996
vn 0.678706 -0.000000 0.734410
vt 0.896879017 0.702612996
v 10.580395 -0.354333 5.893872
vn -0.240899 0.000000 0.970550
vt 0.916764021 0.702612996
vn 0.364411 0.000000 0.931238
vt 0.907977998 0.702612996
vn 0.484042 0.270871 0.832065
vt 0.907995999 0.676271975
vn -0.510620 0.208594 0.834120
vt 0.916783988 0.676271975
vn -0.240899 0.000000 0.970550
vt 0.916764021 0.702612996
vn 0.484042 0.270871 0.832065
vt 0.907995999 0.676271975
vn -0.240899 0.000000 0.970550
vt 0.916764021 0.702612996
vn -0.510620 0.208594 0.834120
vt 0.916776001 0.676271975
v 8.947051 -0.354333 4.384416
vn -0.678706 -0.000000 0.734410
vt 0.927872002 0.702612996
v 8.947051 1.687714 4.384417
vn -0.886612 0.390598 0.247693
vt 0.927883029 0.676271975
vn -0.678706 -0.000000 0.734410
vt 0.927872002 0.702612996
vn -0.510620 0.208594 0.834120
vt 0.916776001 0.676271975
vn 0.273341 0.951777 0.139302
vt 0.896865010 0.742278993
v 12.847730 3.365169 1.065884
vn 0.000000 1.000000 0.000001
vt 0.909592986 0.734161019
vn -0.000000 1.000000 0.000001
vt 0.914754987 0.738918006
v 12.982995 3.365168 1.865692
vn 0.608020 0.772168 0.184574
vt 0.905135989 0.735046029
vn 0.000000 1.000000 0.000001
vt 0.909592986 0.734161019
vn 0.273341 0.951777 0.139302
vt 0.896865010 0.742278993
vn 0.484042 0.270871 0.832065
vt 0.871080995 0.717311025
vn 0.608020 0.772168 0.184574
vt 0.905135989 0.735046029
vn 0.273341 0.951777 0.139302
vt 0.896876991 0.742278993
vn 0.484042 0.270871 0.832065
vt 0.871080995 0.717311025
vn 0.969864 0.238378 0.050400
vt 0.885304987 0.709313989
vn 0.608020 0.772168 0.184574
vt 0.905135989 0.735046029
vn 0.608020 0.772168 0.184574
vt 0.905135989 0.735046029
vn 0.969864 0.238378 0.050400
vt 0.885304987 0.709313989
vn 0.838378 0.218573 -0.499348
vt 0.909592986 0.734161019
vn 0.969864 0.238378 0.050400
vt 0.885304987 0.709313989
vn 0.974208 0.000000 -0.225654
vt 0.884742975 0.668476999
v 12.847730 -0.354331 0.069952
vn 0.844152 0.111656 -0.524347
vt 0.916296005 0.668345988
v 12.847730 1.687715 0.588358
vn 0.592746 0.209374 -0.777699
vt 0.913309991 0.707930982
vn 0.969864 0.238378 0.050400
vt 0.885304987 0.709313989
vn 0.844152 0.111656 -0.524347
vt 0.916296005 0.668345988
vn 0.592746 0.209374 -0.777699
vt 0.913309991 0.707930982
vn 0.838378 0.218573 -0.499348
vt 0.909592986 0.734161019
vn 0.969864 0.238378 0.050400
vt 0.885304987 0.709313989
vn 0.592746 0.209374 -0.777699
vt 0.913309991 0.707930982
vn 0.312168 0.260114 -0.913724
vt 0.914766014 0.738918006
vn 0.838378 0.218573 -0.499348
vt 0.909592986 0.734161019
vn 0.313292 0.246873 -0.917007
vt 0.919709027 0.708504021
vn 0.312168 0.260114 -0.913724
vt 0.914766014 0.738918006
vn 0.592746 0.209374 -0.777699
vt 0.913309991 0.707930982
vn 0.313292 0.246873 -0.917007
vt 0.919709027 0.708504021
vn 0.592746 0.209374 -0.777699
vt 0.913309991 0.707930982
vn 0.314354 0.233587 -0.920119
vt 0.922998011 0.668735981
vn 0.592746 0.209374 -0.777699
vt 0.913309991 0.707930982
vn 0.844152 0.111656 -0.524347
vt 0.916285992 0.668345988
vn 0.314354 0.233587 -0.920119
vt 0.922998011 0.668735981
vn -0.000000 -1.000000 0.000000
vt 0.972293019 0.091683000
vn -0.000000 -1.000000 0.000000
vt 0.962769985 0.083595999
vn -0.000000 -1.000000 0.000000
vt 0.972292006 0.083595999
vn -0.000000 -1.000000 0.000000
vt 0.972293019 0.091683000
vn -0.000000 -1.000000 0.000000
vt 0.962770998 0.091683000
vn -0.000000 -1.000000 0.000000
vt 0.962769985 0.083595999
vn -0.000000 -1.000000 -0.000000
vt 0.971872985 0.091499001
vn -0.000000 -1.000000 -0.000000
vt 0.962346017 0.083411001
vn -0.000000 -1.000000 -0.000000
vt 0.971870005 0.083411001
vn -0.000000 -1.000000 -0.000000
vt 0.971872985 0.091499001
vn -0.000000 -1.000000 0.000000
vt 0.962347984 0.091499001
vn -0.000000 -1.000000 -0.000000
vt 0.962346017 0.083411001
vn -0.000000 -0.999591 0.028605
vt 0.918582976 0.715826988
vn 0.000000 -1.000000 -0.000001
vt 0.915226996 0.727546990
vn -0.000000 -1.000000 -0.000000
vt 0.861763000 0.742251992
vn -0.000000 -0.999591 0.028605
vt 0.918582976 0.715826988
vn -0.000000 -1.000000 -0.000000
vt 0.861763000 0.742251992
vn -0.000000 -1.000000 -0.000000
vt 0.843083024 0.718218029
vn -0.000000 -0.999591 0.028605
vt 0.918582976 0.715826988
vn -0.000000 -1.000000 -0.000000
vt 0.843083024 0.718218029
vn -0.000000 -0.999840 0.017876
vt 0.918582022 0.696574986
vn -0.000000 -1.000000 -0.000000
vt 0.843083024 0.718218029
vn 0.000000 -1.000000 -0.000000
vt 0.843082011 0.694184005
vn -0.000000 -0.999840 0.017876
vt 0.918582022 0.696574986
vn -0.000000 -0.999840 0.017876
vt 0.918582022 0.696574986
vn 0.000000 -1.000000 -0.000000
vt 0.843082011 0.694184005
v 9.946401 -0.354331 0.069952
vn 0.000000 -1.000000 -0.000000
vt 0.915225029 0.684855998
vn 0.000000 -1.000000 -0.000000
vt 0.843082011 0.694184005
vn 0.000000 -1.000000 -0.000000
vt 0.861757994 0.670150995
vn 0.000000 -1.000000 -0.000000
vt 0.915225029 0.684855998
vn -0.313290 0.246873 -0.917008
vt 0.919821978 0.708450973
v 9.946401 3.365169 1.065884
vn -0.312168 0.260114 -0.913724
vt 0.909686983 0.734118998
vn -0.312166 0.260114 -0.913725
vt 0.914876997 0.738870025
vn -0.313290 0.246873 -0.917008
vt 0.919821978 0.708450973
v 9.946401 1.687715 0.588358
vn -0.847581 0.134025 -0.513462
vt 0.913347006 0.707885027
vn -0.312168 0.260114 -0.913724
vt 0.909686983 0.734118998
vn -0.313290 0.246873 -0.917008
vt 0.919821978 0.708450973
vn -0.314353 0.233587 -0.920119
vt 0.923044980 0.668678999
vn -0.600729 0.196714 -0.774873
vt 0.916334987 0.668295979
vn -0.313290 0.246873 -0.917008
vt 0.919821978 0.708450973
vn -0.600729 0.196714 -0.774873
vt 0.916334987 0.668295979
vn -0.847581 0.134025 -0.513462
vt 0.913347006 0.707885027
vn -0.847581 0.134025 -0.513462
vt 0.913347006 0.707885027
vn -0.600729 0.196714 -0.774873
vt 0.916337013 0.668295979
vn -0.970336 0.028611 -0.240060
vt 0.884783030 0.668461978
vn -0.847581 0.134025 -0.513462
vt 0.913347006 0.707885027
vn -0.970336 0.028611 -0.240060
vt 0.884783030 0.668461978
vn -0.886612 0.390598 0.247693
vt 0.885399997 0.709299028
vn -0.886612 0.390598 0.247693
vt 0.885399997 0.709299028
vn -0.510620 0.208594 0.834120
vt 0.871191025 0.717311978
vn -0.370459 0.885173 0.281476
vt 0.896983027 0.742251992
v 9.811137 3.365168 1.865692
vn -0.655639 0.754434 -0.031099
vt 0.905234993 0.735009015
vn -0.886612 0.390598 0.247693
vt 0.885399997 0.709299028
vn -0.370459 0.885173 0.281476
vt 0.896983027 0.742251992
vn -0.847581 0.134025 -0.513462
vt 0.913347006 0.707885027
vn -0.886612 0.390598 0.247693
vt 0.885399997 0.709299028
vn -0.655639 0.754434 -0.031099
vt 0.905234993 0.735009015
vn -0.847581 0.134025 -0.513462
vt 0.913347006 0.707885027
vn -0.655639 0.754434 -0.031099
vt 0.905234993 0.735009015
vn -0.984890 0.047417 -0.166565
vt 0.909686983 0.734118998
vn -0.655639 0.754434 -0.031099
vt 0.905234993 0.735009015
vn -0.370459 0.885173 0.281476
vt 0.896979988 0.742251992
vn 0.000000 1.000000 0.000001
vt 0.914870977 0.738870025
vn -0.655639 0.754434 -0.031099
vt 0.905234993 0.735009015
vn 0.000000 1.000000 0.000001
vt 0.914870977 0.738870025
vn 0.000000 1.000000 0.000001
vt 0.909686983 0.734118998
s 33
f 255/1315/1315 256/1316/1316 257/1317/1317
f 256/1318/1318 258/1319/1319 257/1320/1320
s 34
f 255/1321/1321 259/1322/1322 260/1323/1323
f 259/1324/1324 261/1325/1325 260/1326/1326
s 35
f 262/1327/1327 263/1328/1328 264/1329/1329
f 263/1330/1330 265/1331/1331 264/1332/1332
s 36
f 266/1333/1333 267/1334/1334 264/1335/1335
f 267/1336/1336 268/1337/1337 264/1338/1338
s 37
f 269/1339/1339 270/1340/1340 271/1341/1341
f 269/1342/1342 272/1343/1343 270/1344/1344
s 38
f 273/1345/1345 274/1346/1346 275/1347/1347
f 273/1348/1348 276/1349/1349 274/1350/1350
s 39
f 264/1351/1351 268/1352/1352 255/1353/1353
f 268/1354/1354 259/1355/1355 255/1356/1356
f 255/1357/1357 257/1358/1358 264/1359/1359
f 257/1360/1360 262/1361/1361 264/1362/1362
f 261/1363/1363 268/1364/1364 267/1365/1365
f 261/1366/1366 259/1367/1367 268/1368/1368
s 40
f 277/1369/1369 278/1370/1370 279/1371/1371
f 277/1372/1372 280/1373/1373 278/1374/1374
f 279/1375/1375 278/1376/1376 281/1377/1377
f 278/1378/1378 282/1379/1379 281/1380/1380
s 41
f 271/1381/1381 276/1382/1382 273/1383/1383
f 271/1384/1384 270/1385/1385 276/1386/1386
s 42
f 283/1387/1387 284/1388/1388 285/1389/1389
f 283/1390/1390 286/1391/1391 284/1392/1392
s 43
f 287/1393/1393 288/1394/1394 289/1395/1395
f 287/1396/1396 290/1397/1397 288/1398/1398
s 44
f 260/1399/1399 261/1400/1400 266/1401/1401
f 261/1402/1402 267/1403/1403 266/1404/1404
f 266/1507/1507 301/1508/1508 293/1509/1509
f 266/1510/1510 293/1511/1511 295/1512/1512
f 266/1513/1513 295/1514/1514 260/1515/1515
f 295/1516/1516 296/1517/1517 260/1518/1518
f 260/1519/1519 296/1520/1520 303/1521/1521
f 296/1522/1522 297/1523/1523 303/1524/1524
s 45
f 277/1405/1405 279/1406/1406 291/1407/1407
f 279/1408/1408 281/1409/1409 291/1410/1410
s 46
f 278/1411/1411 280/1412/1412 282/1413/1413
f 280/1414/1414 292/1415/1415 282/1416/1416
s 47
f 269/1417/1417 271/1418/1418 275/1419/1419
f 271/1420/1420 273/1421/1421 275/1422/1422
s 48
f 270/1423/1423 272/1424/1424 276/1425/1425
f 272/1426/1426 274/1427/1427 276/1428/1428
s 49
f 283/1429/1429 285/1430/1430 289/1431/1431
f 285/1432/1432 287/1433/1433 289/1434/1434
f 285/1435/1435 290/1436/1436 287/1437/1437
f 285/1438/1438 284/1439/1439 290/1440/1440
s 50
f 262/1441/1441 293/1442/1442 294/1443/1443
f 262/1444/1444 295/1445/1445 293/1446/1446
f 296/1447/1447 295/1448/1448 262/1449/1449
f 257/1450/1450 296/1451/1451 262/1452/1452
f 296/1453/1453 257/1454/1454 297/1455/1455
f 298/1456/1456 297/1457/1457 257/1458/1458
f 263/1459/1459 299/1460/1460 265/1461/1461
f 300/1462/1462 299/1463/1463 263/1464/1464
f 262/1465/1465 300/1466/1466 263/1467/1467
f 262/1468/1468 294/1469/1469 300/1470/1470
f 300/1471/1471 294/1472/1472 299/1473/1473
f 294/1474/1474 293/1475/1475 301/1476/1476
f 302/1477/1477 294/1478/1478 301/1479/1479
f 302/1480/1480 299/1481/1481 294/1482/1482
f 302/1483/1483 265/1484/1484 299/1485/1485
f 264/1486/1486 265/1487/1487 302/1488/1488
f 264/1489/1489 302/1490/1490 266/1491/1491
f 302/1492/1492 301/1493/1493 266/1494/1494
f 255/1525/1525 304/1526/1526 256/1527/1527
f 255/1528/1528 305/1529/1529 304/1530/1530
f 255/1531/1531 260/1532/1532 303/1533/1533
f 255/1534/1534 303/1535/1535 305/1536/1536
f 305/1537/1537 303/1538/1538 297/1539/1539
f 305/1540/1540 297/1541/1541 298/1542/1542
f 298/1543/1543 257/1544/1544 258/1545/1545
f 306/1546/1546 298/1547/1547 258/1548/1548
f 305/1549/1549 298/1550/1550 306/1551/1551
f 305/1552/1552 306/1553/1553 304/1554/1554
f 306/1555/1555 258/1556/1556 256/1557/1557
f 306/1558/1558 256/1559/1559 304/1560/1560
s 51
f 281/1495/1495 292/1496/1496 291/1497/1497
f 281/1498/1498 282/1499/1499 292/1500/1500
s 52
f 290/1501/1501 286/1502/1502 288/1503/1503
f 290/1504/1504 284/1505/1505 286/1506/1506
o ruparm,ox=-8.08,oy=1.00,oz=15.43,p=torso,
v -14.243452 20.306870 -0.437877
vn 0.088051 0.263139 -0.960732
vt 0.436134011 0.870546997
v -14.371363 20.294909 -0.462882
vn 0.159094 0.278648 -0.947124
vt 0.436136007 0.871259987
v -13.650478 20.801281 -0.302344
vn -0.298556 0.716401 -0.630582
vt 0.436154991 0.868155003
vn -0.298556 0.716401 -0.630582
vt 0.436154991 0.868155003
vn -0.950357 0.307217 -0.049393
vt 0.436154991 0.871259987
v -14.371498 20.403448 0.214812
vn -0.932025 0.350157 -0.093377
vt 0.437619001 0.871259987
v -9.674546 13.973696 2.299854
vn -0.120105 -0.795933 0.593351
vt 0.491239995 0.863997996
v -8.530068 9.712577 -2.598415
vn -0.203928 -0.761713 0.614985
vt 0.491039991 0.867160976
v -7.843662 16.193239 6.183259
vn -0.188897 -0.482898 0.855060
vt 0.493261009 0.862614989
vn -0.120105 -0.795933 0.593351
vt 0.491239995 0.863997996
v -9.653272 9.789576 -2.659578
vn -0.087178 -0.761596 0.642161
vt 0.490482986 0.867000997
vn -0.203928 -0.761713 0.614985
vt 0.491041988 0.867160976
v -13.650470 16.521626 5.479806
vn -0.341540 -0.406539 0.847394
vt 0.491618991 0.861097991
vn -0.120105 -0.795933 0.593351
vt 0.491239995 0.863997996
vn -0.188897 -0.482898 0.855060
vt 0.493256986 0.862614989
vn -0.341540 -0.406539 0.847394
vt 0.491618991 0.861097991
v -14.243452 16.248169 5.046890
vn -0.072793 -0.564511 0.822209
vt 0.491313994 0.861154974
vn -0.120105 -0.795933 0.593351
vt 0.491239995 0.863997996
vn -0.120105 -0.795933 0.593351
vt 0.491239995 0.863997996
vn -0.072793 -0.564511 0.822209
vt 0.491313994 0.861154974
v -13.300501 14.055092 2.243358
vn 0.093785 -0.768616 0.632798
vt 0.490130991 0.862403989
vn -0.072793 -0.564511 0.822209
vt 0.491313994 0.861154974
v -13.303727 9.759534 -2.636253
vn 0.125050 -0.750749 0.648644
vt 0.487127006 0.863008022
vn 0.093785 -0.768616 0.632798
vt 0.490130991 0.862403989
vn -0.072793 -0.564511 0.822209
vt 0.491313994 0.861154974
v -14.371372 16.220726 5.042781
vn 0.037270 -0.515448 0.856110
vt 0.491252989 0.861059010
vn 0.125050 -0.750749 0.648644
vt 0.487127006 0.863008022
vn 0.125050 -0.750749 0.648644
vt 0.487127006 0.863008022
vn 0.037270 -0.515448 0.856110
vt 0.491252989 0.861059010
v -14.368690 9.742619 -2.621739
vn 0.020924 -0.763572 0.645384
vt 0.487031013 0.862519979
v -9.674433 17.014652 -1.809486
vn -0.008738 -0.803823 -0.594804
vt 0.489100009 0.865050972
vn -0.008738 -0.803823 -0.594804
vt 0.490130991 0.862403989
v -13.300531 16.984577 -1.715802
vn -0.008700 -0.803840 -0.594782
vt 0.488537997 0.864278972
vn -0.008738 -0.803823 -0.594804
vt 0.489100009 0.865050972
vn -0.008776 -0.803807 -0.594826
vt 0.491239995 0.863997996
vn -0.008738 -0.803823 -0.594804
vt 0.490130991 0.862403989
v -13.303727 11.062235 -4.396760
vn 0.004662 -0.803850 -0.594814
vt 0.223538995 0.833594978
vn 0.004662 -0.803850 -0.594814
vt 0.235625997 0.824666023
v -14.368687 11.071170 -4.417184
vn 0.004663 -0.803850 -0.594814
vt 0.223543003 0.824666023
vn 0.004662 -0.803850 -0.594814
vt 0.223538995 0.833594978
vn 0.004661 -0.803849 -0.594815
vt 0.235622004 0.833594978
vn 0.004662 -0.803850 -0.594814
vt 0.235625997 0.824666023
v -8.529940 11.084618 -4.452511
vn -0.022642 -0.803653 -0.594667
vt 0.223525003 0.842527986
vn -0.022642 -0.803653 -0.594667
vt 0.235602006 0.833598971
v -9.653382 11.048788 -4.361434
vn -0.022576 -0.803674 -0.594641
vt 0.223516002 0.833598971
vn -0.022642 -0.803653 -0.594667
vt 0.223525003 0.842527986
vn -0.022708 -0.803632 -0.594693
vt 0.235606000 0.842527986
vn -0.022642 -0.803653 -0.594667
vt 0.235602006 0.833598971
vn 1.000000 -0.000404 -0.000303
vt 0.488537997 0.864278972
vn 1.000000 -0.000404 -0.000303
vt 0.487127006 0.863008022
vn 1.000000 -0.000404 -0.000299
vt 0.487004012 0.863565028
vn 1.000000 -0.000404 -0.000303
vt 0.488537997 0.864278972
vn 1.000000 -0.000403 -0.000306
vt 0.490130991 0.862403989
vn 1.000000 -0.000404 -0.000303
vt 0.487127006 0.863008022
vn -0.999994 -0.002671 -0.002004
vt 0.489100009 0.865050972
vn -0.999994 -0.002710 -0.001987
vt 0.489746988 0.867084980
vn -0.999994 -0.002710 -0.001987
vt 0.491239995 0.863997996
vn -0.999994 -0.002710 -0.001987
vt 0.489746988 0.867084980
vn -0.999994 -0.002750 -0.001970
vt 0.490482986 0.867000997
vn -0.999994 -0.002710 -0.001987
vt 0.491239995 0.863997996
v -7.842860 21.384472 -0.814642
vn -0.158076 0.493745 -0.855119
vt 0.102567002 0.625231981
vn -0.298556 0.716401 -0.630582
vt 0.102591999 0.667142987
v -7.866970 22.841215 2.863603
vn -0.143176 0.988403 -0.050595
vt 0.116319999 0.625231981
vn -0.298556 0.716401 -0.630582
vt 0.102591999 0.667142987
v -13.648179 21.989292 2.753860
vn -0.423676 0.861239 0.280652
vt 0.116325997 0.667132020
vn -0.143176 0.988403 -0.050595
vt 0.116319999 0.625231981
vn -0.423676 0.861239 0.280652
vt 0.102595001 0.667132020
v -7.867045 20.146519 6.505048
vn -0.144476 0.566307 0.811432
vt 0.116301000 0.625231981
vn -0.143176 0.988403 -0.050595
vt 0.102586001 0.625231981
vn -0.423676 0.861239 0.280652
vt 0.102595001 0.667132020
v -13.648203 19.792435 5.722925
vn -0.422766 0.221290 0.878806
vt 0.116328001 0.667132020
vn -0.144476 0.566307 0.811432
vt 0.116301000 0.625231981
vn -0.422766 0.221290 0.878806
vt 0.102591000 0.667132020
vn -0.188897 -0.482898 0.855060
vt 0.116125003 0.625231981
vn -0.144476 0.566307 0.811432
vt 0.102567002 0.625231981
vn -0.422766 0.221290 0.878806
vt 0.102591000 0.667132020
vn -0.341540 -0.406539 0.847394
vt 0.116140001 0.667142987
vn -0.188897 -0.482898 0.855060
vt 0.116125003 0.625231981
vn -0.422766 0.221290 0.878806
vt 0.434201002 0.866150975
v -14.371507 16.900553 4.948476
vn -0.897915 0.003503 0.440155
vt 0.446469009 0.869268000
vn -0.341540 -0.406539 0.847394
vt 0.447811007 0.866162002
vn -0.422766 0.221290 0.878806
vt 0.434201002 0.866150975
v -14.369500 19.526154 5.141771
vn -0.876159 0.277053 0.394445
vt 0.435360998 0.869268000
vn -0.897915 0.003503 0.440155
vt 0.446469009 0.869268000
vn 0.999974 0.005751 0.004277
vt 0.490615994 0.860369980
vn 0.999975 0.005660 0.004261
vt 0.487976998 0.860369980
vn 0.999853 -0.013827 -0.010177
vt 0.491822988 0.862307012
vn 0.999975 0.005660 0.004261
vt 0.487976998 0.860369980
vn 0.999140 -0.033361 -0.024617
vt 0.486761004 0.862312973
vn 0.999853 -0.013827 -0.010177
vt 0.491822988 0.862307012
vn 0.999853 -0.013827 -0.010177
vt 0.491822988 0.862307012
vn 0.999140 -0.033361 -0.024617
vt 0.486761004 0.862312973
vn 0.997842 -0.052797 -0.039027
vt 0.489944011 0.868303001
vn 0.999140 -0.033361 -0.024617
vt 0.486761004 0.862312973
vn 0.997842 -0.052818 -0.039017
vt 0.488664001 0.868303001
vn 0.997842 -0.052797 -0.039027
vt 0.489944011 0.868303001
vn -0.202917 0.365689 -0.908348
vt 0.438502997 0.867460012
vn -0.144868 0.323038 -0.935232
vt 0.437658012 0.870576024
vn -0.158076 0.493745 -0.855119
vt 0.438811988 0.872738004
vn -0.202917 0.365689 -0.908348
vt 0.438502997 0.867460012
vn -0.086752 0.391546 -0.916060
vt 0.437687993 0.867440999
vn -0.144868 0.323038 -0.935232
vt 0.437658012 0.870576024
vn -0.158076 0.493745 -0.855119
vt 0.438809007 0.872738004
vn -0.144868 0.323038 -0.935232
vt 0.437658012 0.870576024
vn 0.015210 0.352682 -0.935620
vt 0.436075002 0.870573997
vn -0.158076 0.493745 -0.855119
vt 0.438809007 0.872738004
vn 0.015210 0.352682 -0.935620
vt 0.436075002 0.870573997
vn -0.298556 0.716401 -0.630582
vt 0.435532987 0.872541010
vn 0.015210 0.352682 -0.935620
vt 0.436075002 0.870573997
vn 0.088051 0.263139 -0.960732
vt 0.435409009 0.872292995
vn -0.298556 0.716401 -0.630582
vt 0.435532987 0.872541010
vn 0.015210 0.352682 -0.935620
vt 0.436075002 0.870573997
vn 0.159094 0.278648 -0.947124
vt 0.435346991 0.872282982
vn 0.088051 0.263139 -0.960732
vt 0.435409009 0.872292995
vn 0.015210 0.352682 -0.935620
vt 0.436075002 0.870573997
vn 0.081308 0.401955 -0.912042
vt 0.435341001 0.867438018
vn 0.159094 0.278648 -0.947124
vt 0.435346991 0.872282982
vn 0.015210 0.352682 -0.935620
vt 0.436075002 0.870573997
vn 0.020927 0.412298 -0.910808
vt 0.436069012 0.867438018
vn 0.081308 0.401955 -0.912042
vt 0.435341001 0.867438018
v -15.321846 19.374062 2.174691
vn -1.000000 0.000000 0.000000
vt 0.072506003 0.575479984
v -15.321846 18.372065 3.562738
vn -1.000000 0.000000 0.000000
vt 0.078550003 0.572365999
v -15.321846 18.970396 3.283733
vn -1.000000 0.000000 0.000000
vt 0.075861000 0.572052002
vn -1.000000 0.000000 0.000000
vt 0.072506003 0.575479984
v -15.321846 19.095053 1.576329
vn -1.000000 0.000000 0.000000
vt 0.072691001 0.578157008
vn -1.000000 0.000000 0.000000
vt 0.078550003 0.572365999
vn -1.000000 0.000000 0.000000
vt 0.078550003 0.572365999
vn -1.000000 0.000000 0.000000
vt 0.072691001 0.578157008
v -15.321846 17.986031 1.172677
vn -1.000000 -0.000000 0.000000
vt 0.076044001 0.581049979
vn -1.000000 0.000000 0.000000
vt 0.078550003 0.572365999
vn -1.000000 -0.000000 0.000000
vt 0.076044001 0.581049979
v -15.321846 17.387674 1.451702
vn -1.000000 -0.000000 0.000000
vt 0.078668997 0.581314981
vn -1.000000 0.000000 0.000000
vt 0.078550003 0.572365999
vn -1.000000 -0.000000 0.000000
vt 0.078668997 0.581314981
v -15.321846 16.984022 2.560750
vn -1.000000 0.000000 0.000000
vt 0.081960998 0.578002989
vn -1.000000 0.000000 0.000000
vt 0.078550003 0.572365999
vn -1.000000 0.000000 0.000000
vt 0.081960998 0.578002989
v -15.321846 17.263025 3.159081
vn -1.000000 0.000000 0.000000
vt 0.081836000 0.575401008
vn -0.950357 0.307217 -0.049393
vt 0.430905014 0.865929008
vn -0.897915 0.003503 0.440155
vt 0.435663998 0.865558982
vn -0.932025 0.350157 -0.093377
vt 0.431270003 0.865558982
vn -0.950357 0.307217 -0.049393
vt 0.430905014 0.865929008
vn -1.000000 -0.000220 -0.000164
vt 0.432613999 0.873291016
vn -0.897915 0.003503 0.440155
vt 0.435663998 0.865558982
vn -0.897915 0.003503 0.440155
vt 0.435663998 0.865558982
vn -1.000000 -0.000220 -0.000164
vt 0.432613999 0.873291016
vn -1.000000 -0.000220 -0.000164
vt 0.434262007 0.873291016
vn -0.897915 0.003503 0.440155
vt 0.435663998 0.865558982
vn -1.000000 -0.000220 -0.000164
vt 0.434262007 0.873291016
vn -1.000000 -0.000221 -0.000163
vt 0.436031014 0.865929008
vn -0.897915 0.003503 0.440155
vt 0.435663998 0.865558982
vn -0.072793 -0.564511 0.822209
vt 0.436028004 0.865912974
vn -0.341540 -0.406539 0.847394
vt 0.436093003 0.865558982
vn -0.897915 0.003503 0.440155
vt 0.435663998 0.865558982
vn 0.037270 -0.515448 0.856110
vt 0.436031014 0.865929008
vn -0.072793 -0.564511 0.822209
vt 0.436028004 0.865912974
vn -0.423676 0.861239 0.280652
vt 0.433225989 0.870521009
vn -0.876159 0.277053 0.394445
vt 0.437496990 0.871164024
vn -0.422766 0.221290 0.878806
vt 0.437864989 0.870521009
v -14.369485 21.355671 2.669140
vn -0.802231 0.596330 -0.028548
vt 0.433591992 0.871164024
vn -0.876159 0.277053 0.394445
vt 0.437496990 0.871164024
vn -0.423676 0.861239 0.280652
vt 0.433225989 0.870521009
vn -0.298556 0.716401 -0.630582
vt 0.431028008 0.874005020
vn -0.802231 0.596330 -0.028548
vt 0.433591992 0.871164024
vn -0.423676 0.861239 0.280652
vt 0.433225989 0.870521009
vn -0.298556 0.716401 -0.630582
vt 0.431028008 0.874005020
vn -0.932025 0.350157 -0.093377
vt 0.431820005 0.874005020
vn -0.802231 0.596330 -0.028548
vt 0.433591992 0.871164024
vn -0.802231 0.596330 -0.028548
vt 0.433591992 0.871164024
vn -0.932025 0.350157 -0.093377
vt 0.431820005 0.874005020
vn -0.876159 0.277053 0.394445
vt 0.437496990 0.871164024
vn -0.876159 0.277053 0.394445
vt 0.437496990 0.871164024
vn -0.932025 0.350157 -0.093377
vt 0.431820005 0.874005020
vn -0.897915 0.003503 0.440155
vt 0.439265013 0.874005020
vn -0.506020 0.860977 -0.051592
vt 0.072506003 0.575479984
v -14.368749 19.543057 3.492165
vn -0.524638 0.693402 0.493912
vt 0.072612002 0.566928029
v -14.368749 19.946720 2.383127
vn -0.506024 0.860975 -0.051595
vt 0.067300998 0.571787000
vn -0.506020 0.860977 -0.051592
vt 0.072506003 0.575479984
vn -0.506024 0.860975 -0.051595
vt 0.067300998 0.571787000
v -14.368749 19.303480 1.003694
vn -0.506012 0.592956 -0.626382
vt 0.067483999 0.581140995
vn -0.506020 0.860977 -0.051592
vt 0.072506003 0.575479984
vn -0.479998 0.550174 0.683309
vt 0.075861000 0.572052002
vn -0.524638 0.693402 0.493912
vt 0.072612002 0.566928029
vn -0.506020 0.860977 -0.051592
vt 0.072506003 0.575479984
vn -0.506012 0.592956 -0.626382
vt 0.067483999 0.581140995
vn -0.506010 0.592961 -0.626380
vt 0.072691001 0.578157008
vn -0.479998 0.550174 0.683309
vt 0.075861000 0.572052002
v -14.368749 18.163639 4.135388
vn -0.479995 0.169793 0.860683
vt 0.082010001 0.566965997
vn -0.524638 0.693402 0.493912
vt 0.072612002 0.566928029
vn -0.506012 0.592956 -0.626382
vt 0.067483999 0.581140995
vn -0.506014 -0.051597 -0.860980
vt 0.076044001 0.581049979
vn -0.506010 0.592961 -0.626380
vt 0.072691001 0.578157008
vn -0.506012 0.592956 -0.626382
vt 0.067483999 0.581140995
v -14.368749 18.194449 0.600038
vn -0.506012 -0.051596 -0.860982
vt 0.072672002 0.586486995
vn -0.506014 -0.051597 -0.860980
vt 0.076044001 0.581049979
vn -0.479998 0.550174 0.683309
vt 0.075861000 0.572052002
vn -0.524631 -0.067358 0.848661
vt 0.078550003 0.572365999
vn -0.479995 0.169793 0.860683
vt 0.082010001 0.566965997
vn -0.479995 0.169793 0.860683
vt 0.082010001 0.566965997
vn -0.524631 -0.067358 0.848661
vt 0.078550003 0.572365999
v -14.368749 17.054598 3.731730
vn -0.524631 -0.493909 0.693409
vt 0.087015003 0.572485030
vn -0.506014 -0.051597 -0.860980
vt 0.076044001 0.581049979
vn -0.506012 -0.051596 -0.860982
vt 0.072672002 0.586486995
v -14.368749 16.815018 1.243276
vn -0.506021 -0.626382 -0.592949
vt 0.081827000 0.586345971
vn -0.506014 -0.051597 -0.860980
vt 0.076044001 0.581049979
vn -0.506021 -0.626382 -0.592949
vt 0.081827000 0.586345971
vn -0.506022 -0.626385 -0.592945
vt 0.078668997 0.581314981
vn -0.524631 -0.067358 0.848661
vt 0.078550003 0.572365999
vn -0.479996 -0.683307 0.550178
vt 0.081836000 0.575401008
vn -0.524631 -0.493909 0.693409
vt 0.087015003 0.572485030
vn -0.524631 -0.493909 0.693409
vt 0.087015003 0.572485030
vn -0.479996 -0.683307 0.550178
vt 0.081836000 0.575401008
v -14.368749 16.411360 2.352315
vn -0.479999 -0.860680 0.169796
vt 0.087013997 0.581645012
vn -0.506021 -0.626382 -0.592949
vt 0.081827000 0.586345971
vn -0.524638 -0.848657 -0.067357
vt 0.081960998 0.578002989
vn -0.506022 -0.626385 -0.592945
vt 0.078668997 0.581314981
vn -0.506021 -0.626382 -0.592949
vt 0.081827000 0.586345971
vn -0.479999 -0.860680 0.169796
vt 0.087013997 0.581645012
vn -0.524638 -0.848657 -0.067357
vt 0.081960998 0.578002989
vn -0.479996 -0.683307 0.550178
vt 0.081836000 0.575401008
vn -0.524638 -0.848657 -0.067357
vt 0.081960998 0.578002989
vn -0.479999 -0.860680 0.169796
vt 0.087013997 0.581645012
s 19
f 307/1561/1561 308/1562/1562 309/1563/1563
f 309/1564/1564 308/1565/1565 310/1566/1566
f 311/1567/1567 312/1568/1568 313/1569/1569
f 311/1570/1570 314/1571/1571 312/1572/1572
f 315/1573/1573 311/1574/1574 313/1575/1575
f 315/1576/1576 316/1577/1577 311/1578/1578
f 311/1579/1579 316/1580/1580 317/1581/1581
f 316/1582/1582 318/1583/1583 317/1584/1584
f 316/1585/1585 319/1586/1586 318/1587/1587
f 318/1588/1588 319/1589/1589 320/1590/1590
f 327/1621/1621 309/1622/1622 328/1623/1623
f 309/1624/1624 329/1625/1625 328/1626/1626
f 329/1627/1627 330/1628/1628 328/1629/1629
f 329/1630/1630 331/1631/1631 330/1632/1632
f 331/1633/1633 313/1634/1634 330/1635/1635
f 331/1636/1636 315/1637/1637 313/1638/1638
f 331/1639/1639 332/1640/1640 315/1641/1641
f 331/1642/1642 333/1643/1643 332/1644/1644
f 325/1657/1657 321/1658/1658 327/1659/1659
f 325/1660/1660 326/1661/1661 321/1662/1662
f 327/1663/1663 321/1664/1664 322/1665/1665
f 327/1666/1666 322/1667/1667 309/1668/1668
f 322/1669/1669 307/1670/1670 309/1671/1671
f 322/1672/1672 308/1673/1673 307/1674/1674
f 322/1675/1675 324/1676/1676 308/1677/1677
f 322/1678/1678 323/1679/1679 324/1680/1680
f 308/1699/1699 332/1700/1700 310/1701/1701
f 308/1702/1702 324/1703/1703 332/1704/1704
f 332/1705/1705 324/1706/1706 320/1707/1707
f 332/1708/1708 320/1709/1709 319/1710/1710
f 332/1711/1711 316/1712/1712 315/1713/1713
f 332/1714/1714 319/1715/1715 316/1716/1716
f 329/1717/1717 333/1718/1718 331/1719/1719
f 342/1720/1720 333/1721/1721 329/1722/1722
f 309/1723/1723 342/1724/1724 329/1725/1725
f 309/1726/1726 310/1727/1727 342/1728/1728
f 342/1729/1729 310/1730/1730 333/1731/1731
f 333/1732/1732 310/1733/1733 332/1734/1734
s 20
f 321/1591/1591 317/1592/1592 322/1593/1593
f 321/1594/1594 311/1595/1595 317/1596/1596
s 21
f 323/1597/1597 320/1598/1598 324/1599/1599
f 323/1600/1600 318/1601/1601 320/1602/1602
s 22
f 325/1603/1603 314/1604/1604 326/1605/1605
f 325/1606/1606 312/1607/1607 314/1608/1608
s 23
f 322/1609/1609 318/1610/1610 323/1611/1611
f 322/1612/1612 317/1613/1613 318/1614/1614
s 24
f 321/1615/1615 326/1616/1616 311/1617/1617
f 326/1618/1618 314/1619/1619 311/1620/1620
s 25
f 328/1645/1645 330/1646/1646 327/1647/1647
f 330/1648/1648 313/1649/1649 327/1650/1650
f 327/1651/1651 313/1652/1652 325/1653/1653
f 313/1654/1654 312/1655/1655 325/1656/1656
s 26
f 334/1681/1681 335/1682/1682 336/1683/1683
f 334/1684/1684 337/1685/1685 335/1686/1686
f 335/1687/1687 337/1688/1688 338/1689/1689
f 335/1690/1690 338/1691/1691 339/1692/1692
f 335/1693/1693 339/1694/1694 340/1695/1695
f 335/1696/1696 340/1697/1697 341/1698/1698
s 27
f 334/1735/1735 343/1736/1736 344/1737/1737
f 334/1738/1738 344/1739/1739 345/1740/1740
f 334/1741/1741 336/1742/1742 343/1743/1743
f 334/1744/1744 345/1745/1745 337/1746/1746
f 336/1747/1747 346/1748/1748 343/1749/1749
f 345/1750/1750 338/1751/1751 337/1752/1752
f 345/1753/1753 347/1754/1754 338/1755/1755
f 336/1756/1756 335/1757/1757 346/1758/1758
f 346/1759/1759 335/1760/1760 348/1761/1761
f 338/1762/1762 347/1763/1763 349/1764/1764
f 338/1765/1765 349/1766/1766 339/1767/1767
f 335/1768/1768 341/1769/1769 348/1770/1770
f 348/1771/1771 341/1772/1772 350/1773/1773
f 349/1774/1774 340/1775/1775 339/1776/1776
f 349/1777/1777 350/1778/1778 340/1779/1779
f 341/1780/1780 340/1781/1781 350/1782/1782
o rloarm,ox=-3.36,oy=-7.35,oz=-5.04,p=ruparm,
v -11.789618 1.520148 1.770545
vn -0.000000 -0.965926 0.258819
vt 0.889283001 0.711275995
v -10.849547 1.520148 1.770545
vn -0.000000 -0.965926 0.258819
vt 0.889283001 0.689494014
v -11.789618 2.018629 3.630899
vn -0.000000 -0.965926 0.258819
vt 0.838321984 0.711275995
vn -0.000000 -0.965926 0.258819
vt 0.838321984 0.711275995
vn -0.000000 -0.965926 0.258819
vt 0.889283001 0.689494014
v -10.849547 2.018629 3.630899
vn -0.000000 -0.965926 0.258819
vt 0.838321984 0.689494014
v -12.285943 2.278111 1.248273
vn -0.527655 0.219856 0.820514
vt 0.820253015 0.723327994
vn -0.869154 0.042583 0.492704
vt 0.812379003 0.709743023
v -12.285943 4.585159 0.630103
vn -0.982085 -0.116475 0.148131
vt 0.820285976 0.744965971
vn -0.869154 0.042583 0.492704
vt 0.812379003 0.709743023
vn -0.947312 -0.303374 -0.102787
vt 0.763310015 0.709743023
vn -0.982085 -0.116475 0.148131
vt 0.820298016 0.744965971
vn -0.947312 -0.303374 -0.102787
vt 0.763306975 0.709743023
v -12.285943 2.936178 3.704216
vn -0.964830 -0.231651 -0.124259
vt 0.755452991 0.723327994
vn -0.982085 -0.116475 0.148131
vt 0.820298016 0.744965971
vn -0.964830 -0.231651 -0.124259
vt 0.755460978 0.723327994
v -12.285943 5.243225 3.086047
vn -0.996300 -0.078616 0.034734
vt 0.755481005 0.744965971
vn -0.982085 -0.116475 0.148131
vt 0.820298016 0.744965971
v -10.405086 5.243225 3.086047
vn 0.988137 -0.145566 -0.048954
vt 0.756307006 0.743842006
vn 0.956442 -0.191906 0.219977
vt 0.813233972 0.710110009
v -10.405086 2.278111 1.248273
vn 0.970730 -0.126527 0.204142
vt 0.824464023 0.719861984
v -10.405086 2.936178 3.704216
vn 0.569951 -0.212665 -0.793681
vt 0.755436003 0.722221017
vn 0.882275 -0.194073 -0.428866
vt 0.764100015 0.710110009
vn 0.988137 -0.145566 -0.048954
vt 0.756296992 0.743842006
vn 0.882275 -0.194073 -0.428866
vt 0.764101982 0.710110009
vn 0.956442 -0.191906 0.219977
vt 0.813233972 0.710110009
vn 0.988137 -0.145566 -0.048954
vt 0.756307006 0.743842006
vn -0.996300 -0.078616 0.034734
vt 0.225759000 0.829972982
v -13.192782 9.164757 -5.327949
vn -0.996300 -0.078616 0.034734
vt 0.234604999 0.834230006
vn -0.982085 -0.116475 0.148131
vt 0.227341995 0.830780983
vn -0.996300 -0.078616 0.034734
vt 0.225759000 0.829972982
v -13.192782 12.414716 -0.825019
vn -0.999311 -0.030099 0.021724
vt 0.221747994 0.834743977
vn -0.996300 -0.078616 0.034734
vt 0.234604999 0.834230006
vn 0.970730 -0.126527 0.204142
vt 0.824464023 0.719861984
v -10.405086 4.585159 0.630103
vn 0.997713 -0.065293 0.017495
vt 0.821062982 0.741231024
vn 0.988137 -0.145566 -0.048954
vt 0.756307006 0.743842006
vn 0.997713 -0.065293 0.017495
vt 0.227434993 0.829043984
v -9.593005 9.164757 -5.327949
vn 0.998327 -0.052883 0.023359
vt 0.235241994 0.827233016
vn 0.988137 -0.145566 -0.048954
vt 0.225850001 0.829362988
vn 0.998327 -0.052883 0.023359
vt 0.235241994 0.827233016
v -9.593005 12.414715 -0.825019
vn 0.998753 -0.040475 0.029213
vt 0.221742004 0.824238002
vn 0.988137 -0.145566 -0.048954
vt 0.225850001 0.829362988
vn 0.998327 -0.052883 0.023359
vt 0.221876994 0.825866997
v -9.593005 13.362917 -2.162177
vn 1.000000 0.000000 0.000000
vt 0.230780005 0.826946974
vn 0.998753 -0.040475 0.029213
vt 0.233278006 0.825791001
vn -0.999311 -0.030099 0.021724
vt 0.233281001 0.834236026
v -13.192782 10.860632 -5.164783
vn -1.000000 0.000000 0.000000
vt 0.223616004 0.832953990
vn -0.996300 -0.078616 0.034734
vt 0.221784994 0.833957016
vn -0.999311 -0.030099 0.021724
vt 0.233281001 0.834236026
v -13.192782 13.362917 -2.162177
vn -1.000000 0.000000 0.000000
vt 0.230477005 0.832992971
vn -1.000000 0.000000 0.000000
vt 0.223616004 0.832953990
v -9.593005 10.860632 -5.164783
vn 1.000000 0.000000 0.000000
vt 0.223905995 0.826946974
vn 1.000000 0.000000 0.000000
vt 0.230780005 0.826946974
vn 0.998327 -0.052883 0.023359
vt 0.221876994 0.825866997
vn -0.000000 -0.079651 0.996823
vt 0.838333011 0.711275995
vn -0.000000 -0.079651 0.996823
vt 0.838334024 0.689494014
vn -0.000000 0.033606 0.999435
vt 0.826811016 0.722775996
vn -0.000000 0.033606 0.999435
vt 0.826811016 0.722775996
vn -0.000000 -0.079651 0.996823
vt 0.838334024 0.689494014
vn -0.000000 0.147906 0.989001
vt 0.826799989 0.679194987
vn -0.000000 0.371419 0.928465
vt 0.804359972 0.679194987
vn 0.000000 0.371419 0.928465
vt 0.804361999 0.722775996
vn -0.000000 0.147906 0.989001
vt 0.826799989 0.679194987
vn -0.000000 0.371419 0.928465
vt 0.225869000 0.829362988
vn 0.000000 0.664352 0.747420
vt 0.221742004 0.824238002
vn 0.000000 0.371419 0.928465
vt 0.225759000 0.829972982
vn -0.000000 0.147906 0.989001
vt 0.826799989 0.679194987
vn 0.000000 0.371419 0.928465
vt 0.804361999 0.722775996
vn -0.000000 0.033606 0.999435
vt 0.826811016 0.722775996
vn 0.000000 0.664352 0.747420
vt 0.221742004 0.824238002
vn 0.000000 0.664352 0.747419
vt 0.221747994 0.834743977
vn 0.000000 0.371419 0.928465
vt 0.225759000 0.829972982
vn 0.000000 0.664352 0.747420
vt 0.233278006 0.825791001
vn 0.000000 0.815723 0.578443
vt 0.230477005 0.832992971
vn 0.000000 0.664352 0.747419
vt 0.233281001 0.834236026
vn -0.000000 0.815723 0.578443
vt 0.230780005 0.826946974
vn 0.000000 0.815723 0.578443
vt 0.230477005 0.832992971
vn 0.000000 0.664352 0.747420
vt 0.233278006 0.825791001
vn -0.000000 -0.555227 -0.831699
vt 0.923245013 0.722775996
vn -0.000000 -0.555227 -0.831699
vt 0.923238993 0.679194987
vn -0.000000 -0.366410 -0.930453
vt 0.900819004 0.722775996
vn -0.000000 -0.555227 -0.831699
vt 0.227320001 0.830780983
vn -0.000000 -0.398405 -0.917210
vt 0.234604999 0.834230006
vn -0.000000 -0.555227 -0.831699
vt 0.227434993 0.829043984
vn -0.000000 -0.366410 -0.930453
vt 0.900819004 0.722775996
vn -0.000000 -0.470614 -0.882339
vt 0.900819004 0.679194987
vn -0.000000 -0.567393 -0.823447
vt 0.889283001 0.711275995
vn -0.000000 -0.366410 -0.930453
vt 0.900819004 0.722775996
vn -0.000000 -0.555227 -0.831699
vt 0.923238993 0.679194987
vn -0.000000 -0.470614 -0.882339
vt 0.900819004 0.679194987
vn -0.000000 -0.470614 -0.882339
vt 0.900819004 0.679194987
vn -0.000000 -0.567393 -0.823447
vt 0.889283001 0.689494014
vn -0.000000 -0.567393 -0.823447
vt 0.889283001 0.711275995
vn -0.000000 -0.398405 -0.917210
vt 0.234604999 0.834230006
vn -0.000000 -0.398405 -0.917210
vt 0.235241994 0.827233016
vn -0.000000 -0.555227 -0.831699
vt 0.227434993 0.829043984
vn -0.000000 -0.398405 -0.917210
vt 0.221784994 0.833957016
vn 0.000000 0.342695 -0.939447
vt 0.223905995 0.826946974
vn -0.000000 -0.398405 -0.917210
vt 0.221876994 0.825866997
vn -0.000000 -0.398405 -0.917210
vt 0.221784994 0.833957016
vn 0.000000 0.582800 -0.812616
vt 0.223616004 0.832953990
vn 0.000000 0.342695 -0.939447
vt 0.223905995 0.826946974
vn 0.000000 0.582800 -0.812616
vt 0.223616004 0.832953990
vn 0.000000 0.768207 -0.640202
vt 0.230780005 0.826946974
vn 0.000000 0.342695 -0.939447
vt 0.223905995 0.826946974
vn 0.000000 0.582800 -0.812616
vt 0.223616004 0.832953990
vn 0.000000 0.768207 -0.640202
vt 0.230477005 0.832992971
vn 0.000000 0.768207 -0.640202
vt 0.230780005 0.826946974
s 32
f 356/1861/1861 364/1862/1862 355/1863/1863
f 356/1864/1864 362/1865/1865 364/1866/1866
f 355/1867/1867 360/1868/1868 351/1869/1869
f 355/1870/1870 364/1871/1871 360/1872/1872
f 360/1873/1873 352/1874/1874 351/1875/1875
f 362/1876/1876 365/1877/1877 364/1878/1878
f 362/1879/1879 370/1880/1880 365/1881/1881
f 362/1882/1882 368/1883/1883 370/1884/1884
f 368/1885/1885 367/1886/1886 370/1887/1887
f 368/1888/1888 369/1889/1889 367/1890/1890
s 28
f 351/1783/1783 352/1784/1784 353/1785/1785
f 353/1786/1786 352/1787/1787 354/1788/1788
s 29
f 355/1789/1789 351/1790/1790 356/1791/1791
f 351/1792/1792 353/1793/1793 356/1794/1794
f 353/1795/1795 357/1796/1796 356/1797/1797
f 357/1798/1798 358/1799/1799 356/1800/1800
f 358/1810/1810 362/1811/1811 356/1812/1812
f 358/1813/1813 363/1814/1814 362/1815/1815
f 363/1828/1828 368/1829/1829 362/1830/1830
f 363/1831/1831 369/1832/1832 368/1833/1833
s 30
f 359/1801/1801 352/1802/1802 360/1803/1803
f 361/1804/1804 354/1805/1805 359/1806/1806
f 354/1807/1807 352/1808/1808 359/1809/1809
f 360/1816/1816 364/1817/1817 359/1818/1818
f 364/1819/1819 365/1820/1820 359/1821/1821
f 365/1822/1822 366/1823/1823 359/1824/1824
f 365/1825/1825 367/1826/1826 366/1827/1827
f 370/1834/1834 367/1835/1835 365/1836/1836
s 31
f 353/1837/1837 354/1838/1838 357/1839/1839
f 357/1840/1840 354/1841/1841 361/1842/1842
f 359/1843/1843 358/1844/1844 361/1845/1845
f 359/1846/1846 366/1847/1847 358/1848/1848
f 361/1849/1849 358/1850/1850 357/1851/1851
f 366/1852/1852 363/1853/1853 358/1854/1854
f 366/1855/1855 369/1856/1856 363/1857/1857
f 367/1858/1858 369/1859/1859 366/1860/1860
o rhand,ox=-0.00,oy=-8.51,oz=5.25,p=rloarm,
v -11.880621 -0.452154 -1.567384
vn -0.988275 0.048607 -0.144742
vt 0.967073023 0.080011003
v -12.051248 1.687714 0.316244
vn -0.988275 0.048607 -0.144742
vt 0.964139998 0.097537003
v -11.880621 0.846420 -1.048979
vn -0.984443 0.065143 -0.163180
vt 0.967073023 0.090406001
vn -0.988275 0.048607 -0.144742
vt 0.967073023 0.080011003
v -12.051248 -0.354332 -0.202161
vn -0.991486 0.032041 -0.126213
vt 0.963344991 0.081304997
vn -0.988275 0.048607 -0.144742
vt 0.964139998 0.097537003
v -10.913512 0.846420 -1.048979
vn 0.989597 0.044032 -0.136960
vt 0.970230997 0.090406001
v -10.742886 -0.354332 -0.202161
vn 0.989597 0.044032 -0.136960
vt 0.973948002 0.081304997
v -10.913512 -0.452154 -1.567384
vn 0.990540 0.050877 -0.127443
vt 0.970228016 0.080011003
vn 0.989597 0.044032 -0.136960
vt 0.970230997 0.090406001
v -10.742886 1.687714 0.316244
vn 0.988518 0.037180 -0.146457
vt 0.973092973 0.097537003
vn 0.989597 0.044032 -0.136960
vt 0.973948002 0.081304997
vn 0.998859 0.012909 0.045981
vt 0.879644990 0.712886989
v -12.213738 3.365167 3.375149
vn 0.998859 0.012909 0.045981
vt 0.868714988 0.695834994
v -12.213738 1.687712 5.893874
vn 0.998622 0.043683 0.029092
vt 0.859758973 0.712886989
vn 0.998859 0.012909 0.045981
vt 0.879644990 0.712886989
v -12.051248 3.365168 0.793773
vn 0.997865 -0.017881 0.062813
vt 0.877936006 0.695837021
vn 0.998859 0.012909 0.045981
vt 0.868714988 0.695834994
v -10.580396 1.687712 5.893874
vn -0.998026 0.042874 0.045899
vt 0.859770000 0.712894022
v -10.742886 3.365168 0.793773
vn -0.998026 0.042874 0.045899
vt 0.877946973 0.729943991
vn -0.999542 -0.008289 0.029119
vt 0.879656971 0.712894022
vn -0.998026 0.042874 0.045899
vt 0.859770000 0.712894022
v -10.580396 3.365167 3.375149
vn -0.993614 0.093912 0.062545
vt 0.868714988 0.729946017
vn -0.998026 0.042874 0.045899
vt 0.877946973 0.729943991
v -9.583451 -0.235561 6.816864
vn -0.836835 0.000000 0.547455
vt 0.959315002 0.089052998
v -9.583451 0.386646 6.816864
vn -0.836835 -0.000000 0.547455
vt 0.959317982 0.094203003
v -10.335393 -0.235561 5.667453
vn -0.836835 -0.000000 0.547455
vt 0.963573992 0.089052998
vn -0.836835 -0.000000 0.547455
vt 0.959317982 0.094203003
v -10.335393 1.193871 5.667454
vn -0.836835 -0.000000 0.547456
vt 0.963578999 0.100883000
vn -0.836835 -0.000000 0.547455
vt 0.963573992 0.089052998
v -8.440111 -0.235561 5.760246
vn 0.836835 0.000000 -0.547455
vt 0.963576972 0.077215001
v -9.192052 1.193871 4.610836
vn 0.836835 0.000000 -0.547455
vt 0.959299982 0.089045003
v -8.440111 0.386646 5.760247
vn 0.836835 0.000001 -0.547454
vt 0.963577986 0.082364999
vn 0.836835 0.000000 -0.547455
vt 0.963576972 0.077215001
v -9.192052 -0.235561 4.610836
vn 0.836835 0.000000 -0.547455
vt 0.959299982 0.077215001
vn 0.836835 0.000000 -0.547455
vt 0.959299982 0.089045003
v -10.825396 -0.235562 7.349854
vn -0.000000 0.000000 1.000000
vt 0.961458027 0.081666999
v -10.825396 0.386646 7.349854
vn -0.000000 0.000000 1.000000
vt 0.961459994 0.094988003
v -11.968736 -0.235562 7.349854
vn -0.000000 0.000000 1.000000
vt 0.971651971 0.081666999
vn -0.000000 0.000000 1.000000
vt 0.961459994 0.094988003
v -11.968736 0.386646 7.349854
vn -0.000000 0.000000 1.000000
vt 0.971653998 0.094988003
vn -0.000000 0.000000 1.000000
vt 0.971651971 0.081666999
vn -0.000000 -0.997443 0.071470
vt 0.968814015 0.080401003
vn 0.000000 -0.999591 0.028605
vt 0.973149002 0.084893003
vn -0.000000 -0.997443 0.071470
vt 0.972477019 0.080401003
vn -0.000000 -0.997443 0.071470
vt 0.968814015 0.080401003
vn 0.000000 -0.999840 0.017876
vt 0.968144000 0.084893003
vn 0.000000 -0.999591 0.028605
vt 0.973149002 0.084893003
v -10.825396 -0.235561 5.893873
vn 1.000000 0.000000 0.000000
vt 0.976267993 0.077215001
v -10.825396 1.193871 5.893873
vn 1.000000 0.000000 0.000000
vt 0.976271987 0.089045003
vn 1.000000 0.000000 0.000000
vt 0.980485022 0.077215001
vn 1.000000 0.000000 0.000000
vt 0.976271987 0.089045003
vn 1.000000 0.000000 0.000000
vt 0.980485976 0.082364999
vn 1.000000 0.000000 0.000000
vt 0.980485022 0.077215001
vn -1.000000 0.000000 0.000000
vt 0.972014010 0.077215001
vn -1.000000 0.000000 0.000000
vt 0.972016990 0.082364999
v -11.968736 -0.235561 5.893873
vn -1.000000 0.000000 0.000000
vt 0.976270974 0.077215001
vn -1.000000 0.000000 0.000000
vt 0.972016990 0.082364999
v -11.968736 1.193871 5.893873
vn -1.000000 0.000000 0.000000
vt 0.976278007 0.089045003
vn -1.000000 0.000000 0.000000
vt 0.976270974 0.077215001
v -14.354022 -0.235561 5.760246
vn -0.000000 -1.000000 0.000000
vt 0.971872985 0.091499001
v -12.458741 -0.235561 5.667453
vn -0.000000 -1.000000 0.000000
vt 0.962346017 0.083411001
v -13.210682 -0.235561 6.816864
vn -0.000000 -1.000000 0.000000
vt 0.962347984 0.091499001
vn -0.000000 -1.000000 0.000000
vt 0.971872985 0.091499001
v -13.602081 -0.235561 4.610836
vn -0.000000 -1.000000 0.000000
vt 0.971870005 0.083411001
vn -0.000000 -1.000000 0.000000
vt 0.962346017 0.083411001
vn 0.000000 0.370759 -0.928729
vt 0.967067003 0.080011003
vn 0.000000 0.643588 -0.765372
vt 0.967073023 0.090406001
vn 0.000000 0.370759 -0.928729
vt 0.970239997 0.080011003
vn 0.000000 0.643588 -0.765372
vt 0.967073023 0.090406001
vn 0.000000 0.643588 -0.765372
vt 0.970230997 0.090406001
vn 0.000000 0.370759 -0.928729
vt 0.970239997 0.080011003
vn 0.000000 0.643588 -0.765372
vt 0.771883011 0.403993994
vn 0.000000 0.932214 -0.361907
vt 0.776208997 0.412892997
vn 0.000000 0.643588 -0.765372
vt 0.775542974 0.403993994
vn 0.000000 0.643588 -0.765372
vt 0.771883011 0.403993994
vn 0.000000 0.983492 -0.180953
vt 0.771207988 0.412892997
vn 0.000000 0.932214 -0.361907
vt 0.776208997 0.412892997
vn 0.000000 0.983492 -0.180953
vt 0.900720000 0.700317979
vn -0.000000 1.000000 0.000000
vt 0.864903986 0.711552024
vn 0.000000 0.932214 -0.361907
vt 0.900716007 0.710310996
vn 0.000000 0.983492 -0.180953
vt 0.900720000 0.700317979
vn -0.000000 1.000000 0.000000
vt 0.864907980 0.699077010
vn -0.000000 1.000000 0.000000
vt 0.864903986 0.711552024
vn 0.678705 -0.000001 0.734411
vt 0.972621977 0.081850998
vn 0.590112 0.493992 0.638546
vt 0.959681988 0.095172003
vn 0.590112 0.493992 0.638546
vt 0.972622991 0.095172003
vn 0.678705 -0.000001 0.734411
vt 0.972621977 0.081850998
vn 0.678706 -0.000001 0.734410
vt 0.959680974 0.081850998
vn 0.590112 0.493992 0.638546
vt 0.959681988 0.095172003
vn 0.590112 0.493992 0.638546
vt 0.773293018 0.403782994
vn 0.590112 0.493992 0.638546
vt 0.766210020 0.403782994
vn 0.347459 0.859019 0.375977
vt 0.773283005 0.414974988
vn 0.590112 0.493992 0.638546
vt 0.766210020 0.403782994
vn 0.347459 0.859019 0.375977
vt 0.766201019 0.414974988
vn 0.347459 0.859019 0.375977
vt 0.773283005 0.414974988
vn -0.000000 -1.000000 -0.000001
vt 0.962894976 0.084452003
vn -0.000000 -1.000000 -0.000001
vt 0.962895989 0.092000000
vn -0.000000 -1.000000 -0.000001
vt 0.971010983 0.084452003
vn -0.000000 -1.000000 -0.000001
vt 0.962895989 0.092000000
vn -0.000000 -1.000000 -0.000001
vt 0.971011996 0.092000000
vn -0.000000 -1.000000 -0.000001
vt 0.971010983 0.084452003
vn -0.000000 0.874579 0.484884
vt 0.780376971 0.403782994
vn -0.000000 0.874579 0.484884
vt 0.785984993 0.414974988
vn -0.000000 0.874579 0.484884
vt 0.785993993 0.403782994
vn -0.000000 0.874579 0.484884
vt 0.780376971 0.403782994
vn -0.000000 0.874579 0.484884
vt 0.780368984 0.414974988
vn -0.000000 0.874579 0.484884
vt 0.785984993 0.414974988
v -13.602081 1.193871 4.610836
vn -0.836835 0.000000 -0.547455
vt 0.972012997 0.089045003
vn -0.836835 0.000000 -0.547455
vt 0.972009003 0.077215001
v -14.354022 0.386646 5.760247
vn -0.836835 0.000000 -0.547455
vt 0.967814028 0.082364999
vn -0.836835 0.000000 -0.547455
vt 0.972009003 0.077215001
vn -0.836835 0.000001 -0.547455
vt 0.967810988 0.077215001
vn -0.836835 0.000000 -0.547455
vt 0.967814028 0.082364999
v -13.210682 0.386646 6.816864
vn 0.836835 0.000000 0.547455
vt 0.967795014 0.082364999
vn 0.836835 -0.000000 0.547455
vt 0.967792988 0.077215001
v -12.458741 1.193871 5.667454
vn 0.836835 -0.000000 0.547455
vt 0.963578999 0.089045003
vn 0.836835 -0.000000 0.547455
vt 0.967792988 0.077215001
vn 0.836835 -0.000000 0.547455
vt 0.963573992 0.077215001
vn 0.836835 -0.000000 0.547455
vt 0.963578999 0.089045003
vn -0.484042 0.270870 0.832065
vt 0.908001006 0.676271975
v -13.847080 1.687712 4.384418
vn -0.969864 0.238378 0.050401
vt 0.896897018 0.676271975
v -13.847080 -0.354334 4.384417
vn -0.678706 -0.000000 0.734410
vt 0.896879017 0.702612996
v -12.213738 -0.354334 5.893873
vn -0.364411 -0.000000 0.931238
vt 0.907977998 0.702612996
vn -0.484042 0.270870 0.832065
vt 0.908001006 0.676271975
vn -0.678706 -0.000000 0.734410
vt 0.896879017 0.702612996
vn -0.484042 0.270870 0.832065
vt 0.907997012 0.676271975
vn -0.364411 -0.000000 0.931238
vt 0.907977998 0.702612996
v -10.580396 -0.354334 5.893873
vn 0.240899 -0.000000 0.970550
vt 0.916764021 0.702612996
vn -0.484042 0.270870 0.832065
vt 0.907997012 0.676271975
vn 0.240899 -0.000000 0.970550
vt 0.916764021 0.702612996
vn 0.510620 0.208594 0.834120
vt 0.916783988 0.676271975
vn 0.240899 -0.000000 0.970550
vt 0.916764021 0.702612996
v -8.947051 -0.354334 4.384417
vn 0.678706 -0.000000 0.734410
vt 0.927872002 0.702612996
vn 0.510620 0.208594 0.834120
vt 0.916776001 0.676271975
vn 0.510620 0.208594 0.834120
vt 0.916776001 0.676271975
vn 0.678706 -0.000000 0.734410
vt 0.927872002 0.702612996
v -8.947051 1.687712 4.384418
vn 0.886612 0.390598 0.247692
vt 0.927883029 0.676271975
vn -0.000000 -1.000000 -0.000000
vt 0.972292006 0.083595999
vn -0.000000 -1.000000 -0.000000
vt 0.962769985 0.083595999
vn -0.000000 -1.000000 -0.000000
vt 0.972293019 0.091683000
vn -0.000000 -1.000000 -0.000000
vt 0.962769985 0.083595999
vn -0.000000 -1.000000 0.000000
vt 0.962770998 0.091683000
vn -0.000000 -1.000000 -0.000000
vt 0.972293019 0.091683000
vn -0.590112 0.493991 0.638546
vt 0.780382991 0.403782994
vn -0.590112 0.493991 0.638546
vt 0.773302019 0.403782994
vn -0.347459 0.859019 0.375977
vt 0.780375004 0.414974988
vn -0.590112 0.493991 0.638546
vt 0.773302019 0.403782994
vn -0.347460 0.859019 0.375977
vt 0.773293972 0.414974988
vn -0.347459 0.859019 0.375977
vt 0.780375004 0.414974988
vn -0.590112 0.493991 0.638546
vt 0.972639024 0.095172003
vn -0.678705 -0.000001 0.734411
vt 0.972634971 0.081850998
vn -0.590112 0.493991 0.638546
vt 0.959695995 0.095172003
vn -0.678705 -0.000001 0.734411
vt 0.972634971 0.081850998
vn -0.678706 0.000000 0.734410
vt 0.959693015 0.081850998
vn -0.590112 0.493991 0.638546
vt 0.959695995 0.095172003
vn 0.000000 1.000000 0.000000
vt 0.914754987 0.738918006
v -12.847731 3.365168 1.065885
vn 0.000001 1.000000 0.000000
vt 0.909592986 0.734161019
vn -0.273340 0.951777 0.139302
vt 0.896865010 0.742278993
v -12.982995 3.365168 1.865693
vn -0.608020 0.772169 0.184574
vt 0.905135989 0.735046029
vn -0.273340 0.951777 0.139302
vt 0.896865010 0.742278993
vn 0.000001 1.000000 0.000000
vt 0.909592986 0.734161019
vn -0.484042 0.270870 0.832065
vt 0.871080995 0.717311025
vn -0.273340 0.951777 0.139302
vt 0.896875978 0.742278993
vn -0.608020 0.772169 0.184574
vt 0.905135989 0.735046029
vn -0.484042 0.270870 0.832065
vt 0.871080995 0.717311025
vn -0.608020 0.772169 0.184574
vt 0.905135989 0.735046029
vn -0.969864 0.238378 0.050401
vt 0.885304987 0.709313989
vn -0.608020 0.772169 0.184574
vt 0.905135989 0.735046029
vn -0.838378 0.218573 -0.499348
vt 0.909592986 0.734161019
vn -0.969864 0.238378 0.050401
vt 0.885304987 0.709313989
vn -0.969864 0.238378 0.050401
vt 0.885304987 0.709313989
v -12.847731 -0.354332 0.069953
vn -0.844152 0.111656 -0.524347
vt 0.916296005 0.668345988
vn -0.974208 0.000000 -0.225653
vt 0.884742022 0.668476999
v -12.847731 1.687714 0.588359
vn -0.592746 0.209374 -0.777699
vt 0.913309991 0.707930982
vn -0.844152 0.111656 -0.524347
vt 0.916296005 0.668345988
vn -0.969864 0.238378 0.050401
vt 0.885304987 0.709313989
vn -0.592746 0.209374 -0.777699
vt 0.913309991 0.707930982
vn -0.969864 0.238378 0.050401
vt 0.885304987 0.709313989
vn -0.838378 0.218573 -0.499348
vt 0.909592986 0.734161019
vn -0.592746 0.209374 -0.777699
vt 0.913309991 0.707930982
vn -0.838378 0.218573 -0.499348
vt 0.909592986 0.734161019
vn -0.312168 0.260114 -0.913724
vt 0.914766014 0.738918006
vn -0.313292 0.246873 -0.917007
vt 0.919709027 0.708504021
vn -0.592746 0.209374 -0.777699
vt 0.913309991 0.707930982
vn -0.312168 0.260114 -0.913724
vt 0.914766014 0.738918006
vn -0.313292 0.246873 -0.917007
vt 0.919709027 0.708504021
vn -0.314354 0.233587 -0.920119
vt 0.922996998 0.668735981
vn -0.592746 0.209374 -0.777699
vt 0.913309991 0.707930982
vn -0.592746 0.209374 -0.777699
vt 0.913309991 0.707930982
vn -0.314354 0.233587 -0.920119
vt 0.922996998 0.668735981
vn -0.844152 0.111656 -0.524347
vt 0.916285992 0.668345988
v -9.946403 -0.354332 0.069953
vn -0.000000 -1.000000 -0.000000
vt 0.915225029 0.684855998
vn -0.000000 -1.000000 -0.000000
vt 0.861757994 0.670150995
vn -0.000000 -1.000000 -0.000000
vt 0.843082011 0.694184005
vn 0.000000 -0.999840 0.017876
vt 0.918582022 0.696574986
vn -0.000000 -1.000000 -0.000000
vt 0.915225029 0.684855998
vn -0.000000 -1.000000 -0.000000
vt 0.843082011 0.694184005
vn 0.000000 -0.999840 0.017876
vt 0.918582022 0.696574986
vn -0.000000 -1.000000 -0.000000
vt 0.843082011 0.694184005
vn 0.000000 -1.000000 -0.000000
vt 0.843083024 0.718218029
vn 0.000000 -0.999840 0.017876
vt 0.918582022 0.696574986
vn 0.000000 -1.000000 -0.000000
vt 0.843083024 0.718218029
vn 0.000000 -0.999591 0.028605
vt 0.918582976 0.715826988
vn 0.000000 -1.000000 -0.000000
vt 0.843083024 0.718218029
vn 0.000000 -1.000000 -0.000000
vt 0.861763000 0.742251992
vn 0.000000 -0.999591 0.028605
vt 0.918582976 0.715826988
vn 0.000000 -0.999591 0.028605
vt 0.918582976 0.715826988
vn 0.000000 -1.000000 -0.000000
vt 0.861763000 0.742251992
vn -0.000000 -1.000000 -0.000001
vt 0.915226996 0.727546990
vn 0.313291 0.246873 -0.917007
vt 0.919821978 0.708450973
vn 0.600729 0.196714 -0.774873
vt 0.916336000 0.668295979
vn 0.314354 0.233586 -0.920119
vt 0.923044980 0.668678999
vn 0.313291 0.246873 -0.917007
vt 0.919821978 0.708450973
v -9.946403 1.687714 0.588359
vn 0.847581 0.134025 -0.513462
vt 0.913347006 0.707885027
vn 0.600729 0.196714 -0.774873
vt 0.916336000 0.668295979
vn 0.313291 0.246873 -0.917007
vt 0.919821978 0.708450973
vn 0.312167 0.260114 -0.913725
vt 0.914876997 0.738870025
v -9.946403 3.365168 1.065885
vn 0.312168 0.260114 -0.913724
vt 0.909686983 0.734118998
vn 0.313291 0.246873 -0.917007
vt 0.919821978 0.708450973
vn 0.312168 0.260114 -0.913724
vt 0.909686983 0.734118998
vn 0.847581 0.134025 -0.513462
vt 0.913347006 0.707885027
vn 0.847581 0.134025 -0.513462
vt 0.913347006 0.707885027
vn 0.970336 0.028611 -0.240060
vt 0.884783030 0.668461978
vn 0.600729 0.196714 -0.774873
vt 0.916337013 0.668295979
vn 0.847581 0.134025 -0.513462
vt 0.913347006 0.707885027
vn 0.886612 0.390598 0.247692
vt 0.885398984 0.709299028
vn 0.970336 0.028611 -0.240060
vt 0.884783030 0.668461978
vn 0.886612 0.390598 0.247692
vt 0.885398984 0.709299028
vn 0.370459 0.885173 0.281476
vt 0.896983027 0.742251992
vn 0.510620 0.208594 0.834120
vt 0.871191025 0.717311978
vn 0.886612 0.390598 0.247692
vt 0.885398984 0.709299028
v -9.811137 3.365168 1.865693
vn 0.655639 0.754434 -0.031100
vt 0.905233979 0.735009015
vn 0.370459 0.885173 0.281476
vt 0.896983027 0.742251992
vn 0.847581 0.134025 -0.513462
vt 0.913347006 0.707885027
vn 0.655639 0.754434 -0.031100
vt 0.905233979 0.735009015
vn 0.886612 0.390598 0.247692
vt 0.885398984 0.709299028
vn 0.847581 0.134025 -0.513462
vt 0.913347006 0.707885027
vn 0.984889 0.047417 -0.166568
vt 0.909686983 0.734118998
vn 0.655639 0.754434 -0.031100
vt 0.905233979 0.735009015
vn 0.655639 0.754434 -0.031100
vt 0.905233979 0.735009015
vn -0.000000 1.000000 0.000000
vt 0.914870977 0.738870025
vn 0.370459 0.885173 0.281476
vt 0.896979988 0.742251992
vn 0.655639 0.754434 -0.031100
vt 0.905233979 0.735009015
vn -0.000000 1.000000 0.000000
vt 0.909686983 0.734118998
vn -0.000000 1.000000 0.000000
vt 0.914870977 0.738870025
s 33
f 371/1891/1891 372/1892/1892 373/1893/1893
f 371/1894/1894 374/1895/1895 372/1896/1896
s 34
f 375/1897/1897 376/1898/1898 377/1899/1899
f 375/1900/1900 378/1901/1901 376/1902/1902
s 35
f 372/1903/1903 379/1904/1904 380/1905/1905
f 372/1906/1906 381/1907/1907 379/1908/1908
s 36
f 382/1909/1909 383/1910/1910 378/1911/1911
f 382/1912/1912 384/1913/1913 383/1914/1914
s 37
f 385/1915/1915 386/1916/1916 387/1917/1917
f 386/1918/1918 388/1919/1919 387/1920/1920
s 38
f 389/1921/1921 390/1922/1922 391/1923/1923
f 389/1924/1924 392/1925/1925 390/1926/1926
s 39
f 393/1927/1927 394/1928/1928 395/1929/1929
f 394/1930/1930 396/1931/1931 395/1932/1932
s 40
f 377/1933/1933 374/1934/1934 371/1935/1935
f 377/1936/1936 376/1937/1937 374/1938/1938
f 419/2083/2083 413/2084/2084 412/2085/2085
f 376/2086/2086 419/2087/2087 412/2088/2088
f 376/2089/2089 412/2090/2090 411/2091/2091
f 376/2092/2092 411/2093/2093 374/2094/2094
f 411/2095/2095 410/2096/2096 374/2097/2097
f 374/2098/2098 410/2099/2099 417/2100/2100
s 41
f 397/1939/1939 398/1940/1940 393/1941/1941
f 398/1942/1942 394/1943/1943 393/1944/1944
s 42
f 395/1945/1945 396/1946/1946 399/1947/1947
f 396/1948/1948 400/1949/1949 399/1950/1950
s 43
f 401/1951/1951 402/1952/1952 403/1953/1953
f 401/1954/1954 404/1955/1955 402/1956/1956
s 44
f 371/1957/1957 373/1958/1958 377/1959/1959
f 373/1960/1960 375/1961/1961 377/1962/1962
f 373/1963/1963 378/1964/1964 375/1965/1965
f 373/1966/1966 372/1967/1967 378/1968/1968
f 372/1969/1969 382/1970/1970 378/1971/1971
f 372/1972/1972 380/1973/1973 382/1974/1974
s 45
f 385/1975/1975 391/1976/1976 386/1977/1977
f 385/1978/1978 389/1979/1979 391/1980/1980
f 386/1981/1981 391/1982/1982 388/1983/1983
f 391/1984/1984 390/1985/1985 388/1986/1986
s 46
f 393/1987/1987 395/1988/1988 397/1989/1989
f 395/1990/1990 399/1991/1991 397/1992/1992
s 47
f 394/1993/1993 400/1994/1994 396/1995/1995
f 394/1996/1996 398/1997/1997 400/1998/1998
s 48
f 405/1999/1999 404/2000/2000 406/2001/2001
f 404/2002/2002 401/2003/2003 406/2004/2004
s 49
f 407/2005/2005 403/2006/2006 408/2007/2007
f 403/2008/2008 402/2009/2009 408/2010/2010
s 50
f 380/2011/2011 409/2012/2012 410/2013/2013
f 411/2014/2014 380/2015/2015 410/2016/2016
f 380/2017/2017 411/2018/2018 412/2019/2019
f 380/2020/2020 412/2021/2021 382/2022/2022
f 412/2023/2023 413/2024/2024 382/2025/2025
f 382/2026/2026 413/2027/2027 414/2028/2028
f 381/2047/2047 415/2048/2048 379/2049/2049
f 416/2050/2050 379/2051/2051 415/2052/2052
f 380/2053/2053 379/2054/2054 416/2055/2055
f 380/2056/2056 416/2057/2057 409/2058/2058
f 416/2059/2059 415/2060/2060 409/2061/2061
f 409/2062/2062 417/2063/2063 410/2064/2064
f 418/2065/2065 417/2066/2066 409/2067/2067
f 418/2068/2068 409/2069/2069 415/2070/2070
f 418/2071/2071 415/2072/2072 381/2073/2073
f 372/2074/2074 418/2075/2075 381/2076/2076
f 372/2077/2077 374/2078/2078 418/2079/2079
f 418/2080/2080 374/2081/2081 417/2082/2082
f 378/2101/2101 419/2102/2102 376/2103/2103
f 378/2104/2104 420/2105/2105 419/2106/2106
f 378/2107/2107 383/2108/2108 421/2109/2109
f 378/2110/2110 421/2111/2111 420/2112/2112
f 420/2113/2113 413/2114/2114 419/2115/2115
f 420/2116/2116 414/2117/2117 413/2118/2118
f 414/2119/2119 384/2120/2120 382/2121/2121
f 414/2122/2122 422/2123/2123 384/2124/2124
f 420/2125/2125 422/2126/2126 414/2127/2127
f 420/2128/2128 421/2129/2129 422/2130/2130
f 422/2131/2131 383/2132/2132 384/2133/2133
f 422/2134/2134 421/2135/2135 383/2136/2136
s 51
f 387/2029/2029 392/2030/2030 385/2031/2031
f 392/2032/2032 389/2033/2033 385/2034/2034
s 52
f 406/2035/2035 407/2036/2036 405/2037/2037
f 407/2038/2038 408/2039/2039 405/2040/2040
f 406/2041/2041 401/2042/2042 407/2043/2043
f 401/2044/2044 403/2045/2045 407/2046/2046
o rtooth,ox=-2.10,oy=-4.72,oz=24.99,p=torso,
v -1.538641 11.722805 13.894588
vn -0.000000 -0.838275 0.545248
vt 0.127299994 0.638854980
v -3.001269 11.722805 13.894588
vn -0.000000 -0.838275 0.545248
vt 0.140663996 0.638854980
v -1.538641 11.198924 10.578562
vn -0.000000 -0.987749 0.156049
vt 0.127287000 0.625496984
vn -0.000000 -0.987749 0.156049
vt 0.127287000 0.625496984
vn -0.000000 -0.838275 0.545248
vt 0.140663996 0.638854980
v -3.001269 11.198924 10.578562
vn -0.000000 -0.987749 0.156049
vt 0.140660003 0.625496984
v -1.538641 13.380818 9.168929
vn 0.000000 0.542660 -0.839952
vt 0.127259001 0.625496984
v -3.001269 15.562711 10.578564
vn 0.000000 0.542660 -0.839952
vt 0.140625998 0.638854980
v -1.538641 15.562711 10.578564
vn 0.000000 0.542660 -0.839952
vt 0.140625998 0.625496984
v -1.538641 13.380814 14.966974
vn -0.000000 -0.543093 0.839673
vt 0.140676007 0.638854980
vn -0.000000 -0.838275 0.545248
vt 0.127307996 0.625496984
vn -0.000000 -0.838275 0.545248
vt 0.127299994 0.638854980
vn -0.000000 -0.543093 0.839673
vt 0.140676007 0.638854980
v -3.001269 13.380814 14.966974
vn -0.000000 -0.543093 0.839673
vt 0.140676007 0.625496984
vn -0.000000 -0.838275 0.545248
vt 0.127307996 0.625496984
v -3.001269 13.380818 9.168929
vn 0.000000 0.542660 -0.839952
vt 0.127259001 0.638854980
vn 0.000000 0.542660 -0.839952
vt 0.140625998 0.638854980
vn 0.000000 0.542660 -0.839952
vt 0.127259001 0.625496984
vn -0.000000 -0.542659 -0.839953
vt 0.127287000 0.625496984
vn -0.000000 -0.542659 -0.839953
vt 0.140625998 0.638854980
vn -0.000000 -0.542659 -0.839953
vt 0.140625998 0.625496984
vn -0.000000 -0.542659 -0.839953
vt 0.127287000 0.625496984
vn -0.000000 -0.542659 -0.839953
vt 0.127276003 0.638854980
vn -0.000000 -0.542659 -0.839953
vt 0.140625998 0.638854980
vn -0.000000 0.987749 0.156049
vt 0.140625998 0.625496984
vn -0.000000 0.987749 0.156049
vt 0.127259001 0.625496984
v -1.538641 15.038830 13.894589
vn -0.000000 0.838274 0.545249
vt 0.140643001 0.638854980
vn -0.000000 0.838274 0.545249
vt 0.140643001 0.638854980
vn -0.000000 0.543091 0.839674
vt 0.127316996 0.625496984
vn -0.000000 0.543091 0.839674
vt 0.127316996 0.638854980
vn -0.000000 0.838274 0.545249
vt 0.140643001 0.638854980
v -3.001269 15.038830 13.894589
vn -0.000000 0.838274 0.545249
vt 0.140643001 0.625496984
vn -0.000000 0.543091 0.839674
vt 0.127316996 0.625496984
vn -0.000000 0.987749 0.156049
vt 0.127259001 0.625496984
vn -0.000000 0.838274 0.545249
vt 0.127276003 0.638854980
vn -0.000000 0.838274 0.545249
vt 0.140643001 0.638854980
vn 1.000000 0.000000 0.000000
vt 0.128133997 0.635515988
vn 1.000000 -0.000000 0.000000
vt 0.128114000 0.628836989
vn 1.000000 -0.000000 0.000000
vt 0.133943006 0.638854980
vn 1.000000 -0.000000 0.000000
vt 0.128114000 0.628836989
vn 1.000000 -0.000000 0.000000
vt 0.133911997 0.625496984
vn 1.000000 -0.000000 0.000000
vt 0.133943006 0.638854980
vn 1.000000 -0.000000 0.000000
vt 0.133911997 0.625496984
vn 1.000000 0.000000 0.000000
vt 0.139717996 0.628836989
vn 1.000000 -0.000000 0.000000
vt 0.133943006 0.638854980
vn 1.000000 0.000000 0.000000
vt 0.139717996 0.628836989
vn 1.000000 0.000000 0.000000
vt 0.139745995 0.635515988
vn 1.000000 -0.000000 0.000000
vt 0.133943006 0.638854980
vn -1.000000 0.000000 0.000000
vt 0.139710993 0.635515988
vn -1.000000 0.000000 0.000000
vt 0.133943006 0.638854980
vn -1.000000 0.000000 0.000000
vt 0.139710993 0.628836989
vn -1.000000 0.000000 0.000000
vt 0.133943006 0.638854980
vn -1.000000 0.000000 0.000000
vt 0.133919999 0.625496984
vn -1.000000 0.000000 0.000000
vt 0.139710993 0.628836989
vn -1.000000 0.000000 0.000000
vt 0.128151998 0.635515988
vn -1.000000 0.000000 0.000000
vt 0.128157005 0.628836989
vn -1.000000 0.000000 0.000000
vt 0.133943006 0.638854980
vn -1.000000 0.000000 0.000000
vt 0.128157005 0.628836989
vn -1.000000 0.000000 0.000000
vt 0.133919999 0.625496984
vn -1.000000 0.000000 0.000000
vt 0.133943006 0.638854980
s 19
f 423/2137/2137 424/2138/2138 425/2139/2139
f 425/2140/2140 424/2141/2141 426/2142/2142
f 430/2146/2146 424/2147/2147 423/2148/2148
f 430/2149/2149 431/2150/2150 424/2151/2151
s 20
f 427/2143/2143 428/2144/2144 429/2145/2145
f 432/2152/2152 428/2153/2153 427/2154/2154
s 21
f 425/2155/2155 432/2156/2156 427/2157/2157
f 425/2158/2158 426/2159/2159 432/2160/2160
s 22
f 429/2161/2161 428/2162/2162 433/2163/2163
f 433/2164/2164 431/2165/2165 430/2166/2166
f 433/2167/2167 434/2168/2168 431/2169/2169
f 428/2170/2170 434/2171/2171 433/2172/2172
s 23
f 425/2173/2173 427/2174/2174 423/2175/2175
f 427/2176/2176 429/2177/2177 423/2178/2178
f 429/2179/2179 433/2180/2180 423/2181/2181
f 433/2182/2182 430/2183/2183 423/2184/2184
s 24
f 432/2185/2185 426/2186/2186 428/2187/2187
f 426/2188/2188 434/2189/2189 428/2190/2190
f 424/2191/2191 431/2192/2192 426/2193/2193
f 431/2194/2194 434/2195/2195 426/2196/2196
o ltooth,ox=2.10,oy=-4.72,oz=24.99,p=torso,
v 1.538641 11.722805 13.894588
vn -0.000000 -0.838275 0.545248
vt 0.127789006 0.637942016
v 3.001269 11.722805 13.894588
vn -0.000000 -0.838275 0.545248
vt 0.127795994 0.626093984
v 1.538641 13.380814 14.966974
vn -0.000000 -0.543093 0.839673
vt 0.139639005 0.637942016
vn -0.000000 -0.543093 0.839673
vt 0.139639005 0.637942016
vn -0.000000 -0.838275 0.545248
vt 0.127795994 0.626093984
v 3.001269 13.380814 14.966974
vn -0.000000 -0.543093 0.839673
vt 0.139639005 0.626093984
v 1.538641 15.562711 10.578564
vn 0.000000 0.542660 -0.839952
vt 0.139588997 0.626093984
v 3.001269 15.562711 10.578564
vn 0.000000 0.542660 -0.839952
vt 0.139588997 0.637942016
v 1.538641 13.380818 9.168929
vn 0.000000 0.542660 -0.839952
vt 0.127747998 0.626093984
v 1.538641 11.198924 10.578562
vn -0.000000 -0.987749 0.156049
vt 0.127774999 0.626093984
vn -0.000000 -0.838275 0.545248
vt 0.139626995 0.637942016
vn -0.000000 -0.838275 0.545248
vt 0.127789006 0.637942016
vn 0.000000 0.542660 -0.839952
vt 0.139588997 0.637942016
v 3.001269 13.380818 9.168929
vn 0.000000 0.542660 -0.839952
vt 0.127747998 0.637942016
vn 0.000000 0.542660 -0.839952
vt 0.127747998 0.626093984
v 3.001269 11.198924 10.578562
vn -0.000000 -0.987749 0.156049
vt 0.139622003 0.626093984
vn -0.000000 -0.838275 0.545248
vt 0.139626995 0.637942016
vn -0.000000 -0.987749 0.156049
vt 0.127774999 0.626093984
vn -0.000000 0.543091 0.839674
vt 0.127805993 0.637942016
vn -0.000000 0.543091 0.839674
vt 0.127805993 0.626093984
v 1.538641 15.038830 13.894589
vn -0.000000 0.838274 0.545249
vt 0.139605999 0.637942016
vn -0.000000 0.838274 0.545249
vt 0.139605999 0.637942016
vn -0.000000 0.987749 0.156049
vt 0.127747998 0.626093984
vn -0.000000 0.987749 0.156049
vt 0.139588997 0.626093984
vn -0.000000 0.838274 0.545249
vt 0.139605999 0.637942016
v 3.001269 15.038830 13.894589
vn -0.000000 0.838274 0.545249
vt 0.127764001 0.637942016
vn -0.000000 0.987749 0.156049
vt 0.127747998 0.626093984
vn -0.000000 0.838274 0.545249
vt 0.139605999 0.637942016
vn -0.000000 0.543091 0.839674
vt 0.127805993 0.626093984
vn -0.000000 0.838274 0.545249
vt 0.139605999 0.626093984
vn -0.000000 -0.542659 -0.839953
vt 0.139588997 0.626093984
vn -0.000000 -0.542659 -0.839953
vt 0.139588997 0.637942016
vn -0.000000 -0.542659 -0.839953
vt 0.127774999 0.626093984
vn -0.000000 -0.542659 -0.839953
vt 0.139588997 0.637942016
vn -0.000000 -0.542659 -0.839953
vt 0.127764001 0.637942016
vn -0.000000 -0.542659 -0.839953
vt 0.127774999 0.626093984
vn -1.000000 0.000000 0.000000
vt 0.138831005 0.634980023
vn -1.000000 -0.000000 0.000000
vt 0.138803005 0.629055977
vn -1.000000 -0.000000 0.000000
vt 0.133698002 0.637942016
vn -1.000000 -0.000000 0.000000
vt 0.138803005 0.629055977
vn -1.000000 -0.000000 0.000000
vt 0.133668005 0.626093984
vn -1.000000 -0.000000 0.000000
vt 0.133698002 0.637942016
vn -1.000000 -0.000000 0.000000
vt 0.133668005 0.626093984
vn -1.000000 0.000000 0.000000
vt 0.128540993 0.629055977
vn -1.000000 -0.000000 0.000000
vt 0.133698002 0.637942016
vn -1.000000 0.000000 0.000000
vt 0.128540993 0.629055977
vn -1.000000 0.000000 0.000000
vt 0.128562003 0.634980023
vn -1.000000 -0.000000 0.000000
vt 0.133698002 0.637942016
vn 1.000000 0.000000 0.000000
vt 0.138795003 0.629055977
vn 1.000000 0.000000 0.000000
vt 0.133699000 0.637942016
vn 1.000000 0.000000 0.000000
vt 0.138795003 0.634980023
vn 1.000000 0.000000 0.000000
vt 0.138795003 0.629055977
vn 1.000000 0.000000 0.000000
vt 0.133674994 0.626093984
vn 1.000000 0.000000 0.000000
vt 0.133699000 0.637942016
vn 1.000000 0.000000 0.000000
vt 0.133674994 0.626093984
vn 1.000000 0.000000 0.000000
vt 0.128583997 0.629055977
vn 1.000000 0.000000 0.000000
vt 0.133699000 0.637942016
vn 1.000000 0.000000 0.000000
vt 0.128583997 0.629055977
vn 1.000000 0.000000 0.000000
vt 0.128580004 0.634980023
vn 1.000000 0.000000 0.000000
vt 0.133699000 0.637942016
s 19
f 435/2197/2197 436/2198/2198 437/2199/2199
f 437/2200/2200 436/2201/2201 438/2202/2202
f 442/2206/2206 436/2207/2207 435/2208/2208
f 444/2212/2212 436/2213/2213 442/2214/2214
s 20
f 439/2203/2203 440/2204/2204 441/2205/2205
f 440/2209/2209 443/2210/2210 441/2211/2211
s 21
f 437/2215/2215 438/2216/2216 445/2217/2217
f 445/2218/2218 440/2219/2219 439/2220/2220
f 445/2221/2221 446/2222/2222 440/2223/2223
f 445/2224/2224 438/2225/2225 446/2226/2226
s 22
f 441/2227/2227 443/2228/2228 442/2229/2229
f 443/2230/2230 444/2231/2231 442/2232/2232
s 23
f 437/2233/2233 445/2234/2234 435/2235/2235
f 445/2236/2236 439/2237/2237 435/2238/2238
f 439/2239/2239 441/2240/2240 435/2241/2241
f 441/2242/2242 442/2243/2243 435/2244/2244
s 24
f 440/2245/2245 444/2246/2246 443/2247/2247
f 440/2248/2248 446/2249/2249 444/2250/2250
f 446/2251/2251 438/2252/2252 444/2253/2253
f 438/2254/2254 436/2255/2255 444/2256/2256
o lthigh,ox=6.30,oy=-0.42,oz=0.00,p=pelvis,
v 11.202665 14.457352 -14.993548
vn 0.000000 0.977739 -0.209827
vt -0.000405000 0.015016000
v 10.569366 15.035099 -12.301397
vn 0.000000 0.977739 -0.209827
vt -0.000426000 0.015016000
v 11.202665 15.035099 -12.301397
vn 0.000000 0.977739 -0.209827
vt -0.000404000 0.015016000
vn 0.000000 0.977739 -0.209827
vt -0.000405000 0.015016000
v 10.569366 14.457352 -14.993548
vn 0.000000 0.977739 -0.209827
vt -0.000426000 0.015016000
vn 0.000000 0.977739 -0.209827
vt -0.000426000 0.015016000
v 10.904658 20.484120 -9.912949
vn 0.960024 0.125495 0.250212
vt 0.117422998 0.665811002
v 10.876004 18.818800 -8.573752
vn 0.999837 -0.002846 0.017854
vt 0.101308003 0.665811002
v 10.876003 15.713194 -9.068786
vn 0.948171 -0.068854 0.310210
vt 0.101304002 0.625096023
vn 0.960024 0.125495 0.250212
vt 0.117422998 0.665811002
vn 0.948171 -0.068854 0.310210
vt 0.101304002 0.625096023
v 11.748425 17.378515 -10.407981
vn 0.972233 0.000264 0.234017
vt 0.117426001 0.625091016
vn 0.960024 0.125495 0.250212
vt 0.102229998 0.625091016
vn 0.972233 0.000264 0.234017
vt 0.117426001 0.625091016
v 11.356914 19.990378 -15.008677
vn 0.961993 0.268924 -0.047421
vt 0.102231003 0.665922999
vn 0.972233 0.000264 0.234017
vt 0.117426001 0.625091016
v 12.200680 16.884771 -15.503714
vn 0.996773 -0.020803 -0.077526
vt 0.117429003 0.665922999
vn 0.961993 0.268924 -0.047421
vt 0.102231003 0.665922999
vn 0.961993 0.268924 -0.047421
vt 0.102049001 0.665319026
vn 0.996773 -0.020803 -0.077526
vt 0.102049001 0.625334024
v 11.368024 17.547638 -17.679955
vn 0.936208 0.174544 -0.305040
vt 0.117186002 0.665319026
vn 0.996773 -0.020803 -0.077526
vt 0.102049001 0.625334024
v 11.368023 14.442032 -18.174988
vn 0.960479 -0.267926 -0.075471
vt 0.117184997 0.625334024
vn 0.936208 0.174544 -0.305040
vt 0.117186002 0.665319026
v 8.605353 14.442032 -18.174986
vn 0.000001 -0.990397 0.138252
vt 0.232942998 0.826821029
v 8.898186 14.442032 -18.174988
vn 0.000002 -0.990397 0.138252
vt 0.232942998 0.829568028
v 8.659311 15.713194 -9.068783
vn 0.000002 -0.990397 0.138252
vt 0.204728007 0.827327013
vn 0.000002 -0.990397 0.138252
vt 0.232942998 0.829568028
v 8.844228 15.713194 -9.068786
vn 0.000002 -0.990397 0.138252
vt 0.204728007 0.829061985
vn 0.000002 -0.990397 0.138252
vt 0.204728007 0.827327013
v 11.202665 8.406663 -10.753731
vn -0.000000 -0.813035 0.582215
vt 0.784264028 0.410488993
v 10.569366 8.281107 -11.338782
vn -0.000000 -0.993698 -0.112094
vt 0.774921000 0.407608986
v 11.202665 8.281107 -11.338782
vn -0.000000 -0.975081 -0.221850
vt 0.784264982 0.407608986
vn -0.000000 -0.813035 0.582215
vt 0.784264028 0.410488993
v 10.569366 8.406663 -10.753731
vn -0.000000 -0.721142 0.692787
vt 0.774921000 0.410488009
vn -0.000000 -0.993698 -0.112094
vt 0.774921000 0.407608986
vn -0.000000 0.913632 -0.406542
vt 0.116814002 0.625337005
v 6.149431 19.990378 -15.008676
vn -0.000000 0.913632 -0.406542
vt 0.116791002 0.665436983
vn 0.000000 0.975809 0.218623
vt 0.102163002 0.625337005
vn -0.000000 0.913632 -0.406542
vt 0.116791002 0.665436983
v 6.149431 20.484120 -9.912946
vn 0.000000 0.838362 0.545113
vt 0.102149002 0.665436983
vn 0.000000 0.975809 0.218623
vt 0.102163002 0.625337005
vn -0.000000 0.913632 -0.406542
vt 0.102168001 0.625337005
vn -0.000000 0.474207 -0.880413
vt 0.116816998 0.625337005
vn -0.000000 0.913632 -0.406542
vt 0.102142997 0.665436983
vn -0.000000 0.474207 -0.880413
vt 0.116816998 0.625337005
v 6.149431 17.547640 -17.679953
vn -0.000000 0.474207 -0.880413
vt 0.116809003 0.665436983
vn -0.000000 0.913632 -0.406542
vt 0.102142997 0.665436983
vn 0.000000 0.838362 0.545113
vt 0.116792001 0.665436983
vn 0.000001 0.256697 0.966492
vt 0.102150001 0.625337005
vn 0.000000 0.975809 0.218623
vt 0.116802000 0.625337005
vn 0.000000 0.838362 0.545113
vt 0.116792001 0.665436983
v 6.149431 18.818800 -8.573750
vn 0.000000 0.256697 0.966492
vt 0.102139004 0.665436983
vn 0.000001 0.256697 0.966492
vt 0.102150001 0.625337005
vn -0.000000 0.474207 -0.880413
vt 0.101682000 0.664479971
v 6.113781 14.442032 -18.174986
vn -0.000000 0.157413 -0.987533
vt 0.117671996 0.625940979
vn -0.000000 0.474207 -0.880413
vt 0.101677001 0.626203001
vn -0.000000 0.474207 -0.880413
vt 0.101682000 0.664479971
vn -0.000000 0.157413 -0.987533
vt 0.117674001 0.664479971
vn -0.000000 0.157413 -0.987533
vt 0.117671996 0.625940979
vn 0.000001 0.256697 0.966492
vt 0.101164997 0.666338027
v 6.149431 15.713194 -9.068783
vn 0.000001 -0.157413 0.987533
vt 0.117082000 0.625554979
vn 0.000001 -0.157413 0.987533
vt 0.117092997 0.666338027
vn 0.000001 0.256697 0.966492
vt 0.101164997 0.666338027
vn 0.000000 0.256697 0.966492
vt 0.101154998 0.625554979
vn 0.000001 -0.157413 0.987533
vt 0.117082000 0.625554979
v 10.602325 6.901417 -11.320659
vn -0.000000 -0.941252 -0.337706
vt 0.231529996 0.834155023
v 9.553384 7.606382 -12.326131
vn -0.000000 -0.695367 -0.718655
vt 0.234580994 0.823724985
v 10.602325 7.606382 -12.326131
vn -0.000000 -0.695367 -0.718655
vt 0.234587997 0.834155977
vn -0.000000 -0.941252 -0.337706
vt 0.231529996 0.834155023
v 9.553384 6.901417 -11.320659
vn -0.000000 -0.998454 -0.055579
vt 0.231525004 0.823724985
vn -0.000000 -0.695367 -0.718655
vt 0.234580994 0.823724985
vn -0.000000 -0.941252 -0.337706
vt 0.231529996 0.834155023
v 10.602325 7.255685 -9.669857
vn -0.000000 -0.880528 0.473994
vt 0.226037994 0.834155023
vn -0.000000 -0.998454 -0.055579
vt 0.231525004 0.823724985
vn -0.000000 -0.998454 -0.055579
vt 0.231525004 0.823724985
vn -0.000000 -0.880528 0.473994
vt 0.226037994 0.834155023
v 9.553384 7.255685 -9.669857
vn -0.000000 -0.694832 0.719172
vt 0.226032004 0.823724985
vn -0.000000 -0.880528 0.473994
vt 0.226037994 0.834155023
v 10.602325 8.315217 -9.110470
vn -0.000000 -0.142654 0.989773
vt 0.223168001 0.834155023
vn -0.000000 -0.694832 0.719172
vt 0.226032004 0.823724985
vn -0.000000 -0.694832 0.719172
vt 0.226032004 0.823724985
vn -0.000000 -0.142654 0.989773
vt 0.223168001 0.834155023
v 9.553384 8.315217 -9.110470
vn -0.000000 -0.142654 0.989773
vt 0.223167002 0.823724985
v 7.950153 6.901417 -11.320658
vn -0.000000 -0.941252 -0.337706
vt 0.231149003 0.834275007
v 6.901213 7.606382 -12.326129
vn -0.000000 -0.695367 -0.718655
vt 0.234395996 0.823328972
v 7.950153 7.606382 -12.326129
vn -0.000000 -0.695367 -0.718655
vt 0.234386995 0.834275007
vn -0.000000 -0.941252 -0.337706
vt 0.231149003 0.834275007
v 6.901213 6.901417 -11.320658
vn -0.000000 -0.998454 -0.055579
vt 0.231154993 0.823328972
vn -0.000000 -0.695367 -0.718655
vt 0.234395996 0.823328972
vn -0.000000 -0.941252 -0.337706
vt 0.231149003 0.834275007
v 7.950153 7.255685 -9.669855
vn -0.000000 -0.880528 0.473994
vt 0.225350007 0.834275007
vn -0.000000 -0.998454 -0.055579
vt 0.231154993 0.823328972
vn -0.000000 -0.998454 -0.055579
vt 0.231154993 0.823328972
vn -0.000000 -0.880528 0.473994
vt 0.225350007 0.834275007
v 6.901213 7.255685 -9.669855
vn -0.000000 -0.694832 0.719172
vt 0.225360006 0.823328972
vn -0.000000 -0.880528 0.473994
vt 0.225350007 0.834275007
v 7.950153 8.315217 -9.110467
vn -0.000000 -0.142654 0.989773
vt 0.222369999 0.834275007
vn -0.000000 -0.694832 0.719172
vt 0.225360006 0.823328972
vn -0.000000 -0.694832 0.719172
vt 0.225360006 0.823328972
vn -0.000000 -0.142654 0.989773
vt 0.222369999 0.834275007
v 6.901213 8.315217 -9.110467
vn -0.000000 -0.142654 0.989773
vt 0.222369999 0.823328972
vn 0.915579 -0.398697 0.052497
vt 0.223043993 0.832176983
v 7.950153 13.176756 -15.964114
vn 0.978668 -0.203689 0.026820
vt 0.232262000 0.829424977
vn 0.919351 -0.390370 0.049045
vt 0.234653994 0.832176983
vn 0.915579 -0.398697 0.052497
vt 0.223043993 0.832176983
v 7.950153 13.961914 -10.252043
vn 0.990193 -0.138405 0.019025
vt 0.224930003 0.829298973
vn 0.978668 -0.203689 0.026820
vt 0.232262000 0.829424977
vn 0.978668 -0.203689 0.026820
vt 0.232262000 0.829424977
vn 0.990193 -0.138405 0.019025
vt 0.224930003 0.829298973
vn 1.000000 0.000000 0.000000
vt 0.227966994 0.825177014
vn 0.978668 -0.203689 0.026820
vt 0.232262000 0.829424977
vn 1.000000 0.000000 0.000000
vt 0.227966994 0.825177014
vn 1.000000 -0.000000 0.000000
vt 0.229065999 0.825704992
vn 1.000000 0.000000 0.000000
vt 0.227966994 0.825177014
vn 0.990193 -0.138405 0.019025
vt 0.224930003 0.829298973
vn 1.000000 0.000000 0.000000
vt 0.224871993 0.825793982
vn 1.000000 0.000000 0.000000
vt 0.227966994 0.825177014
vn 1.000000 0.000000 0.000000
vt 0.224871993 0.825793982
vn 1.000000 0.000000 0.000000
vt 0.225831002 0.825217009
vn -0.919351 -0.390369 0.049045
vt 0.234647006 0.832176983
v 9.553384 13.176756 -15.964115
vn -0.978668 -0.203689 0.026820
vt 0.232258007 0.829424977
vn -0.915579 -0.398696 0.052496
vt 0.223028004 0.832176983
vn -0.978668 -0.203689 0.026820
vt 0.232258007 0.829424977
v 9.553384 13.961914 -10.252045
vn -0.990193 -0.138404 0.019024
vt 0.224922001 0.829298973
vn -0.915579 -0.398696 0.052496
vt 0.223028004 0.832176983
vn -0.978668 -0.203689 0.026820
vt 0.232258007 0.829424977
vn -1.000000 0.000000 0.000000
vt 0.225833997 0.825217009
vn -0.990193 -0.138404 0.019024
vt 0.224922001 0.829298973
vn -0.990193 -0.138404 0.019024
vt 0.224922001 0.829298973
vn -1.000000 0.000000 0.000000
vt 0.225833997 0.825217009
vn -1.000000 -0.000000 0.000000
vt 0.224862993 0.825793982
vn -0.978668 -0.203689 0.026820
vt 0.232258007 0.829424977
vn -1.000000 0.000000 0.000000
vt 0.229066998 0.825704992
vn -1.000000 0.000000 0.000000
vt 0.225833997 0.825217009
vn -1.000000 0.000000 0.000000
vt 0.227968007 0.825177014
vn -1.000000 0.000000 0.000000
vt 0.225833997 0.825217009
vn -1.000000 0.000000 0.000000
vt 0.229066998 0.825704992
vn 0.948171 -0.068854 0.310210
vt 0.223738000 0.827461004
v 10.602325 13.961914 -10.252045
vn 0.966530 -0.243820 0.079820
vt 0.223612994 0.828649998
vn 0.972233 0.000264 0.234017
vt 0.222340003 0.827187002
vn 0.966530 -0.243820 0.079820
vt 0.223612994 0.828649998
vn 0.996773 -0.020803 -0.077526
vt 0.220937997 0.827857018
vn 0.972233 0.000264 0.234017
vt 0.222340003 0.827187002
vn 0.966530 -0.243820 0.079820
vt 0.223612994 0.828649998
vn 0.960479 -0.267926 -0.075471
vt 0.219533995 0.828908980
vn 0.996773 -0.020803 -0.077526
vt 0.220937997 0.827857018
vn 0.966530 -0.243820 0.079820
vt 0.223612994 0.828649998
v 10.602325 13.176756 -15.964115
vn 0.988568 -0.149371 0.020532
vt 0.220872000 0.830114007
vn 0.960479 -0.267926 -0.075471
vt 0.219533995 0.828908980
vn 1.000000 0.000000 0.000000
vt 0.225631997 0.837711990
vn 1.000000 0.000000 0.000000
vt 0.235517994 0.835560977
vn 1.000000 0.000000 0.000000
vt 0.232467994 0.837464988
vn 1.000000 0.000000 0.000000
vt 0.225631997 0.837711990
vn 0.966530 -0.243820 0.079820
vt 0.235090002 0.824315012
vn 1.000000 0.000000 0.000000
vt 0.235517994 0.835560977
vn 1.000000 0.000000 0.000000
vt 0.225631997 0.837711990
vn 0.988568 -0.149371 0.020532
vt 0.211656004 0.824312985
vn 0.966530 -0.243820 0.079820
vt 0.235090002 0.824315012
vn 1.000000 0.000000 0.000000
vt 0.225631997 0.837711990
vn 1.000000 0.000000 0.000000
vt 0.222091004 0.836076975
vn 0.988568 -0.149371 0.020532
vt 0.211656004 0.824312985
vn -1.000000 -0.000000 0.000000
vt 0.224022001 0.835916996
vn -0.995155 -0.088022 0.043811
vt 0.220236003 0.833967984
vn -0.997267 -0.073242 -0.009670
vt 0.226464003 0.835916996
vn -0.995155 -0.088022 0.043811
vt 0.220236003 0.833967984
v 6.149431 13.176756 -15.964114
vn -0.995657 -0.093099 -0.000344
vt 0.236350000 0.830263972
vn -0.997267 -0.073242 -0.009670
vt 0.226464003 0.835916996
vn -0.995155 -0.088022 0.043811
vt 0.220236003 0.833967984
v 6.149431 13.961914 -10.252043
vn -0.998765 -0.036457 0.033760
vt 0.223149002 0.823974013
vn -0.995657 -0.093099 -0.000344
vt 0.236350000 0.830263972
vn -0.995155 -0.088022 0.043811
vt 0.220236003 0.833967984
vn -0.979395 -0.094288 0.178591
vt 0.219014004 0.832095981
vn -0.998765 -0.036457 0.033760
vt 0.223149002 0.823974013
vn 1.000000 -0.000000 0.000000
vt 0.035817001 0.505024016
v 11.202665 8.817329 -10.507959
vn 1.000000 0.000000 0.000000
vt 0.031117000 0.503196001
vn 1.000000 0.000000 0.000000
vt 0.033071000 0.503334999
vn 1.000000 -0.000000 0.000000
vt 0.035817001 0.505024016
vn 1.000000 -0.000000 0.000000
vt 0.024769001 0.518911004
vn 1.000000 0.000000 0.000000
vt 0.031117000 0.503196001
vn 1.000000 -0.000000 0.000000
vt 0.035817001 0.505024016
v 11.202665 8.556864 -11.713479
vn 1.000000 0.000000 0.000000
vt 0.036793999 0.506675005
vn 1.000000 -0.000000 0.000000
vt 0.024769001 0.518911004
vn 1.000000 -0.000000 0.000000
vt 0.035817001 0.505024016
v 11.202665 8.517469 -11.846025
vn 1.000000 0.000000 0.000000
vt 0.036793999 0.506623983
vn 1.000000 0.000000 0.000000
vt 0.036793999 0.506675005
vn 1.000000 0.000000 0.000000
vt 0.036793999 0.506675005
vn 1.000000 0.000000 0.000000
vt 0.037402999 0.526687026
vn 1.000000 -0.000000 0.000000
vt 0.024769001 0.518911004
vn 1.000000 0.000000 0.000000
vt 0.036793999 0.506675005
vn 1.000000 0.000000 0.000000
vt 0.037404001 0.507040024
vn 1.000000 0.000000 0.000000
vt 0.037402999 0.526687026
vn -1.000000 -0.000000 0.000000
vt -0.000426000 0.015016000
v 10.569366 8.517469 -11.846025
vn -1.000000 0.000000 0.000000
vt -0.000426000 0.015016000
vn -1.000000 0.000000 0.000000
vt -0.000426000 0.015016000
vn -1.000000 -0.000000 0.000000
vt -0.000426000 0.015016000
vn -1.000000 -0.000000 0.000000
vt -0.000426000 0.015016000
vn -1.000000 0.000000 0.000000
vt -0.000426000 0.015016000
vn -1.000000 -0.000000 0.000000
vt -0.000426000 0.015016000
v 10.569366 8.758658 -10.624189
vn -1.000000 -0.000000 0.000000
vt -0.000426000 0.015016000
vn -1.000000 -0.000000 0.000000
vt -0.000426000 0.015016000
vn -1.000000 -0.000000 0.000000
vt -0.000426000 0.015016000
v 10.569366 8.817329 -10.507959
vn -1.000000 0.000000 0.000000
vt -0.000426000 0.015016000
vn -1.000000 -0.000000 0.000000
vt -0.000426000 0.015016000
vn -1.000000 -0.000000 0.000000
vt -0.000426000 0.015016000
vn -1.000000 0.000000 0.000000
vt -0.000426000 0.015016000
vn -1.000000 -0.000000 0.000000
vt -0.000426000 0.015016000
vn -1.000000 0.000000 0.000000
vt -0.000426000 0.015016000
vn -1.000000 0.000000 0.000000
vt -0.000426000 0.015016000
vn -1.000000 -0.000000 0.000000
vt -0.000426000 0.015016000
vn -0.000000 -0.867918 -0.496707
vt 0.233687997 0.825479984
vn -0.000000 -0.727569 -0.686034
vt 0.230266005 0.829041004
vn -0.000000 -0.867918 -0.496707
vt 0.220686004 0.825479984
vn -0.000000 -0.727569 -0.686034
vt 0.230266005 0.829041004
vn -0.000000 -0.727569 -0.686034
vt 0.220868006 0.829041004
vn -0.000000 -0.867918 -0.496707
vt 0.220686004 0.825479984
vn -0.000000 -0.727569 -0.686034
vt 0.230266005 0.829041004
vn -0.000000 -0.695367 -0.718655
vt 0.224757999 0.835650027
vn -0.000000 -0.727569 -0.686034
vt 0.220868006 0.829041004
vn -0.000000 -0.727569 -0.686034
vt 0.230266005 0.829041004
vn -0.000000 -0.695367 -0.718655
vt 0.230240002 0.835650027
vn -0.000000 -0.695367 -0.718655
vt 0.224757999 0.835650027
vn -0.000000 -0.559845 0.828597
vt 0.223958999 0.842624009
vn -0.000000 -0.196082 0.980588
vt 0.227743000 0.839702010
vn -0.000000 -0.559845 0.828597
vt 0.234888002 0.842624009
vn -0.000000 -0.196082 0.980588
vt 0.227743000 0.839702010
vn -0.000000 -0.196082 0.980588
vt 0.233363003 0.839702010
vn -0.000000 -0.559845 0.828597
vt 0.234888002 0.842624009
vn -0.000000 -0.196082 0.980588
vt 0.227743000 0.839702010
vn -0.000000 -0.142654 0.989773
vt 0.233365998 0.834843993
vn -0.000000 -0.196082 0.980588
vt 0.233363003 0.839702010
vn -0.000000 -0.196082 0.980588
vt 0.227743000 0.839702010
vn -0.000000 -0.142654 0.989773
vt 0.227749005 0.834843993
vn -0.000000 -0.142654 0.989773
vt 0.233365998 0.834843993
vn -0.000000 -0.867918 -0.496707
vt 0.236497000 0.824047983
vn -0.000000 -0.727569 -0.686034
vt 0.230513006 0.829394996
vn -0.000000 -0.867918 -0.496707
vt 0.217146993 0.824047983
vn -0.000000 -0.727569 -0.686034
vt 0.230513006 0.829394996
vn -0.000000 -0.727569 -0.686034
vt 0.222270995 0.829394996
vn -0.000000 -0.867918 -0.496707
vt 0.217146993 0.824047983
vn -0.000000 -0.727569 -0.686034
vt 0.230513006 0.829394996
vn -0.000000 -0.695367 -0.718655
vt 0.222253993 0.839317024
vn -0.000000 -0.727569 -0.686034
vt 0.222270995 0.829394996
vn -0.000000 -0.727569 -0.686034
vt 0.230513006 0.829394996
vn -0.000000 -0.695367 -0.718655
vt 0.230501994 0.839317024
vn -0.000000 -0.695367 -0.718655
vt 0.222253993 0.839317024
vn -0.000000 -0.559845 0.828597
vt 0.223950997 0.834840000
vn -0.000000 -0.196082 0.980588
vt 0.223954007 0.831919014
vn -0.000000 -0.559845 0.828597
vt 0.237446994 0.834840000
vn -0.000000 -0.196082 0.980588
vt 0.223954007 0.831919014
vn -0.000000 -0.196082 0.980588
vt 0.233600006 0.831919014
vn -0.000000 -0.559845 0.828597
vt 0.237446994 0.834840000
vn -0.000000 -0.196082 0.980588
vt 0.223954007 0.831919014
vn -0.000000 -0.142654 0.989773
vt 0.233606994 0.827060997
vn -0.000000 -0.196082 0.980588
vt 0.233600006 0.831919014
vn -0.000000 -0.196082 0.980588
vt 0.223954007 0.831919014
vn -0.000000 -0.142654 0.989773
vt 0.227991000 0.827060997
vn -0.000000 -0.142654 0.989773
vt 0.233606994 0.827060997
v 11.170100 8.817329 -10.507959
vn -0.000000 -0.128880 0.991660
vt 0.893396974 0.094770998
vn -0.000000 -0.813035 0.582215
vt 0.893576026 0.092632003
vn -0.000000 -0.128880 0.991660
vt 0.893580019 0.094770998
vn -0.000000 0.277139 0.960830
vt 0.893577993 0.137189999
vn -0.000000 -0.128880 0.991660
vt 0.893396974 0.094770998
vn -0.000000 -0.128880 0.991660
vt 0.893580019 0.094770998
vn -0.000000 0.277139 0.960830
vt 0.893577993 0.137189999
vn -0.000000 0.277139 0.960830
vt 0.889589012 0.137189999
vn -0.000000 -0.128880 0.991660
vt 0.893396974 0.094770998
vn -0.000000 -0.128880 0.991660
vt 0.893396974 0.094770998
vn -0.000000 0.277139 0.960830
vt 0.889589012 0.137189999
vn -0.000000 -0.128880 0.991660
vt 0.889608026 0.094770998
vn -0.000000 -0.128880 0.991660
vt 0.893396974 0.094770998
vn -0.000000 -0.128880 0.991660
vt 0.889608026 0.094770998
vn -0.000000 -0.721142 0.692787
vt 0.889605999 0.092472002
vn -0.000000 -0.128880 0.991660
vt 0.893396974 0.094770998
vn -0.000000 -0.721142 0.692787
vt 0.889605999 0.092472002
vn -0.000000 -0.813035 0.582215
vt 0.893576026 0.092472002
vn -0.999993 0.003649 0.001112
vt -0.000426000 0.015016000
vn -0.999834 0.013436 -0.012286
vt -0.000403000 0.015016000
vn -0.999996 -0.000674 0.002877
vt -0.000399000 0.015016000
vn -0.999993 0.003649 0.001112
vt -0.000426000 0.015016000
vn -0.999996 -0.000674 0.002877
vt -0.000399000 0.015016000
v 6.149432 16.884773 -15.503710
vn -0.999991 0.001316 0.004134
vt -0.000426000 0.015016000
vn -0.999993 0.003649 0.001112
vt -0.000426000 0.015016000
vn -0.999991 0.001316 0.004134
vt -0.000426000 0.015016000
vn -1.000000 -0.000000 -0.000000
vt -0.000420000 0.015016000
vn -0.999996 -0.000674 0.002877
vt -0.000399000 0.015016000
vn -0.995657 -0.093099 -0.000344
vt -0.000406000 0.015016000
vn -0.998765 -0.036457 0.033760
vt -0.000423000 0.015016000
vn -0.999991 0.001316 0.004134
vt -0.000426000 0.015016000
vn -0.999996 -0.000674 0.002877
vt -0.000399000 0.015016000
vn -0.998765 -0.036457 0.033760
vt -0.000423000 0.015016000
vn -0.999991 0.001316 0.004134
vt -0.000426000 0.015016000
vn -0.998765 -0.036457 0.033760
vt -0.000423000 0.015016000
v 6.149431 17.378515 -10.407978
vn -1.000000 0.000000 -0.000000
vt -0.000426000 0.015016000
vn -0.999991 0.001316 0.004134
vt -0.000426000 0.015016000
vn -1.000000 0.000000 -0.000000
vt -0.000426000 0.015016000
vn -1.000000 -0.000000 -0.000000
vt -0.000420000 0.015016000
vn -1.000000 -0.000000 -0.000000
vt -0.000420000 0.015016000
vn -1.000000 0.000000 -0.000000
vt -0.000426000 0.015016000
vn -1.000000 -0.000000 0.000000
vt -0.000422000 0.015016000
vn -1.000000 0.000000 -0.000000
vt -0.000426000 0.015016000
vn -1.000000 -0.000000 0.000000
vt -0.000426000 0.015016000
vn -1.000000 -0.000000 0.000000
vt -0.000422000 0.015016000
vn -1.000000 0.000000 -0.000000
vt -0.000426000 0.015016000
vn -0.998765 -0.036457 0.033760
vt -0.000423000 0.015016000
vn -1.000000 -0.000000 0.000000
vt -0.000426000 0.015016000
vn -0.000000 -0.975081 -0.221850
vt 0.893581986 0.098627999
v 10.600776 8.517469 -11.846025
vn -0.000000 -0.724981 -0.688769
vt 0.889855981 0.100584000
vn -0.000000 -0.724981 -0.688769
vt 0.893586993 0.100584000
vn -0.000000 -0.724981 -0.688769
vt 0.889855981 0.100584000
vn -0.000000 -0.468222 -0.883611
vt 0.893583000 0.138070002
vn -0.000000 -0.724981 -0.688769
vt 0.893586993 0.100584000
vn -0.000000 -0.975081 -0.221850
vt 0.893581986 0.098627999
vn -0.000000 -0.993698 -0.112094
vt 0.889667988 0.098627999
vn -0.000000 -0.724981 -0.688769
vt 0.889855981 0.100584000
vn -0.000000 -0.724981 -0.688769
vt 0.889855981 0.100584000
vn -0.000000 -0.468222 -0.883611
vt 0.889649987 0.138070002
vn -0.000000 -0.468222 -0.883611
vt 0.893583000 0.138070002
vn -0.000000 -0.724981 -0.688769
vt 0.889855981 0.100584000
vn -0.000000 -0.724981 -0.688769
vt 0.889669001 0.100584000
vn -0.000000 -0.468222 -0.883611
vt 0.889649987 0.138070002
vn -0.000000 -0.724981 -0.688769
vt 0.889855981 0.100584000
vn -0.000000 -0.993698 -0.112094
vt 0.889667988 0.098627999
vn -0.000000 -0.724981 -0.688769
vt 0.889669001 0.100584000
s 6
f 447/2257/2257 448/2258/2258 449/2259/2259
f 447/2260/2260 450/2261/2261 448/2262/2262
s 7
f 451/2263/2263 452/2264/2264 453/2265/2265
f 451/2266/2266 453/2267/2267 454/2268/2268
f 451/2269/2269 454/2270/2270 455/2271/2271
f 454/2272/2272 456/2273/2273 455/2274/2274
f 455/2275/2275 456/2276/2276 457/2277/2277
f 456/2278/2278 458/2279/2279 457/2280/2280
f 453/2395/2395 493/2396/2396 454/2397/2397
f 493/2398/2398 456/2399/2399 454/2400/2400
f 493/2401/2401 458/2402/2402 456/2403/2403
f 493/2404/2404 494/2405/2405 458/2406/2406
f 473/2407/2407 479/2408/2408 477/2409/2409
f 473/2410/2410 493/2411/2411 479/2412/2412
f 473/2413/2413 494/2414/2414 493/2415/2415
f 473/2416/2416 475/2417/2417 494/2418/2418
s 8
f 459/2281/2281 460/2282/2282 461/2283/2283
f 460/2284/2284 462/2285/2285 461/2286/2286
s 9
f 463/2287/2287 464/2288/2288 465/2289/2289
f 463/2290/2290 466/2291/2291 464/2292/2292
f 503/2515/2515 463/2516/2516 497/2517/2517
f 449/2518/2518 503/2519/2519 497/2520/2520
f 449/2521/2521 448/2522/2522 503/2523/2523
f 503/2524/2524 448/2525/2525 502/2526/2526
f 503/2527/2527 502/2528/2528 466/2529/2529
f 503/2530/2530 466/2531/2531 463/2532/2532
f 465/2563/2563 506/2564/2564 499/2565/2565
f 506/2566/2566 447/2567/2567 499/2568/2568
f 465/2569/2569 464/2570/2570 506/2571/2571
f 506/2572/2572 450/2573/2573 447/2574/2574
f 506/2575/2575 500/2576/2576 450/2577/2577
f 506/2578/2578 464/2579/2579 500/2580/2580
s 10
f 455/2293/2293 467/2294/2294 451/2295/2295
f 467/2296/2296 468/2297/2297 451/2298/2298
f 455/2299/2299 457/2300/2300 467/2301/2301
f 457/2302/2302 469/2303/2303 467/2304/2304
f 468/2305/2305 452/2306/2306 451/2307/2307
f 468/2308/2308 470/2309/2309 452/2310/2310
f 457/2311/2311 471/2312/2312 469/2313/2313
f 457/2314/2314 458/2315/2315 471/2316/2316
f 452/2317/2317 472/2318/2318 453/2319/2319
f 452/2320/2320 470/2321/2321 472/2322/2322
s 11
f 473/2323/2323 474/2324/2324 475/2325/2325
f 473/2326/2326 476/2327/2327 474/2328/2328
f 473/2329/2329 477/2330/2330 476/2331/2331
f 476/2332/2332 477/2333/2333 478/2334/2334
f 477/2335/2335 479/2336/2336 478/2337/2337
f 478/2338/2338 479/2339/2339 480/2340/2340
f 462/2479/2479 492/2480/2480 453/2481/2481
f 492/2482/2482 493/2483/2483 453/2484/2484
f 492/2485/2485 479/2486/2486 493/2487/2487
f 492/2488/2488 480/2489/2489 479/2490/2490
f 458/2491/2491 494/2492/2492 460/2493/2493
f 494/2494/2494 491/2495/2495 460/2496/2496
f 494/2497/2497 474/2498/2498 491/2499/2499
f 494/2500/2500 475/2501/2501 474/2502/2502
s 12
f 481/2341/2341 482/2342/2342 483/2343/2343
f 481/2344/2344 484/2345/2345 482/2346/2346
f 481/2347/2347 485/2348/2348 484/2349/2349
f 484/2350/2350 485/2351/2351 486/2352/2352
f 485/2353/2353 487/2354/2354 486/2355/2355
f 486/2356/2356 487/2357/2357 488/2358/2358
f 459/2467/2467 489/2468/2468 471/2469/2469
f 489/2470/2470 495/2471/2471 471/2472/2472
f 489/2473/2473 482/2474/2474 495/2475/2475
f 489/2476/2476 483/2477/2477 482/2478/2478
f 472/2503/2503 496/2504/2504 461/2505/2505
f 496/2506/2506 490/2507/2507 461/2508/2508
f 496/2509/2509 487/2510/2510 490/2511/2511
f 496/2512/2512 488/2513/2513 487/2514/2514
s 13
f 461/2359/2359 489/2360/2360 459/2361/2361
f 461/2362/2362 490/2363/2363 489/2364/2364
f 489/2365/2365 490/2366/2366 481/2367/2367
f 489/2368/2368 481/2369/2369 483/2370/2370
f 481/2371/2371 490/2372/2372 487/2373/2373
f 481/2374/2374 487/2375/2375 485/2376/2376
s 14
f 460/2377/2377 491/2378/2378 462/2379/2379
f 491/2380/2380 492/2381/2381 462/2382/2382
f 491/2383/2383 478/2384/2384 492/2385/2385
f 492/2386/2386 478/2387/2387 480/2388/2388
f 491/2389/2389 474/2390/2390 478/2391/2391
f 476/2392/2392 478/2393/2393 474/2394/2394
s 15
f 484/2419/2419 486/2420/2420 482/2421/2421
f 486/2422/2422 495/2423/2423 482/2424/2424
f 486/2425/2425 496/2426/2426 495/2427/2427
f 486/2428/2428 488/2429/2429 496/2430/2430
f 467/2533/2533 469/2534/2534 471/2535/2535
f 467/2536/2536 471/2537/2537 504/2538/2538
f 467/2539/2539 504/2540/2540 468/2541/2541
f 471/2542/2542 495/2543/2543 496/2544/2544
f 504/2545/2545 471/2546/2546 496/2547/2547
f 504/2548/2548 496/2549/2549 505/2550/2550
f 504/2551/2551 505/2552/2552 468/2553/2553
f 468/2554/2554 505/2555/2555 470/2556/2556
f 505/2557/2557 472/2558/2558 470/2559/2559
f 505/2560/2560 496/2561/2561 472/2562/2562
s 16
f 465/2431/2431 497/2432/2432 463/2433/2433
f 465/2434/2434 449/2435/2435 497/2436/2436
f 465/2437/2437 498/2438/2438 449/2439/2439
f 465/2440/2440 499/2441/2441 498/2442/2442
f 498/2443/2443 447/2444/2444 449/2445/2445
f 498/2446/2446 499/2447/2447 447/2448/2448
s 17
f 466/2449/2449 500/2450/2450 464/2451/2451
f 466/2452/2452 450/2453/2453 500/2454/2454
f 466/2455/2455 501/2456/2456 450/2457/2457
f 466/2458/2458 502/2459/2459 501/2460/2460
f 501/2461/2461 448/2462/2462 450/2463/2463
f 502/2464/2464 448/2465/2465 501/2466/2466
o lleg,ox=2.41,oy=-8.40,oz=2.10,p=lthigh,
v 7.925096 6.089435 -11.050591
vn -0.000000 -0.822417 0.568885
vt 0.776934028 0.109863997
v 9.385858 7.431247 -9.110781
vn -0.000000 -0.822417 0.568885
vt 0.784936011 0.117123000
v 7.925096 7.431247 -9.110781
vn -0.000000 -0.822417 0.568885
vt 0.776938021 0.117123000
vn -0.000000 -0.822417 0.568885
vt 0.776934028 0.109863997
v 9.385858 6.089435 -11.050591
vn -0.000000 -0.822417 0.568885
vt 0.784932971 0.109863997
vn -0.000000 -0.822417 0.568885
vt 0.784936011 0.117123000
v 7.925096 10.264833 -10.934214
vn 0.000000 0.822417 -0.568885
vt 0.770147026 0.109164000
v 9.385858 8.923020 -12.874025
vn 0.000000 0.810124 -0.586258
vt 0.786822975 0.124311998
v 7.925096 8.923020 -12.874025
vn 0.000000 0.797459 -0.603373
vt 0.770153999 0.124311998
vn 0.000000 0.822417 -0.568885
vt 0.770147026 0.109164000
v 9.385858 10.264833 -10.934214
vn 0.000000 0.822417 -0.568885
vt 0.786808014 0.109164000
vn 0.000000 0.810124 -0.586258
vt 0.786822975 0.124311998
v 9.385858 3.939361 -10.177641
vn -0.000000 0.191644 0.981464
vt 0.784938991 0.104498997
vn -0.000000 0.376186 0.926544
vt 0.776934028 0.109863997
v 7.925096 3.939361 -10.177641
vn -0.000000 0.191644 0.981464
vt 0.776941001 0.104498997
vn -0.000000 0.191644 0.981464
vt 0.784938991 0.104498997
vn -0.000000 0.376186 0.926544
vt 0.784932971 0.109863997
vn -0.000000 0.376186 0.926544
vt 0.776934028 0.109863997
vn -0.000000 0.191644 0.981464
vt 0.871483982 0.723785996
v 7.925096 2.645734 -10.177643
vn -0.000000 -0.176330 0.984331
vt 0.871464014 0.708510995
vn -0.000000 0.191644 0.981464
vt 0.917200983 0.723785996
vn -0.000000 -0.176330 0.984331
vt 0.871464014 0.708510995
v 9.385858 2.645734 -10.177643
vn -0.000000 -0.352659 0.935752
vt 0.917183995 0.708510995
vn -0.000000 0.191644 0.981464
vt 0.917200983 0.723785996
v 7.925096 3.939361 -12.487642
vn -0.000000 -0.279120 -0.960256
vt 0.766328990 0.109433003
v 9.385858 7.170468 -14.539381
vn -0.000000 -0.536053 -0.844184
vt 0.780502021 0.116575003
v 9.385858 3.939361 -12.487642
vn -0.000000 -0.279120 -0.960256
vt 0.766331017 0.116575003
vn -0.000000 -0.279120 -0.960256
vt 0.766328990 0.109433003
v 7.925096 7.170468 -14.539381
vn -0.000000 -0.536053 -0.844184
vt 0.780501008 0.109433003
vn -0.000000 -0.536053 -0.844184
vt 0.780502021 0.116575003
vn -0.000000 -0.279120 -0.960256
vt 0.917213976 0.693225980
v 9.385858 2.645734 -12.487643
vn -0.000000 -0.176330 -0.984331
vt 0.917212009 0.708500981
vn -0.000000 -0.279120 -0.960256
vt 0.871496022 0.693225980
vn -0.000000 -0.176330 -0.984331
vt 0.917212009 0.708500981
v 7.925096 2.645734 -12.487643
vn -0.000000 -0.352661 -0.935751
vt 0.871493995 0.708500981
vn -0.000000 -0.279120 -0.960256
vt 0.871496022 0.693225980
vn -0.000000 0.376185 0.926544
vt 0.776938021 0.117123000
vn -0.000000 0.376185 0.926545
vt 0.784936011 0.117123000
v 7.925096 9.581319 -9.983729
vn -0.000000 0.618250 0.785982
vt 0.776926994 0.122488998
vn -0.000000 0.376185 0.926545
vt 0.784936011 0.117123000
v 9.385858 9.581320 -9.983729
vn -0.000000 0.618250 0.785982
vt 0.784919977 0.122488998
vn -0.000000 0.618250 0.785982
vt 0.776926994 0.122488998
vn -0.000000 0.618250 0.785982
vt 0.770151019 0.101698004
vn -0.000000 0.811873 0.583835
vt 0.786808014 0.109164000
vn -0.000000 0.811872 0.583835
vt 0.770147026 0.109164000
vn -0.000000 0.618250 0.785982
vt 0.770151019 0.101698004
vn -0.000000 0.618250 0.785982
vt 0.786812007 0.101698004
vn -0.000000 0.811873 0.583835
vt 0.786808014 0.109164000
vn -1.000000 -0.000000 0.000000
vt 0.790000975 0.124260001
vn -1.000000 0.000000 0.000000
vt 0.773877978 0.124260001
v 7.925096 8.239508 -11.923541
vn -1.000000 0.000000 0.000000
vt 0.792420983 0.112603001
vn -1.000000 0.000000 0.000000
vt 0.773877978 0.124260001
vn -1.000000 0.000000 0.000000
vt 0.776306987 0.112603001
vn -1.000000 0.000000 0.000000
vt 0.792420983 0.112603001
vn -1.000000 0.000000 0.000000
vt 0.000001000 0.000000000
vn -1.000000 0.000000 0.000000
vt 0.000001000 0.000000000
vn -1.000000 0.000000 0.000000
vt 0.000001000 0.000000000
vn -1.000000 0.000000 0.000000
vt 0.000001000 0.000000000
vn -1.000000 0.000000 0.000000
vt 0.000001000 0.000000000
vn -1.000000 0.000000 0.000000
vt 0.000001000 0.000000000
v 9.385858 8.239510 -11.923541
vn 1.000000 -0.000000 0.000000
vt 0.792421997 0.112597004
vn 1.000000 0.000000 0.000000
vt 0.776308000 0.112597004
vn 1.000000 0.000000 0.000000
vt 0.790013015 0.100939997
vn 1.000000 0.000000 0.000000
vt 0.776308000 0.112597004
vn 1.000000 0.000000 0.000000
vt 0.773891985 0.100939997
vn 1.000000 0.000000 0.000000
vt 0.790013015 0.100939997
vn 1.000000 -0.000000 0.000000
vt 0.000003000 0.000000000
vn 1.000000 0.000000 0.000000
vt 0.000001000 0.000000000
vn 1.000000 0.000000 0.000000
vt 0.000002000 0.000000000
vn 1.000000 -0.000000 0.000000
vt 0.000003000 0.000000000
vn 1.000000 0.000000 0.000000
vt 0.000007000 0.000000000
vn 1.000000 0.000000 0.000000
vt 0.000001000 0.000000000
vn 0.000000 0.810124 -0.586258
vt 0.792867005 0.116575003
v 9.385858 8.034821 -13.997419
vn 0.000000 0.709207 -0.705000
vt 0.782815993 0.116575003
vn 0.000000 0.797459 -0.603373
vt 0.792859018 0.109433003
vn 0.000000 0.709207 -0.705000
vt 0.782815993 0.116575003
v 7.925096 8.034821 -13.997419
vn 0.000000 0.623697 -0.781666
vt 0.782814980 0.109433003
vn 0.000000 0.797459 -0.603373
vt 0.792859018 0.109433003
vn 0.000000 0.709207 -0.705000
vt 0.782815993 0.116575003
vn 0.000000 0.531226 -0.847230
vt 0.780502021 0.116575003
vn 0.000000 0.623697 -0.781666
vt 0.782814980 0.109433003
vn 0.000000 0.623697 -0.781666
vt 0.782814980 0.109433003
vn 0.000000 0.531226 -0.847230
vt 0.780502021 0.116575003
vn 0.000000 0.531226 -0.847230
vt 0.780501008 0.109433003
vn -0.000000 -0.176330 0.984331
vt 0.864139020 0.725233018
v 7.925096 2.175980 -10.457740
vn -0.000000 -0.762463 0.647032
vt 0.864136994 0.716039002
vn -0.000000 -0.352659 0.935752
vt 0.917792976 0.725233018
vn -0.000000 -0.762463 0.647032
vt 0.864136994 0.716039002
v 9.385858 2.175980 -10.457740
vn -0.000000 -0.946223 0.323515
vt 0.917788029 0.716039002
vn -0.000000 -0.352659 0.935752
vt 0.917792976 0.725233018
vn -0.000000 -0.762463 0.647032
vt 0.864136994 0.716039002
v 7.925096 2.175982 -12.207545
vn -0.000000 -0.946223 -0.323516
vt 0.864136994 0.675423026
vn -0.000000 -0.946223 0.323515
vt 0.917788029 0.716039002
vn -0.000000 -0.946223 0.323515
vt 0.917788029 0.716039002
vn -0.000000 -0.946223 -0.323516
vt 0.864136994 0.675423026
v 9.385858 2.175982 -12.207545
vn -0.000000 -0.762464 -0.647031
vt 0.917792976 0.675423026
vn -0.000000 -0.762464 -0.647031
vt 0.917792976 0.675423026
vn -0.000000 -0.946223 -0.323516
vt 0.864136994 0.675423026
vn -0.000000 -0.352661 -0.935751
vt 0.864163995 0.666227996
vn -0.000000 -0.176330 -0.984331
vt 0.917815030 0.666227996
vn -0.000000 -0.762464 -0.647031
vt 0.917792976 0.675423026
vn -0.000000 -0.352661 -0.935751
vt 0.864163995 0.666227996
vn -1.000000 -0.000000 0.000000
vt 0.858847022 0.702292025
vn -1.000000 -0.000000 0.000000
vt 0.864503026 0.723744988
vn -1.000000 -0.000000 0.000000
vt 0.858826995 0.718029976
vn -1.000000 -0.000000 0.000000
vt 0.858847022 0.702292025
vn -1.000000 0.000000 0.000000
vt 0.900209010 0.723744988
vn -1.000000 -0.000000 0.000000
vt 0.864503026 0.723744988
vn -1.000000 -0.000000 0.000000
vt 0.858847022 0.702292025
vn -1.000000 -0.000000 0.000000
vt 0.905961990 0.718029976
vn -1.000000 0.000000 0.000000
vt 0.900209010 0.723744988
vn -1.000000 -0.000000 0.000000
vt 0.858847022 0.702292025
vn -1.000000 -0.000000 0.000000
vt 0.905968010 0.702292025
vn -1.000000 -0.000000 0.000000
vt 0.905961990 0.718029976
vn 1.000000 -0.000000 0.000000
vt 0.858828008 0.686540008
vn 1.000000 -0.000000 0.000000
vt 0.905984998 0.702278972
vn 1.000000 0.000000 0.000000
vt 0.858864009 0.702278972
vn 1.000000 -0.000000 0.000000
vt 0.858828008 0.686540008
vn 1.000000 -0.000000 0.000000
vt 0.864503026 0.680824995
vn 1.000000 -0.000000 0.000000
vt 0.905984998 0.702278972
vn 1.000000 -0.000000 0.000000
vt 0.905984998 0.702278972
vn 1.000000 -0.000000 0.000000
vt 0.864503026 0.680824995
vn 1.000000 -0.000000 0.000000
vt 0.900209010 0.680824995
vn 1.000000 -0.000000 0.000000
vt 0.905984998 0.702278972
vn 1.000000 -0.000000 0.000000
vt 0.900209010 0.680824995
vn 1.000000 -0.000000 0.000000
vt 0.905964017 0.686540008
vn -1.000000 -0.000000 0.000000
vt 0.763754010 0.109490000
vn -1.000000 -0.000000 0.000000
vt 0.770335019 0.113450997
vn -1.000000 0.000000 0.000000
vt 0.776979029 0.117412001
vn -1.000000 -0.000000 0.000000
vt 0.763754010 0.109490000
vn -1.000000 0.000000 0.000000
vt 0.776979029 0.117412001
vn -1.000000 0.000000 0.000000
vt 0.782105982 0.117260002
vn -1.000000 -0.000000 0.000000
vt 0.763754010 0.109490000
vn -1.000000 0.000000 0.000000
vt 0.782105982 0.117260002
vn -1.000000 0.000000 0.000000
vt 0.795615971 0.108112998
vn -1.000000 -0.000000 0.000000
vt 0.763754010 0.109490000
vn -1.000000 0.000000 0.000000
vt 0.795615971 0.108112998
vn -1.000000 0.000000 0.000000
vt 0.796962023 0.104649000
vn -1.000000 -0.000000 0.000000
vt 0.763754010 0.109490000
vn -1.000000 0.000000 0.000000
vt 0.796962023 0.104649000
vn -1.000000 -0.000000 0.000000
vt 0.774192989 0.104649000
vn 1.000000 -0.000000 0.000000
vt 0.774331987 0.104350999
vn 1.000000 0.000000 0.000000
vt 0.770237029 0.113036998
vn 1.000000 0.000000 0.000000
vt 0.763770998 0.108883999
vn 1.000000 -0.000000 0.000000
vt 0.774331987 0.104350999
vn 1.000000 -0.000000 0.000000
vt 0.776736021 0.117191002
vn 1.000000 0.000000 0.000000
vt 0.770237029 0.113036998
vn 1.000000 -0.000000 0.000000
vt 0.774331987 0.104350999
vn 1.000000 0.000000 0.000000
vt 0.781867981 0.117191002
vn 1.000000 -0.000000 0.000000
vt 0.776736021 0.117191002
vn 1.000000 -0.000000 0.000000
vt 0.774331987 0.104350999
vn 1.000000 -0.000000 0.000000
vt 0.795632005 0.108442999
vn 1.000000 0.000000 0.000000
vt 0.781867981 0.117191002
vn 1.000000 -0.000000 0.000000
vt 0.774331987 0.104350999
vn 1.000000 -0.000000 0.000000
vt 0.797101021 0.105021000
vn 1.000000 -0.000000 0.000000
vt 0.795632005 0.108442999
s 18
f 507/2581/2581 508/2582/2582 509/2583/2583
f 507/2584/2584 510/2585/2585 508/2586/2586
s 19
f 511/2587/2587 512/2588/2588 513/2589/2589
f 511/2590/2590 514/2591/2591 512/2592/2592
f 512/2653/2653 529/2654/2654 513/2655/2655
f 529/2656/2656 530/2657/2657 513/2658/2658
f 529/2659/2659 520/2660/2660 530/2661/2661
f 530/2662/2662 520/2663/2663 522/2664/2664
s 20
f 515/2593/2593 507/2594/2594 516/2595/2595
f 515/2596/2596 510/2597/2597 507/2598/2598
f 516/2599/2599 517/2600/2600 515/2601/2601
f 517/2602/2602 518/2603/2603 515/2604/2604
f 519/2605/2605 520/2606/2606 521/2607/2607
f 519/2608/2608 522/2609/2609 520/2610/2610
f 521/2611/2611 523/2612/2612 519/2613/2613
f 523/2614/2614 524/2615/2615 519/2616/2616
f 517/2665/2665 531/2666/2666 518/2667/2667
f 531/2668/2668 532/2669/2669 518/2670/2670
f 531/2671/2671 533/2672/2672 532/2673/2673
f 532/2674/2674 533/2675/2675 534/2676/2676
f 534/2677/2677 533/2678/2678 524/2679/2679
f 523/2680/2680 534/2681/2681 524/2682/2682
s 21
f 509/2617/2617 508/2618/2618 525/2619/2619
f 508/2620/2620 526/2621/2621 525/2622/2622
f 525/2623/2623 514/2624/2624 511/2625/2625
f 525/2626/2626 526/2627/2627 514/2628/2628
s 22
f 507/2629/2629 509/2630/2630 527/2631/2631
f 509/2632/2632 525/2633/2633 527/2634/2634
f 525/2635/2635 513/2636/2636 527/2637/2637
f 525/2638/2638 511/2639/2639 513/2640/2640
f 516/2683/2683 531/2684/2684 517/2685/2685
f 516/2686/2686 533/2687/2687 531/2688/2688
f 516/2689/2689 524/2690/2690 533/2691/2691
f 516/2692/2692 519/2693/2693 524/2694/2694
f 516/2707/2707 507/2708/2708 527/2709/2709
f 516/2710/2710 527/2711/2711 513/2712/2712
f 516/2713/2713 513/2714/2714 530/2715/2715
f 516/2716/2716 530/2717/2717 522/2718/2718
f 516/2719/2719 522/2720/2720 519/2721/2721
s 23
f 528/2641/2641 526/2642/2642 510/2643/2643
f 526/2644/2644 508/2645/2645 510/2646/2646
f 528/2647/2647 514/2648/2648 526/2649/2649
f 528/2650/2650 512/2651/2651 514/2652/2652
f 518/2695/2695 521/2696/2696 515/2697/2697
f 518/2698/2698 532/2699/2699 521/2700/2700
f 521/2701/2701 532/2702/2702 534/2703/2703
f 521/2704/2704 534/2705/2705 523/2706/2706
f 521/2722/2722 510/2723/2723 515/2724/2724
f 521/2725/2725 528/2726/2726 510/2727/2727
f 521/2728/2728 512/2729/2729 528/2730/2730
f 521/2731/2731 529/2732/2732 512/2733/2733
f 521/2734/2734 520/2735/2735 529/2736/2736
o lfoot,ox=-0.00,oy=-5.67,oz=-0.31,p=lleg,
v 8.128770 -0.386435 -13.314518
vn -0.988647 0.043690 -0.143762
vt 0.979143977 0.091095001
v 8.291645 0.767648 -14.083874
vn -0.988647 0.043690 -0.143762
vt 0.966944993 0.089635000
v 8.291645 -0.480456 -14.554859
vn -0.989722 0.050488 -0.133792
vt 0.974448025 0.088220000
vn -0.988647 0.043690 -0.143762
vt 0.979143977 0.091095001
v 8.128770 1.576241 -12.843534
vn -0.987427 0.036886 -0.153710
vt 0.959308982 0.095471002
vn -0.988647 0.043690 -0.143762
vt 0.966944993 0.089635000
v 9.214817 -0.480456 -14.554859
vn 0.987218 0.048219 -0.151909
vt 0.974579990 0.086589001
v 9.377692 1.576241 -12.843534
vn 0.987218 0.048219 -0.151909
vt 0.959317982 0.081591003
v 9.377692 -0.386435 -13.314518
vn 0.990673 0.031796 -0.132500
vt 0.977626026 0.083125003
vn 0.987218 0.048219 -0.151909
vt 0.974579990 0.086589001
v 9.214817 0.767648 -14.083874
vn 0.983112 0.064611 -0.171218
vt 0.966898978 0.085896000
vn 0.987218 0.048219 -0.151909
vt 0.959317982 0.081591003
v 9.377692 3.188497 -12.409687
vn -0.997663 -0.017756 0.065983
vt 0.921151996 0.722491026
vn -0.998750 0.012822 0.048305
vt 0.876236975 0.726953030
v 9.532802 3.188496 -10.064436
vn -0.998750 0.012822 0.048305
vt 0.921151996 0.698183000
vn -0.998750 0.012822 0.048305
vt 0.876236975 0.726953030
v 9.532802 1.576239 -7.776109
vn -0.998591 0.043383 0.030566
vt 0.876232982 0.674546003
vn -0.998750 0.012822 0.048305
vt 0.921151996 0.698183000
vn 0.999498 -0.008233 0.030594
vt 0.876240015 0.726953030
v 8.128770 3.188497 -12.409687
vn 0.997929 0.042574 0.048219
vt 0.831309021 0.722491026
v 7.973661 1.576239 -7.776109
vn 0.997929 0.042574 0.048219
vt 0.876241028 0.674546003
vn 0.997929 0.042574 0.048219
vt 0.831309021 0.722491026
v 7.973661 3.188496 -10.064436
vn 0.993472 0.093258 0.065706
vt 0.831314981 0.698183000
vn 0.997929 0.042574 0.048219
vt 0.876241028 0.674546003
v 9.766672 1.281837 -7.981818
vn -0.824099 0.000000 0.566446
vt 0.971322000 0.084683001
v 10.484453 -0.092035 -6.937548
vn -0.824099 0.000000 0.566446
vt 0.968210995 0.093350999
v 10.484453 0.505987 -6.937548
vn -0.824099 0.000000 0.566446
vt 0.968212008 0.089578003
vn -0.824099 0.000000 0.566446
vt 0.971322000 0.084683001
v 9.766672 -0.092035 -7.981818
vn -0.824099 0.000000 0.566446
vt 0.971319020 0.093350999
vn -0.824099 0.000000 0.566446
vt 0.968210995 0.093350999
v 11.575852 0.505988 -7.897514
vn 0.824099 0.000000 -0.566446
vt 0.965122998 0.089578003
v 10.858071 -0.092035 -8.941784
vn 0.824099 0.000000 -0.566446
vt 0.961996019 0.093350999
v 10.858071 1.281838 -8.941784
vn 0.824099 0.000000 -0.566446
vt 0.961998999 0.084683001
vn 0.824099 0.000000 -0.566446
vt 0.965122998 0.089578003
v 11.575852 -0.092035 -7.897514
vn 0.824099 0.000000 -0.566446
vt 0.965120971 0.093350999
vn 0.824099 0.000000 -0.566446
vt 0.961996019 0.093350999
vn 0.000000 0.353059 -0.935601
vt 0.974461973 0.088220000
vn 0.000000 0.626425 -0.779482
vt 0.966898978 0.085896000
vn 0.000000 0.353059 -0.935601
vt 0.974583983 0.086589001
vn 0.000000 0.353059 -0.935601
vt 0.974461973 0.088220000
vn 0.000000 0.626425 -0.779482
vt 0.966944993 0.089635000
vn 0.000000 0.626425 -0.779482
vt 0.966898978 0.085896000
vn 0.000000 0.981981 -0.188981
vt 0.770487010 0.418419003
vn 0.000000 0.626425 -0.779482
vt 0.771588981 0.403760999
vn 0.000000 0.925821 -0.377962
vt 0.778724015 0.418419003
vn 0.000000 0.626425 -0.779482
vt 0.771588981 0.403760999
vn 0.000000 0.626425 -0.779482
vt 0.777691007 0.403760999
vn 0.000000 0.925821 -0.377962
vt 0.778724015 0.418419003
vn 0.000000 0.925821 -0.377962
vt 0.927640975 0.746438980
vn -0.000000 1.000000 0.000000
vt 0.857146978 0.748879015
vn 0.000000 0.981981 -0.188981
vt 0.927644014 0.726791978
vn -0.000000 1.000000 0.000000
vt 0.857146978 0.748879015
vn -0.000000 1.000000 0.000000
vt 0.857149005 0.724352002
vn 0.000000 0.981981 -0.188981
vt 0.927644014 0.726791978
v 7.739790 1.281837 -7.981818
vn -0.346654 0.851178 0.394116
vt 0.779618979 0.418224990
v 5.930609 0.505988 -7.897514
vn -0.576688 0.487402 0.655645
vt 0.770474970 0.403760999
v 7.022007 0.505987 -6.937548
vn -0.576688 0.487402 0.655645
vt 0.779631019 0.403760999
vn -0.346654 0.851178 0.394116
vt 0.779618979 0.418224990
v 6.648391 1.281838 -8.941784
vn -0.346654 0.851178 0.394117
vt 0.770464003 0.418224990
vn -0.576688 0.487402 0.655645
vt 0.770474970 0.403760999
vn -0.576688 0.487402 0.655645
vt 0.979142010 0.097493999
vn -0.576688 0.487402 0.655645
vt 0.961319983 0.097493999
v 7.022007 -0.092035 -6.937548
vn -0.660448 0.000000 0.750872
vt 0.979142010 0.079112999
vn -0.576688 0.487402 0.655645
vt 0.961319983 0.097493999
v 5.930609 -0.092035 -7.897514
vn -0.660448 0.000000 0.750872
vt 0.961319029 0.079112999
vn -0.660448 0.000000 0.750872
vt 0.979142010 0.079112999
v 9.298931 -0.092035 -7.776109
vn 1.000000 0.000000 0.000000
vt 0.965097010 0.093350999
v 9.298931 0.505987 -6.453313
vn 1.000000 0.000000 0.000000
vt 0.968225002 0.089578003
v 9.298931 -0.092035 -6.453313
vn 1.000000 0.000000 0.000000
vt 0.968222022 0.093350999
vn 1.000000 0.000000 0.000000
vt 0.965097010 0.093350999
v 9.298931 1.281837 -7.776109
vn 1.000000 0.000000 0.000000
vt 0.965102971 0.084683001
vn 1.000000 0.000000 0.000000
vt 0.968225002 0.089578003
v 8.207531 -0.092035 -6.453313
vn -1.000000 0.000000 0.000000
vt 0.958935022 0.093350999
v 8.207531 1.281837 -7.776109
vn -1.000000 0.000000 0.000000
vt 0.961984992 0.084683001
v 8.207531 -0.092035 -7.776109
vn -1.000000 0.000000 0.000000
vt 0.961982012 0.093350999
vn -1.000000 0.000000 0.000000
vt 0.958935022 0.093350999
v 8.207531 0.505987 -6.453313
vn -1.000000 0.000000 0.000000
vt 0.958938003 0.089578003
vn -1.000000 0.000000 0.000000
vt 0.961984992 0.084683001
vn 0.346654 0.851177 0.394117
vt 0.770170987 0.418224990
vn 0.576688 0.487402 0.655645
vt 0.770178020 0.403760999
vn 0.346654 0.851177 0.394117
vt 0.779327989 0.418224990
vn 0.576688 0.487402 0.655645
vt 0.770178020 0.403760999
vn 0.576688 0.487402 0.655645
vt 0.779336989 0.403760999
vn 0.346654 0.851177 0.394117
vt 0.779327989 0.418224990
vn 0.576688 0.487402 0.655645
vt 0.961210012 0.097493999
vn 0.660448 0.000000 0.750872
vt 0.979032993 0.079112999
vn 0.576688 0.487402 0.655645
vt 0.979035020 0.097493999
vn 0.576688 0.487402 0.655645
vt 0.961210012 0.097493999
vn 0.660448 0.000000 0.750872
vt 0.961207986 0.079112999
vn 0.660448 0.000000 0.750872
vt 0.979032993 0.079112999
vn 0.000001 1.000000 0.000000
vt 0.892669976 0.737554014
vn 0.272447 0.951047 0.145883
vt 0.859956026 0.737554014
v 10.137992 3.188496 -12.162467
vn 0.000001 1.000000 0.000000
vt 0.888342023 0.725884020
vn 0.272447 0.951047 0.145883
vt 0.859956026 0.737554014
v 10.267112 3.188496 -11.435817
vn 0.405964 0.862810 0.301250
vt 0.878085017 0.724613011
vn 0.000001 1.000000 0.000000
vt 0.888342023 0.725884020
vn 0.272447 0.951047 0.145883
vt 0.861914992 0.721500993
vn 0.472759 0.266027 0.840077
vt 0.917455971 0.713800013
vn 0.405964 0.862810 0.301250
vt 0.856483996 0.738990009
vn 0.472759 0.266027 0.840077
vt 0.917455971 0.713800013
v 11.091942 1.576240 -9.147489
vn 0.587064 0.458125 0.667441
vt 0.913552999 0.739010990
vn 0.405964 0.862810 0.301250
vt 0.856483996 0.738990009
vn 0.472759 0.266027 0.840077
vt 0.908721030 0.739741027
v 11.091942 -0.386437 -9.147489
vn 0.660448 0.000000 0.750872
vt 0.933313012 0.681455016
vn 0.587064 0.458125 0.667441
vt 0.933320999 0.739741027
vn 0.472759 0.266027 0.840077
vt 0.908721030 0.739741027
v 9.532802 -0.386437 -7.776109
vn 0.352936 0.000000 0.935647
vt 0.908704996 0.681455016
vn 0.660448 0.000000 0.750872
vt 0.933313012 0.681455016
v 7.973661 -0.386437 -7.776109
vn -0.233453 0.000000 0.972368
vt 0.889231980 0.681455016
vn 0.352936 0.000000 0.935647
vt 0.908704996 0.681455016
vn 0.472759 0.266027 0.840077
vt 0.908715010 0.739741027
vn -0.496135 0.204083 0.843920
vt 0.889243007 0.739741027
vn -0.233453 0.000000 0.972368
vt 0.889231980 0.681455016
vn 0.472759 0.266027 0.840077
vt 0.908715010 0.739741027
vn -0.233453 0.000000 0.972368
vt 0.889231980 0.681455016
vn -0.496135 0.204083 0.843920
vt 0.889236987 0.739741027
v 6.414520 -0.386437 -9.147489
vn -0.660448 0.000000 0.750872
vt 0.864636004 0.681455016
v 6.414520 1.576240 -9.147489
vn -0.885122 0.388570 0.256071
vt 0.864639997 0.739741027
vn -0.660448 0.000000 0.750872
vt 0.864636004 0.681455016
vn -0.496135 0.204083 0.843920
vt 0.889236987 0.739741027
v 7.368471 3.188496 -12.162467
vn -0.000001 1.000000 -0.000000
vt 0.888329983 0.749240994
v 7.239351 3.188496 -11.435817
vn -0.655811 0.754224 -0.032528
vt 0.878072023 0.750513017
vn -0.000001 1.000000 0.000000
vt 0.892651975 0.737571001
vn -0.655811 0.754224 -0.032528
vt 0.878072023 0.750513017
vn -0.369750 0.881145 0.294735
vt 0.859947026 0.737571001
vn -0.000001 1.000000 0.000000
vt 0.892651975 0.737571001
vn -0.655811 0.754224 -0.032528
vt 0.913474023 0.739376009
vn -0.885122 0.388570 0.256071
vt 0.856410027 0.739376009
vn -0.369750 0.881145 0.294735
vt 0.908104002 0.721885026
vn -0.885122 0.388570 0.256071
vt 0.856410027 0.739376009
vn -0.496135 0.204083 0.843920
vt 0.852564991 0.714164019
vn -0.369750 0.881145 0.294735
vt 0.908104002 0.721885026
vn 0.824098 0.000000 0.566447
vt 0.971322000 0.076007999
vn 0.824098 0.000000 0.566447
vt 0.974444985 0.080904000
v 7.739790 -0.092035 -7.981818
vn 0.824098 0.000000 0.566447
vt 0.971319973 0.084677003
vn 0.824098 0.000000 0.566447
vt 0.974444985 0.080904000
vn 0.824098 0.000000 0.566447
vt 0.974443018 0.084677003
vn 0.824098 0.000000 0.566447
vt 0.971319973 0.084677003
vn -0.824099 0.000000 -0.566446
vt 0.971333027 0.089578003
vn -0.824099 0.000000 -0.566446
vt 0.974434972 0.084683001
vn -0.824099 0.000000 -0.566446
vt 0.971333027 0.093350999
vn -0.824099 0.000000 -0.566446
vt 0.974434972 0.084683001
v 6.648391 -0.092035 -8.941784
vn -0.824099 0.000000 -0.566446
vt 0.974434972 0.093350999
vn -0.824099 0.000000 -0.566446
vt 0.971333027 0.093350999
vn -0.000000 -1.000000 0.000000
vt 0.980225980 0.093332998
vn -0.000000 -1.000000 0.000000
vt 0.957643986 0.093332998
vn -0.000000 -1.000000 0.000000
vt 0.980225980 0.072255000
vn -0.000000 -1.000000 0.000000
vt 0.957643986 0.093332998
vn -0.000000 -1.000000 0.000000
vt 0.957643986 0.072255000
vn -0.000000 -1.000000 0.000000
vt 0.980225980 0.072255000
vn -0.000000 -0.999821 0.018906
vt 0.979128003 0.091095001
vn -0.000000 -0.997139 0.075586
vt 0.974429011 0.088220000
vn -0.000000 -0.999542 0.030255
vt 0.977603018 0.083125003
vn -0.000000 -0.997139 0.075586
vt 0.974429011 0.088220000
vn -0.000000 -0.997139 0.075586
vt 0.974551022 0.086589001
vn -0.000000 -0.999542 0.030255
vt 0.977603018 0.083125003
vn -0.000000 -1.000000 0.000000
vt 0.981386006 0.094838999
vn -0.000000 -1.000000 0.000000
vt 0.954712987 0.072255000
vn -0.000000 -1.000000 0.000000
vt 0.981384993 0.072255000
vn -0.000000 -1.000000 0.000000
vt 0.981386006 0.094838999
vn -0.000000 -1.000000 0.000000
vt 0.954714000 0.094838999
vn -0.000000 -1.000000 0.000000
vt 0.954712987 0.072255000
vn -0.000000 0.000000 1.000000
vt 0.977192998 0.079189003
vn -0.000000 0.497030 0.867733
vt 0.963092983 0.097571000
vn -0.000000 0.000000 1.000000
vt 0.963092983 0.079189003
vn -0.000000 0.000000 1.000000
vt 0.977192998 0.079189003
vn -0.000000 0.497030 0.867733
vt 0.977192998 0.097571000
vn -0.000000 0.497030 0.867733
vt 0.963092983 0.097571000
vn -0.000000 0.497030 0.867733
vt 0.777375996 0.403874010
vn -0.000000 0.862579 0.505922
vt 0.777365983 0.418338001
vn -0.000000 0.497030 0.867733
vt 0.770173013 0.403874010
vn -0.000000 0.862579 0.505922
vt 0.777365983 0.418338001
vn -0.000000 0.862579 0.505922
vt 0.770164013 0.418338001
vn -0.000000 0.497030 0.867733
vt 0.770173013 0.403874010
vn -0.000000 -1.000000 0.000000
vt 0.981388986 0.095163003
vn -0.000000 -1.000000 0.000000
vt 0.954715014 0.072578996
vn -0.000000 -1.000000 0.000000
vt 0.981387973 0.072578996
vn -0.000000 -1.000000 0.000000
vt 0.981388986 0.095163003
vn -0.000000 -1.000000 0.000000
vt 0.954716027 0.095163003
vn -0.000000 -1.000000 0.000000
vt 0.954715014 0.072578996
vn -0.000000 -0.999542 0.030255
vt 0.900942981 0.716107011
v 10.137992 -0.386435 -13.067297
vn 0.000000 -1.000000 -0.000001
vt 0.897280991 0.728944004
vn -0.000000 -1.000000 -0.000000
vt 0.838747978 0.745050013
vn -0.000000 -0.999542 0.030255
vt 0.900942981 0.716107011
vn -0.000000 -1.000000 -0.000000
vt 0.838747978 0.745050013
vn -0.000000 -1.000000 -0.000000
vt 0.818301022 0.718725979
vn -0.000000 -0.999542 0.030255
vt 0.900942981 0.716107011
vn -0.000000 -1.000000 -0.000000
vt 0.818301022 0.718725979
vn -0.000000 -0.999821 0.018906
vt 0.900942981 0.695020974
vn -0.000000 -1.000000 -0.000000
vt 0.818301022 0.718725979
vn 0.000000 -1.000000 -0.000000
vt 0.818300009 0.692403018
vn -0.000000 -0.999821 0.018906
vt 0.900942981 0.695020974
vn -0.000000 -0.999821 0.018906
vt 0.900942981 0.695020974
vn 0.000000 -1.000000 -0.000000
vt 0.818300009 0.692403018
v 7.368471 -0.386435 -13.067297
vn 0.000000 -1.000000 -0.000000
vt 0.897279978 0.682184994
vn 0.000000 -1.000000 -0.000000
vt 0.818300009 0.692403018
vn 0.000000 -1.000000 -0.000000
vt 0.838747025 0.666078985
vn 0.000000 -1.000000 -0.000000
vt 0.897279978 0.682184994
vn 0.301475 0.222489 -0.927152
vt 0.760766983 0.717540026
v 10.137992 1.576241 -12.596313
vn 0.582272 0.200508 -0.787881
vt 0.848613024 0.732297003
vn 0.837529 0.107300 -0.535753
vt 0.761138976 0.732273996
vn 0.301475 0.222489 -0.927152
vt 0.760766983 0.717540026
vn 0.300549 0.235222 -0.924305
vt 0.848245978 0.717562973
vn 0.582272 0.200508 -0.787881
vt 0.848613024 0.732297003
vn 0.582272 0.200508 -0.787881
vt 0.848613024 0.732297003
vn 0.300549 0.235222 -0.924305
vt 0.848245978 0.717562973
vn 0.299572 0.247915 -0.921301
vt 0.920204997 0.717795014
vn 0.582272 0.200508 -0.787881
vt 0.848613024 0.732297003
vn 0.299572 0.247915 -0.921301
vt 0.920204997 0.717795014
vn 0.833121 0.213247 -0.510329
vt 0.920575023 0.732528985
vn 0.953957 0.247452 -0.169511
vt 0.911238015 0.743206024
vn 0.967061 0.096196 -0.235668
vt 0.892314017 0.709689021
vn 0.833121 0.213247 -0.510329
vt 0.916975975 0.743185997
vn 0.967061 0.096196 -0.235668
vt 0.892314017 0.709689021
vn 0.582272 0.200508 -0.787881
vt 0.920145988 0.709689021
vn 0.833121 0.213247 -0.510329
vt 0.916975975 0.743185997
vn 0.967061 0.096196 -0.235668
vt 0.892314017 0.709689021
vn 0.837529 0.107300 -0.535753
vt 0.923618972 0.668919981
vn 0.582272 0.200508 -0.787881
vt 0.920145988 0.709689021
vn 0.967061 0.096196 -0.235668
vt 0.892314017 0.709689021
vn 0.971640 0.000000 -0.236465
vt 0.892306983 0.668932974
vn 0.837529 0.107300 -0.535753
vt 0.923618972 0.668919981
vn -0.301475 0.222489 -0.927152
vt 0.760761023 0.717589021
vn -0.590523 0.188315 -0.784742
vt 0.761133015 0.732322991
vn -0.300550 0.235222 -0.924305
vt 0.848240018 0.717612982
vn -0.590523 0.188315 -0.784742
vt 0.761133015 0.732322991
v 7.368471 1.576241 -12.596313
vn -0.841443 0.129346 -0.524637
vt 0.848604023 0.732347012
vn -0.300550 0.235222 -0.924305
vt 0.848240018 0.717612982
vn -0.300550 0.235222 -0.924305
vt 0.848240018 0.717612982
vn -0.841443 0.129346 -0.524637
vt 0.848604023 0.732347012
vn -0.299572 0.247915 -0.921300
vt 0.920563996 0.732578993
vn -0.300550 0.235222 -0.924305
vt 0.848240018 0.717612982
vn -0.299572 0.247915 -0.921300
vt 0.920563996 0.732578993
vn -0.299572 0.247916 -0.921300
vt 0.920188010 0.717845023
vn -0.983488 0.047026 -0.174758
vt 0.916589975 0.743332982
vn -0.841443 0.129346 -0.524637
vt 0.919701993 0.709828973
vn -0.655811 0.754224 -0.032528
vt 0.910912991 0.743368030
vn -0.841443 0.129346 -0.524637
vt 0.919701993 0.709828973
vn -0.885122 0.388570 0.256071
vt 0.891866982 0.709896982
vn -0.655811 0.754224 -0.032528
vt 0.910912991 0.743368030
vn -0.841443 0.129346 -0.524637
vt 0.919701993 0.709828973
vn -0.967450 0.028342 -0.251470
vt 0.891744018 0.669142008
vn -0.885122 0.388570 0.256071
vt 0.891866982 0.709896982
vn -0.841443 0.129346 -0.524637
vt 0.919701993 0.709828973
vn -0.590523 0.188315 -0.784742
vt 0.923057020 0.669050992
vn -0.967450 0.028342 -0.251470
vt 0.891744018 0.669142008
s 24
f 535/2737/2737 536/2738/2738 537/2739/2739
f 535/2740/2740 538/2741/2741 536/2742/2742
s 25
f 539/2743/2743 540/2744/2744 541/2745/2745
f 539/2746/2746 542/2747/2747 540/2748/2748
s 26
f 543/2749/2749 540/2750/2750 544/2751/2751
f 540/2752/2752 545/2753/2753 544/2754/2754
s 27
f 538/2755/2755 546/2756/2756 547/2757/2757
f 546/2758/2758 548/2759/2759 547/2760/2760
s 28
f 549/2761/2761 550/2762/2762 551/2763/2763
f 549/2764/2764 552/2765/2765 550/2766/2766
s 29
f 553/2767/2767 554/2768/2768 555/2769/2769
f 553/2770/2770 556/2771/2771 554/2772/2772
s 30
f 537/2773/2773 542/2774/2774 539/2775/2775
f 537/2776/2776 536/2777/2777 542/2778/2778
f 540/2779/2779 542/2780/2780 538/2781/2781
f 542/2782/2782 536/2783/2783 538/2784/2784
f 538/2785/2785 547/2786/2786 540/2787/2787
f 547/2788/2788 545/2789/2789 540/2790/2790
s 31
f 557/2791/2791 558/2792/2792 559/2793/2793
f 557/2794/2794 560/2795/2795 558/2796/2796
f 559/2797/2797 558/2798/2798 561/2799/2799
f 558/2800/2800 562/2801/2801 561/2802/2802
s 32
f 563/2803/2803 564/2804/2804 565/2805/2805
f 563/2806/2806 566/2807/2807 564/2808/2808
s 33
f 567/2809/2809 568/2810/2810 569/2811/2811
f 567/2812/2812 570/2813/2813 568/2814/2814
s 34
f 549/2815/2815 551/2816/2816 555/2817/2817
f 551/2818/2818 553/2819/2819 555/2820/2820
f 551/2821/2821 556/2822/2822 553/2823/2823
f 551/2824/2824 550/2825/2825 556/2826/2826
s 35
f 543/2827/2827 544/2828/2828 571/2829/2829
f 544/2830/2830 572/2831/2831 571/2832/2832
f 544/2833/2833 545/2834/2834 572/2835/2835
f 545/2836/2836 573/2837/2837 572/2838/2838
f 545/2839/2839 574/2840/2840 573/2841/2841
f 545/2842/2842 575/2843/2843 574/2844/2844
f 576/2845/2845 575/2846/2846 545/2847/2847
f 547/2848/2848 576/2849/2849 545/2850/2850
f 576/2851/2851 547/2852/2852 577/2853/2853
f 578/2854/2854 577/2855/2855 547/2856/2856
f 579/2857/2857 580/2858/2858 546/2859/2859
f 580/2860/2860 548/2861/2861 546/2862/2862
f 580/2863/2863 578/2864/2864 548/2865/2865
f 578/2866/2866 547/2867/2867 548/2868/2868
f 535/2959/2959 584/2960/2960 538/2961/2961
f 584/2962/2962 586/2963/2963 538/2964/2964
f 538/2965/2965 586/2966/2966 579/2967/2967
f 538/2968/2968 579/2969/2969 546/2970/2970
f 579/2971/2971 586/2972/2972 580/2973/2973
f 586/2974/2974 578/2975/2975 580/2976/2976
f 586/2977/2977 577/2978/2978 578/2979/2979
f 586/2980/2980 584/2981/2981 577/2982/2982
s 36
f 557/2869/2869 559/2870/2870 581/2871/2871
f 559/2872/2872 561/2873/2873 581/2874/2874
s 37
f 558/2875/2875 560/2876/2876 562/2877/2877
f 560/2878/2878 582/2879/2879 562/2880/2880
s 38
f 563/2881/2881 565/2882/2882 569/2883/2883
f 565/2884/2884 567/2885/2885 569/2886/2886
s 39
f 535/2887/2887 537/2888/2888 541/2889/2889
f 537/2890/2890 539/2891/2891 541/2892/2892
f 541/2917/2917 583/2918/2918 574/2919/2919
f 541/2920/2920 574/2921/2921 575/2922/2922
f 541/2923/2923 575/2924/2924 535/2925/2925
f 575/2926/2926 576/2927/2927 535/2928/2928
f 535/2929/2929 576/2930/2930 584/2931/2931
f 576/2932/2932 577/2933/2933 584/2934/2934
s 40
f 561/2893/2893 582/2894/2894 581/2895/2895
f 561/2896/2896 562/2897/2897 582/2898/2898
s 41
f 565/2899/2899 570/2900/2900 567/2901/2901
f 565/2902/2902 564/2903/2903 570/2904/2904
f 564/2905/2905 566/2906/2906 570/2907/2907
f 566/2908/2908 568/2909/2909 570/2910/2910
s 42
f 556/2911/2911 552/2912/2912 554/2913/2913
f 556/2914/2914 550/2915/2915 552/2916/2916
s 43
f 541/2935/2935 585/2936/2936 583/2937/2937
f 541/2938/2938 540/2939/2939 585/2940/2940
f 585/2941/2941 540/2942/2942 543/2943/2943
f 585/2944/2944 543/2945/2945 571/2946/2946
f 572/2947/2947 573/2948/2948 571/2949/2949
f 573/2950/2950 585/2951/2951 571/2952/2952
f 573/2953/2953 583/2954/2954 585/2955/2955
f 573/2956/2956 574/2957/2957 583/2958/2958
o base,ox=-0.00,oy=5.04,oz=0.21,p=pelvis,
v -1.360618 23.544783 -14.713306
vn 0.067040 0.990477 0.120252
vt 0.838535011 0.697506011
v -1.048528 23.469217 -14.264879
vn 0.020126 0.996075 0.086196
vt 0.838531017 0.697506011
v 1.374842 23.544783 -14.711905
vn -0.050528 0.990022 0.131543
vt 0.838535011 0.748907030
vn -0.050528 0.990022 0.131543
vt 0.884373009 0.665791988
v 1.750009 23.469217 -13.543024
vn -0.122698 0.991275 0.048165
vt 0.884365976 0.688589990
v 2.268583 23.544783 -13.777189
vn -0.122698 0.991275 0.048165
vt 0.884375989 0.688589990
vn -0.050528 0.990022 0.131543
vt 0.884373009 0.665791988
v 1.060831 23.469217 -14.263795
vn -0.033739 0.995563 0.087835
vt 0.884366989 0.665791988
vn -0.122698 0.991275 0.048165
vt 0.884365976 0.688589990
v 1.366450 23.544775 -10.794913
vn -0.067037 0.990478 -0.120244
vt 0.921664000 0.748798013
v 1.054362 23.469214 -11.243341
vn -0.020124 0.996076 -0.086189
vt 0.921660006 0.748798013
v -1.369009 23.544775 -10.796316
vn 0.050527 0.990023 -0.131535
vt 0.921665013 0.697395980
vn 0.050527 0.990023 -0.131535
vt 0.859775007 0.749574006
v -1.744177 23.469214 -11.965195
vn 0.122697 0.991275 -0.048161
vt 0.859767020 0.726776004
v -2.262751 23.544779 -11.731029
vn 0.122698 0.991275 -0.048161
vt 0.859776020 0.726776004
vn 0.050527 0.990023 -0.131535
vt 0.859775007 0.749574006
v -1.054999 23.469214 -11.244423
vn 0.033737 0.995564 -0.087830
vt 0.859770000 0.749574006
vn 0.122697 0.991275 -0.048161
vt 0.859767020 0.726776004
vn 0.050527 0.990023 -0.131535
vt 0.921665013 0.697395980
vn -0.020124 0.996076 -0.086189
vt 0.921660006 0.748798013
vn 0.033737 0.995564 -0.087830
vt 0.921661019 0.697395980
vn 0.122698 0.991275 -0.048161
vt 0.859776020 0.726776004
vn 0.122697 0.991275 -0.048161
vt 0.859767020 0.726776004
v -2.260325 23.544783 -13.781391
vn 0.129822 0.991005 0.032477
vt 0.859777987 0.688614011
vn 0.129822 0.991005 0.032477
vt 0.859777987 0.688614011
v -1.742308 23.469217 -13.546265
vn 0.115192 0.991229 0.064782
vt 0.859768987 0.688614011
vn 0.067040 0.990477 0.120252
vt 0.859775007 0.665791988
vn 0.129822 0.991005 0.032477
vt 0.859777987 0.688614011
vn 0.122697 0.991275 -0.048161
vt 0.859767020 0.726776004
vn 0.115192 0.991229 0.064782
vt 0.859768987 0.688614011
vn 0.115192 0.991229 0.064782
vt 0.859768987 0.688614011
vn 0.020126 0.996075 0.086196
vt 0.859768987 0.665791988
vn 0.067040 0.990477 0.120252
vt 0.859775007 0.665791988
vn 0.020126 0.996075 0.086196
vt 0.838531017 0.697506011
vn -0.033739 0.995563 0.087835
vt 0.838531017 0.748907030
vn -0.050528 0.990022 0.131543
vt 0.838535011 0.748907030
vn 0.033737 0.995564 -0.087830
vt 0.921661019 0.697395980
vn -0.020124 0.996076 -0.086189
vt 0.921660006 0.748798013
vn 0.020126 0.996075 0.086196
vt 0.838531017 0.697506011
vn -0.122698 0.991275 0.048165
vt 0.884375989 0.688589990
vn -0.122698 0.991275 0.048165
vt 0.884365976 0.688589990
v 2.266158 23.544779 -11.726829
vn -0.129822 0.991005 -0.032473
vt 0.884373009 0.726751983
vn -0.129822 0.991005 -0.032473
vt 0.884373009 0.726751983
v 1.748139 23.469214 -11.961956
vn -0.115189 0.991229 -0.064777
vt 0.884365022 0.726751983
vn -0.067037 0.990478 -0.120244
vt 0.884371996 0.749574006
vn -0.129822 0.991005 -0.032473
vt 0.884373009 0.726751983
vn -0.122698 0.991275 0.048165
vt 0.884365976 0.688589990
vn -0.115189 0.991229 -0.064777
vt 0.884365022 0.726751983
vn -0.115189 0.991229 -0.064777
vt 0.884365022 0.726751983
vn -0.020124 0.996076 -0.086189
vt 0.884366989 0.749574006
vn -0.067037 0.990478 -0.120244
vt 0.884371996 0.749574006
vn -0.020124 0.996076 -0.086189
vt 0.921660006 0.748798013
vn -0.033739 0.995563 0.087835
vt 0.838531017 0.748907030
vn 0.020126 0.996075 0.086196
vt 0.838531017 0.697506011
v -1.801689 20.353808 -18.152933
vn -0.286279 0.720452 -0.631660
vt 0.866319001 0.714433014
vn -0.830772 0.475369 -0.289556
vt 0.896227002 0.736149013
vn -0.286278 0.720452 -0.631660
vt 0.887681007 0.738336027
vn -0.286279 0.720452 -0.631660
vt 0.866319001 0.714433014
v -2.992430 20.353808 -16.919565
vn -0.830772 0.475369 -0.289556
vt 0.877578974 0.711538017
vn -0.830772 0.475369 -0.289556
vt 0.896227002 0.736149013
vn -0.286278 0.720452 -0.631660
vt 0.793991983 0.687967002
vn 0.191491 0.731696 -0.654181
vt 0.793991983 0.711991012
vn -0.286279 0.720452 -0.631660
vt 0.752798975 0.684077978
vn 0.191491 0.731696 -0.654181
vt 0.793991983 0.711991012
v 1.818627 20.353808 -18.151083
vn 0.382620 0.701380 -0.601389
vt 0.752798975 0.715873003
vn -0.286279 0.720452 -0.631660
vt 0.752798975 0.684077978
vn 0.191491 0.731696 -0.654181
vt 0.886215985 0.697571993
vn 0.747927 0.544698 -0.379355
vt 0.892320991 0.709254980
vn 0.382620 0.701380 -0.601389
vt 0.838181019 0.697571993
v 1.807521 20.353804 -12.967035
vn 0.361648 -0.489948 0.793197
vt 0.879334986 0.743651986
vn 0.927590 -0.071446 0.366706
vt 0.907923996 0.723102987
vn 0.361648 -0.489948 0.793197
vt 0.917261004 0.732389987
vn 0.361648 -0.489948 0.793197
vt 0.879334986 0.743651986
v 2.998262 20.353806 -14.200403
vn 0.927590 -0.071446 0.366706
vt 0.866882980 0.731361985
vn 0.927590 -0.071446 0.366706
vt 0.907923996 0.723102987
vn 0.361648 -0.489948 0.793197
vt 0.916338027 0.726513028
vn -0.241086 -0.523059 0.817488
vt 0.888750017 0.726513028
vn 0.361648 -0.489948 0.793197
vt 0.920777023 0.687548995
vn -0.241086 -0.523059 0.817488
vt 0.888750017 0.726513028
v -1.812794 20.353804 -12.968892
vn -0.481719 -0.446427 0.754089
vt 0.884217024 0.687548995
vn 0.361648 -0.489948 0.793197
vt 0.920777023 0.687548995
vn -0.241086 -0.523059 0.817488
vt 0.918847978 0.738336027
vn -0.860821 -0.173386 0.478460
vt 0.910059988 0.737778008
vn -0.481719 -0.446427 0.754089
vt 0.907532990 0.714433014
vn -0.860821 -0.173386 0.478460
vt 0.910059988 0.737778008
v -2.995640 20.353806 -14.205962
vn -0.970383 0.037821 0.238591
vt 0.895936012 0.713693976
vn -0.481719 -0.446427 0.754089
vt 0.907532990 0.714433014
vn -0.860821 -0.173386 0.478460
vt 0.910076022 0.737778008
vn -0.830772 0.475369 -0.289556
vt 0.896227002 0.736149013
vn -0.970383 0.037821 0.238591
vt 0.895936012 0.713693976
vn -0.830772 0.475369 -0.289556
vt 0.896227002 0.736149013
vn -0.830772 0.475369 -0.289556
vt 0.877578974 0.711538017
vn -0.970383 0.037821 0.238591
vt 0.895936012 0.713693976
vn 0.747927 0.544698 -0.379355
vt 0.892320991 0.709254980
v 3.001472 20.353808 -16.914007
vn 0.900080 0.392573 -0.189055
vt 0.846198022 0.713034987
vn 0.382620 0.701380 -0.601389
vt 0.838181019 0.697571993
vn 0.747927 0.544698 -0.379355
vt 0.892320991 0.709254980
vn 0.927590 -0.071446 0.366706
vt 0.907939970 0.723102987
vn 0.900080 0.392573 -0.189055
vt 0.846198022 0.713034987
vn 0.927590 -0.071446 0.366706
vt 0.907939970 0.723102987
vn 0.927590 -0.071446 0.366706
vt 0.866882980 0.731361985
vn 0.900080 0.392573 -0.189055
vt 0.846198022 0.713034987
s 6
f 587/2983/2983 588/2984/2984 589/2985/2985
f 589/2986/2986 590/2987/2987 591/2988/2988
f 589/2989/2989 592/2990/2990 590/2991/2991
f 593/2992/2992 594/2993/2993 595/2994/2994
f 595/2995/2995 596/2996/2996 597/2997/2997
f 595/2998/2998 598/2999/2999 596/3000/3000
f 595/3001/3001 594/3002/3002 598/3003/3003
f 597/3004/3004 596/3005/3005 599/3006/3006
f 599/3007/3007 600/3008/3008 587/3009/3009
f 599/3010/3010 596/3011/3011 600/3012/3012
f 600/3013/3013 588/3014/3014 587/3015/3015
f 588/3016/3016 592/3017/3017 589/3018/3018
f 598/3019/3019 594/3020/3020 588/3021/3021
f 591/3022/3022 590/3023/3023 601/3024/3024
f 601/3025/3025 602/3026/3026 593/3027/3027
f 601/3028/3028 590/3029/3029 602/3030/3030
f 602/3031/3031 594/3032/3032 593/3033/3033
f 594/3034/3034 592/3035/3035 588/3036/3036
s 7
f 603/3037/3037 599/3038/3038 587/3039/3039
f 603/3040/3040 604/3041/3041 599/3042/3042
f 587/3043/3043 589/3044/3044 603/3045/3045
f 589/3046/3046 605/3047/3047 603/3048/3048
f 589/3049/3049 591/3050/3050 605/3051/3051
f 606/3052/3052 601/3053/3053 593/3054/3054
f 606/3055/3055 607/3056/3056 601/3057/3057
f 593/3058/3058 595/3059/3059 606/3060/3060
f 595/3061/3061 608/3062/3062 606/3063/3063
f 595/3064/3064 597/3065/3065 608/3066/3066
f 597/3067/3067 609/3068/3068 608/3069/3069
f 597/3070/3070 599/3071/3071 609/3072/3072
f 599/3073/3073 604/3074/3074 609/3075/3075
f 591/3076/3076 610/3077/3077 605/3078/3078
f 591/3079/3079 601/3080/3080 610/3081/3081
f 601/3082/3082 607/3083/3083 610/3084/3084
o empty_root_piece,ox=-0.00,oy=0.00,oz=0.00,p=base,,e=0
v 0.000000 22.240001 -12.790000
v 0.000000 22.240001 -8.790000
v 0.000000 24.240001 -12.790000
f 611/1/1 612/2/2 613/3/3
o loturret,ox=-0.00,oy=2.00,oz=0.14,p=base,
v 1.994894 24.473611 -12.657463
vn 0.092500 -0.995400 0.024800
vt 0.500000000 0.500000000
v 2.383296 24.500577 -13.023424
vn 0.092500 -0.995400 0.024800
vt 0.500000000 0.500000000
v 2.054309 24.500577 -11.795626
vn 0.092500 -0.995400 0.024800
vt 0.416667014 0.500000000
vn 0.092500 -0.995400 0.024800
vt 0.500000000 0.500000000
vn 0.092500 -0.995400 0.024800
vt 0.416667014 0.500000000
v 1.727630 24.473611 -11.660015
vn 0.092500 -0.995400 0.024800
vt 0.416667014 0.500000000
v 0.000000 23.710198 -14.500507
vn 0.217500 -0.542300 -0.811600
vt 0.750000000 0.625000000
v 0.921521 23.710198 -14.253585
vn 0.217500 -0.542300 -0.811600
vt 0.666666985 0.625000000
v 0.705302 23.063006 -13.879082
vn 0.217500 -0.542300 -0.811600
vt 0.666666985 0.750000000
vn 0.217500 -0.542300 -0.811600
vt 0.750000000 0.625000000
vn 0.217500 -0.542300 -0.811600
vt 0.666666985 0.750000000
v 0.000000 23.063006 -14.068067
vn 0.217500 -0.542300 -0.811600
vt 0.750000000 0.750000000
v 0.000000 22.630569 -13.420876
vn 0.052200 -0.979400 -0.194800
vt 0.750000000 0.875000000
v 0.381707 22.630569 -13.318598
vn 0.052200 -0.979400 -0.194800
vt 0.666666985 0.875000000
v 0.000000 22.478715 -12.657463
vn 0.052200 -0.979400 -0.194800
vt 0.708333015 1.000000000
v -0.921521 23.710198 -14.253585
vn 0.047500 -0.983000 0.177200
vt 0.867206991 0.556042016
v -1.532693 23.489919 -15.312166
vn 0.047500 -0.983000 0.177200
vt 0.870498002 0.550844014
v 0.000000 23.489919 -15.722851
vn 0.047500 -0.983000 0.177200
vt 0.862967014 0.548482001
vn 0.047500 -0.983000 0.177200
vt 0.867206991 0.556042016
vn 0.047500 -0.983000 0.177200
vt 0.862967014 0.548482001
vn 0.047500 -0.983000 0.177200
vt 0.862717986 0.554628015
vn 0.147200 -0.822400 -0.549500
vt 0.750000000 0.750000000
vn 0.147200 -0.822400 -0.549500
vt 0.666666985 0.750000000
vn 0.147200 -0.822400 -0.549500
vt 0.666666985 0.875000000
vn 0.147200 -0.822400 -0.549500
vt 0.750000000 0.750000000
vn 0.147200 -0.822400 -0.549500
vt 0.666666985 0.875000000
vn 0.147200 -0.822400 -0.549500
vt 0.750000000 0.875000000
vn 0.594100 -0.542300 -0.594100
vt 0.666666985 0.625000000
v 1.596122 23.710198 -13.578984
vn 0.594100 -0.542300 -0.594100
vt 0.583333015 0.625000000
v 1.221619 23.063006 -13.362766
vn 0.594100 -0.542300 -0.594100
vt 0.583333015 0.750000000
vn 0.594100 -0.542300 -0.594100
vt 0.666666985 0.625000000
vn 0.594100 -0.542300 -0.594100
vt 0.583333015 0.750000000
vn 0.594100 -0.542300 -0.594100
vt 0.666666985 0.750000000
vn 0.142600 -0.979400 -0.142600
vt 0.666666985 0.875000000
v 0.661135 22.630569 -13.039169
vn 0.142600 -0.979400 -0.142600
vt 0.583333015 0.875000000
vn 0.142600 -0.979400 -0.142600
vt 0.625000000 1.000000000
v -1.727630 24.473611 -13.654911
vn -0.079900 0.996600 -0.021400
vt 0.858085990 0.555724025
v -2.806939 24.373658 -14.278051
vn -0.079900 0.996600 -0.021400
vt 0.855449021 0.550616026
v -3.241174 24.373658 -12.657463
vn -0.079900 0.996600 -0.021400
vt 0.849738002 0.555809975
vn -0.079900 0.996600 -0.021400
vt 0.858085990 0.555724025
vn -0.079900 0.996600 -0.021400
vt 0.849738002 0.555809975
v -1.994895 24.473611 -12.657463
vn -0.079900 0.996600 -0.021400
vt 0.854575992 0.558915019
vn 0.402300 -0.822400 -0.402300
vt 0.666666985 0.750000000
vn 0.402300 -0.822400 -0.402300
vt 0.583333015 0.750000000
vn 0.402300 -0.822400 -0.402300
vt 0.583333015 0.875000000
vn 0.402300 -0.822400 -0.402300
vt 0.666666985 0.750000000
vn 0.402300 -0.822400 -0.402300
vt 0.583333015 0.875000000
vn 0.402300 -0.822400 -0.402300
vt 0.666666985 0.875000000
v 0.000000 24.473611 -14.652359
vn 0.052200 -0.979400 -0.194800
vt 0.750000000 0.500000000
v 0.000000 24.565249 -15.113059
vn 0.052200 -0.979400 -0.194800
vt 0.750000000 0.500000000
v 1.227798 24.565249 -14.784071
vn 0.052200 -0.979400 -0.194800
vt 0.666666985 0.500000000
vn 0.052200 -0.979400 -0.194800
vt 0.750000000 0.500000000
vn 0.052200 -0.979400 -0.194800
vt 0.666666985 0.500000000
v 0.997448 24.473611 -14.385093
vn 0.052200 -0.979400 -0.194800
vt 0.666666985 0.500000000
v 1.770744 25.172351 -13.023424
vn 0.965900 0.000000 0.258800
vt 0.926097989 0.481220990
v 1.770744 25.899911 -13.023424
vn 0.965900 0.000000 0.258800
vt 0.917316020 0.474806994
v 1.523824 25.899911 -12.101902
vn 0.965900 0.000000 0.258800
vt 0.907625973 0.482445002
vn 0.965900 0.000000 0.258800
vt 0.926097989 0.481220990
vn 0.965900 0.000000 0.258800
vt 0.907625973 0.482445002
v 1.523824 25.172351 -12.101902
vn 0.965900 0.000000 0.258800
vt 0.912954986 0.493330985
vn 0.079900 0.996600 0.021400
vt 0.866487026 0.572017014
v 2.806937 24.373658 -11.036876
vn 0.079900 0.996600 0.021400
vt 0.869123995 0.577125013
v 3.241172 24.373658 -12.657463
vn 0.079900 0.996600 0.021400
vt 0.874835014 0.571931005
vn 0.079900 0.996600 0.021400
vt 0.866487026 0.572017014
vn 0.079900 0.996600 0.021400
vt 0.874835014 0.571931005
vn 0.079900 0.996600 0.021400
vt 0.869997025 0.568826020
vn 0.549500 -0.822400 -0.147200
vt 0.583333015 0.750000000
v 1.410604 23.063006 -12.657463
vn 0.549500 -0.822400 -0.147200
vt 0.500000000 0.750000000
v 0.763413 22.630569 -12.657463
vn 0.549500 -0.822400 -0.147200
vt 0.500000000 0.875000000
vn 0.549500 -0.822400 -0.147200
vt 0.583333015 0.750000000
vn 0.549500 -0.822400 -0.147200
vt 0.500000000 0.875000000
vn 0.549500 -0.822400 -0.147200
vt 0.583333015 0.875000000
vn 0.141400 -0.979700 0.142100
vt 0.416667014 0.500000000
vn 0.141400 -0.979700 0.142100
vt 0.416667014 0.500000000
v 1.227798 24.565249 -10.530856
vn 0.141400 -0.979700 0.142100
vt 0.333332986 0.500000000
vn 0.141400 -0.979700 0.142100
vt 0.416667014 0.500000000
vn 0.141400 -0.979700 0.142100
vt 0.333332986 0.500000000
v 0.997448 24.473611 -10.929834
vn 0.141400 -0.979700 0.142100
vt 0.333332986 0.500000000
vn 0.811600 -0.542300 -0.217500
vt 0.583333015 0.625000000
v 1.843042 23.710198 -12.657463
vn 0.811600 -0.542300 -0.217500
vt 0.500000000 0.625000000
vn 0.811600 -0.542300 -0.217500
vt 0.500000000 0.750000000
vn 0.811600 -0.542300 -0.217500
vt 0.583333015 0.625000000
vn 0.811600 -0.542300 -0.217500
vt 0.500000000 0.750000000
vn 0.811600 -0.542300 -0.217500
vt 0.583333015 0.750000000
vn 0.194800 -0.979400 -0.052200
vt 0.583333015 0.875000000
vn 0.194800 -0.979400 -0.052200
vt 0.500000000 0.875000000
vn 0.194800 -0.979400 -0.052200
vt 0.541666985 1.000000000
vn 0.549500 -0.822400 0.147200
vt 0.500000000 0.750000000
v 1.221619 23.063006 -11.952162
vn 0.549500 -0.822400 0.147200
vt 0.416667014 0.750000000
v 0.661135 22.630569 -12.275757
vn 0.549500 -0.822400 0.147200
vt 0.416667014 0.875000000
vn 0.549500 -0.822400 0.147200
vt 0.500000000 0.750000000
vn 0.549500 -0.822400 0.147200
vt 0.416667014 0.875000000
vn 0.549500 -0.822400 0.147200
vt 0.500000000 0.875000000
v -0.997447 24.473611 -14.385093
vn -0.052200 -0.979400 -0.194800
vt 0.833333015 0.500000000
v -1.227798 24.565249 -14.784071
vn -0.052200 -0.979400 -0.194800
vt 0.833333015 0.500000000
vn -0.052200 -0.979400 -0.194800
vt 0.750000000 0.500000000
vn -0.052200 -0.979400 -0.194800
vt 0.833333015 0.500000000
vn -0.052200 -0.979400 -0.194800
vt 0.750000000 0.500000000
vn -0.052200 -0.979400 -0.194800
vt 0.750000000 0.500000000
vn 0.811600 -0.542300 0.217500
vt 0.500000000 0.625000000
v 1.596122 23.710198 -11.735942
vn 0.811600 -0.542300 0.217500
vt 0.416667014 0.625000000
vn 0.811600 -0.542300 0.217500
vt 0.416667014 0.750000000
vn 0.811600 -0.542300 0.217500
vt 0.500000000 0.625000000
vn 0.811600 -0.542300 0.217500
vt 0.416667014 0.750000000
vn 0.811600 -0.542300 0.217500
vt 0.500000000 0.750000000
vn 0.194800 -0.979400 0.052200
vt 0.500000000 0.875000000
vn 0.194800 -0.979400 0.052200
vt 0.416667014 0.875000000
vn 0.194800 -0.979400 0.052200
vt 0.458332986 1.000000000
vn 0.021400 0.996600 -0.079900
vt 0.870432019 0.559669971
v 1.620587 24.373658 -15.464401
vn 0.021400 0.996600 -0.079900
vt 0.875540018 0.557033002
v 0.000000 24.373658 -15.898638
vn 0.021400 0.996600 -0.079900
vt 0.870346010 0.551321983
vn 0.021400 0.996600 -0.079900
vt 0.870432019 0.559669971
vn 0.021400 0.996600 -0.079900
vt 0.870346010 0.551321983
vn 0.021400 0.996600 -0.079900
vt 0.867240012 0.556159973
v -1.596122 25.237023 -13.578984
vn 0.194800 0.979400 0.052200
vt 0.916666985 0.375000000
v -1.995100 25.328662 -13.809335
vn 0.194800 0.979400 0.052200
vt 0.916666985 0.375000000
v -2.303743 25.328662 -12.657463
vn 0.194800 0.979400 0.052200
vt 1.000000000 0.375000000
vn 0.194800 0.979400 0.052200
vt 0.916666985 0.375000000
vn 0.194800 0.979400 0.052200
vt 1.000000000 0.375000000
v -1.843043 25.237023 -12.657463
vn 0.194800 0.979400 0.052200
vt 1.000000000 0.375000000
vn 0.594100 -0.542300 0.594100
vt 0.416667014 0.625000000
v 0.921521 23.710198 -11.061341
vn 0.594100 -0.542300 0.594100
vt 0.333332986 0.625000000
v 0.705302 23.063006 -11.435844
vn 0.594100 -0.542300 0.594100
vt 0.333332986 0.750000000
vn 0.594100 -0.542300 0.594100
vt 0.416667014 0.625000000
vn 0.594100 -0.542300 0.594100
vt 0.333332986 0.750000000
vn 0.594100 -0.542300 0.594100
vt 0.416667014 0.750000000
vn 0.142600 -0.979400 0.142600
vt 0.416667014 0.875000000
v 0.381707 22.630569 -11.996328
vn 0.142600 -0.979400 0.142600
vt 0.333332986 0.875000000
vn 0.142600 -0.979400 0.142600
vt 0.375000000 1.000000000
vn 0.058500 0.996600 0.058500
vt 0.861850977 0.573026001
v 1.620587 24.373658 -9.850527
vn 0.058500 0.996600 0.058500
vt 0.861580014 0.578768015
vn 0.058500 0.996600 0.058500
vt 0.869123995 0.577125013
vn 0.058500 0.996600 0.058500
vt 0.861850977 0.573026001
vn 0.058500 0.996600 0.058500
vt 0.869123995 0.577125013
vn 0.058500 0.996600 0.058500
vt 0.866487026 0.572017014
vn 0.402300 -0.822400 0.402300
vt 0.416667014 0.750000000
vn 0.402300 -0.822400 0.402300
vt 0.333332986 0.750000000
vn 0.402300 -0.822400 0.402300
vt 0.333332986 0.875000000
vn 0.402300 -0.822400 0.402300
vt 0.416667014 0.750000000
vn 0.402300 -0.822400 0.402300
vt 0.333332986 0.875000000
vn 0.402300 -0.822400 0.402300
vt 0.416667014 0.875000000
vn 0.052200 -0.979400 0.194800
vt 0.333332986 0.875000000
v 0.000000 22.630569 -11.894051
vn 0.052200 -0.979400 0.194800
vt 0.250000000 0.875000000
vn 0.052200 -0.979400 0.194800
vt 0.291667014 1.000000000
v -1.596122 23.710198 -11.735942
vn 0.177200 -0.983000 -0.047500
vt 0.870001972 0.568603992
v -2.654702 23.489917 -11.124769
vn 0.177200 -0.983000 -0.047500
vt 0.875203013 0.571892023
v -3.065387 23.489917 -12.657463
vn 0.177200 -0.983000 -0.047500
vt 0.877560973 0.564360023
vn 0.177200 -0.983000 -0.047500
vt 0.870001972 0.568603992
vn 0.177200 -0.983000 -0.047500
vt 0.877560973 0.564360023
v -1.843043 23.710198 -12.657463
vn 0.177200 -0.983000 -0.047500
vt 0.871412992 0.564110994
vn 0.147200 -0.822400 0.549500
vt 0.333332986 0.750000000
v 0.000000 23.063006 -11.246860
vn 0.147200 -0.822400 0.549500
vt 0.250000000 0.750000000
vn 0.147200 -0.822400 0.549500
vt 0.250000000 0.875000000
vn 0.147200 -0.822400 0.549500
vt 0.333332986 0.750000000
vn 0.147200 -0.822400 0.549500
vt 0.250000000 0.875000000
vn 0.147200 -0.822400 0.549500
vt 0.333332986 0.875000000
vn -0.194800 0.979400 -0.052200
vt 0.416667014 0.375000000
v 1.922800 25.263989 -11.871553
vn -0.194800 0.979400 -0.052200
vt 0.416667014 0.375000000
v 2.231444 25.263989 -13.023424
vn -0.194800 0.979400 -0.052200
vt 0.500000000 0.375000000
vn -0.194800 0.979400 -0.052200
vt 0.416667014 0.375000000
vn -0.194800 0.979400 -0.052200
vt 0.500000000 0.375000000
vn -0.194800 0.979400 -0.052200
vt 0.500000000 0.375000000
vn 0.217500 -0.542300 0.811600
vt 0.333332986 0.625000000
v 0.000000 23.710198 -10.814420
vn 0.217500 -0.542300 0.811600
vt 0.250000000 0.625000000
vn 0.217500 -0.542300 0.811600
vt 0.250000000 0.750000000
vn 0.217500 -0.542300 0.811600
vt 0.333332986 0.625000000
vn 0.217500 -0.542300 0.811600
vt 0.250000000 0.750000000
vn 0.217500 -0.542300 0.811600
vt 0.333332986 0.750000000
vn -0.021400 0.996600 -0.079900
vt 0.867240012 0.556159973
vn -0.021400 0.996600 -0.079900
vt 0.870346010 0.551321983
v -1.620587 24.373658 -15.464401
vn -0.021400 0.996600 -0.079900
vt 0.862991989 0.548973024
vn -0.021400 0.996600 -0.079900
vt 0.867240012 0.556159973
vn -0.021400 0.996600 -0.079900
vt 0.862991989 0.548973024
vn -0.021400 0.996600 -0.079900
vt 0.862721026 0.554714978
vn -0.147200 -0.822400 0.549500
vt 0.250000000 0.750000000
v -0.705302 23.063006 -11.435844
vn -0.147200 -0.822400 0.549500
vt 0.166666999 0.750000000
v -0.381707 22.630569 -11.996328
vn -0.147200 -0.822400 0.549500
vt 0.166666999 0.875000000
vn -0.147200 -0.822400 0.549500
vt 0.250000000 0.750000000
vn -0.147200 -0.822400 0.549500
vt 0.166666999 0.875000000
vn -0.147200 -0.822400 0.549500
vt 0.250000000 0.875000000
v 0.921521 25.237023 -11.061341
vn -0.142200 0.979400 -0.143100
vt 0.333332986 0.375000000
v 1.151872 25.328662 -10.662363
vn -0.142200 0.979400 -0.143100
vt 0.333332986 0.375000000
vn -0.142200 0.979400 -0.143100
vt 0.416667014 0.375000000
vn -0.142200 0.979400 -0.143100
vt 0.333332986 0.375000000
vn -0.142200 0.979400 -0.143100
vt 0.416667014 0.375000000
vn -0.142200 0.979400 -0.143100
vt 0.416667014 0.375000000
vn -0.217500 -0.542300 0.811600
vt 0.250000000 0.625000000
v -0.921521 23.710198 -11.061341
vn -0.217500 -0.542300 0.811600
vt 0.166666999 0.625000000
vn -0.217500 -0.542300 0.811600
vt 0.166666999 0.750000000
vn -0.217500 -0.542300 0.811600
vt 0.250000000 0.625000000
vn -0.217500 -0.542300 0.811600
vt 0.166666999 0.750000000
vn -0.217500 -0.542300 0.811600
vt 0.250000000 0.750000000
vn -0.052200 -0.979400 0.194800
vt 0.250000000 0.875000000
vn -0.052200 -0.979400 0.194800
vt 0.166666999 0.875000000
vn -0.052200 -0.979400 0.194800
vt 0.208333001 1.000000000
v -1.727630 24.473611 -11.660015
vn -0.194800 -0.979400 0.052200
vt 0.083333001 0.500000000
v -2.126608 24.565249 -11.429666
vn -0.194800 -0.979400 0.052200
vt 0.083333001 0.500000000
v -2.455595 24.565249 -12.657463
vn -0.194800 -0.979400 0.052200
vt 0.000000000 0.500000000
vn -0.194800 -0.979400 0.052200
vt 0.083333001 0.500000000
vn -0.194800 -0.979400 0.052200
vt 0.000000000 0.500000000
vn -0.194800 -0.979400 0.052200
vt 0.000000000 0.500000000
vn -0.594100 -0.542300 0.594100
vt 0.166666999 0.625000000
vn -0.594100 -0.542300 0.594100
vt 0.083333001 0.625000000
v -1.221619 23.063006 -11.952162
vn -0.594100 -0.542300 0.594100
vt 0.083333001 0.750000000
vn -0.594100 -0.542300 0.594100
vt 0.166666999 0.625000000
vn -0.594100 -0.542300 0.594100
vt 0.083333001 0.750000000
vn -0.594100 -0.542300 0.594100
vt 0.166666999 0.750000000
vn -0.142600 -0.979400 0.142600
vt 0.166666999 0.875000000
v -0.661135 22.630569 -12.275757
vn -0.142600 -0.979400 0.142600
vt 0.083333001 0.875000000
vn -0.142600 -0.979400 0.142600
vt 0.125000000 1.000000000
vn -0.079900 0.996600 0.021400
vt 0.854575992 0.558915019
vn -0.079900 0.996600 0.021400
vt 0.849738002 0.555809975
v -2.806939 24.373658 -11.036876
vn -0.079900 0.996600 0.021400
vt 0.847389996 0.563163996
vn -0.079900 0.996600 0.021400
vt 0.854575992 0.558915019
vn -0.079900 0.996600 0.021400
vt 0.847389996 0.563163996
vn -0.079900 0.996600 0.021400
vt 0.853132010 0.563434005
vn -0.402300 -0.822400 0.402300
vt 0.166666999 0.750000000
vn -0.402300 -0.822400 0.402300
vt 0.083333001 0.750000000
vn -0.402300 -0.822400 0.402300
vt 0.083333001 0.875000000
vn -0.402300 -0.822400 0.402300
vt 0.166666999 0.750000000
vn -0.402300 -0.822400 0.402300
vt 0.083333001 0.875000000
vn -0.402300 -0.822400 0.402300
vt 0.166666999 0.875000000
vn 0.037700 -0.994500 -0.097400
vt 0.666666985 0.500000000
vn 0.037700 -0.994500 -0.097400
vt 0.666666985 0.500000000
v 2.054309 24.500577 -14.251222
vn 0.037700 -0.994500 -0.097400
vt 0.583333015 0.500000000
vn 0.037700 -0.994500 -0.097400
vt 0.666666985 0.500000000
vn 0.037700 -0.994500 -0.097400
vt 0.583333015 0.500000000
v 1.727630 24.473611 -13.654911
vn 0.037700 -0.994500 -0.097400
vt 0.583333015 0.500000000
vn -0.811600 -0.542300 0.217500
vt 0.083333001 0.625000000
vn -0.811600 -0.542300 0.217500
vt 0.000000000 0.625000000
v -1.410604 23.063006 -12.657463
vn -0.811600 -0.542300 0.217500
vt 0.000000000 0.750000000
vn -0.811600 -0.542300 0.217500
vt 0.083333001 0.625000000
vn -0.811600 -0.542300 0.217500
vt 0.000000000 0.750000000
vn -0.811600 -0.542300 0.217500
vt 0.083333001 0.750000000
vn -0.194800 -0.979400 0.052200
vt 0.083333001 0.875000000
v -0.763413 22.630569 -12.657463
vn -0.194800 -0.979400 0.052200
vt 0.000000000 0.875000000
vn -0.194800 -0.979400 0.052200
vt 0.041666999 1.000000000
vn 0.129700 -0.983000 -0.129700
vt 0.866535008 0.571789980
v -1.532693 23.489917 -10.002760
vn 0.129700 -0.983000 -0.129700
vt 0.869394004 0.577235997
vn 0.129700 -0.983000 -0.129700
vt 0.875203013 0.571892023
vn 0.129700 -0.983000 -0.129700
vt 0.866535008 0.571789980
vn 0.129700 -0.983000 -0.129700
vt 0.875203013 0.571892023
vn 0.129700 -0.983000 -0.129700
vt 0.870001972 0.568603992
vn -0.549500 -0.822400 0.147200
vt 0.083333001 0.750000000
vn -0.549500 -0.822400 0.147200
vt 0.000000000 0.750000000
vn -0.549500 -0.822400 0.147200
vt 0.000000000 0.875000000
vn -0.549500 -0.822400 0.147200
vt 0.083333001 0.750000000
vn -0.549500 -0.822400 0.147200
vt 0.000000000 0.875000000
vn -0.549500 -0.822400 0.147200
vt 0.083333001 0.875000000
vn 0.058500 0.996600 -0.058500
vt 0.871441007 0.564306021
v 2.806937 24.373658 -14.278051
vn 0.058500 0.996600 -0.058500
vt 0.877183020 0.564576983
vn 0.058500 0.996600 -0.058500
vt 0.875540018 0.557033002
vn 0.058500 0.996600 -0.058500
vt 0.871441007 0.564306021
vn 0.058500 0.996600 -0.058500
vt 0.875540018 0.557033002
vn 0.058500 0.996600 -0.058500
vt 0.870432019 0.559669971
vn -0.549500 -0.822400 -0.147200
vt 1.000000000 0.750000000
v -1.221619 23.063006 -13.362766
vn -0.549500 -0.822400 -0.147200
vt 0.916666985 0.750000000
v -0.661135 22.630569 -13.039169
vn -0.549500 -0.822400 -0.147200
vt 0.916666985 0.875000000
vn -0.549500 -0.822400 -0.147200
vt 1.000000000 0.750000000
vn -0.549500 -0.822400 -0.147200
vt 0.916666985 0.875000000
vn -0.549500 -0.822400 -0.147200
vt 1.000000000 0.875000000
vn 0.194800 0.979400 -0.052200
vt 0.000000000 0.375000000
vn 0.194800 0.979400 -0.052200
vt 0.000000000 0.375000000
v -1.995100 25.328662 -11.505591
vn 0.194800 0.979400 -0.052200
vt 0.083333001 0.375000000
vn 0.194800 0.979400 -0.052200
vt 0.000000000 0.375000000
vn 0.194800 0.979400 -0.052200
vt 0.083333001 0.375000000
v -1.596122 25.237023 -11.735942
vn 0.194800 0.979400 -0.052200
vt 0.083333001 0.375000000
vn -0.811600 -0.542300 -0.217500
vt 1.000000000 0.625000000
v -1.596122 23.710198 -13.578984
vn -0.811600 -0.542300 -0.217500
vt 0.916666985 0.625000000
vn -0.811600 -0.542300 -0.217500
vt 0.916666985 0.750000000
vn -0.811600 -0.542300 -0.217500
vt 1.000000000 0.625000000
vn -0.811600 -0.542300 -0.217500
vt 0.916666985 0.750000000
vn -0.811600 -0.542300 -0.217500
vt 1.000000000 0.750000000
vn -0.194800 -0.979400 -0.052200
vt 1.000000000 0.875000000
vn -0.194800 -0.979400 -0.052200
vt 0.916666985 0.875000000
vn -0.194800 -0.979400 -0.052200
vt 0.958333015 1.000000000
vn -0.177200 -0.983000 0.047500
vt 0.854655981 0.558836997
v 2.654701 23.489917 -14.190156
vn -0.177200 -0.983000 0.047500
vt 0.849456012 0.555549026
v 3.065386 23.489917 -12.657463
vn -0.177200 -0.983000 0.047500
vt 0.847096980 0.563081980
vn -0.177200 -0.983000 0.047500
vt 0.854655981 0.558836997
vn -0.177200 -0.983000 0.047500
vt 0.847096980 0.563081980
vn -0.177200 -0.983000 0.047500
vt 0.853245020 0.563329995
vn -0.402300 -0.822400 -0.402300
vt 0.916666985 0.750000000
v -0.705302 23.063006 -13.879082
vn -0.402300 -0.822400 -0.402300
vt 0.833333015 0.750000000
v -0.381707 22.630569 -13.318598
vn -0.402300 -0.822400 -0.402300
vt 0.833333015 0.875000000
vn -0.402300 -0.822400 -0.402300
vt 0.916666985 0.750000000
vn -0.402300 -0.822400 -0.402300
vt 0.833333015 0.875000000
vn -0.402300 -0.822400 -0.402300
vt 0.916666985 0.875000000
v -0.921521 25.237023 -14.253585
vn 0.142600 0.979400 0.142600
vt 0.833333015 0.375000000
v -1.151871 25.328662 -14.652564
vn 0.142600 0.979400 0.142600
vt 0.833333015 0.375000000
vn 0.142600 0.979400 0.142600
vt 0.916666985 0.375000000
vn 0.142600 0.979400 0.142600
vt 0.833333015 0.375000000
vn 0.142600 0.979400 0.142600
vt 0.916666985 0.375000000
vn 0.142600 0.979400 0.142600
vt 0.916666985 0.375000000
vn -0.594100 -0.542300 -0.594100
vt 0.916666985 0.625000000
vn -0.594100 -0.542300 -0.594100
vt 0.833333015 0.625000000
vn -0.594100 -0.542300 -0.594100
vt 0.833333015 0.750000000
vn -0.594100 -0.542300 -0.594100
vt 0.916666985 0.625000000
vn -0.594100 -0.542300 -0.594100
vt 0.833333015 0.750000000
vn -0.594100 -0.542300 -0.594100
vt 0.916666985 0.750000000
vn -0.142600 -0.979400 -0.142600
vt 0.916666985 0.875000000
vn -0.142600 -0.979400 -0.142600
vt 0.833333015 0.875000000
vn -0.142600 -0.979400 -0.142600
vt 0.875000000 1.000000000
v 0.000000 25.237023 -14.500507
vn 0.052200 0.979400 0.194800
vt 0.750000000 0.375000000
v 0.000000 25.328662 -14.961208
vn 0.052200 0.979400 0.194800
vt 0.750000000 0.375000000
vn 0.052200 0.979400 0.194800
vt 0.833333015 0.375000000
vn 0.052200 0.979400 0.194800
vt 0.750000000 0.375000000
vn 0.052200 0.979400 0.194800
vt 0.833333015 0.375000000
vn 0.052200 0.979400 0.194800
vt 0.833333015 0.375000000
vn -0.217500 -0.542300 -0.811600
vt 0.833333015 0.625000000
vn -0.217500 -0.542300 -0.811600
vt 0.750000000 0.625000000
vn -0.217500 -0.542300 -0.811600
vt 0.750000000 0.750000000
vn -0.217500 -0.542300 -0.811600
vt 0.833333015 0.625000000
vn -0.217500 -0.542300 -0.811600
vt 0.750000000 0.750000000
vn -0.217500 -0.542300 -0.811600
vt 0.833333015 0.750000000
vn -0.052200 -0.979400 -0.194800
vt 0.833333015 0.875000000
vn -0.052200 -0.979400 -0.194800
vt 0.750000000 0.875000000
vn -0.052200 -0.979400 -0.194800
vt 0.791666985 1.000000000
vn -0.058500 0.996600 0.058500
vt 0.853132010 0.563434005
vn -0.058500 0.996600 0.058500
vt 0.847389996 0.563163996
v -1.620587 24.373658 -9.850527
vn -0.058500 0.996600 0.058500
vt 0.849032998 0.570707023
vn -0.058500 0.996600 0.058500
vt 0.853132010 0.563434005
vn -0.058500 0.996600 0.058500
vt 0.849032998 0.570707023
v -0.997448 24.473611 -10.929834
vn -0.058500 0.996600 0.058500
vt 0.854142010 0.568069994
vn -0.147200 -0.822400 -0.549500
vt 0.833333015 0.750000000
vn -0.147200 -0.822400 -0.549500
vt 0.750000000 0.750000000
vn -0.147200 -0.822400 -0.549500
vt 0.750000000 0.875000000
vn -0.147200 -0.822400 -0.549500
vt 0.833333015 0.750000000
vn -0.147200 -0.822400 -0.549500
vt 0.750000000 0.875000000
vn -0.147200 -0.822400 -0.549500
vt 0.833333015 0.875000000
v -0.041683 28.981713 -15.549190
vn 0.000000 1.000000 -0.000000
vt 0.681545973 0.375000000
v -0.561795 28.981713 -15.409827
vn 0.000000 1.000000 -0.000000
vt 0.723991990 0.375000000
v -0.942543 28.981713 -15.029078
vn 0.000000 1.000000 -0.000000
vt 0.736293018 0.375000000
vn 0.000000 1.000000 -0.000000
vt 0.681545973 0.375000000
vn 0.000000 1.000000 -0.000000
vt 0.736293018 0.375000000
v -1.081907 28.981713 -14.508966
vn 0.000000 1.000000 -0.000000
vt 0.647495985 0.375000000
vn 0.000000 1.000000 -0.000000
vt 0.681545973 0.375000000
vn 0.000000 1.000000 -0.000000
vt 0.647495985 0.375000000
v -0.942544 28.981713 -13.988853
vn 0.000000 1.000000 -0.000000
vt 0.435838014 0.375000000
vn 0.000000 1.000000 -0.000000
vt 0.681545973 0.375000000
vn 0.000000 1.000000 -0.000000
vt 0.435838014 0.375000000
v -0.561795 28.981713 -13.608105
vn 0.000000 1.000000 -0.000000
vt 0.347039998 0.375000000
vn 0.000000 1.000000 -0.000000
vt 0.681545973 0.375000000
vn 0.000000 1.000000 -0.000000
vt 0.347039998 0.375000000
v -0.041683 28.981713 -13.468741
vn 0.000000 1.000000 -0.000000
vt 0.359340996 0.375000000
vn 0.000000 1.000000 -0.000000
vt 0.681545973 0.375000000
vn 0.000000 1.000000 -0.000000
vt 0.359340996 0.375000000
v 0.478428 28.981713 -13.608105
vn 0.000000 1.000000 -0.000000
vt 0.401787013 0.375000000
vn 0.000000 1.000000 -0.000000
vt 0.681545973 0.375000000
vn 0.000000 1.000000 -0.000000
vt 0.401787013 0.375000000
v 0.859177 28.981713 -13.988853
vn 0.000000 1.000000 -0.000000
vt 0.454910010 0.375000000
vn 0.000000 1.000000 -0.000000
vt 0.681545973 0.375000000
vn 0.000000 1.000000 -0.000000
vt 0.454910010 0.375000000
v 0.998540 28.981713 -14.508966
vn 0.000000 1.000000 -0.000000
vt 0.512346029 0.375000000
vn 0.000000 1.000000 -0.000000
vt 0.681545973 0.375000000
vn 0.000000 1.000000 -0.000000
vt 0.512346029 0.375000000
v 0.859177 28.981713 -15.029078
vn 0.000000 1.000000 -0.000000
vt 0.570986986 0.375000000
vn 0.000000 1.000000 -0.000000
vt 0.681545973 0.375000000
vn 0.000000 1.000000 -0.000000
vt 0.570986986 0.375000000
v 0.478428 28.981713 -15.409827
vn 0.000000 1.000000 -0.000000
vt 0.628423989 0.375000000
vn 0.258800 0.000000 0.965900
vt 0.889292002 0.495824009
v 0.921521 25.964583 -11.061341
vn 0.258800 0.000000 0.965900
vt 0.891296983 0.483725011
v 0.000000 25.964583 -10.814420
vn 0.258800 0.000000 0.965900
vt 0.880774021 0.477705985
vn 0.258800 0.000000 0.965900
vt 0.889292002 0.495824009
vn 0.258800 0.000000 0.965900
vt 0.880774021 0.477705985
v 0.000000 25.237023 -10.814420
vn 0.258800 0.000000 0.965900
vt 0.872310996 0.486874998
v -0.921521 25.237023 -11.061341
vn -0.707100 0.000000 0.707100
vt 0.863048971 0.470128000
v -0.921521 25.964583 -11.061341
vn -0.707100 0.000000 0.707100
vt 0.874912024 0.466966003
v -1.596122 25.964583 -11.735942
vn -0.707100 0.000000 0.707100
vt 0.875639021 0.454919994
vn -0.707100 0.000000 0.707100
vt 0.863048971 0.470128000
vn -0.707100 0.000000 0.707100
vt 0.875639021 0.454919994
vn -0.707100 0.000000 0.707100
vt 0.864280999 0.451512992
v 0.921521 25.237023 -14.253585
vn 0.707100 0.000000 -0.707100
vt 0.930011988 0.454111993
v 0.921521 25.964583 -14.253585
vn 0.707100 0.000000 -0.707100
vt 0.918964982 0.457002014
v 1.596122 25.964583 -13.578984
vn 0.707100 0.000000 -0.707100
vt 0.918718994 0.468854010
vn 0.707100 0.000000 -0.707100
vt 0.930011988 0.454111993
vn 0.707100 0.000000 -0.707100
vt 0.918718994 0.468854010
v 1.596122 25.237023 -13.578984
vn 0.707100 0.000000 -0.707100
vt 0.930011988 0.471395999
vn 0.258800 0.000000 -0.965900
vt 0.921684027 0.438769013
v 0.000000 25.964583 -14.500507
vn 0.258800 0.000000 -0.965900
vt 0.913621008 0.446664006
vn 0.258800 0.000000 -0.965900
vt 0.918964982 0.457002014
vn 0.258800 0.000000 -0.965900
vt 0.921684027 0.438769013
vn 0.258800 0.000000 -0.965900
vt 0.918964982 0.457002014
vn 0.258800 0.000000 -0.965900
vt 0.930011988 0.454111993
vn 0.865500 0.000000 0.501000
vt 0.912954986 0.493330985
vn 0.865500 0.000000 0.501000
vt 0.907625973 0.482445002
vn 0.865500 0.000000 0.501000
vt 0.891296983 0.483725011
vn 0.865500 0.000000 0.501000
vt 0.912954986 0.493330985
vn 0.865500 0.000000 0.501000
vt 0.891296983 0.483725011
vn 0.865500 0.000000 0.501000
vt 0.889292002 0.495824009
vn -0.707100 0.000000 -0.707100
vt 0.889832020 0.429572999
v -1.596122 25.964583 -13.578984
vn -0.707100 0.000000 -0.707100
vt 0.892345011 0.440598994
v -0.921521 25.964583 -14.253585
vn -0.707100 0.000000 -0.707100
vt 0.903698981 0.440878987
vn -0.707100 0.000000 -0.707100
vt 0.889832020 0.429572999
vn -0.707100 0.000000 -0.707100
vt 0.903698981 0.440878987
vn -0.707100 0.000000 -0.707100
vt 0.906780005 0.430029005
vn -0.965900 0.000000 -0.258800
vt 0.874509990 0.437009990
v -1.843043 25.964583 -12.657463
vn -0.965900 0.000000 -0.258800
vt 0.882239997 0.445486009
vn -0.965900 0.000000 -0.258800
vt 0.892345011 0.440598994
vn -0.965900 0.000000 -0.258800
vt 0.874509990 0.437009990
vn -0.965900 0.000000 -0.258800
vt 0.892345011 0.440598994
vn -0.965900 0.000000 -0.258800
vt 0.889832020 0.429572999
vn -0.258800 0.000000 0.965900
vt 0.872310996 0.486874998
vn -0.258800 0.000000 0.965900
vt 0.880774021 0.477705985
vn -0.258800 0.000000 0.965900
vt 0.874912024 0.466966003
vn -0.258800 0.000000 0.965900
vt 0.872310996 0.486874998
vn -0.258800 0.000000 0.965900
vt 0.874912024 0.466966003
vn -0.258800 0.000000 0.965900
vt 0.863048971 0.470128000
vn -0.258800 0.000000 -0.965900
vt 0.906780005 0.430029005
vn -0.258800 0.000000 -0.965900
vt 0.903698981 0.440878987
vn -0.258800 0.000000 -0.965900
vt 0.913621008 0.446664006
vn -0.258800 0.000000 -0.965900
vt 0.906780005 0.430029005
vn -0.258800 0.000000 -0.965900
vt 0.913621008 0.446664006
vn -0.258800 0.000000 -0.965900
vt 0.921684027 0.438769013
vn -0.965900 0.000000 0.258800
vt 0.864280999 0.451512992
vn -0.965900 0.000000 0.258800
vt 0.875639021 0.454919994
vn -0.965900 0.000000 0.258800
vt 0.882239997 0.445486009
vn -0.965900 0.000000 0.258800
vt 0.864280999 0.451512992
vn -0.965900 0.000000 0.258800
vt 0.882239997 0.445486009
vn -0.965900 0.000000 0.258800
vt 0.874509990 0.437009990
vn 0.954000 0.000000 -0.299900
vt 0.930011988 0.471395999
vn 0.954000 0.000000 -0.299900
vt 0.918718994 0.468854010
vn 0.954000 0.000000 -0.299900
vt 0.917316020 0.474806994
vn 0.954000 0.000000 -0.299900
vt 0.930011988 0.471395999
vn 0.954000 0.000000 -0.299900
vt 0.917316020 0.474806994
vn 0.954000 0.000000 -0.299900
vt 0.926097989 0.481220990
vn 0.254200 -0.188700 -0.948600
vt 0.835014999 0.580394030
vn 0.254200 -0.188700 -0.948600
vt 0.835014999 0.610687971
v 1.532693 23.489917 -15.312166
vn 0.254200 -0.188700 -0.948600
vt 0.827118993 0.610687971
vn 0.254200 -0.188700 -0.948600
vt 0.835014999 0.580394030
vn 0.254200 -0.188700 -0.948600
vt 0.827118993 0.610687971
vn 0.254200 -0.188700 -0.948600
vt 0.827118993 0.580394030
vn 0.694400 -0.188700 -0.694400
vt 0.835014999 0.580394030
vn 0.694400 -0.188700 -0.694400
vt 0.835014999 0.610687971
vn 0.694400 -0.188700 -0.694400
vt 0.827118993 0.610687971
vn 0.694400 -0.188700 -0.694400
vt 0.835014999 0.580394030
vn 0.694400 -0.188700 -0.694400
vt 0.827118993 0.610687971
vn 0.694400 -0.188700 -0.694400
vt 0.827118993 0.580394030
vn 0.948600 -0.188700 -0.254200
vt 0.835014999 0.580394030
vn 0.948600 -0.188700 -0.254200
vt 0.835014999 0.610687971
vn 0.948600 -0.188700 -0.254200
vt 0.827118993 0.610687971
vn 0.948600 -0.188700 -0.254200
vt 0.835014999 0.580394030
vn 0.948600 -0.188700 -0.254200
vt 0.827118993 0.610687971
vn 0.948600 -0.188700 -0.254200
vt 0.827118993 0.580394030
vn 0.948600 -0.188700 0.254200
vt 0.835014999 0.580394030
vn 0.948600 -0.188700 0.254200
vt 0.835014999 0.610687971
v 2.654701 23.489917 -11.124769
vn 0.948600 -0.188700 0.254200
vt 0.827118993 0.610687971
vn 0.948600 -0.188700 0.254200
vt 0.835014999 0.580394030
vn 0.948600 -0.188700 0.254200
vt 0.827118993 0.610687971
vn 0.948600 -0.188700 0.254200
vt 0.827118993 0.580394030
vn 0.694400 -0.188700 0.694400
vt 0.835014999 0.580394030
vn 0.694400 -0.188700 0.694400
vt 0.835014999 0.610687971
v 1.532693 23.489917 -10.002760
vn 0.694400 -0.188700 0.694400
vt 0.827118993 0.610687971
vn 0.694400 -0.188700 0.694400
vt 0.835014999 0.580394030
vn 0.694400 -0.188700 0.694400
vt 0.827118993 0.610687971
vn 0.694400 -0.188700 0.694400
vt 0.827118993 0.580394030
vn 0.254200 -0.188700 0.948600
vt 0.835014999 0.580394030
v 0.000000 24.373658 -9.416290
vn 0.254200 -0.188700 0.948600
vt 0.835014999 0.610687971
v 0.000000 23.489917 -9.592077
vn 0.254200 -0.188700 0.948600
vt 0.827118993 0.610687971
vn 0.254200 -0.188700 0.948600
vt 0.835014999 0.580394030
vn 0.254200 -0.188700 0.948600
vt 0.827118993 0.610687971
vn 0.254200 -0.188700 0.948600
vt 0.827118993 0.580394030
vn -0.254200 -0.188700 0.948600
vt 0.835014999 0.580394030
vn -0.254200 -0.188700 0.948600
vt 0.835014999 0.610687971
vn -0.254200 -0.188700 0.948600
vt 0.827118993 0.610687971
vn -0.254200 -0.188700 0.948600
vt 0.835014999 0.580394030
vn -0.254200 -0.188700 0.948600
vt 0.827118993 0.610687971
vn -0.254200 -0.188700 0.948600
vt 0.827118993 0.580394030
vn -0.694400 -0.188700 0.694400
vt 0.835014999 0.580394030
vn -0.694400 -0.188700 0.694400
vt 0.835014999 0.610687971
vn -0.694400 -0.188700 0.694400
vt 0.827118993 0.610687971
vn -0.694400 -0.188700 0.694400
vt 0.835014999 0.580394030
vn -0.694400 -0.188700 0.694400
vt 0.827118993 0.610687971
vn -0.694400 -0.188700 0.694400
vt 0.827118993 0.580394030
vn -0.948600 -0.188700 0.254200
vt 0.835014999 0.580394030
vn -0.948600 -0.188700 0.254200
vt 0.835014999 0.610687971
vn -0.948600 -0.188700 0.254200
vt 0.827118993 0.610687971
vn -0.948600 -0.188700 0.254200
vt 0.835014999 0.580394030
vn -0.948600 -0.188700 0.254200
vt 0.827118993 0.610687971
vn -0.948600 -0.188700 0.254200
vt 0.827118993 0.580394030
vn -0.948600 -0.188700 -0.254200
vt 0.835014999 0.580394030
vn -0.948600 -0.188700 -0.254200
vt 0.835014999 0.610687971
v -2.654702 23.489917 -14.190156
vn -0.948600 -0.188700 -0.254200
vt 0.827118993 0.610687971
vn -0.948600 -0.188700 -0.254200
vt 0.835014999 0.580394030
vn -0.948600 -0.188700 -0.254200
vt 0.827118993 0.610687971
vn -0.948600 -0.188700 -0.254200
vt 0.827118993 0.580394030
vn -0.694400 -0.188700 -0.694400
vt 0.835014999 0.580394030
vn -0.694400 -0.188700 -0.694400
vt 0.835014999 0.610687971
vn -0.694400 -0.188700 -0.694400
vt 0.827118993 0.610687971
vn -0.694400 -0.188700 -0.694400
vt 0.835014999 0.580394030
vn -0.694400 -0.188700 -0.694400
vt 0.827118993 0.610687971
vn -0.694400 -0.188700 -0.694400
vt 0.827118993 0.580394030
vn -0.254200 -0.188700 -0.948600
vt 0.835014999 0.580394030
vn -0.254200 -0.188700 -0.948600
vt 0.835014999 0.610687971
vn -0.254200 -0.188700 -0.948600
vt 0.827118993 0.610687971
vn -0.254200 -0.188700 -0.948600
vt 0.835014999 0.580394030
vn -0.254200 -0.188700 -0.948600
vt 0.827118993 0.610687971
vn -0.254200 -0.188700 -0.948600
vt 0.827118993 0.580394030
vn -0.129700 -0.983000 -0.129700
vt 0.854269028 0.567928016
vn -0.129700 -0.983000 -0.129700
vt 0.848819017 0.570784986
vn -0.129700 -0.983000 -0.129700
vt 0.854160011 0.576597989
vn -0.129700 -0.983000 -0.129700
vt 0.854269028 0.567928016
vn -0.129700 -0.983000 -0.129700
vt 0.854160011 0.576597989
vn -0.129700 -0.983000 -0.129700
vt 0.857451022 0.571399987
vn -0.058500 0.996600 -0.058500
vt 0.862721026 0.554714978
vn -0.058500 0.996600 -0.058500
vt 0.862991989 0.548973024
vn -0.058500 0.996600 -0.058500
vt 0.855449021 0.550616026
vn -0.058500 0.996600 -0.058500
vt 0.862721026 0.554714978
vn -0.058500 0.996600 -0.058500
vt 0.855449021 0.550616026
vn -0.058500 0.996600 -0.058500
vt 0.858085990 0.555724025
vn -0.047500 -0.983000 0.177200
vt 0.862717986 0.554628015
vn -0.047500 -0.983000 0.177200
vt 0.862967014 0.548482001
vn -0.047500 -0.983000 0.177200
vt 0.855264008 0.550204992
vn -0.047500 -0.983000 0.177200
vt 0.862717986 0.554628015
vn -0.047500 -0.983000 0.177200
vt 0.855264008 0.550204992
vn -0.047500 -0.983000 0.177200
vt 0.858124018 0.555652022
vn -0.177200 -0.983000 -0.047500
vt 0.853245020 0.563329995
vn -0.177200 -0.983000 -0.047500
vt 0.847096980 0.563081980
vn -0.177200 -0.983000 -0.047500
vt 0.848819017 0.570784986
vn -0.177200 -0.983000 -0.047500
vt 0.853245020 0.563329995
vn -0.177200 -0.983000 -0.047500
vt 0.848819017 0.570784986
vn -0.177200 -0.983000 -0.047500
vt 0.854269028 0.567928016
vn 0.177200 -0.983000 0.047500
vt 0.871412992 0.564110994
vn 0.177200 -0.983000 0.047500
vt 0.877560973 0.564360023
vn 0.177200 -0.983000 0.047500
vt 0.875838995 0.556656003
vn 0.177200 -0.983000 0.047500
vt 0.871412992 0.564110994
vn 0.177200 -0.983000 0.047500
vt 0.875838995 0.556656003
vn 0.177200 -0.983000 0.047500
vt 0.870388985 0.559512973
vn -0.129700 -0.983000 0.129700
vt 0.858124018 0.555652022
vn -0.129700 -0.983000 0.129700
vt 0.855264008 0.550204992
vn -0.129700 -0.983000 0.129700
vt 0.849456012 0.555549026
vn -0.129700 -0.983000 0.129700
vt 0.858124018 0.555652022
vn -0.129700 -0.983000 0.129700
vt 0.849456012 0.555549026
vn -0.129700 -0.983000 0.129700
vt 0.854655981 0.558836997
vn 0.129700 -0.983000 0.129700
vt 0.870388985 0.559512973
vn 0.129700 -0.983000 0.129700
vt 0.875838995 0.556656003
vn 0.129700 -0.983000 0.129700
vt 0.870498002 0.550844014
vn 0.129700 -0.983000 0.129700
vt 0.870388985 0.559512973
vn 0.129700 -0.983000 0.129700
vt 0.870498002 0.550844014
vn 0.129700 -0.983000 0.129700
vt 0.867206991 0.556042016
v 0.000000 24.473611 -10.662567
vn 0.021400 0.996600 0.079900
vt 0.857331991 0.571581006
vn 0.021400 0.996600 0.079900
vt 0.854227006 0.576418996
vn 0.021400 0.996600 0.079900
vt 0.861580014 0.578768015
vn 0.021400 0.996600 0.079900
vt 0.857331991 0.571581006
vn 0.021400 0.996600 0.079900
vt 0.861580014 0.578768015
vn 0.021400 0.996600 0.079900
vt 0.861850977 0.573026001
vn -0.021400 0.996600 0.079900
vt 0.854142010 0.568069994
vn -0.021400 0.996600 0.079900
vt 0.849032998 0.570707023
vn -0.021400 0.996600 0.079900
vt 0.854227006 0.576418996
vn -0.021400 0.996600 0.079900
vt 0.854142010 0.568069994
vn -0.021400 0.996600 0.079900
vt 0.854227006 0.576418996
vn -0.021400 0.996600 0.079900
vt 0.857331991 0.571581006
vn -0.047500 -0.983000 -0.177200
vt 0.857451022 0.571399987
vn -0.047500 -0.983000 -0.177200
vt 0.854160011 0.576597989
vn -0.047500 -0.983000 -0.177200
vt 0.861692011 0.578958988
vn -0.047500 -0.983000 -0.177200
vt 0.857451022 0.571399987
vn -0.047500 -0.983000 -0.177200
vt 0.861692011 0.578958988
vn -0.047500 -0.983000 -0.177200
vt 0.861940026 0.572812974
vn 0.079900 0.996600 -0.021400
vt 0.869997025 0.568826020
vn 0.079900 0.996600 -0.021400
vt 0.874835014 0.571931005
vn 0.079900 0.996600 -0.021400
vt 0.877183020 0.564576983
vn 0.079900 0.996600 -0.021400
vt 0.869997025 0.568826020
vn 0.079900 0.996600 -0.021400
vt 0.877183020 0.564576983
vn 0.079900 0.996600 -0.021400
vt 0.871441007 0.564306021
vn 0.047500 -0.983000 -0.177200
vt 0.861940026 0.572812974
vn 0.047500 -0.983000 -0.177200
vt 0.861692011 0.578958988
vn 0.047500 -0.983000 -0.177200
vt 0.869394004 0.577235997
vn 0.047500 -0.983000 -0.177200
vt 0.861940026 0.572812974
vn 0.047500 -0.983000 -0.177200
vt 0.869394004 0.577235997
vn 0.047500 -0.983000 -0.177200
vt 0.866535008 0.571789980
vn 0.245600 -0.315200 -0.916700
vt 0.902913988 0.457385987
vn 0.245600 -0.315200 -0.916700
vt 0.918964982 0.457002014
vn 0.245600 -0.315200 -0.916700
vt 0.913621008 0.446664006
vn 0.245600 -0.315200 -0.916700
vt 0.902913988 0.457385987
vn 0.245600 -0.315200 -0.916700
vt 0.913621008 0.446664006
vn 0.245600 -0.315200 -0.916700
vt 0.902593017 0.456777006
vn 0.697400 -0.164800 -0.697400
vt 0.902992010 0.458200008
vn 0.697400 -0.164800 -0.697400
vt 0.918718994 0.468854010
vn 0.697400 -0.164800 -0.697400
vt 0.918964982 0.457002014
vn 0.697400 -0.164800 -0.697400
vt 0.902992010 0.458200008
vn 0.697400 -0.164800 -0.697400
vt 0.918964982 0.457002014
vn 0.697400 -0.164800 -0.697400
vt 0.902913988 0.457385987
vn 0.956300 0.105300 -0.272800
vt 0.902667999 0.459107995
vn 0.956300 0.105300 -0.272800
vt 0.917316020 0.474806994
vn 0.956300 0.105300 -0.272800
vt 0.918718994 0.468854010
vn 0.956300 0.105300 -0.272800
vt 0.902667999 0.459107995
vn 0.956300 0.105300 -0.272800
vt 0.918718994 0.468854010
vn 0.956300 0.105300 -0.272800
vt 0.902992010 0.458200008
vn 0.906800 0.344400 0.243000
vt 0.901966989 0.459865987
vn 0.906800 0.344400 0.243000
vt 0.907625973 0.482445002
vn 0.906800 0.344400 0.243000
vt 0.917316020 0.474806994
vn 0.906800 0.344400 0.243000
vt 0.901966989 0.459865987
vn 0.906800 0.344400 0.243000
vt 0.917316020 0.474806994
vn 0.906800 0.344400 0.243000
vt 0.902667999 0.459107995
vn 0.730000 0.483600 0.482900
vt 0.900951982 0.459987998
vn 0.730000 0.483600 0.482900
vt 0.891296983 0.483725011
vn 0.730000 0.483600 0.482900
vt 0.907625973 0.482445002
vn 0.730000 0.483600 0.482900
vt 0.900951982 0.459987998
vn 0.730000 0.483600 0.482900
vt 0.907625973 0.482445002
vn 0.730000 0.483600 0.482900
vt 0.901966989 0.459865987
vn 0.196900 0.649100 0.734800
vt 0.899912000 0.459412009
vn 0.196900 0.649100 0.734800
vt 0.880774021 0.477705985
vn 0.196900 0.649100 0.734800
vt 0.891296983 0.483725011
vn 0.196900 0.649100 0.734800
vt 0.899912000 0.459412009
vn 0.196900 0.649100 0.734800
vt 0.891296983 0.483725011
vn 0.196900 0.649100 0.734800
vt 0.900951982 0.459987998
vn -0.197600 0.646000 0.737400
vt 0.899353027 0.458393991
vn -0.197600 0.646000 0.737400
vt 0.874912024 0.466966003
vn -0.197600 0.646000 0.737400
vt 0.880774021 0.477705985
vn -0.197600 0.646000 0.737400
vt 0.899353027 0.458393991
vn -0.197600 0.646000 0.737400
vt 0.880774021 0.477705985
vn -0.197600 0.646000 0.737400
vt 0.899912000 0.459412009
vn -0.584400 0.563000 0.584400
vt 0.899523973 0.457331002
vn -0.584400 0.563000 0.584400
vt 0.875639021 0.454919994
vn -0.584400 0.563000 0.584400
vt 0.874912024 0.466966003
vn -0.584400 0.563000 0.584400
vt 0.899523973 0.457331002
vn -0.584400 0.563000 0.584400
vt 0.874912024 0.466966003
vn -0.584400 0.563000 0.584400
vt 0.899353027 0.458393991
vn -0.896100 0.373400 0.240100
vt 0.900231004 0.456620008
vn -0.896100 0.373400 0.240100
vt 0.882239997 0.445486009
vn -0.896100 0.373400 0.240100
vt 0.875639021 0.454919994
vn -0.896100 0.373400 0.240100
vt 0.900231004 0.456620008
vn -0.896100 0.373400 0.240100
vt 0.875639021 0.454919994
vn -0.896100 0.373400 0.240100
vt 0.899523973 0.457331002
vn -0.962500 0.084500 -0.257900
vt 0.901172996 0.456373006
vn -0.962500 0.084500 -0.257900
vt 0.892345011 0.440598994
vn -0.962500 0.084500 -0.257900
vt 0.882239997 0.445486009
vn -0.962500 0.084500 -0.257900
vt 0.901172996 0.456373006
vn -0.962500 0.084500 -0.257900
vt 0.882239997 0.445486009
vn -0.962500 0.084500 -0.257900
vt 0.900231004 0.456620008
vn -0.695100 -0.183500 -0.695100
vt 0.902004004 0.456420004
vn -0.695100 -0.183500 -0.695100
vt 0.903698981 0.440878987
vn -0.695100 -0.183500 -0.695100
vt 0.892345011 0.440598994
vn -0.695100 -0.183500 -0.695100
vt 0.902004004 0.456420004
vn -0.695100 -0.183500 -0.695100
vt 0.892345011 0.440598994
vn -0.695100 -0.183500 -0.695100
vt 0.901172996 0.456373006
vn -0.245100 -0.321300 -0.914700
vt 0.902593017 0.456777006
vn -0.245100 -0.321300 -0.914700
vt 0.913621008 0.446664006
vn -0.245100 -0.321300 -0.914700
vt 0.903698981 0.440878987
vn -0.245100 -0.321300 -0.914700
vt 0.902593017 0.456777006
vn -0.245100 -0.321300 -0.914700
vt 0.903698981 0.440878987
vn -0.245100 -0.321300 -0.914700
vt 0.902004004 0.456420004
vn 0.254200 0.188700 -0.948600
vt 0.835242987 0.608862996
v 1.151872 25.328662 -14.652564
vn 0.254200 0.188700 -0.948600
vt 0.835242987 0.580129981
vn 0.254200 0.188700 -0.948600
vt 0.827453017 0.580129981
vn 0.254200 0.188700 -0.948600
vt 0.835242987 0.608862996
vn 0.254200 0.188700 -0.948600
vt 0.827453017 0.580129981
vn 0.254200 0.188700 -0.948600
vt 0.827453017 0.608862996
vn 0.535900 0.184700 -0.823800
vt 0.835242987 0.608862996
v 1.922800 25.263989 -14.175296
vn 0.535900 0.184700 -0.823800
vt 0.835242987 0.580129981
vn 0.535900 0.184700 -0.823800
vt 0.827453017 0.580129981
vn 0.535900 0.184700 -0.823800
vt 0.835242987 0.608862996
vn 0.535900 0.184700 -0.823800
vt 0.827453017 0.580129981
vn 0.535900 0.184700 -0.823800
vt 0.827453017 0.608862996
vn 0.830100 0.184300 0.526300
vt 0.835242987 0.608862996
vn 0.830100 0.184300 0.526300
vt 0.835242987 0.580129981
vn 0.830100 0.184300 0.526300
vt 0.827453017 0.580129981
vn 0.830100 0.184300 0.526300
vt 0.835242987 0.608862996
vn 0.830100 0.184300 0.526300
vt 0.827453017 0.580129981
vn 0.830100 0.184300 0.526300
vt 0.827453017 0.608862996
vn 0.254200 0.188700 0.948600
vt 0.835242987 0.608862996
v 0.000000 25.328662 -10.353720
vn 0.254200 0.188700 0.948600
vt 0.835242987 0.580129981
v 0.000000 24.565249 -10.201867
vn 0.254200 0.188700 0.948600
vt 0.827453017 0.580129981
vn 0.254200 0.188700 0.948600
vt 0.835242987 0.608862996
vn 0.254200 0.188700 0.948600
vt 0.827453017 0.580129981
vn 0.254200 0.188700 0.948600
vt 0.827453017 0.608862996
vn -0.254200 0.188700 0.948600
vt 0.835242987 0.608862996
v -1.151872 25.328662 -10.662363
vn -0.254200 0.188700 0.948600
vt 0.835242987 0.580129981
v -1.227798 24.565249 -10.530856
vn -0.254200 0.188700 0.948600
vt 0.827453017 0.580129981
vn -0.254200 0.188700 0.948600
vt 0.835242987 0.608862996
vn -0.254200 0.188700 0.948600
vt 0.827453017 0.580129981
vn -0.254200 0.188700 0.948600
vt 0.827453017 0.608862996
vn -0.694400 0.188700 0.694400
vt 0.835242987 0.608862996
vn -0.694400 0.188700 0.694400
vt 0.835242987 0.580129981
vn -0.694400 0.188700 0.694400
vt 0.827453017 0.580129981
vn -0.694400 0.188700 0.694400
vt 0.835242987 0.608862996
vn -0.694400 0.188700 0.694400
vt 0.827453017 0.580129981
vn -0.694400 0.188700 0.694400
vt 0.827453017 0.608862996
vn -0.948600 0.188700 0.254200
vt 0.835242987 0.608862996
vn -0.948600 0.188700 0.254200
vt 0.835242987 0.580129981
vn -0.948600 0.188700 0.254200
vt 0.827453017 0.580129981
vn -0.948600 0.188700 0.254200
vt 0.835242987 0.608862996
vn -0.948600 0.188700 0.254200
vt 0.827453017 0.580129981
vn -0.948600 0.188700 0.254200
vt 0.827453017 0.608862996
vn -0.948600 0.188700 -0.254200
vt 0.835242987 0.608862996
vn -0.948600 0.188700 -0.254200
vt 0.835242987 0.580129981
v -2.126607 24.565249 -13.885260
vn -0.948600 0.188700 -0.254200
vt 0.827453017 0.580129981
vn -0.948600 0.188700 -0.254200
vt 0.835242987 0.608862996
vn -0.948600 0.188700 -0.254200
vt 0.827453017 0.580129981
vn -0.948600 0.188700 -0.254200
vt 0.827453017 0.608862996
vn -0.694400 0.188700 -0.694400
vt 0.835242987 0.608862996
vn -0.694400 0.188700 -0.694400
vt 0.835242987 0.580129981
vn -0.694400 0.188700 -0.694400
vt 0.827453017 0.580129981
vn -0.694400 0.188700 -0.694400
vt 0.835242987 0.608862996
vn -0.694400 0.188700 -0.694400
vt 0.827453017 0.580129981
vn -0.694400 0.188700 -0.694400
vt 0.827453017 0.608862996
vn -0.254200 0.188700 -0.948600
vt 0.835242987 0.608862996
vn -0.254200 0.188700 -0.948600
vt 0.835242987 0.580129981
vn -0.254200 0.188700 -0.948600
vt 0.827453017 0.580129981
vn -0.254200 0.188700 -0.948600
vt 0.835242987 0.608862996
vn -0.254200 0.188700 -0.948600
vt 0.827453017 0.580129981
vn -0.254200 0.188700 -0.948600
vt 0.827453017 0.608862996
vn -0.194800 -0.979400 -0.052200
vt 1.000000000 0.500000000
vn -0.194800 -0.979400 -0.052200
vt 1.000000000 0.500000000
vn -0.194800 -0.979400 -0.052200
vt 0.916666985 0.500000000
vn -0.194800 -0.979400 -0.052200
vt 1.000000000 0.500000000
vn -0.194800 -0.979400 -0.052200
vt 0.916666985 0.500000000
vn -0.194800 -0.979400 -0.052200
vt 0.916666985 0.500000000
vn -0.142600 -0.979400 -0.142600
vt 0.916666985 0.500000000
vn -0.142600 -0.979400 -0.142600
vt 0.916666985 0.500000000
vn -0.142600 -0.979400 -0.142600
vt 0.833333015 0.500000000
vn -0.142600 -0.979400 -0.142600
vt 0.916666985 0.500000000
vn -0.142600 -0.979400 -0.142600
vt 0.833333015 0.500000000
vn -0.142600 -0.979400 -0.142600
vt 0.833333015 0.500000000
vn -0.052200 0.979400 -0.194800
vt 0.250000000 0.375000000
vn -0.052200 0.979400 -0.194800
vt 0.250000000 0.375000000
vn -0.052200 0.979400 -0.194800
vt 0.333332986 0.375000000
vn -0.052200 0.979400 -0.194800
vt 0.250000000 0.375000000
vn -0.052200 0.979400 -0.194800
vt 0.333332986 0.375000000
vn -0.052200 0.979400 -0.194800
vt 0.333332986 0.375000000
vn -0.052200 0.979400 0.194800
vt 0.666666985 0.375000000
vn -0.052200 0.979400 0.194800
vt 0.666666985 0.375000000
vn -0.052200 0.979400 0.194800
vt 0.750000000 0.375000000
vn -0.052200 0.979400 0.194800
vt 0.666666985 0.375000000
vn -0.052200 0.979400 0.194800
vt 0.750000000 0.375000000
vn -0.052200 0.979400 0.194800
vt 0.750000000 0.375000000
vn 0.052200 0.979400 -0.194800
vt 0.166666999 0.375000000
vn 0.052200 0.979400 -0.194800
vt 0.166666999 0.375000000
vn 0.052200 0.979400 -0.194800
vt 0.250000000 0.375000000
vn 0.052200 0.979400 -0.194800
vt 0.166666999 0.375000000
vn 0.052200 0.979400 -0.194800
vt 0.250000000 0.375000000
vn 0.052200 0.979400 -0.194800
vt 0.250000000 0.375000000
vn 0.052200 -0.979400 0.194800
vt 0.333332986 0.500000000
vn 0.052200 -0.979400 0.194800
vt 0.333332986 0.500000000
vn 0.052200 -0.979400 0.194800
vt 0.250000000 0.500000000
vn 0.052200 -0.979400 0.194800
vt 0.333332986 0.500000000
vn 0.052200 -0.979400 0.194800
vt 0.250000000 0.500000000
vn 0.052200 -0.979400 0.194800
vt 0.250000000 0.500000000
vn -0.052200 -0.979400 0.194800
vt 0.250000000 0.500000000
vn -0.052200 -0.979400 0.194800
vt 0.250000000 0.500000000
vn -0.052200 -0.979400 0.194800
vt 0.166666999 0.500000000
vn -0.052200 -0.979400 0.194800
vt 0.250000000 0.500000000
vn -0.052200 -0.979400 0.194800
vt 0.166666999 0.500000000
vn -0.052200 -0.979400 0.194800
vt 0.166666999 0.500000000
vn -0.099700 0.992800 0.065800
vt 0.500000000 0.375000000
vn -0.099700 0.992800 0.065800
vt 0.500000000 0.375000000
vn -0.099700 0.992800 0.065800
vt 0.583333015 0.375000000
vn -0.099700 0.992800 0.065800
vt 0.500000000 0.375000000
vn -0.099700 0.992800 0.065800
vt 0.583333015 0.375000000
vn -0.099700 0.992800 0.065800
vt 0.583333015 0.375000000
vn 0.142600 0.979400 -0.142600
vt 0.083333001 0.375000000
vn 0.142600 0.979400 -0.142600
vt 0.083333001 0.375000000
vn 0.142600 0.979400 -0.142600
vt 0.166666999 0.375000000
vn 0.142600 0.979400 -0.142600
vt 0.083333001 0.375000000
vn 0.142600 0.979400 -0.142600
vt 0.166666999 0.375000000
vn 0.142600 0.979400 -0.142600
vt 0.166666999 0.375000000
vn 0.055300 -0.998400 -0.014800
vt 0.583333015 0.500000000
vn 0.055300 -0.998400 -0.014800
vt 0.583333015 0.500000000
vn 0.055300 -0.998400 -0.014800
vt 0.500000000 0.500000000
vn 0.055300 -0.998400 -0.014800
vt 0.583333015 0.500000000
vn 0.055300 -0.998400 -0.014800
vt 0.500000000 0.500000000
vn 0.055300 -0.998400 -0.014800
vt 0.500000000 0.500000000
vn -0.034500 0.994500 0.099200
vt 0.583333015 0.375000000
vn -0.034500 0.994500 0.099200
vt 0.583333015 0.375000000
vn -0.034500 0.994500 0.099200
vt 0.666666985 0.375000000
vn -0.034500 0.994500 0.099200
vt 0.583333015 0.375000000
vn -0.034500 0.994500 0.099200
vt 0.666666985 0.375000000
vn -0.034500 0.994500 0.099200
vt 0.666666985 0.375000000
vn -0.142600 -0.979400 0.142600
vt 0.166666999 0.500000000
vn -0.142600 -0.979400 0.142600
vt 0.166666999 0.500000000
vn -0.142600 -0.979400 0.142600
vt 0.083333001 0.500000000
vn -0.142600 -0.979400 0.142600
vt 0.166666999 0.500000000
vn -0.142600 -0.979400 0.142600
vt 0.083333001 0.500000000
vn -0.142600 -0.979400 0.142600
vt 0.083333001 0.500000000
vn 0.980800 0.195100 0.000000
vt 0.936640978 0.740450978
vn 0.980800 0.195100 0.000000
vt 0.936082006 0.736796975
vn 0.980800 0.195100 0.000000
vt 0.936640978 0.733142972
vn 0.980800 0.195100 0.000000
vt 0.936640978 0.740450978
vn 0.980800 0.195100 0.000000
vt 0.936640978 0.733142972
vn 0.980800 0.195100 0.000000
vt 0.929448009 0.732901990
vn 0.980800 0.195100 0.000000
vt 0.936640978 0.740450978
vn 0.980800 0.195100 0.000000
vt 0.929448009 0.732901990
vn 0.980800 0.195100 0.000000
vt 0.928851008 0.736796975
vn 0.980800 0.195100 0.000000
vt 0.936640978 0.740450978
vn 0.980800 0.195100 0.000000
vt 0.928851008 0.736796975
vn 0.980800 0.195100 0.000000
vt 0.929448009 0.740692019
vn -0.000000 0.000000 1.000000
vt 0.666666985 0.500000000
vn -0.000000 0.000000 1.000000
vt 0.666666985 0.500000000
vn -0.000000 0.000000 1.000000
vt 0.583333015 0.500000000
vn -0.000000 0.000000 1.000000
vt 0.666666985 0.500000000
vn -0.000000 0.000000 1.000000
vt 0.583333015 0.500000000
vn -0.000000 0.000000 1.000000
vt 0.583333015 0.500000000
vn -0.000000 0.000000 1.000000
vt 0.583333015 0.500000000
vn -0.000000 0.000000 1.000000
vt 0.583333015 0.500000000
vn -0.000000 0.000000 1.000000
vt 0.500000000 0.500000000
vn -0.000000 0.000000 1.000000
vt 0.583333015 0.500000000
vn -0.000000 0.000000 1.000000
vt 0.500000000 0.500000000
vn -0.000000 0.000000 1.000000
vt 0.500000000 0.500000000
vn -0.000000 0.000000 1.000000
vt 0.500000000 0.500000000
vn -0.000000 0.000000 1.000000
vt 0.500000000 0.500000000
vn -0.000000 0.000000 1.000000
vt 0.416667014 0.500000000
vn -0.000000 0.000000 1.000000
vt 0.500000000 0.500000000
vn -0.000000 0.000000 1.000000
vt 0.416667014 0.500000000
vn -0.000000 0.000000 1.000000
vt 0.416667014 0.500000000
vn -0.000000 0.000000 1.000000
vt 0.416667014 0.500000000
vn -0.000000 0.000000 1.000000
vt 0.416667014 0.500000000
vn -0.000000 0.000000 1.000000
vt 0.333332986 0.500000000
vn -0.000000 0.000000 1.000000
vt 0.416667014 0.500000000
vn -0.000000 0.000000 1.000000
vt 0.333332986 0.500000000
vn -0.000000 0.000000 1.000000
vt 0.333332986 0.500000000
vn -0.000000 0.000000 1.000000
vt 0.333332986 0.500000000
vn -0.000000 0.000000 1.000000
vt 0.333332986 0.500000000
vn -0.000000 0.000000 1.000000
vt 0.250000000 0.500000000
vn -0.000000 0.000000 1.000000
vt 0.333332986 0.500000000
vn -0.000000 0.000000 1.000000
vt 0.250000000 0.500000000
vn -0.000000 0.000000 1.000000
vt 0.250000000 0.500000000
vn -0.000000 0.000000 1.000000
vt 0.250000000 0.500000000
vn -0.000000 0.000000 1.000000
vt 0.250000000 0.500000000
vn -0.000000 0.000000 1.000000
vt 0.166666999 0.500000000
vn -0.000000 0.000000 1.000000
vt 0.250000000 0.500000000
vn -0.000000 0.000000 1.000000
vt 0.166666999 0.500000000
vn -0.000000 0.000000 1.000000
vt 0.166666999 0.500000000
vn -0.000000 0.000000 1.000000
vt 0.166666999 0.500000000
vn -0.000000 0.000000 1.000000
vt 0.166666999 0.500000000
vn -0.000000 0.000000 1.000000
vt 0.083333001 0.500000000
vn -0.000000 0.000000 1.000000
vt 0.166666999 0.500000000
vn -0.000000 0.000000 1.000000
vt 0.083333001 0.500000000
vn -0.000000 0.000000 1.000000
vt 0.083333001 0.500000000
vn -0.000000 0.000000 1.000000
vt 0.083333001 0.500000000
vn -0.000000 0.000000 1.000000
vt 0.083333001 0.500000000
vn -0.000000 0.000000 1.000000
vt 0.000000000 0.500000000
vn -0.000000 0.000000 1.000000
vt 0.083333001 0.500000000
vn -0.000000 0.000000 1.000000
vt 0.000000000 0.500000000
vn -0.000000 0.000000 1.000000
vt 0.000000000 0.500000000
vn -0.000000 0.000000 1.000000
vt 1.000000000 0.500000000
vn -0.000000 0.000000 1.000000
vt 1.000000000 0.500000000
vn -0.000000 0.000000 1.000000
vt 0.916666985 0.500000000
vn -0.000000 0.000000 1.000000
vt 1.000000000 0.500000000
vn -0.000000 0.000000 1.000000
vt 0.916666985 0.500000000
vn -0.000000 0.000000 1.000000
vt 0.916666985 0.500000000
vn -0.000000 0.000000 1.000000
vt 0.916666985 0.500000000
vn -0.000000 0.000000 1.000000
vt 0.916666985 0.500000000
vn -0.000000 0.000000 1.000000
vt 0.833333015 0.500000000
vn -0.000000 0.000000 1.000000
vt 0.916666985 0.500000000
vn -0.000000 0.000000 1.000000
vt 0.833333015 0.500000000
vn -0.000000 0.000000 1.000000
vt 0.833333015 0.500000000
vn -0.000000 0.000000 1.000000
vt 0.833333015 0.500000000
vn -0.000000 0.000000 1.000000
vt 0.833333015 0.500000000
vn -0.000000 0.000000 1.000000
vt 0.750000000 0.500000000
vn -0.000000 0.000000 1.000000
vt 0.833333015 0.500000000
vn -0.000000 0.000000 1.000000
vt 0.750000000 0.500000000
vn -0.000000 0.000000 1.000000
vt 0.750000000 0.500000000
vn -0.000000 0.000000 1.000000
vt 0.750000000 0.500000000
vn -0.000000 0.000000 1.000000
vt 0.750000000 0.500000000
vn -0.000000 0.000000 1.000000
vt 0.666666985 0.500000000
vn -0.000000 0.000000 1.000000
vt 0.750000000 0.500000000
vn -0.000000 0.000000 1.000000
vt 0.666666985 0.500000000
vn -0.000000 0.000000 1.000000
vt 0.666666985 0.500000000
vn -0.000000 0.000000 1.000000
vt 0.583333015 0.500000000
vn -0.000000 0.000000 1.000000
vt 0.583333015 0.500000000
vn -0.000000 0.000000 1.000000
vt 0.666666985 0.500000000
vn -0.000000 0.000000 1.000000
vt 0.583333015 0.500000000
vn -0.000000 0.000000 1.000000
vt 0.666666985 0.500000000
vn -0.000000 0.000000 1.000000
vt 0.666666985 0.500000000
vn -0.000000 0.000000 1.000000
vt 0.500000000 0.500000000
vn -0.000000 0.000000 1.000000
vt 0.500000000 0.500000000
vn -0.000000 0.000000 1.000000
vt 0.583333015 0.500000000
vn -0.000000 0.000000 1.000000
vt 0.500000000 0.500000000
vn -0.000000 0.000000 1.000000
vt 0.583333015 0.500000000
vn -0.000000 0.000000 1.000000
vt 0.583333015 0.500000000
vn -0.000000 0.000000 1.000000
vt 0.416667014 0.500000000
vn -0.000000 0.000000 1.000000
vt 0.416667014 0.500000000
vn -0.000000 0.000000 1.000000
vt 0.500000000 0.500000000
vn -0.000000 0.000000 1.000000
vt 0.416667014 0.500000000
vn -0.000000 0.000000 1.000000
vt 0.500000000 0.500000000
vn -0.000000 0.000000 1.000000
vt 0.500000000 0.500000000
vn -0.000000 0.000000 1.000000
vt 0.333332986 0.500000000
vn -0.000000 0.000000 1.000000
vt 0.333332986 0.500000000
vn -0.000000 0.000000 1.000000
vt 0.416667014 0.500000000
vn -0.000000 0.000000 1.000000
vt 0.333332986 0.500000000
vn -0.000000 0.000000 1.000000
vt 0.416667014 0.500000000
vn -0.000000 0.000000 1.000000
vt 0.416667014 0.500000000
vn -0.000000 0.000000 1.000000
vt 0.250000000 0.500000000
vn -0.000000 0.000000 1.000000
vt 0.250000000 0.500000000
vn -0.000000 0.000000 1.000000
vt 0.333332986 0.500000000
vn -0.000000 0.000000 1.000000
vt 0.250000000 0.500000000
vn -0.000000 0.000000 1.000000
vt 0.333332986 0.500000000
vn -0.000000 0.000000 1.000000
vt 0.333332986 0.500000000
vn -0.000000 0.000000 1.000000
vt 0.166666999 0.500000000
vn -0.000000 0.000000 1.000000
vt 0.166666999 0.500000000
vn -0.000000 0.000000 1.000000
vt 0.250000000 0.500000000
vn -0.000000 0.000000 1.000000
vt 0.166666999 0.500000000
vn -0.000000 0.000000 1.000000
vt 0.250000000 0.500000000
vn -0.000000 0.000000 1.000000
vt 0.250000000 0.500000000
vn -0.000000 0.000000 1.000000
vt 0.083333001 0.500000000
vn -0.000000 0.000000 1.000000
vt 0.083333001 0.500000000
vn -0.000000 0.000000 1.000000
vt 0.166666999 0.500000000
vn -0.000000 0.000000 1.000000
vt 0.083333001 0.500000000
vn -0.000000 0.000000 1.000000
vt 0.166666999 0.500000000
vn -0.000000 0.000000 1.000000
vt 0.166666999 0.500000000
vn -0.000000 0.000000 1.000000
vt 0.000000000 0.500000000
vn -0.000000 0.000000 1.000000
vt 0.000000000 0.500000000
vn -0.000000 0.000000 1.000000
vt 0.083333001 0.500000000
vn -0.000000 0.000000 1.000000
vt 0.000000000 0.500000000
vn -0.000000 0.000000 1.000000
vt 0.083333001 0.500000000
vn -0.000000 0.000000 1.000000
vt 0.083333001 0.500000000
vn -0.000000 0.000000 1.000000
vt 0.916666985 0.500000000
vn -0.000000 0.000000 1.000000
vt 0.916666985 0.500000000
vn -0.000000 0.000000 1.000000
vt 1.000000000 0.500000000
vn -0.000000 0.000000 1.000000
vt 0.916666985 0.500000000
vn -0.000000 0.000000 1.000000
vt 1.000000000 0.500000000
vn -0.000000 0.000000 1.000000
vt 1.000000000 0.500000000
vn -0.000000 0.000000 1.000000
vt 0.833333015 0.500000000
vn -0.000000 0.000000 1.000000
vt 0.833333015 0.500000000
vn -0.000000 0.000000 1.000000
vt 0.916666985 0.500000000
vn -0.000000 0.000000 1.000000
vt 0.833333015 0.500000000
vn -0.000000 0.000000 1.000000
vt 0.916666985 0.500000000
vn -0.000000 0.000000 1.000000
vt 0.916666985 0.500000000
vn -0.000000 0.000000 1.000000
vt 0.750000000 0.500000000
vn -0.000000 0.000000 1.000000
vt 0.750000000 0.500000000
vn -0.000000 0.000000 1.000000
vt 0.833333015 0.500000000
vn -0.000000 0.000000 1.000000
vt 0.750000000 0.500000000
vn -0.000000 0.000000 1.000000
vt 0.833333015 0.500000000
vn -0.000000 0.000000 1.000000
vt 0.833333015 0.500000000
vn -0.000000 0.000000 1.000000
vt 0.666666985 0.500000000
vn -0.000000 0.000000 1.000000
vt 0.666666985 0.500000000
vn -0.000000 0.000000 1.000000
vt 0.750000000 0.500000000
vn -0.000000 0.000000 1.000000
vt 0.666666985 0.500000000
vn -0.000000 0.000000 1.000000
vt 0.750000000 0.500000000
vn -0.000000 0.000000 1.000000
vt 0.750000000 0.500000000
s off
f 622/3097/3097 623/3098/3098 624/3099/3099
f 623/3118/3118 630/3119/3119 624/3120/3120
f 630/3169/3169 646/3170/3170 624/3171/3171
f 646/3190/3190 651/3191/3191 624/3192/3192
f 651/3211/3211 663/3212/3212 624/3213/3213
f 663/3226/3226 665/3227/3227 624/3228/3228
f 665/3277/3277 676/3278/3278 624/3279/3279
f 676/3292/3292 684/3293/3293 624/3294/3294
f 684/3319/3319 689/3320/3320 624/3321/3321
f 689/3358/3358 693/3359/3359 624/3360/3360
f 693/3385/3385 700/3386/3386 624/3387/3387
f 700/3400/3400 622/3401/3401 624/3402/3402
s 8
f 614/3085/3085 615/3086/3086 616/3087/3087
f 614/3088/3088 616/3089/3089 617/3090/3090
s 9
f 618/3091/3091 619/3092/3092 620/3093/3093
f 618/3094/3094 620/3095/3095 621/3096/3096
s 10
f 625/3100/3100 626/3101/3101 627/3102/3102
f 625/3103/3103 627/3104/3104 618/3105/3105
s 11
f 621/3106/3106 620/3107/3107 623/3108/3108
f 621/3109/3109 623/3110/3110 622/3111/3111
s 12
f 619/3112/3112 628/3113/3113 629/3114/3114
f 619/3115/3115 629/3116/3116 620/3117/3117
s 13
f 631/3121/3121 632/3122/3122 633/3123/3123
f 631/3124/3124 633/3125/3125 634/3126/3126
s 14
f 620/3127/3127 629/3128/3128 630/3129/3129
f 620/3130/3130 630/3131/3131 623/3132/3132
s 15
f 635/3133/3133 636/3134/3134 637/3135/3135
f 635/3136/3136 637/3137/3137 638/3138/3138
s 16
f 639/3139/3139 640/3140/3140 641/3141/3141
f 639/3142/3142 641/3143/3143 642/3144/3144
s 17
f 617/3145/3145 643/3146/3146 644/3147/3147
f 617/3148/3148 644/3149/3149 614/3150/3150
s 18
f 629/3151/3151 645/3152/3152 646/3153/3153
f 629/3154/3154 646/3155/3155 630/3156/3156
s 19
f 617/3157/3157 616/3158/3158 647/3159/3159
f 617/3160/3160 647/3161/3161 648/3162/3162
s 20
f 628/3163/3163 649/3164/3164 645/3165/3165
f 628/3166/3166 645/3167/3167 629/3168/3168
s 21
f 645/3172/3172 650/3173/3173 651/3174/3174
f 645/3175/3175 651/3176/3176 646/3177/3177
s 22
f 652/3178/3178 653/3179/3179 636/3180/3180
f 652/3181/3181 636/3182/3182 635/3183/3183
s 23
f 649/3184/3184 654/3185/3185 650/3186/3186
f 649/3187/3187 650/3188/3188 645/3189/3189
s 24
f 638/3193/3193 655/3194/3194 656/3195/3195
f 638/3196/3196 656/3197/3197 635/3198/3198
s 25
f 657/3199/3199 658/3200/3200 659/3201/3201
f 657/3202/3202 659/3203/3203 660/3204/3204
s 26
f 654/3205/3205 661/3206/3206 662/3207/3207
f 654/3208/3208 662/3209/3209 650/3210/3210
s 27
f 648/3214/3214 664/3215/3215 643/3216/3216
f 648/3217/3217 643/3218/3218 617/3219/3219
s 28
f 650/3220/3220 662/3221/3221 663/3222/3222
f 650/3223/3223 663/3224/3224 651/3225/3225
s 29
f 666/3229/3229 667/3230/3230 668/3231/3231
f 666/3232/3232 668/3233/3233 669/3234/3234
s 30
f 662/3235/3235 670/3236/3236 665/3237/3237
f 662/3238/3238 665/3239/3239 663/3240/3240
s 31
f 642/3241/3241 671/3242/3242 672/3243/3243
f 642/3244/3244 672/3245/3245 639/3246/3246
s 32
f 661/3247/3247 673/3248/3248 670/3249/3249
f 661/3250/3250 670/3251/3251 662/3252/3252
s 33
f 635/3253/3253 656/3254/3254 674/3255/3255
f 635/3256/3256 674/3257/3257 652/3258/3258
s 34
f 670/3259/3259 675/3260/3260 676/3261/3261
f 670/3262/3262 676/3263/3263 665/3264/3264
s 35
f 677/3265/3265 678/3266/3266 671/3267/3267
f 677/3268/3268 671/3269/3269 642/3270/3270
s 36
f 673/3271/3271 679/3272/3272 675/3273/3273
f 673/3274/3274 675/3275/3275 670/3276/3276
s 37
f 680/3280/3280 681/3281/3281 682/3282/3282
f 680/3283/3283 682/3284/3284 634/3285/3285
s 38
f 679/3286/3286 666/3287/3287 683/3288/3288
f 679/3289/3289 683/3290/3290 675/3291/3291
s 39
f 634/3295/3295 633/3296/3296 685/3297/3297
f 634/3298/3298 685/3299/3299 680/3300/3300
s 40
f 675/3301/3301 683/3302/3302 684/3303/3303
f 675/3304/3304 684/3305/3305 676/3306/3306
s 41
f 638/3307/3307 637/3308/3308 686/3309/3309
f 638/3310/3310 686/3311/3311 687/3312/3312
s 42
f 666/3313/3313 669/3314/3314 688/3315/3315
f 666/3316/3316 688/3317/3317 683/3318/3318
s 43
f 679/3322/3322 690/3323/3323 667/3324/3324
f 679/3325/3325 667/3326/3326 666/3327/3327
s 44
f 683/3328/3328 688/3329/3329 689/3330/3330
f 683/3331/3331 689/3332/3332 684/3333/3333
s 45
f 687/3334/3334 691/3335/3335 655/3336/3336
f 687/3337/3337 655/3338/3338 638/3339/3339
s 46
f 688/3340/3340 692/3341/3341 693/3342/3342
f 688/3343/3343 693/3344/3344 689/3345/3345
s 47
f 660/3346/3346 659/3347/3347 694/3348/3348
f 660/3349/3349 694/3350/3350 695/3351/3351
s 48
f 669/3352/3352 696/3353/3353 692/3354/3354
f 669/3355/3355 692/3356/3356 688/3357/3357
s 49
f 628/3361/3361 697/3362/3362 698/3363/3363
f 628/3364/3364 698/3365/3365 649/3366/3366
s 50
f 692/3367/3367 699/3368/3368 700/3369/3369
f 692/3370/3370 700/3371/3371 693/3372/3372
s 51
f 701/3373/3373 702/3374/3374 658/3375/3375
f 701/3376/3376 658/3377/3377 657/3378/3378
s 52
f 696/3379/3379 625/3380/3380 699/3381/3381
f 696/3382/3382 699/3383/3383 692/3384/3384
s 53
f 703/3388/3388 704/3389/3389 702/3390/3390
f 703/3391/3391 702/3392/3392 701/3393/3393
s 54
f 625/3394/3394 618/3395/3395 621/3396/3396
f 625/3397/3397 621/3398/3398 699/3399/3399
s 55
f 680/3403/3403 685/3404/3404 705/3405/3405
f 680/3406/3406 705/3407/3407 706/3408/3408
s 56
f 699/3409/3409 621/3410/3410 622/3411/3411
f 699/3412/3412 622/3413/3413 700/3414/3414
s 57
f 707/3415/3415 708/3416/3416 709/3417/3417
f 707/3418/3418 709/3419/3419 710/3420/3420
f 707/3421/3421 710/3422/3422 711/3423/3423
f 707/3424/3424 711/3425/3425 712/3426/3426
f 707/3427/3427 712/3428/3428 713/3429/3429
f 707/3430/3430 713/3431/3431 714/3432/3432
f 707/3433/3433 714/3434/3434 715/3435/3435
f 707/3436/3436 715/3437/3437 716/3438/3438
f 707/3439/3439 716/3440/3440 717/3441/3441
f 707/3442/3442 717/3443/3443 718/3444/3444
s 58
f 677/3445/3445 719/3446/3446 720/3447/3447
f 677/3448/3448 720/3449/3449 721/3450/3450
s 59
f 722/3451/3451 723/3452/3452 724/3453/3453
f 722/3454/3454 724/3455/3455 695/3456/3456
s 60
f 725/3457/3457 726/3458/3458 727/3459/3459
f 725/3460/3460 727/3461/3461 728/3462/3462
s 61
f 703/3463/3463 729/3464/3464 726/3465/3465
f 703/3466/3466 726/3467/3467 725/3468/3468
s 62
f 642/3469/3469 641/3470/3470 719/3471/3471
f 642/3472/3472 719/3473/3473 677/3474/3474
s 63
f 657/3475/3475 730/3476/3476 731/3477/3477
f 657/3478/3478 731/3479/3479 701/3480/3480
s 64
f 660/3481/3481 732/3482/3482 730/3483/3483
f 660/3484/3484 730/3485/3485 657/3486/3486
s 65
f 721/3487/3487 720/3488/3488 723/3489/3489
f 721/3490/3490 723/3491/3491 722/3492/3492
s 66
f 701/3493/3493 731/3494/3494 729/3495/3495
f 701/3496/3496 729/3497/3497 703/3498/3498
s 67
f 695/3499/3499 724/3500/3500 732/3501/3501
f 695/3502/3502 732/3503/3503 660/3504/3504
s 68
f 728/3505/3505 727/3506/3506 640/3507/3507
f 728/3508/3508 640/3509/3509 639/3510/3510
s 69
f 656/3511/3511 655/3512/3512 733/3513/3513
f 656/3514/3514 733/3515/3515 627/3516/3516
s 70
f 655/3517/3517 691/3518/3518 697/3519/3519
f 655/3520/3520 697/3521/3521 733/3522/3522
s 71
f 691/3523/3523 644/3524/3524 698/3525/3525
f 691/3526/3526 698/3527/3527 697/3528/3528
s 72
f 644/3529/3529 643/3530/3530 734/3531/3531
f 644/3532/3532 734/3533/3533 698/3534/3534
s 73
f 643/3535/3535 664/3536/3536 735/3537/3537
f 643/3538/3538 735/3539/3539 734/3540/3540
s 74
f 664/3541/3541 736/3542/3542 737/3543/3543
f 664/3544/3544 737/3545/3545 735/3546/3546
s 75
f 736/3547/3547 705/3548/3548 690/3549/3549
f 736/3550/3550 690/3551/3551 737/3552/3552
s 76
f 705/3553/3553 685/3554/3554 667/3555/3555
f 705/3556/3556 667/3557/3557 690/3558/3558
s 77
f 685/3559/3559 633/3560/3560 668/3561/3561
f 685/3562/3562 668/3563/3563 667/3564/3564
s 78
f 633/3565/3565 632/3566/3566 738/3567/3567
f 633/3568/3568 738/3569/3569 668/3570/3570
s 79
f 632/3571/3571 674/3572/3572 626/3573/3573
f 632/3574/3574 626/3575/3575 738/3576/3576
s 80
f 674/3577/3577 656/3578/3578 627/3579/3579
f 674/3580/3580 627/3581/3581 626/3582/3582
s 81
f 654/3583/3583 734/3584/3584 735/3585/3585
f 654/3586/3586 735/3587/3587 661/3588/3588
s 82
f 652/3589/3589 674/3590/3590 632/3591/3591
f 652/3592/3592 632/3593/3593 631/3594/3594
s 83
f 618/3595/3595 627/3596/3596 733/3597/3597
f 618/3598/3598 733/3599/3599 619/3600/3600
s 84
f 649/3601/3601 698/3602/3602 734/3603/3603
f 649/3604/3604 734/3605/3605 654/3606/3606
s 85
f 669/3607/3607 668/3608/3608 738/3609/3609
f 669/3610/3610 738/3611/3611 696/3612/3612
s 86
f 619/3613/3613 733/3614/3614 697/3615/3615
f 619/3616/3616 697/3617/3617 628/3618/3618
s 87
f 696/3619/3619 738/3620/3620 626/3621/3621
f 696/3622/3622 626/3623/3623 625/3624/3624
s 88
f 739/3625/3625 736/3626/3626 664/3627/3627
f 739/3628/3628 664/3629/3629 648/3630/3630
s 89
f 706/3631/3631 705/3632/3632 736/3633/3633
f 706/3634/3634 736/3635/3635 739/3636/3636
s 90
f 661/3637/3637 735/3638/3638 737/3639/3639
f 661/3640/3640 737/3641/3641 673/3642/3642
s 91
f 614/3643/3643 644/3644/3644 691/3645/3645
f 614/3646/3646 691/3647/3647 687/3648/3648
s 92
f 673/3649/3649 737/3650/3650 690/3651/3651
f 673/3652/3652 690/3653/3653 679/3654/3654
s 93
f 718/3655/3655 726/3656/3656 729/3657/3657
f 718/3658/3658 729/3659/3659 707/3660/3660
s 94
f 717/3661/3661 727/3662/3662 726/3663/3663
f 717/3664/3664 726/3665/3665 718/3666/3666
s 95
f 716/3667/3667 640/3668/3668 727/3669/3669
f 716/3670/3670 727/3671/3671 717/3672/3672
s 96
f 715/3673/3673 641/3674/3674 640/3675/3675
f 715/3676/3676 640/3677/3677 716/3678/3678
s 97
f 714/3679/3679 719/3680/3680 641/3681/3681
f 714/3682/3682 641/3683/3683 715/3684/3684
s 98
f 713/3685/3685 720/3686/3686 719/3687/3687
f 713/3688/3688 719/3689/3689 714/3690/3690
s 99
f 712/3691/3691 723/3692/3692 720/3693/3693
f 712/3694/3694 720/3695/3695 713/3696/3696
s 100
f 711/3697/3697 724/3698/3698 723/3699/3699
f 711/3700/3700 723/3701/3701 712/3702/3702
s 101
f 710/3703/3703 732/3704/3704 724/3705/3705
f 710/3706/3706 724/3707/3707 711/3708/3708
s 102
f 709/3709/3709 730/3710/3710 732/3711/3711
f 709/3712/3712 732/3713/3713 710/3714/3714
s 103
f 708/3715/3715 731/3716/3716 730/3717/3717
f 708/3718/3718 730/3719/3719 709/3720/3720
s 104
f 707/3721/3721 729/3722/3722 731/3723/3723
f 707/3724/3724 731/3725/3725 708/3726/3726
s 105
f 704/3727/3727 740/3728/3728 637/3729/3729
f 704/3730/3730 637/3731/3731 636/3732/3732
s 106
f 740/3733/3733 741/3734/3734 686/3735/3735
f 740/3736/3736 686/3737/3737 637/3738/3738
s 107
f 671/3739/3739 678/3740/3740 647/3741/3741
f 671/3742/3742 647/3743/3743 616/3744/3744
s 108
f 678/3745/3745 742/3746/3746 743/3747/3747
f 678/3748/3748 743/3749/3749 647/3750/3750
s 109
f 742/3751/3751 744/3752/3752 745/3753/3753
f 742/3754/3754 745/3755/3755 743/3756/3756
s 110
f 744/3757/3757 694/3758/3758 681/3759/3759
f 744/3760/3760 681/3761/3761 745/3762/3762
s 111
f 694/3763/3763 659/3764/3764 682/3765/3765
f 694/3766/3766 682/3767/3767 681/3768/3768
s 112
f 659/3769/3769 658/3770/3770 746/3771/3771
f 659/3772/3772 746/3773/3773 682/3774/3774
s 113
f 658/3775/3775 702/3776/3776 653/3777/3777
f 658/3778/3778 653/3779/3779 746/3780/3780
s 114
f 702/3781/3781 704/3782/3782 636/3783/3783
f 702/3784/3784 636/3785/3785 653/3786/3786
s 115
f 634/3787/3787 682/3788/3788 746/3789/3789
f 634/3790/3790 746/3791/3791 631/3792/3792
s 116
f 631/3793/3793 746/3794/3794 653/3795/3795
f 631/3796/3796 653/3797/3797 652/3798/3798
s 117
f 721/3799/3799 742/3800/3800 678/3801/3801
f 721/3802/3802 678/3803/3803 677/3804/3804
s 118
f 725/3805/3805 740/3806/3806 704/3807/3807
f 725/3808/3808 704/3809/3809 703/3810/3810
s 119
f 722/3811/3811 744/3812/3812 742/3813/3813
f 722/3814/3814 742/3815/3815 721/3816/3816
s 120
f 648/3817/3817 647/3818/3818 743/3819/3819
f 648/3820/3820 743/3821/3821 739/3822/3822
s 121
f 739/3823/3823 743/3824/3824 745/3825/3825
f 739/3826/3826 745/3827/3827 706/3828/3828
s 122
f 639/3829/3829 672/3830/3830 741/3831/3831
f 639/3832/3832 741/3833/3833 728/3834/3834
s 123
f 695/3835/3835 694/3836/3836 744/3837/3837
f 695/3838/3838 744/3839/3839 722/3840/3840
s 124
f 687/3841/3841 686/3842/3842 615/3843/3843
f 687/3844/3844 615/3845/3845 614/3846/3846
s 125
f 728/3847/3847 741/3848/3848 740/3849/3849
f 728/3850/3850 740/3851/3851 725/3852/3852
s 126
f 706/3853/3853 745/3854/3854 681/3855/3855
f 706/3856/3856 681/3857/3857 680/3858/3858
s 127
f 741/3859/3859 672/3860/3860 671/3861/3861
f 741/3862/3862 671/3863/3863 616/3864/3864
f 741/3865/3865 616/3866/3866 615/3867/3867
f 741/3868/3868 615/3869/3869 686/3870/3870
s 128
f 638/3871/3871 638/3872/3872 687/3873/3873
f 687/3877/3877 687/3878/3878 614/3879/3879
f 614/3883/3883 614/3884/3884 617/3885/3885
f 617/3889/3889 617/3890/3890 648/3891/3891
f 648/3895/3895 648/3896/3896 739/3897/3897
f 739/3901/3901 739/3902/3902 706/3903/3903
f 706/3907/3907 706/3908/3908 680/3909/3909
f 680/3913/3913 680/3914/3914 634/3915/3915
f 634/3919/3919 634/3920/3920 631/3921/3921
f 631/3925/3925 631/3926/3926 652/3927/3927
f 652/3931/3931 652/3932/3932 635/3933/3933
f 635/3937/3937 635/3938/3938 638/3939/3939
s 129
f 638/3874/3874 687/3875/3875 687/3876/3876
f 687/3880/3880 614/3881/3881 614/3882/3882
f 614/3886/3886 617/3887/3887 617/3888/3888
f 617/3892/3892 648/3893/3893 648/3894/3894
f 648/3898/3898 739/3899/3899 739/3900/3900
f 739/3904/3904 706/3905/3905 706/3906/3906
f 706/3910/3910 680/3911/3911 680/3912/3912
f 680/3916/3916 634/3917/3917 634/3918/3918
f 634/3922/3922 631/3923/3923 631/3924/3924
f 631/3928/3928 652/3929/3929 652/3930/3930
f 652/3934/3934 635/3935/3935 635/3936/3936
f 635/3940/3940 638/3941/3941 638/3942/3942
s 130
f 691/3943/3943 691/3944/3944 655/3945/3945
f 644/3949/3949 644/3950/3950 691/3951/3951
f 643/3955/3955 643/3956/3956 644/3957/3957
f 664/3961/3961 664/3962/3962 643/3963/3963
f 736/3967/3967 736/3968/3968 664/3969/3969
f 705/3973/3973 705/3974/3974 736/3975/3975
f 685/3979/3979 685/3980/3980 705/3981/3981
f 633/3985/3985 633/3986/3986 685/3987/3987
f 632/3991/3991 632/3992/3992 633/3993/3993
f 674/3997/3997 674/3998/3998 632/3999/3999
f 656/4003/4003 656/4004/4004 674/4005/4005
f 655/4009/4009 655/4010/4010 656/4011/4011
s 131
f 691/3946/3946 655/3947/3947 655/3948/3948
f 644/3952/3952 691/3953/3953 691/3954/3954
f 643/3958/3958 644/3959/3959 644/3960/3960
f 664/3964/3964 643/3965/3965 643/3966/3966
f 736/3970/3970 664/3971/3971 664/3972/3972
f 705/3976/3976 736/3977/3977 736/3978/3978
f 685/3982/3982 705/3983/3983 705/3984/3984
f 633/3988/3988 685/3989/3989 685/3990/3990
f 632/3994/3994 633/3995/3995 633/3996/3996
f 674/4000/4000 632/4001/4001 632/4002/4002
f 656/4006/4006 674/4007/4007 674/4008/4008
f 655/4012/4012 656/4013/4013 656/4014/4014
o aimy1,ox=-0.00,oy=0.00,oz=0.00,p=loturret,,e=0
v 0.000000 24.240001 -12.650000
v 0.000000 24.240001 -8.650000
v 0.000000 26.240001 -12.650000
f 747/1/1 748/2/2 749/3/3
o turret,ox=-0.00,oy=-24.00,oz=12.86,p=aimy1,
v 2.823151 29.201882 -12.185935
vn -0.000000 -0.258800 0.965900
vt 0.793834984 0.713999987
v -2.819178 29.201880 -12.185935
vn -0.000000 -0.258800 0.965900
vt 0.809446990 0.713999987
v -2.819178 27.924035 -12.528332
vn -0.000000 -0.258800 0.965900
vt 0.809446990 0.719841003
vn -0.000000 -0.258800 0.965900
vt 0.793834984 0.713999987
vn -0.000000 -0.258800 0.965900
vt 0.809446990 0.719841003
v 2.823151 27.924039 -12.528332
vn -0.000000 -0.258800 0.965900
vt 0.793834984 0.719841003
vn -0.000000 -0.707100 0.707100
vt 0.793834984 0.719841003
vn -0.000000 -0.707100 0.707100
vt 0.809446990 0.719841003
v -2.819178 26.988589 -13.463780
vn -0.000000 -0.707100 0.707100
vt 0.809446990 0.725681007
vn -0.000000 -0.707100 0.707100
vt 0.793834984 0.719841003
vn -0.000000 -0.707100 0.707100
vt 0.809446990 0.725681007
v 2.823151 26.988589 -13.463780
vn -0.000000 -0.707100 0.707100
vt 0.793834984 0.725681007
vn -0.000000 -0.965900 0.258800
vt 0.793834984 0.725681007
vn -0.000000 -0.965900 0.258800
vt 0.809446990 0.725681007
v -2.819178 26.646194 -14.741624
vn -0.000000 -0.965900 0.258800
vt 0.809446990 0.731521010
vn -0.000000 -0.965900 0.258800
vt 0.793834984 0.725681007
vn -0.000000 -0.965900 0.258800
vt 0.809446990 0.731521010
v 2.823151 26.646194 -14.741624
vn -0.000000 -0.965900 0.258800
vt 0.793834984 0.731521010
vn -0.000000 -0.965900 -0.258800
vt 0.793834984 0.731521010
vn -0.000000 -0.965900 -0.258800
vt 0.809446990 0.731521010
v -2.819178 26.988589 -16.019469
vn -0.000000 -0.965900 -0.258800
vt 0.809446990 0.737361014
vn -0.000000 -0.965900 -0.258800
vt 0.793834984 0.731521010
vn -0.000000 -0.965900 -0.258800
vt 0.809446990 0.737361014
v 2.823151 26.988589 -16.019469
vn -0.000000 -0.965900 -0.258800
vt 0.793834984 0.737361014
vn -0.000000 -0.707100 -0.707100
vt 0.809446990 0.749050021
vn -0.000000 -0.707100 -0.707100
vt 0.793834984 0.749050021
v -2.819178 27.924035 -16.954914
vn -0.000000 -0.707100 -0.707100
vt 0.793834984 0.743210018
vn -0.000000 -0.707100 -0.707100
vt 0.809446990 0.749050021
vn -0.000000 -0.707100 -0.707100
vt 0.793834984 0.743210018
v 2.823151 27.924039 -16.954914
vn -0.000000 -0.707100 -0.707100
vt 0.809446990 0.743210018
vn -0.000000 -0.258800 -0.965900
vt 0.809446990 0.743210018
vn -0.000000 -0.258800 -0.965900
vt 0.793834984 0.743210018
v -2.819178 29.201880 -17.297312
vn -0.000000 -0.258800 -0.965900
vt 0.793834984 0.737370014
vn -0.000000 -0.258800 -0.965900
vt 0.809446990 0.743210018
vn -0.000000 -0.258800 -0.965900
vt 0.793834984 0.737370014
v 2.823151 29.201882 -17.297312
vn -0.000000 -0.258800 -0.965900
vt 0.809446990 0.737370014
v -3.352471 28.295747 -13.172153
vn -1.000000 0.000000 0.000000
vt 0.852367997 0.373596013
v -3.352471 29.201880 -12.929356
vn -1.000000 0.000000 0.000000
vt 0.856231987 0.381228000
v -3.352471 30.108016 -13.172153
vn -1.000000 0.000000 0.000000
vt 0.855763018 0.389768988
vn -1.000000 0.000000 0.000000
vt 0.852367997 0.373596013
vn -1.000000 0.000000 0.000000
vt 0.855763018 0.389768988
v -3.352471 30.771352 -13.835490
vn -1.000000 0.000000 0.000000
vt 0.851086020 0.396932006
vn -1.000000 0.000000 0.000000
vt 0.852367997 0.373596013
vn -1.000000 0.000000 0.000000
vt 0.851086020 0.396932006
v -3.352471 31.014148 -14.741623
vn -1.000000 0.000000 0.000000
vt 0.843455017 0.400795996
vn -1.000000 0.000000 0.000000
vt 0.852367997 0.373596013
vn -1.000000 0.000000 0.000000
vt 0.843455017 0.400795996
v -3.352471 30.771350 -15.647759
vn -1.000000 0.000000 0.000000
vt 0.834913015 0.400326997
vn -1.000000 0.000000 0.000000
vt 0.852367997 0.373596013
vn -1.000000 0.000000 0.000000
vt 0.834913015 0.400326997
v -3.352471 30.108014 -16.311095
vn -1.000000 0.000000 0.000000
vt 0.827750981 0.395649999
vn -1.000000 0.000000 0.000000
vt 0.852367997 0.373596013
vn -1.000000 0.000000 0.000000
vt 0.827750981 0.395649999
v -3.352471 29.201880 -16.553891
vn -1.000000 0.000000 0.000000
vt 0.823886991 0.388018996
vn -1.000000 0.000000 0.000000
vt 0.852367997 0.373596013
vn -1.000000 0.000000 0.000000
vt 0.823886991 0.388018996
v -3.352471 28.295745 -16.311093
vn -1.000000 0.000000 0.000000
vt 0.824356019 0.379476994
vn -1.000000 0.000000 0.000000
vt 0.852367997 0.373596013
vn -1.000000 0.000000 0.000000
vt 0.824356019 0.379476994
v -3.352471 27.632411 -15.647759
vn -1.000000 0.000000 0.000000
vt 0.829032004 0.372314990
vn -1.000000 0.000000 0.000000
vt 0.852367997 0.373596013
vn -1.000000 0.000000 0.000000
vt 0.829032004 0.372314990
v -3.352471 27.389613 -14.741624
vn -1.000000 0.000000 0.000000
vt 0.836664021 0.368450999
vn -1.000000 0.000000 0.000000
vt 0.852367997 0.373596013
vn -1.000000 0.000000 0.000000
vt 0.836664021 0.368450999
v -3.352471 27.632411 -13.835490
vn -1.000000 0.000000 0.000000
vt 0.845205009 0.368919998
v 2.823151 30.479728 -12.528332
vn -0.000000 0.258800 0.965900
vt 0.793834984 0.708159983
v -2.819178 30.479728 -12.528332
vn -0.000000 0.258800 0.965900
vt 0.809446990 0.708159983
vn -0.000000 0.258800 0.965900
vt 0.809446990 0.713999987
vn -0.000000 0.258800 0.965900
vt 0.793834984 0.708159983
vn -0.000000 0.258800 0.965900
vt 0.809446990 0.713999987
vn -0.000000 0.258800 0.965900
vt 0.793834984 0.713999987
v 3.389637 29.201882 -12.929356
vn 1.000000 0.000000 0.000000
vt 0.825648010 0.380187005
v 3.389637 28.295749 -13.172153
vn 1.000000 0.000000 0.000000
vt 0.829526007 0.373528987
v 3.389637 27.632411 -13.835491
vn 1.000000 0.000000 0.000000
vt 0.836215973 0.369747013
vn 1.000000 0.000000 0.000000
vt 0.825648010 0.380187005
vn 1.000000 0.000000 0.000000
vt 0.836215973 0.369747013
v 3.389637 27.389613 -14.741624
vn 1.000000 0.000000 0.000000
vt 0.843915999 0.369877011
vn 1.000000 0.000000 0.000000
vt 0.825648010 0.380187005
vn 1.000000 0.000000 0.000000
vt 0.843915999 0.369877011
v 3.389637 27.632411 -15.647759
vn 1.000000 0.000000 0.000000
vt 0.850575984 0.373795986
vn 1.000000 0.000000 0.000000
vt 0.825648010 0.380187005
vn 1.000000 0.000000 0.000000
vt 0.850575984 0.373795986
v 3.389637 28.295749 -16.311093
vn 1.000000 0.000000 0.000000
vt 0.854335010 0.380549014
vn 1.000000 0.000000 0.000000
vt 0.825648010 0.380187005
vn 1.000000 0.000000 0.000000
vt 0.854335010 0.380549014
v 3.389637 29.201882 -16.553891
vn 1.000000 0.000000 0.000000
vt 0.854297996 0.388280988
vn 1.000000 0.000000 0.000000
vt 0.825648010 0.380187005
vn 1.000000 0.000000 0.000000
vt 0.854297996 0.388280988
v 3.389637 30.108016 -16.311095
vn 1.000000 0.000000 0.000000
vt 0.850355983 0.394919008
vn 1.000000 0.000000 0.000000
vt 0.825648010 0.380187005
vn 1.000000 0.000000 0.000000
vt 0.850355983 0.394919008
v 3.389637 30.771352 -15.647759
vn 1.000000 0.000000 0.000000
vt 0.843636990 0.398734987
vn 1.000000 0.000000 0.000000
vt 0.825648010 0.380187005
vn 1.000000 0.000000 0.000000
vt 0.843636990 0.398734987
v 3.389637 31.014152 -14.741624
vn 1.000000 0.000000 0.000000
vt 0.835937023 0.398660988
vn 1.000000 0.000000 0.000000
vt 0.825648010 0.380187005
vn 1.000000 0.000000 0.000000
vt 0.835937023 0.398660988
v 3.389637 30.771354 -13.835490
vn 1.000000 0.000000 0.000000
vt 0.829333007 0.394717008
vn 1.000000 0.000000 0.000000
vt 0.825648010 0.380187005
vn 1.000000 0.000000 0.000000
vt 0.829333007 0.394717008
v 3.389637 30.108016 -13.172153
vn 1.000000 0.000000 0.000000
vt 0.825622976 0.387946010
vn 0.785100 -0.160300 0.598300
vt 0.829526007 0.373528987
vn 0.785100 -0.160300 0.598300
vt 0.825648010 0.380187005
vn 0.785100 -0.160300 0.598300
vt 0.817824006 0.378237993
vn 0.785100 -0.160300 0.598300
vt 0.829526007 0.373528987
vn 0.785100 -0.160300 0.598300
vt 0.817824006 0.378237993
vn 0.785100 -0.160300 0.598300
vt 0.823734999 0.367935002
vn -0.802800 -0.154300 0.575900
vt 0.856231987 0.381228000
vn -0.802800 -0.154300 0.575900
vt 0.852367997 0.373596013
vn -0.802800 -0.154300 0.575900
vt 0.857416987 0.369073004
vn -0.802800 -0.154300 0.575900
vt 0.856231987 0.381228000
vn -0.802800 -0.154300 0.575900
vt 0.857416987 0.369073004
vn -0.802800 -0.154300 0.575900
vt 0.862866998 0.379835010
vn 0.785100 -0.438000 0.438000
vt 0.836215973 0.369747013
vn 0.785100 -0.438000 0.438000
vt 0.829526007 0.373528987
vn 0.785100 -0.438000 0.438000
vt 0.823734999 0.367935002
vn 0.785100 -0.438000 0.438000
vt 0.836215973 0.369747013
vn 0.785100 -0.438000 0.438000
vt 0.823734999 0.367935002
vn 0.785100 -0.438000 0.438000
vt 0.834029973 0.361995995
vn -0.802800 -0.421600 0.421600
vt 0.852367997 0.373596013
vn -0.802800 -0.421600 0.421600
vt 0.845205009 0.368919998
vn -0.802800 -0.421600 0.421600
vt 0.847316027 0.362477988
vn -0.802800 -0.421600 0.421600
vt 0.852367997 0.373596013
vn -0.802800 -0.421600 0.421600
vt 0.847316027 0.362477988
vn -0.802800 -0.421600 0.421600
vt 0.857416987 0.369073004
vn 0.785100 -0.598300 0.160300
vt 0.843915999 0.369877011
vn 0.785100 -0.598300 0.160300
vt 0.836215973 0.369747013
vn 0.785100 -0.598300 0.160300
vt 0.834029973 0.361995995
vn 0.785100 -0.598300 0.160300
vt 0.843915999 0.369877011
vn 0.785100 -0.598300 0.160300
vt 0.834029973 0.361995995
vn 0.785100 -0.598300 0.160300
vt 0.845924020 0.362051994
vn -0.802800 -0.575900 0.154300
vt 0.845205009 0.368919998
vn -0.802800 -0.575900 0.154300
vt 0.836664021 0.368450999
vn -0.802800 -0.575900 0.154300
vt 0.835271001 0.361815989
vn -0.802800 -0.575900 0.154300
vt 0.845205009 0.368919998
vn -0.802800 -0.575900 0.154300
vt 0.835271001 0.361815989
vn -0.802800 -0.575900 0.154300
vt 0.847316027 0.362477988
vn 0.785100 -0.598300 -0.160300
vt 0.850575984 0.373795986
vn 0.785100 -0.598300 -0.160300
vt 0.843915999 0.369877011
vn 0.785100 -0.598300 -0.160300
vt 0.845924020 0.362051994
vn 0.785100 -0.598300 -0.160300
vt 0.850575984 0.373795986
vn 0.785100 -0.598300 -0.160300
vt 0.845924020 0.362051994
vn 0.785100 -0.598300 -0.160300
vt 0.856208980 0.368019998
vn -0.802800 -0.575900 -0.154300
vt 0.836664021 0.368450999
vn -0.802800 -0.575900 -0.154300
vt 0.829032004 0.372314990
vn -0.802800 -0.575900 -0.154300
vt 0.824509025 0.367265999
vn -0.802800 -0.575900 -0.154300
vt 0.836664021 0.368450999
vn -0.802800 -0.575900 -0.154300
vt 0.824509025 0.367265999
vn -0.802800 -0.575900 -0.154300
vt 0.835271001 0.361815989
vn 0.785100 -0.437900 -0.438000
vt 0.854335010 0.380549014
vn 0.785100 -0.437900 -0.438000
vt 0.850575984 0.373795986
vn 0.785100 -0.437900 -0.438000
vt 0.856208980 0.368019998
vn 0.785100 -0.437900 -0.438000
vt 0.854335010 0.380549014
vn 0.785100 -0.437900 -0.438000
vt 0.856208980 0.368019998
vn 0.785100 -0.437900 -0.438000
vt 0.862121999 0.378358990
vn -0.802800 -0.421600 -0.421600
vt 0.829032004 0.372314990
vn -0.802800 -0.421600 -0.421600
vt 0.824356019 0.379476994
vn -0.802800 -0.421600 -0.421600
vt 0.817914009 0.377366990
vn -0.802800 -0.421600 -0.421600
vt 0.829032004 0.372314990
vn -0.802800 -0.421600 -0.421600
vt 0.817914009 0.377366990
vn -0.802800 -0.421600 -0.421600
vt 0.824509025 0.367265999
vn 0.785100 -0.160300 -0.598300
vt 0.854297996 0.388280988
vn 0.785100 -0.160300 -0.598300
vt 0.854335010 0.380549014
vn 0.785100 -0.160300 -0.598300
vt 0.862121999 0.378358990
vn 0.785100 -0.160300 -0.598300
vt 0.854297996 0.388280988
vn 0.785100 -0.160300 -0.598300
vt 0.862121999 0.378358990
vn 0.785100 -0.160300 -0.598300
vt 0.862121999 0.390251011
vn -0.802800 -0.154300 -0.575900
vt 0.824356019 0.379476994
vn -0.802800 -0.154300 -0.575900
vt 0.823886991 0.388018996
vn -0.802800 -0.154300 -0.575900
vt 0.817251980 0.389411986
vn -0.802800 -0.154300 -0.575900
vt 0.824356019 0.379476994
vn -0.802800 -0.154300 -0.575900
vt 0.817251980 0.389411986
vn -0.802800 -0.154300 -0.575900
vt 0.817914009 0.377366990
vn 0.785100 0.160300 -0.598300
vt 0.850355983 0.394919008
vn 0.785100 0.160300 -0.598300
vt 0.854297996 0.388280988
vn 0.785100 0.160300 -0.598300
vt 0.862121999 0.390251011
vn 0.785100 0.160300 -0.598300
vt 0.850355983 0.394919008
vn 0.785100 0.160300 -0.598300
vt 0.862121999 0.390251011
v 2.823151 30.479728 -16.954916
vn 0.785100 0.160300 -0.598300
vt 0.856148005 0.400555015
vn -0.802800 0.154300 -0.575900
vt 0.823886991 0.388018996
vn -0.802800 0.154300 -0.575900
vt 0.827750981 0.395649999
v -2.819178 30.479724 -16.954916
vn -0.802800 0.154300 -0.575900
vt 0.822701991 0.400173992
vn -0.802800 0.154300 -0.575900
vt 0.823886991 0.388018996
vn -0.802800 0.154300 -0.575900
vt 0.822701991 0.400173992
vn -0.802800 0.154300 -0.575900
vt 0.817251980 0.389411986
vn 0.785100 0.438000 -0.437900
vt 0.843636990 0.398734987
vn 0.785100 0.438000 -0.437900
vt 0.850355983 0.394919008
vn 0.785100 0.438000 -0.437900
vt 0.856148005 0.400555015
vn 0.785100 0.438000 -0.437900
vt 0.843636990 0.398734987
vn 0.785100 0.438000 -0.437900
vt 0.856148005 0.400555015
v 2.823151 31.415174 -16.019469
vn 0.785100 0.438000 -0.437900
vt 0.845839024 0.406495988
vn -0.802800 0.421600 -0.421600
vt 0.827750981 0.395649999
vn -0.802800 0.421600 -0.421600
vt 0.834913015 0.400326997
v -2.819178 31.415172 -16.019469
vn -0.802800 0.421600 -0.421600
vt 0.832803011 0.406769007
vn -0.802800 0.421600 -0.421600
vt 0.827750981 0.395649999
vn -0.802800 0.421600 -0.421600
vt 0.832803011 0.406769007
vn -0.802800 0.421600 -0.421600
vt 0.822701991 0.400173992
vn 0.785100 0.598300 -0.160300
vt 0.835937023 0.398660988
vn 0.785100 0.598300 -0.160300
vt 0.843636990 0.398734987
vn 0.785100 0.598300 -0.160300
vt 0.845839024 0.406495988
vn 0.785100 0.598300 -0.160300
vt 0.835937023 0.398660988
vn 0.785100 0.598300 -0.160300
vt 0.845839024 0.406495988
v 2.823151 31.757571 -14.741624
vn 0.785100 0.598300 -0.160300
vt 0.833944976 0.406471014
vn -0.802800 0.575900 -0.154300
vt 0.834913015 0.400326997
vn -0.802800 0.575900 -0.154300
vt 0.843455017 0.400795996
v -2.819178 31.757569 -14.741624
vn -0.802800 0.575900 -0.154300
vt 0.844847977 0.407429993
vn -0.802800 0.575900 -0.154300
vt 0.834913015 0.400326997
vn -0.802800 0.575900 -0.154300
vt 0.844847977 0.407429993
vn -0.802800 0.575900 -0.154300
vt 0.832803011 0.406769007
vn 0.785100 0.598300 0.160300
vt 0.829333007 0.394717008
vn 0.785100 0.598300 0.160300
vt 0.835937023 0.398660988
vn 0.785100 0.598300 0.160300
vt 0.833944976 0.406471014
vn 0.785100 0.598300 0.160300
vt 0.829333007 0.394717008
vn 0.785100 0.598300 0.160300
vt 0.833944976 0.406471014
v 2.823151 31.415175 -13.463780
vn 0.785100 0.598300 0.160300
vt 0.823679984 0.400463998
vn -0.802800 0.575900 0.154300
vt 0.843455017 0.400795996
vn -0.802800 0.575900 0.154300
vt 0.851086020 0.396932006
v -2.819178 31.415174 -13.463780
vn -0.802800 0.575900 0.154300
vt 0.855610013 0.401980996
vn -0.802800 0.575900 0.154300
vt 0.843455017 0.400795996
vn -0.802800 0.575900 0.154300
vt 0.855610013 0.401980996
vn -0.802800 0.575900 0.154300
vt 0.844847977 0.407429993
vn 0.785100 0.438000 0.438000
vt 0.825622976 0.387946010
vn 0.785100 0.438000 0.438000
vt 0.829333007 0.394717008
vn 0.785100 0.438000 0.438000
vt 0.823679984 0.400463998
vn 0.785100 0.438000 0.438000
vt 0.825622976 0.387946010
vn 0.785100 0.438000 0.438000
vt 0.823679984 0.400463998
vn 0.785100 0.438000 0.438000
vt 0.817825019 0.390109986
vn -0.802800 0.421600 0.421600
vt 0.851086020 0.396932006
vn -0.802800 0.421600 0.421600
vt 0.855763018 0.389768988
vn -0.802800 0.421600 0.421600
vt 0.862205029 0.391880006
vn -0.802800 0.421600 0.421600
vt 0.851086020 0.396932006
vn -0.802800 0.421600 0.421600
vt 0.862205029 0.391880006
vn -0.802800 0.421600 0.421600
vt 0.855610013 0.401980996
vn 0.785100 0.160300 0.598300
vt 0.825648010 0.380187005
vn 0.785100 0.160300 0.598300
vt 0.825622976 0.387946010
vn 0.785100 0.160300 0.598300
vt 0.817825019 0.390109986
vn 0.785100 0.160300 0.598300
vt 0.825648010 0.380187005
vn 0.785100 0.160300 0.598300
vt 0.817825019 0.390109986
vn 0.785100 0.160300 0.598300
vt 0.817824006 0.378237993
vn -0.802800 0.154300 0.575900
vt 0.855763018 0.389768988
vn -0.802800 0.154300 0.575900
vt 0.856231987 0.381228000
vn -0.802800 0.154300 0.575900
vt 0.862866998 0.379835010
vn -0.802800 0.154300 0.575900
vt 0.855763018 0.389768988
vn -0.802800 0.154300 0.575900
vt 0.862866998 0.379835010
vn -0.802800 0.154300 0.575900
vt 0.862205029 0.391880006
v 1.763311 24.342984 -11.661765
vn -0.000000 0.000000 1.000000
vt 0.841188014 0.696280003
v -1.707441 24.342984 -11.661765
vn -0.000000 0.000000 1.000000
vt 0.841188014 0.696280003
v -1.930842 24.342984 -11.661765
vn -0.071700 0.894800 -0.440700
vt 0.841188014 0.696280003
vn -0.000000 0.000000 1.000000
vt 0.841188014 0.696280003
v 1.986713 24.342984 -11.661765
vn 0.000000 0.419600 -0.907700
vt 0.841188014 0.696280003
vn 0.000000 0.419600 -0.907700
vt 0.841188014 0.696280003
v -2.055947 29.111304 -13.926506
vn -0.063800 0.896300 -0.438900
vt 0.849183023 0.676889002
v -1.821131 29.111304 -13.926506
vn -0.000000 0.000000 1.000000
vt 0.849183023 0.676889002
v 2.061780 29.111304 -13.926506
vn 0.064000 0.896300 -0.438800
vt 0.849183023 0.676889002
vn -0.000000 0.000000 1.000000
vt 0.849183023 0.676889002
v 1.826963 29.111304 -13.926506
vn 0.000000 0.000000 -1.000000
vt 0.849183023 0.676889002
vn 0.064000 0.896300 -0.438800
vt 0.849183023 0.676889002
vn -0.000000 0.995000 0.099400
vt 0.896776021 0.676889002
v 2.061780 29.179978 -14.613872
vn 0.000000 0.977600 -0.210400
vt 0.903856993 0.676889002
vn -0.000000 0.995000 0.099400
vt 0.896776021 0.735122979
vn 0.000000 0.977600 -0.210400
vt 0.903856993 0.676889002
v -2.055947 29.179978 -14.613872
vn 0.000000 0.977600 -0.210400
vt 0.903856993 0.735122979
vn -0.000000 0.995000 0.099400
vt 0.896776021 0.735122979
vn 0.000000 0.977600 -0.210400
vt 0.906237006 0.676889002
v -2.055947 28.848422 -15.188144
vn 0.000000 0.671000 -0.741400
vt 0.907455027 0.735122979
vn 0.000000 0.977600 -0.210400
vt 0.906237006 0.735122979
vn 0.000000 0.977600 -0.210400
vt 0.906237006 0.676889002
v 2.061780 28.848422 -15.188144
vn 0.000000 0.671000 -0.741400
vt 0.907455027 0.676889002
vn 0.000000 0.671000 -0.741400
vt 0.907455027 0.735122979
v 2.061780 28.218810 -15.472350
vn 0.000000 0.411400 -0.911400
vt 0.856302023 0.676889002
vn 0.000000 0.671000 -0.741400
vt 0.849225998 0.735122979
vn 0.000000 0.671000 -0.741400
vt 0.849225998 0.676889002
vn 0.000000 0.411400 -0.911400
vt 0.856302023 0.676889002
v -2.055947 28.218810 -15.472350
vn 0.000000 0.411400 -0.911400
vt 0.856294990 0.735122979
vn 0.000000 0.671000 -0.741400
vt 0.849225998 0.735122979
vn 0.000000 0.419600 -0.907700
vt 0.869466007 0.726549029
vn 0.000000 0.419600 -0.907700
vt 0.869466007 0.696280003
v -1.930842 23.894710 -11.869019
vn 0.000000 0.674400 -0.738400
vt 0.864947975 0.726549029
vn 0.000000 0.674400 -0.738400
vt 0.864947975 0.726549029
vn 0.000000 0.419600 -0.907700
vt 0.869466007 0.696280003
v 1.986713 23.894710 -11.869019
vn 0.000000 0.674400 -0.738400
vt 0.864947975 0.696280003
vn -0.000000 -0.500000 -0.866000
vt 0.847563982 0.714366019
v -1.930842 28.141656 -13.854927
vn -0.000000 -0.500000 -0.866000
vt 0.847572029 0.733000994
vn -0.000000 -0.500000 -0.866000
vt 0.847929001 0.714366019
vn -0.000000 -0.500000 -0.866000
vt 0.847929001 0.714366019
vn -0.000000 -0.500000 -0.866000
vt 0.847572029 0.733000994
v -1.707441 28.141656 -13.854927
vn 0.445400 -0.613800 -0.651800
vt 0.847935021 0.733000994
vn 0.000000 0.674400 -0.738400
vt 0.870312989 0.726549029
vn 0.000000 0.674400 -0.738400
vt 0.870314002 0.696280003
v 1.986713 23.449224 -12.640623
vn 0.000000 0.976600 -0.214800
vt 0.869455993 0.696280003
vn 0.000000 0.674400 -0.738400
vt 0.870312989 0.726549029
vn 0.000000 0.976600 -0.214800
vt 0.869455993 0.696280003
v -1.930842 23.449224 -12.640623
vn 0.000000 0.976600 -0.214800
vt 0.869455993 0.726549029
vn -0.000000 -0.500000 -0.866000
vt 0.864956975 0.726549029
vn -0.000000 -0.500000 -0.866000
vt 0.864956975 0.696280003
v 1.282039 24.869727 -11.965882
vn -0.000000 -0.748200 -0.663400
vt 0.855287015 0.722351015
vn -0.000000 -0.748200 -0.663400
vt 0.855287015 0.722351015
vn -0.000000 -0.500000 -0.866000
vt 0.864956975 0.696280003
v -1.226169 24.869727 -11.965882
vn 0.021100 -0.747300 -0.664100
vt 0.855287015 0.700477004
vn 1.000000 -0.004700 -0.003800
vt 0.851381004 0.716949999
v 1.282039 24.256104 -13.028712
vn 0.509000 -0.138700 0.849500
vt 0.851074994 0.716949999
v 1.282039 27.001287 -14.613640
vn 0.628200 0.748900 0.211000
vt 0.851074994 0.730417013
vn 1.000000 -0.004700 -0.003800
vt 0.851381004 0.716949999
vn 0.628200 0.748900 0.211000
vt 0.851074994 0.730417013
v 1.321100 28.557645 -13.606852
vn 0.999800 -0.016500 -0.013300
vt 0.851381004 0.730417013
vn -0.000000 -0.748200 -0.663400
vt 0.870301008 0.696280003
vn 0.021100 -0.747300 -0.664100
vt 0.870301008 0.718154013
v -1.226169 24.256104 -13.028712
vn -0.509000 -0.138700 0.849500
vt 0.871460974 0.718154013
vn -0.000000 -0.748200 -0.663400
vt 0.870301008 0.696280003
vn -0.509000 -0.138700 0.849500
vt 0.871460974 0.718154013
vn 0.509000 -0.138700 0.849500
vt 0.871460974 0.696280003
vn 0.021100 -0.747300 -0.664100
vt 0.874939978 0.686733007
vn -0.000000 -0.500000 -0.866000
vt 0.872038007 0.678812981
vn 0.445400 -0.613800 -0.651800
vt 0.872044027 0.735933006
vn 0.021100 -0.747300 -0.664100
vt 0.874939978 0.686733007
vn 0.445400 -0.613800 -0.651800
vt 0.872044027 0.735933006
v -1.315267 28.557645 -13.606852
vn 0.407400 -0.791000 0.456500
vt 0.874943972 0.728012025
vn -0.999900 -0.010700 -0.008600
vt 0.848816991 0.716949999
vn -0.998800 -0.037600 -0.030200
vt 0.848816991 0.730417013
v -1.226169 27.001287 -14.613640
vn -0.631200 0.748800 0.202200
vt 0.849121988 0.730417013
vn -0.999900 -0.010700 -0.008600
vt 0.848816991 0.716949999
vn -0.631200 0.748800 0.202200
vt 0.849121988 0.730417013
vn -0.509000 -0.138700 0.849500
vt 0.849121988 0.716949999
vn 0.407400 -0.791000 0.456500
vt 0.896733999 0.684964001
vn 0.445400 -0.613800 -0.651800
vt 0.876500010 0.676889002
v 1.763311 28.141656 -13.854927
vn -0.040000 -0.509700 -0.859400
vt 0.876500010 0.735122979
vn 0.407400 -0.791000 0.456500
vt 0.896733999 0.684964001
vn -0.040000 -0.509700 -0.859400
vt 0.876500010 0.735122979
v 1.282039 27.614909 -13.550812
vn -0.056000 -0.460300 -0.886000
vt 0.896736026 0.727047980
vn 0.000000 0.543100 -0.839600
vt 0.906192005 0.718972981
vn 0.000000 0.543100 -0.839600
vt 0.906193018 0.676889002
vn 0.628200 0.748900 0.211000
vt 0.903810024 0.676889002
vn 0.000000 0.543100 -0.839600
vt 0.906192005 0.718972981
vn 0.628200 0.748900 0.211000
vt 0.903810024 0.676889002
vn -0.631200 0.748800 0.202200
vt 0.903810024 0.718972981
v 1.986713 23.493876 -13.132460
vn 0.208300 0.730000 0.650900
vt 0.879354000 0.678736985
v 1.986713 27.292548 -15.325625
vn 0.325500 0.717600 0.615700
vt 0.879359007 0.728479981
vn 0.509000 -0.138700 0.849500
vt 0.881959021 0.685634017
vn 0.509000 -0.138700 0.849500
vt 0.881959021 0.685634017
vn 0.325500 0.717600 0.615700
vt 0.879359007 0.728479981
vn 0.628200 0.748900 0.211000
vt 0.881959021 0.721583009
vn 0.628200 0.748900 0.211000
vt 0.876465976 0.684964001
vn 0.325500 0.717600 0.615700
vt 0.856302023 0.676889002
v -1.930842 27.292548 -15.325625
vn -0.325500 0.717600 0.615700
vt 0.856294990 0.735122979
vn 0.628200 0.748900 0.211000
vt 0.876465976 0.684964001
vn -0.325500 0.717600 0.615700
vt 0.856294990 0.735122979
vn -0.631200 0.748800 0.202200
vt 0.876465976 0.727047980
vn -0.325500 0.717600 0.615700
vt 0.875330985 0.742726028
v -1.930842 23.493876 -13.132460
vn -0.208300 0.730000 0.650900
vt 0.875325024 0.672019005
vn -0.631200 0.748800 0.202200
vt 0.871644020 0.732921004
vn -0.631200 0.748800 0.202200
vt 0.871644020 0.732921004
vn -0.208300 0.730000 0.650900
vt 0.875325024 0.672019005
vn -0.509000 -0.138700 0.849500
vt 0.871644020 0.681824028
v 1.986713 28.141656 -13.854927
vn -0.000000 -0.500000 -0.866000
vt 0.886207998 0.728479981
vn -0.000000 -0.500000 -0.866000
vt 0.886198997 0.678736985
vn -0.040000 -0.509700 -0.859400
vt 0.885349989 0.728479981
vn -0.040000 -0.509700 -0.859400
vt 0.885349989 0.728479981
vn -0.000000 -0.500000 -0.866000
vt 0.886198997 0.678736985
vn -0.000000 -0.500000 -0.866000
vt 0.885343015 0.678736985
vn -0.040000 -0.509700 -0.859400
vt 0.885349989 0.728479981
vn -0.000000 -0.500000 -0.866000
vt 0.885343015 0.678736985
vn -0.056000 -0.460300 -0.886000
vt 0.882758975 0.721583009
vn -0.000000 -0.500000 -0.866000
vt 0.885343015 0.678736985
vn -0.000000 -0.748200 -0.663400
vt 0.882753015 0.685634017
vn -0.056000 -0.460300 -0.886000
vt 0.882758975 0.721583009
vn -0.208300 0.730000 0.650900
vt 0.850794017 0.726549029
vn 0.000000 0.976600 -0.214800
vt 0.855297029 0.726549029
vn 0.000000 0.976600 -0.214800
vt 0.855297029 0.696280003
vn -0.208300 0.730000 0.650900
vt 0.850794017 0.726549029
vn 0.000000 0.976600 -0.214800
vt 0.855297029 0.696280003
vn 0.208300 0.730000 0.650900
vt 0.850799978 0.696280003
vn -0.208300 0.730000 0.650900
vt 0.850794017 0.726549029
vn 0.208300 0.730000 0.650900
vt 0.850799978 0.696280003
vn -0.509000 -0.138700 0.849500
vt 0.841188014 0.722351015
vn 0.208300 0.730000 0.650900
vt 0.850799978 0.696280003
vn 0.509000 -0.138700 0.849500
vt 0.841188014 0.700477004
vn -0.509000 -0.138700 0.849500
vt 0.841188014 0.722351015
vn 0.849300 0.120900 -0.513800
vt 0.278187990 0.435701996
vn 0.998300 -0.050800 0.029300
vt 0.276235014 0.437344015
vn 0.998300 -0.050800 0.029300
vt 0.273977011 0.437344015
vn 0.896900 0.421100 0.134600
vt 0.272022992 0.435701996
vn 0.849300 0.120900 -0.513800
vt 0.278187990 0.435701996
vn 0.998300 -0.050800 0.029300
vt 0.273977011 0.437344015
v 2.550862 27.682284 -13.978016
vn 0.827800 0.541900 0.145200
vt 0.273243010 0.433068991
v 2.550862 24.325843 -12.040175
vn 0.824000 0.025600 0.566000
vt 0.273236006 0.402727008
v 2.550862 27.169459 -14.866253
vn 0.827800 0.145200 -0.541900
vt 0.276966006 0.433068991
vn 0.827800 0.145200 -0.541900
vt 0.276966006 0.433068991
vn 0.824000 0.025600 0.566000
vt 0.273236006 0.402727008
v 2.550862 24.132621 -12.129508
vn 0.834800 -0.371200 0.406400
vt 0.273867011 0.401766986
vn 0.827800 0.145200 -0.541900
vt 0.276966006 0.433068991
vn 0.834800 -0.371200 0.406400
vt 0.273867011 0.401766986
v 2.550862 23.793771 -12.716415
vn 0.834800 -0.537600 0.118300
vt 0.276327014 0.401766986
vn 0.827800 0.145200 -0.541900
vt 0.276966006 0.433068991
vn 0.834800 -0.537600 0.118300
vt 0.276327014 0.401766986
v 2.550862 23.813018 -12.928410
vn 0.824000 -0.477400 -0.305200
vt 0.276957989 0.402727008
v -2.474831 23.813018 -12.928410
vn -0.829200 -0.470800 -0.301000
vt 0.273063004 0.401870012
v -2.474831 23.793771 -12.716415
vn -0.839700 -0.530400 0.116600
vt 0.273685992 0.401766986
v -2.474831 24.132621 -12.129508
vn -0.839700 -0.366200 0.401000
vt 0.276145011 0.401766986
vn -0.829200 -0.470800 -0.301000
vt 0.273063004 0.401870012
vn -0.839700 -0.366200 0.401000
vt 0.276145011 0.401766986
v -2.474831 24.325843 -12.040175
vn -0.829200 0.025300 0.558200
vt 0.276775986 0.402727008
v -2.474831 27.824180 -14.059940
vn -0.854700 0.297100 0.425700
vt 0.276776999 0.433813989
vn -0.829200 -0.470800 -0.301000
vt 0.273063004 0.401870012
vn -0.829200 0.025300 0.558200
vt 0.276775986 0.402727008
vn -0.854700 0.297100 0.425700
vt 0.276776999 0.433813989
v -2.474831 27.861606 -14.434536
vn -0.969500 0.224600 0.098000
vt 0.275660992 0.434807003
vn -0.829200 -0.470800 -0.301000
vt 0.273063004 0.401870012
vn -0.829200 -0.470800 -0.301000
vt 0.273063004 0.401870012
vn -0.969500 0.224600 0.098000
vt 0.275660992 0.434807003
v -2.474831 27.654479 -14.793293
vn -0.936600 0.094500 -0.337400
vt 0.274190009 0.434435010
vn -0.829200 -0.470800 -0.301000
vt 0.273063004 0.401870012
vn -0.936600 0.094500 -0.337400
vt 0.274190009 0.434435010
v -2.474831 27.311357 -14.948178
vn -0.845200 -0.125700 -0.519300
vt 0.273070991 0.433494985
vn 0.827800 0.541900 0.145200
vt 0.273243010 0.433068991
vn 0.827800 0.145200 -0.541900
vt 0.276966006 0.433068991
vn 0.849300 0.120900 -0.513800
vt 0.278187990 0.435701996
vn 0.827800 0.541900 0.145200
vt 0.273243010 0.433068991
vn 0.849300 0.120900 -0.513800
vt 0.278187990 0.435701996
vn 0.896900 0.421100 0.134600
vt 0.272022992 0.435701996
vn 0.824000 0.025600 0.566000
vt 0.273236006 0.402727008
vn 0.827800 0.541900 0.145200
vt 0.273243010 0.433068991
vn 0.896900 0.421100 0.134600
vt 0.272022992 0.435701996
vn 0.824000 0.025600 0.566000
vt 0.273236006 0.402727008
vn 0.896900 0.421100 0.134600
vt 0.272022992 0.435701996
vn 0.557400 0.037600 0.829300
vt 0.272015989 0.401362002
vn 0.834800 -0.371200 0.406400
vt 0.273867011 0.401766986
vn 0.824000 0.025600 0.566000
vt 0.273236006 0.402727008
vn 0.557400 0.037600 0.829300
vt 0.272015989 0.401362002
vn 0.834800 -0.371200 0.406400
vt 0.273867011 0.401766986
vn 0.557400 0.037600 0.829300
vt 0.272015989 0.401362002
vn 0.530200 -0.571800 0.626000
vt 0.273479015 0.399134010
vn 0.834800 -0.537600 0.118300
vt 0.276327014 0.401766986
vn 0.834800 -0.371200 0.406400
vt 0.273867011 0.401766986
vn 0.530200 -0.571800 0.626000
vt 0.273479015 0.399134010
vn 0.834800 -0.537600 0.118300
vt 0.276327014 0.401766986
vn 0.530200 -0.571800 0.626000
vt 0.273479015 0.399134010
vn 0.530200 -0.828100 0.182100
vt 0.276713014 0.399134010
vn 0.827800 0.145200 -0.541900
vt 0.276966006 0.433068991
vn 0.824000 -0.477400 -0.305200
vt 0.276957989 0.402727008
vn 0.557400 -0.699500 -0.447200
vt 0.278178990 0.401362002
vn 0.827800 0.145200 -0.541900
vt 0.276966006 0.433068991
vn 0.557400 -0.699500 -0.447200
vt 0.278178990 0.401362002
vn 0.849300 0.120900 -0.513800
vt 0.278187990 0.435701996
vn 0.824000 -0.477400 -0.305200
vt 0.276957989 0.402727008
vn 0.834800 -0.537600 0.118300
vt 0.276327014 0.401766986
vn 0.530200 -0.828100 0.182100
vt 0.276713014 0.399134010
vn 0.824000 -0.477400 -0.305200
vt 0.276957989 0.402727008
vn 0.530200 -0.828100 0.182100
vt 0.276713014 0.399134010
vn 0.557400 -0.699500 -0.447200
vt 0.278178990 0.401362002
vn -0.839700 -0.530400 0.116600
vt 0.273685992 0.401766986
vn -0.829200 -0.470800 -0.301000
vt 0.273063004 0.401870012
vn -0.571400 -0.691400 -0.442100
vt 0.271831989 0.401362002
vn -0.839700 -0.530400 0.116600
vt 0.273685992 0.401766986
vn -0.571400 -0.691400 -0.442100
vt 0.271831989 0.401362002
vn -0.544100 -0.819400 0.180200
vt 0.273294985 0.399134010
vn -0.839700 -0.366200 0.401000
vt 0.276145011 0.401766986
vn -0.839700 -0.530400 0.116600
vt 0.273685992 0.401766986
vn -0.544100 -0.819400 0.180200
vt 0.273294985 0.399134010
vn -0.839700 -0.366200 0.401000
vt 0.276145011 0.401766986
vn -0.544100 -0.819400 0.180200
vt 0.273294985 0.399134010
vn -0.544100 -0.565800 0.619500
vt 0.276531011 0.399134010
vn -0.829200 0.025300 0.558200
vt 0.276775986 0.402727008
vn -0.839700 -0.366200 0.401000
vt 0.276145011 0.401766986
vn -0.544100 -0.565800 0.619500
vt 0.276531011 0.399134010
vn -0.829200 0.025300 0.558200
vt 0.276775986 0.402727008
vn -0.544100 -0.565800 0.619500
vt 0.276531011 0.399134010
vn -0.571400 0.037100 0.819800
vt 0.277996987 0.401362002
vn -0.854700 0.297100 0.425700
vt 0.276776999 0.433813989
vn -0.829200 0.025300 0.558200
vt 0.276775986 0.402727008
vn -0.571400 0.037100 0.819800
vt 0.277996987 0.401362002
vn -0.854700 0.297100 0.425700
vt 0.276776999 0.433813989
vn -0.571400 0.037100 0.819800
vt 0.277996987 0.401362002
vn -0.662400 0.436500 0.608800
vt 0.278005004 0.435701996
vn -0.969500 0.224600 0.098000
vt 0.275660992 0.434807003
vn -0.854700 0.297100 0.425700
vt 0.276776999 0.433813989
vn -0.662400 0.436500 0.608800
vt 0.278005004 0.435701996
vn -0.969500 0.224600 0.098000
vt 0.275660992 0.434807003
vn -0.662400 0.436500 0.608800
vt 0.278005004 0.435701996
vn -0.933000 0.353000 0.069700
vt 0.276051998 0.437344015
vn -0.936600 0.094500 -0.337400
vt 0.274190009 0.434435010
vn -0.969500 0.224600 0.098000
vt 0.275660992 0.434807003
vn -0.933000 0.353000 0.069700
vt 0.276051998 0.437344015
vn -0.936600 0.094500 -0.337400
vt 0.274190009 0.434435010
vn -0.933000 0.353000 0.069700
vt 0.276051998 0.437344015
vn -0.919100 0.237800 -0.314200
vt 0.273793995 0.437344015
vn -0.829200 -0.470800 -0.301000
vt 0.273063004 0.401870012
vn -0.845200 -0.125700 -0.519300
vt 0.273070991 0.433494985
vn -0.624200 -0.173300 -0.761800
vt 0.271840006 0.435701996
vn -0.829200 -0.470800 -0.301000
vt 0.273063004 0.401870012
vn -0.624200 -0.173300 -0.761800
vt 0.271840006 0.435701996
vn -0.571400 -0.691400 -0.442100
vt 0.271831989 0.401362002
vn -0.845200 -0.125700 -0.519300
vt 0.273070991 0.433494985
vn -0.936600 0.094500 -0.337400
vt 0.274190009 0.434435010
vn -0.919100 0.237800 -0.314200
vt 0.273793995 0.437344015
vn -0.845200 -0.125700 -0.519300
vt 0.273070991 0.433494985
vn -0.919100 0.237800 -0.314200
vt 0.273793995 0.437344015
vn -0.624200 -0.173300 -0.761800
vt 0.271840006 0.435701996
s off
f 798/4261/4261 799/4262/4262 800/4263/4263
s 132
f 750/4015/4015 751/4016/4016 752/4017/4017
f 750/4018/4018 752/4019/4019 753/4020/4020
s 133
f 753/4021/4021 752/4022/4022 754/4023/4023
f 753/4024/4024 754/4025/4025 755/4026/4026
s 134
f 755/4027/4027 754/4028/4028 756/4029/4029
f 755/4030/4030 756/4031/4031 757/4032/4032
s 135
f 757/4033/4033 756/4034/4034 758/4035/4035
f 757/4036/4036 758/4037/4037 759/4038/4038
s 136
f 759/4039/4039 758/4040/4040 760/4041/4041
f 759/4042/4042 760/4043/4043 761/4044/4044
s 137
f 761/4045/4045 760/4046/4046 762/4047/4047
f 761/4048/4048 762/4049/4049 763/4050/4050
s 138
f 764/4051/4051 765/4052/4052 766/4053/4053
f 764/4054/4054 766/4055/4055 767/4056/4056
f 764/4057/4057 767/4058/4058 768/4059/4059
f 764/4060/4060 768/4061/4061 769/4062/4062
f 764/4063/4063 769/4064/4064 770/4065/4065
f 764/4066/4066 770/4067/4067 771/4068/4068
f 764/4069/4069 771/4070/4070 772/4071/4071
f 764/4072/4072 772/4073/4073 773/4074/4074
f 764/4075/4075 773/4076/4076 774/4077/4077
f 764/4078/4078 774/4079/4079 775/4080/4080
s 139
f 776/4081/4081 777/4082/4082 751/4083/4083
f 776/4084/4084 751/4085/4085 750/4086/4086
s 140
f 778/4087/4087 779/4088/4088 780/4089/4089
f 778/4090/4090 780/4091/4091 781/4092/4092
f 778/4093/4093 781/4094/4094 782/4095/4095
f 778/4096/4096 782/4097/4097 783/4098/4098
f 778/4099/4099 783/4100/4100 784/4101/4101
f 778/4102/4102 784/4103/4103 785/4104/4104
f 778/4105/4105 785/4106/4106 786/4107/4107
f 778/4108/4108 786/4109/4109 787/4110/4110
f 778/4111/4111 787/4112/4112 788/4113/4113
f 778/4114/4114 788/4115/4115 789/4116/4116
s 141
f 779/4117/4117 778/4118/4118 750/4119/4119
f 779/4120/4120 750/4121/4121 753/4122/4122
s 142
f 765/4123/4123 764/4124/4124 752/4125/4125
f 765/4126/4126 752/4127/4127 751/4128/4128
s 143
f 780/4129/4129 779/4130/4130 753/4131/4131
f 780/4132/4132 753/4133/4133 755/4134/4134
s 144
f 764/4135/4135 775/4136/4136 754/4137/4137
f 764/4138/4138 754/4139/4139 752/4140/4140
s 145
f 781/4141/4141 780/4142/4142 755/4143/4143
f 781/4144/4144 755/4145/4145 757/4146/4146
s 146
f 775/4147/4147 774/4148/4148 756/4149/4149
f 775/4150/4150 756/4151/4151 754/4152/4152
s 147
f 782/4153/4153 781/4154/4154 757/4155/4155
f 782/4156/4156 757/4157/4157 759/4158/4158
s 148
f 774/4159/4159 773/4160/4160 758/4161/4161
f 774/4162/4162 758/4163/4163 756/4164/4164
s 149
f 783/4165/4165 782/4166/4166 759/4167/4167
f 783/4168/4168 759/4169/4169 761/4170/4170
s 150
f 773/4171/4171 772/4172/4172 760/4173/4173
f 773/4174/4174 760/4175/4175 758/4176/4176
s 151
f 784/4177/4177 783/4178/4178 761/4179/4179
f 784/4180/4180 761/4181/4181 763/4182/4182
s 152
f 772/4183/4183 771/4184/4184 762/4185/4185
f 772/4186/4186 762/4187/4187 760/4188/4188
s 153
f 785/4189/4189 784/4190/4190 763/4191/4191
f 785/4192/4192 763/4193/4193 790/4194/4194
s 154
f 771/4195/4195 770/4196/4196 791/4197/4197
f 771/4198/4198 791/4199/4199 762/4200/4200
s 155
f 786/4201/4201 785/4202/4202 790/4203/4203
f 786/4204/4204 790/4205/4205 792/4206/4206
s 156
f 770/4207/4207 769/4208/4208 793/4209/4209
f 770/4210/4210 793/4211/4211 791/4212/4212
s 157
f 787/4213/4213 786/4214/4214 792/4215/4215
f 787/4216/4216 792/4217/4217 794/4218/4218
s 158
f 769/4219/4219 768/4220/4220 795/4221/4221
f 769/4222/4222 795/4223/4223 793/4224/4224
s 159
f 788/4225/4225 787/4226/4226 794/4227/4227
f 788/4228/4228 794/4229/4229 796/4230/4230
s 160
f 768/4231/4231 767/4232/4232 797/4233/4233
f 768/4234/4234 797/4235/4235 795/4236/4236
s 161
f 789/4237/4237 788/4238/4238 796/4239/4239
f 789/4240/4240 796/4241/4241 776/4242/4242
s 162
f 767/4243/4243 766/4244/4244 777/4245/4245
f 767/4246/4246 777/4247/4247 797/4248/4248
s 163
f 778/4249/4249 789/4250/4250 776/4251/4251
f 778/4252/4252 776/4253/4253 750/4254/4254
s 164
f 766/4255/4255 765/4256/4256 751/4257/4257
f 766/4258/4258 751/4259/4259 777/4260/4260
s 165
f 798/4264/4264 801/4265/4265 800/4266/4266
f 800/4291/4291 801/4292/4292 812/4293/4293
f 812/4294/4294 801/4295/4295 813/4296/4296
f 800/4297/4297 814/4298/4298 799/4299/4299
f 799/4300/4300 814/4301/4301 815/4302/4302
f 812/4303/4303 813/4304/4304 816/4305/4305
f 812/4306/4306 816/4307/4307 817/4308/4308
f 798/4309/4309 799/4310/4310 818/4311/4311
f 818/4312/4312 799/4313/4313 819/4314/4314
f 818/4315/4315 820/4316/4316 821/4317/4317
f 818/4318/4318 821/4319/4319 822/4320/4320
f 818/4321/4321 819/4322/4322 823/4323/4323
f 818/4324/4324 823/4325/4325 820/4326/4326
f 819/4327/4327 799/4328/4328 815/4329/4329
f 819/4330/4330 815/4331/4331 824/4332/4332
f 819/4333/4333 824/4334/4334 825/4335/4335
f 819/4336/4336 825/4337/4337 823/4338/4338
f 824/4339/4339 815/4340/4340 826/4341/4341
f 824/4342/4342 826/4343/4343 827/4344/4344
f 824/4345/4345 822/4346/4346 821/4347/4347
f 824/4348/4348 821/4349/4349 825/4350/4350
f 828/4351/4351 829/4352/4352 820/4353/4353
f 820/4354/4354 829/4355/4355 821/4356/4356
f 821/4357/4357 829/4358/4358 830/4359/4359
f 821/4360/4360 830/4361/4361 825/4362/4362
f 830/4363/4363 831/4364/4364 825/4365/4365
f 825/4366/4366 831/4367/4367 823/4368/4368
f 832/4369/4369 801/4370/4370 826/4371/4371
f 826/4372/4372 801/4373/4373 798/4374/4374
f 826/4375/4375 798/4376/4376 827/4377/4377
f 798/4378/4378 818/4379/4379 827/4380/4380
f 831/4381/4381 817/4382/4382 816/4383/4383
f 831/4384/4384 816/4385/4385 828/4386/4386
f 831/4387/4387 828/4388/4388 823/4389/4389
f 828/4390/4390 820/4391/4391 823/4392/4392
s 166
f 802/4267/4267 803/4268/4268 804/4269/4269
f 803/4270/4270 805/4271/4271 804/4272/4272
s 167
f 804/4273/4273 806/4274/4274 802/4275/4275
f 806/4276/4276 807/4277/4277 802/4278/4278
f 806/4279/4279 808/4280/4280 807/4281/4281
f 806/4282/4282 809/4283/4283 808/4284/4284
f 810/4285/4285 808/4286/4286 809/4287/4287
f 810/4288/4288 811/4289/4289 808/4290/4290
s 168
f 829/4393/4393 809/4394/4394 806/4395/4395
f 832/4396/4396 829/4397/4397 806/4398/4398
f 833/4399/4399 834/4400/4400 835/4401/4401
f 835/4402/4402 834/4403/4403 836/4404/4404
f 835/4405/4405 836/4406/4406 837/4407/4407
f 835/4408/4408 837/4409/4409 838/4410/4410
f 833/4429/4429 835/4430/4430 829/4431/4431
f 833/4432/4432 829/4433/4433 832/4434/4434
f 834/4435/4435 833/4436/4436 832/4437/4437
f 834/4438/4438 832/4439/4439 801/4440/4440
f 836/4441/4441 834/4442/4442 801/4443/4443
f 836/4444/4444 801/4445/4445 813/4446/4446
f 837/4447/4447 836/4448/4448 813/4449/4449
f 837/4450/4450 813/4451/4451 816/4452/4452
f 835/4453/4453 838/4454/4454 828/4455/4455
f 835/4456/4456 828/4457/4457 829/4458/4458
f 838/4459/4459 837/4460/4460 816/4461/4461
f 838/4462/4462 816/4463/4463 828/4464/4464
s 169
f 839/4411/4411 840/4412/4412 841/4413/4413
f 839/4414/4414 841/4415/4415 842/4416/4416
f 843/4417/4417 839/4418/4418 842/4419/4419
f 843/4420/4420 844/4421/4421 839/4422/4422
f 839/4423/4423 844/4424/4424 845/4425/4425
f 839/4426/4426 845/4427/4427 846/4428/4428
f 840/4465/4465 839/4466/4466 831/4467/4467
f 840/4468/4468 831/4469/4469 817/4470/4470
f 841/4471/4471 840/4472/4472 817/4473/4473
f 841/4474/4474 817/4475/4475 812/4476/4476
f 842/4477/4477 841/4478/4478 812/4479/4479
f 842/4480/4480 812/4481/4481 800/4482/4482
f 843/4483/4483 842/4484/4484 800/4485/4485
f 843/4486/4486 800/4487/4487 814/4488/4488
f 844/4489/4489 843/4490/4490 814/4491/4491
f 844/4492/4492 814/4493/4493 807/4494/4494
f 845/4495/4495 844/4496/4496 807/4497/4497
f 845/4498/4498 807/4499/4499 808/4500/4500
f 839/4501/4501 846/4502/4502 830/4503/4503
f 839/4504/4504 830/4505/4505 831/4506/4506
f 846/4507/4507 845/4508/4508 808/4509/4509
f 846/4510/4510 808/4511/4511 830/4512/4512
o aimx1,ox=-0.00,oy=28.96,oz=-14.95,p=turret,,e=0
v 0.000000 29.200004 -14.739995
v 0.000000 29.200004 -10.739995
v 0.000000 31.200004 -14.739995
f 847/1/1 848/2/2 849/3/3
o sleeve,ox=-0.00,oy=-1.00,oz=5.00,p=aimx1,
v 0.000000 31.257249 -11.183079
vn -0.258700 0.965400 -0.033000
vt 0.826578021 0.723897994
v 0.000000 31.185391 -13.284626
vn -0.258700 0.965400 -0.033000
vt 0.826578021 0.706818998
v -1.378761 30.815953 -13.284626
vn -0.258700 0.965400 -0.033000
vt 0.809499979 0.706818998
vn -0.258700 0.965400 -0.033000
vt 0.826578021 0.723897994
vn -0.258700 0.965400 -0.033000
vt 0.809499979 0.706818998
v -1.414689 30.878182 -11.183079
vn -0.258700 0.965400 -0.033000
vt 0.809499979 0.723897994
vn -0.706700 0.706700 -0.033000
vt 0.826578021 0.723897994
vn -0.706700 0.706700 -0.033000
vt 0.826578021 0.706818998
v -2.388085 29.806630 -13.284626
vn -0.706700 0.706700 -0.033000
vt 0.809499979 0.706818998
vn -0.706700 0.706700 -0.033000
vt 0.826578021 0.723897994
vn -0.706700 0.706700 -0.033000
vt 0.809499979 0.706818998
v -2.450314 29.842559 -11.183079
vn -0.706700 0.706700 -0.033000
vt 0.809499979 0.723897994
vn -0.965400 0.258700 -0.033000
vt 0.826578021 0.723897994
vn -0.965400 0.258700 -0.033000
vt 0.826578021 0.706818998
v -2.757522 28.427869 -13.284626
vn -0.965400 0.258700 -0.033000
vt 0.809499979 0.706818998
vn -0.965400 0.258700 -0.033000
vt 0.826578021 0.723897994
vn -0.965400 0.258700 -0.033000
vt 0.809499979 0.706818998
v -2.829378 28.427869 -11.183079
vn -0.965400 0.258700 -0.033000
vt 0.809499979 0.723897994
vn -0.965400 -0.258700 -0.033000
vt 0.826578021 0.723897994
vn -0.965400 -0.258700 -0.033000
vt 0.826578021 0.706818998
v -2.388085 27.049108 -13.284626
vn -0.965400 -0.258700 -0.033000
vt 0.809499979 0.706818998
vn -0.965400 -0.258700 -0.033000
vt 0.826578021 0.723897994
vn -0.965400 -0.258700 -0.033000
vt 0.809499979 0.706818998
v -2.450314 27.013181 -11.183079
vn -0.965400 -0.258700 -0.033000
vt 0.809499979 0.723897994
vn -0.706700 -0.706700 -0.033000
vt 0.826578021 0.723897994
vn -0.706700 -0.706700 -0.033000
vt 0.826578021 0.706818998
v -1.378761 26.039786 -13.284626
vn -0.706700 -0.706700 -0.033000
vt 0.809499979 0.706818998
vn -0.706700 -0.706700 -0.033000
vt 0.826578021 0.723897994
vn -0.706700 -0.706700 -0.033000
vt 0.809499979 0.706818998
v -1.414689 25.977557 -11.183079
vn -0.706700 -0.706700 -0.033000
vt 0.809499979 0.723897994
vn -0.258700 -0.965400 -0.033000
vt 0.826578021 0.723897994
vn -0.258700 -0.965400 -0.033000
vt 0.826578021 0.706818998
v 0.000000 25.670346 -13.284626
vn -0.258700 -0.965400 -0.033000
vt 0.809499979 0.706818998
vn -0.258700 -0.965400 -0.033000
vt 0.826578021 0.723897994
vn -0.258700 -0.965400 -0.033000
vt 0.809499979 0.706818998
v 0.000000 25.598491 -11.183079
vn -0.258700 -0.965400 -0.033000
vt 0.809499979 0.723897994
vn 0.258700 -0.965400 -0.033000
vt 0.826578021 0.723897994
vn 0.258700 -0.965400 -0.033000
vt 0.826578021 0.706818998
v 1.378761 26.039784 -13.284626
vn 0.258700 -0.965400 -0.033000
vt 0.809499979 0.706818998
vn 0.258700 -0.965400 -0.033000
vt 0.826578021 0.723897994
vn 0.258700 -0.965400 -0.033000
vt 0.809499979 0.706818998
v 1.414689 25.977553 -11.183079
vn 0.258700 -0.965400 -0.033000
vt 0.809499979 0.723897994
vn 0.706700 -0.706700 -0.033000
vt 0.826578021 0.723897994
vn 0.706700 -0.706700 -0.033000
vt 0.826578021 0.706818998
v 2.388084 27.049108 -13.284626
vn 0.706700 -0.706700 -0.033000
vt 0.809499979 0.706818998
vn 0.706700 -0.706700 -0.033000
vt 0.826578021 0.723897994
vn 0.706700 -0.706700 -0.033000
vt 0.809499979 0.706818998
v 2.450313 27.013181 -11.183079
vn 0.706700 -0.706700 -0.033000
vt 0.809499979 0.723897994
vn 0.965400 -0.258700 -0.033000
vt 0.826578021 0.723897994
vn 0.965400 -0.258700 -0.033000
vt 0.826578021 0.706818998
v 2.757522 28.427869 -13.284626
vn 0.965400 -0.258700 -0.033000
vt 0.809499979 0.706818998
vn 0.965400 -0.258700 -0.033000
vt 0.826578021 0.723897994
vn 0.965400 -0.258700 -0.033000
vt 0.809499979 0.706818998
v 2.829378 28.427869 -11.183079
vn 0.965400 -0.258700 -0.033000
vt 0.809499979 0.723897994
vn 0.965400 0.258700 -0.033000
vt 0.826578021 0.723897994
vn 0.965400 0.258700 -0.033000
vt 0.826578021 0.706818998
v 2.388085 29.806628 -13.284626
vn 0.965400 0.258700 -0.033000
vt 0.809499979 0.706818998
vn 0.965400 0.258700 -0.033000
vt 0.826578021 0.723897994
vn 0.965400 0.258700 -0.033000
vt 0.809499979 0.706818998
v 2.450314 29.842555 -11.183079
vn 0.965400 0.258700 -0.033000
vt 0.809499979 0.723897994
vn 0.000000 0.000000 -1.000000
vt 0.370000005 0.457845986
vn 0.000000 0.000000 -1.000000
vt 0.250000000 0.490000010
v 1.378763 30.815953 -13.284626
vn 0.000000 0.000000 -1.000000
vt 0.129999995 0.457845986
vn 0.000000 0.000000 -1.000000
vt 0.370000005 0.457845986
vn 0.000000 0.000000 -1.000000
vt 0.129999995 0.457845986
vn 0.000000 0.000000 -1.000000
vt 0.042153999 0.370000005
vn 0.000000 0.000000 -1.000000
vt 0.370000005 0.457845986
vn 0.000000 0.000000 -1.000000
vt 0.042153999 0.370000005
vn 0.000000 0.000000 -1.000000
vt 0.010000000 0.250000000
vn 0.000000 0.000000 -1.000000
vt 0.370000005 0.457845986
vn 0.000000 0.000000 -1.000000
vt 0.010000000 0.250000000
vn 0.000000 0.000000 -1.000000
vt 0.042153999 0.129999995
vn 0.000000 0.000000 -1.000000
vt 0.370000005 0.457845986
vn 0.000000 0.000000 -1.000000
vt 0.042153999 0.129999995
vn 0.000000 0.000000 -1.000000
vt 0.129999995 0.042153999
vn 0.000000 0.000000 -1.000000
vt 0.370000005 0.457845986
vn 0.000000 0.000000 -1.000000
vt 0.129999995 0.042153999
vn 0.000000 0.000000 -1.000000
vt 0.250000000 0.010000000
vn 0.000000 0.000000 -1.000000
vt 0.370000005 0.457845986
vn 0.000000 0.000000 -1.000000
vt 0.250000000 0.010000000
vn 0.000000 0.000000 -1.000000
vt 0.370000005 0.042153999
vn 0.000000 0.000000 -1.000000
vt 0.370000005 0.457845986
vn 0.000000 0.000000 -1.000000
vt 0.370000005 0.042153999
vn 0.000000 0.000000 -1.000000
vt 0.457845986 0.129999995
vn 0.000000 0.000000 -1.000000
vt 0.370000005 0.457845986
vn 0.000000 0.000000 -1.000000
vt 0.457845986 0.129999995
vn 0.000000 0.000000 -1.000000
vt 0.490000010 0.250000000
vn 0.000000 0.000000 -1.000000
vt 0.370000005 0.457845986
vn 0.000000 0.000000 -1.000000
vt 0.490000010 0.250000000
vn 0.000000 0.000000 -1.000000
vt 0.457845986 0.370000005
vn 0.706700 0.706700 -0.033000
vt 0.826578021 0.723897994
vn 0.706700 0.706700 -0.033000
vt 0.826578021 0.706818998
vn 0.706700 0.706700 -0.033000
vt 0.809499979 0.706818998
vn 0.706700 0.706700 -0.033000
vt 0.826578021 0.723897994
vn 0.706700 0.706700 -0.033000
vt 0.809499979 0.706818998
v 1.414691 30.878182 -11.183079
vn 0.706700 0.706700 -0.033000
vt 0.809499979 0.723897994
vn 0.258700 0.965400 -0.033000
vt 0.826578021 0.723897994
vn 0.258700 0.965400 -0.033000
vt 0.826578021 0.706818998
vn 0.258700 0.965400 -0.033000
vt 0.809499979 0.706818998
vn 0.258700 0.965400 -0.033000
vt 0.826578021 0.723897994
vn 0.258700 0.965400 -0.033000
vt 0.809499979 0.706818998
vn 0.258700 0.965400 -0.033000
vt 0.809499979 0.723897994
v 0.000000 30.860093 -4.529673
vn -0.000000 0.000000 1.000000
vt 0.788285971 0.702564001
v -1.216112 30.534236 -4.529673
vn -0.000000 0.000000 1.000000
vt 0.785875022 0.703956008
v -2.106368 29.643981 -4.529673
vn -0.000000 0.000000 1.000000
vt 0.783092022 0.703956008
vn -0.000000 0.000000 1.000000
vt 0.788285971 0.702564001
vn -0.000000 0.000000 1.000000
vt 0.783092022 0.703956008
v -2.432223 28.427869 -4.529673
vn -0.000000 0.000000 1.000000
vt 0.780681014 0.702564001
vn -0.000000 0.000000 1.000000
vt 0.788285971 0.702564001
vn -0.000000 0.000000 1.000000
vt 0.780681014 0.702564001
v -2.106368 27.211759 -4.529673
vn -0.000000 0.000000 1.000000
vt 0.779289007 0.700152993
vn -0.000000 0.000000 1.000000
vt 0.788285971 0.702564001
vn -0.000000 0.000000 1.000000
vt 0.779289007 0.700152993
v -1.216112 26.321502 -4.529673
vn -0.000000 0.000000 1.000000
vt 0.779289007 0.697369993
vn -0.000000 0.000000 1.000000
vt 0.788285971 0.702564001
vn -0.000000 0.000000 1.000000
vt 0.779289007 0.697369993
v 0.000000 25.995645 -4.529673
vn -0.000000 0.000000 1.000000
vt 0.780681014 0.694958985
vn -0.000000 0.000000 1.000000
vt 0.788285971 0.702564001
vn -0.000000 0.000000 1.000000
vt 0.780681014 0.694958985
v 1.216111 26.321500 -4.529673
vn -0.000000 0.000000 1.000000
vt 0.783092022 0.693566978
vn -0.000000 0.000000 1.000000
vt 0.788285971 0.702564001
vn -0.000000 0.000000 1.000000
vt 0.783092022 0.693566978
v 2.106367 27.211759 -4.529673
vn -0.000000 0.000000 1.000000
vt 0.785875022 0.693566978
vn -0.000000 0.000000 1.000000
vt 0.788285971 0.702564001
vn -0.000000 0.000000 1.000000
vt 0.785875022 0.693566978
v 2.432224 28.427869 -4.529673
vn -0.000000 0.000000 1.000000
vt 0.788285971 0.694958985
vn -0.000000 0.000000 1.000000
vt 0.788285971 0.702564001
vn -0.000000 0.000000 1.000000
vt 0.788285971 0.694958985
v 2.106368 29.643979 -4.529673
vn -0.000000 0.000000 1.000000
vt 0.789677978 0.697369993
vn -0.000000 0.000000 1.000000
vt 0.788285971 0.702564001
vn -0.000000 0.000000 1.000000
vt 0.789677978 0.697369993
v 1.216113 30.534236 -4.529673
vn -0.000000 0.000000 1.000000
vt 0.789677978 0.700152993
v 1.330468 30.732303 -5.379099
vn 0.258700 0.965500 0.028000
vt 0.936464012 0.698203981
vn 0.258700 0.965500 0.028000
vt 0.936464012 0.682134986
vn 0.258700 0.965500 0.028000
vt 0.929051995 0.682134986
vn 0.258700 0.965500 0.028000
vt 0.936464012 0.698203981
vn 0.258700 0.965500 0.028000
vt 0.929051995 0.682134986
v 0.000000 31.088801 -5.379099
vn 0.258700 0.965500 0.028000
vt 0.929051995 0.698203981
v 2.304436 29.758332 -5.379099
vn 0.706800 0.706800 0.028000
vt 0.936380982 0.697996020
vn 0.706800 0.706800 0.028000
vt 0.936380982 0.681927025
vn 0.706800 0.706800 0.028000
vt 0.928969979 0.681927025
vn 0.706800 0.706800 0.028000
vt 0.936380982 0.697996020
vn 0.706800 0.706800 0.028000
vt 0.928969979 0.681927025
vn 0.706800 0.706800 0.028000
vt 0.928969979 0.697996020
vn -0.000000 0.000000 1.000000
vt 0.936362982 0.698412001
v -2.304435 27.097404 -5.379099
vn -0.000000 0.000000 1.000000
vt 0.936519027 0.682343006
vn -0.000000 0.000000 1.000000
vt 0.936519027 0.682343006
vn -0.000000 0.000000 1.000000
vt 0.936362982 0.698412001
vn -0.000000 0.000000 1.000000
vt 0.936519027 0.682343006
vn -0.000000 0.000000 1.000000
vt 0.936362982 0.698412001
v 2.660933 28.427869 -5.379099
vn -0.000000 0.000000 1.000000
vt 0.250000000 0.550682008
v 2.304435 27.097404 -5.379099
vn -0.000000 0.000000 1.000000
vt 0.333332986 0.550682008
vn -0.000000 0.000000 1.000000
vt 0.333332986 0.550682008
vn -0.000000 0.000000 1.000000
vt 0.250000000 0.550682008
vn -0.000000 0.000000 1.000000
vt 0.333332986 0.550682008
vn -0.000000 0.000000 1.000000
vt 0.250000000 0.550682008
v 1.330466 26.123433 -5.379099
vn 0.706800 -0.706800 0.028000
vt 0.936426997 0.698085010
vn 0.706800 -0.706800 0.028000
vt 0.936426997 0.682016015
vn 0.706800 -0.706800 0.028000
vt 0.929015994 0.682016015
vn 0.706800 -0.706800 0.028000
vt 0.936426997 0.698085010
vn 0.706800 -0.706800 0.028000
vt 0.929015994 0.682016015
vn 0.706800 -0.706800 0.028000
vt 0.929015994 0.698085010
v 0.000000 25.766936 -5.379099
vn 0.258700 -0.965500 0.028000
vt 0.936399996 0.697965980
vn 0.258700 -0.965500 0.028000
vt 0.936399996 0.681896985
vn 0.258700 -0.965500 0.028000
vt 0.928987980 0.681896985
vn 0.258700 -0.965500 0.028000
vt 0.936399996 0.697965980
vn 0.258700 -0.965500 0.028000
vt 0.928987980 0.681896985
vn 0.258700 -0.965500 0.028000
vt 0.928987980 0.697965980
v -1.330466 26.123435 -5.379099
vn -0.258700 -0.965500 0.028000
vt 0.936426997 0.698074996
vn -0.258700 -0.965500 0.028000
vt 0.936426997 0.682006001
vn -0.258700 -0.965500 0.028000
vt 0.929015994 0.682006001
vn -0.258700 -0.965500 0.028000
vt 0.936426997 0.698074996
vn -0.258700 -0.965500 0.028000
vt 0.929015994 0.682006001
vn -0.258700 -0.965500 0.028000
vt 0.929015994 0.698074996
vn -0.706800 -0.706800 0.028000
vt 0.936390996 0.697847009
vn -0.706800 -0.706800 0.028000
vt 0.936390996 0.681778014
vn -0.706800 -0.706800 0.028000
vt 0.928978980 0.681778014
vn -0.706800 -0.706800 0.028000
vt 0.936390996 0.697847009
vn -0.706800 -0.706800 0.028000
vt 0.928978980 0.681778014
vn -0.706800 -0.706800 0.028000
vt 0.928978980 0.697847009
vn -0.000000 0.000000 1.000000
vt 0.750000000 0.884859979
vn -0.000000 0.000000 1.000000
vt 0.666666985 0.884859979
vn -0.000000 0.000000 1.000000
vt 0.666666985 0.884859979
vn -0.000000 0.000000 1.000000
vt 0.750000000 0.884859979
vn -0.000000 0.000000 1.000000
vt 0.666666985 0.884859979
vn -0.000000 0.000000 1.000000
vt 0.750000000 0.884859979
vn -0.000000 0.000000 1.000000
vt 0.936262012 0.698401988
vn -0.000000 0.000000 1.000000
vt 0.936417997 0.682332993
vn -0.000000 0.000000 1.000000
vt 0.936417997 0.682332993
vn -0.000000 0.000000 1.000000
vt 0.936262012 0.698401988
vn -0.000000 0.000000 1.000000
vt 0.936417997 0.682332993
vn -0.000000 0.000000 1.000000
vt 0.936262012 0.698401988
v -1.330466 30.732303 -5.379099
vn -0.706800 0.706800 0.028000
vt 0.936317027 0.698064983
vn -0.706800 0.706800 0.028000
vt 0.936317027 0.681995988
vn -0.706800 0.706800 0.028000
vt 0.928905010 0.681995988
vn -0.706800 0.706800 0.028000
vt 0.936317027 0.698064983
vn -0.706800 0.706800 0.028000
vt 0.928905010 0.681995988
v -2.304435 29.758336 -5.379099
vn -0.706800 0.706800 0.028000
vt 0.928905010 0.698064983
vn -0.258700 0.965500 0.028000
vt 0.936546981 0.698024988
vn -0.258700 0.965500 0.028000
vt 0.936546981 0.681955993
vn -0.258700 0.965500 0.028000
vt 0.929135025 0.681955993
vn -0.258700 0.965500 0.028000
vt 0.936546981 0.698024988
vn -0.258700 0.965500 0.028000
vt 0.929135025 0.681955993
vn -0.258700 0.965500 0.028000
vt 0.929135025 0.698024988
v 0.000000 30.870137 -4.529673
vn -0.251200 0.937400 0.241300
vt 0.867832005 0.573005021
vn -0.251200 0.937400 0.241300
vt 0.870049000 0.576932013
vn -0.251200 0.937400 0.241300
vt 0.862550974 0.579060018
vn -0.251200 0.937400 0.241300
vt 0.867832005 0.573005021
vn -0.251200 0.937400 0.241300
vt 0.862550974 0.579060018
v -1.221133 30.542933 -4.529673
vn -0.251200 0.937400 0.241300
vt 0.862685025 0.574555993
vn -0.686200 0.686200 0.241300
vt 0.862685025 0.574555993
vn -0.686200 0.686200 0.241300
vt 0.862550974 0.579060018
vn -0.686200 0.686200 0.241300
vt 0.855026007 0.577015996
vn -0.686200 0.686200 0.241300
vt 0.862685025 0.574555993
vn -0.686200 0.686200 0.241300
vt 0.855026007 0.577015996
v -2.115066 29.649003 -4.529673
vn -0.686200 0.686200 0.241300
vt 0.857451975 0.573203981
vn -0.937400 0.251200 0.241300
vt 0.857451975 0.573203981
vn -0.937400 0.251200 0.241300
vt 0.855026007 0.577015996
v -2.660933 28.427869 -5.379099
vn -0.937400 0.251200 0.241300
vt 0.849563003 0.571430981
vn -0.937400 0.251200 0.241300
vt 0.857451975 0.573203981
vn -0.937400 0.251200 0.241300
vt 0.849563003 0.571430981
v -2.442267 28.427869 -4.529673
vn -0.937400 0.251200 0.241300
vt 0.853586972 0.569324970
vn -0.937400 -0.251200 0.241300
vt 0.853586972 0.569324970
vn -0.937400 -0.251200 0.241300
vt 0.849563003 0.571430981
vn -0.937400 -0.251200 0.241300
vt 0.847537994 0.563880980
vn -0.937400 -0.251200 0.241300
vt 0.853586972 0.569324970
vn -0.937400 -0.251200 0.241300
vt 0.847537994 0.563880980
v -2.115066 27.206737 -4.529673
vn -0.937400 -0.251200 0.241300
vt 0.852110982 0.563934028
vn -0.686200 -0.686200 0.241300
vt 0.852110982 0.563934028
vn -0.686200 -0.686200 0.241300
vt 0.847537994 0.563880980
vn -0.686200 -0.686200 0.241300
vt 0.849291980 0.556253016
vn -0.686200 -0.686200 0.241300
vt 0.852110982 0.563934028
vn -0.686200 -0.686200 0.241300
vt 0.849291980 0.556253016
v -1.221133 26.312804 -4.529673
vn -0.686200 -0.686200 0.241300
vt 0.853230000 0.558498025
vn -0.251200 -0.937400 0.241300
vt 0.853230000 0.558498025
vn -0.251200 -0.937400 0.241300
vt 0.849291980 0.556253016
vn -0.251200 -0.937400 0.241300
vt 0.854607999 0.550553977
vn -0.251200 -0.937400 0.241300
vt 0.853230000 0.558498025
vn -0.251200 -0.937400 0.241300
vt 0.854607999 0.550553977
v 0.000000 25.985602 -4.529673
vn -0.251200 -0.937400 0.241300
vt 0.856817007 0.554472029
vn 0.251200 -0.937400 0.241300
vt 0.856817007 0.554472029
vn 0.251200 -0.937400 0.241300
vt 0.854607999 0.550553977
vn 0.251200 -0.937400 0.241300
vt 0.862097025 0.548438013
vn 0.251200 -0.937400 0.241300
vt 0.856817007 0.554472029
vn 0.251200 -0.937400 0.241300
vt 0.862097025 0.548438013
v 1.221133 26.312802 -4.529673
vn 0.251200 -0.937400 0.241300
vt 0.861958981 0.552940011
vn 0.686200 -0.686200 0.241300
vt 0.861958981 0.552940011
vn 0.686200 -0.686200 0.241300
vt 0.862097025 0.548438013
vn 0.686200 -0.686200 0.241300
vt 0.869624019 0.550466001
vn 0.686200 -0.686200 0.241300
vt 0.861958981 0.552940011
vn 0.686200 -0.686200 0.241300
vt 0.869624019 0.550466001
v 2.115065 27.206737 -4.529673
vn 0.686200 -0.686200 0.241300
vt 0.867209971 0.554310024
vn 0.937400 -0.251200 0.241300
vt 0.867209971 0.554310024
vn 0.937400 -0.251200 0.241300
vt 0.869624019 0.550466001
vn 0.937400 -0.251200 0.241300
vt 0.875181973 0.556010008
vn 0.937400 -0.251200 0.241300
vt 0.867209971 0.554310024
vn 0.937400 -0.251200 0.241300
vt 0.875181973 0.556010008
v 2.442267 28.427869 -4.529673
vn 0.937400 -0.251200 0.241300
vt 0.871159971 0.558169007
vn 0.937400 0.251200 0.241300
vt 0.871159971 0.558169007
vn 0.937400 0.251200 0.241300
vt 0.875181973 0.556010008
vn 0.937400 0.251200 0.241300
vt 0.877274990 0.563602984
vn 0.937400 0.251200 0.241300
vt 0.871159971 0.558169007
vn 0.937400 0.251200 0.241300
vt 0.877274990 0.563602984
v 2.115066 29.649001 -4.529673
vn 0.937400 0.251200 0.241300
vt 0.872703016 0.563512027
vn 0.686200 0.686200 0.241300
vt 0.872703016 0.563512027
vn 0.686200 0.686200 0.241300
vt 0.877274990 0.563602984
vn 0.686200 0.686200 0.241300
vt 0.875383019 0.571227014
vn 0.686200 0.686200 0.241300
vt 0.872703016 0.563512027
vn 0.686200 0.686200 0.241300
vt 0.875383019 0.571227014
v 1.221135 30.542933 -4.529673
vn 0.686200 0.686200 0.241300
vt 0.871433973 0.568940997
vn 0.251200 0.937400 0.241300
vt 0.871433973 0.568940997
vn 0.251200 0.937400 0.241300
vt 0.875383019 0.571227014
vn 0.251200 0.937400 0.241300
vt 0.870049000 0.576932013
vn 0.251200 0.937400 0.241300
vt 0.871433973 0.568940997
vn 0.251200 0.937400 0.241300
vt 0.870049000 0.576932013
vn 0.251200 0.937400 0.241300
vt 0.867832005 0.573005021
v -2.819177 31.415172 -13.463779
vn -0.000000 -0.707100 -0.707100
vt 0.722235978 0.914812028
v -2.819177 30.479726 -12.528331
vn -0.000000 -0.707100 -0.707100
vt 0.726396024 0.914812028
v -3.097760 30.479726 -12.528331
vn -0.000000 -0.707100 -0.707100
vt 0.726396024 0.915256977
vn -0.000000 -0.707100 -0.707100
vt 0.722235978 0.914812028
vn -0.000000 -0.707100 -0.707100
vt 0.726396024 0.915256977
v -3.513132 31.415170 -13.463780
vn -0.000000 -0.707100 -0.707100
vt 0.722235978 0.916563988
v 2.823151 32.560283 -14.956713
vn -0.000000 0.965900 0.258800
vt 0.250000000 0.500000000
v 2.823151 32.217895 -13.678868
vn -0.000000 0.965900 0.258800
vt 0.166666999 0.500000000
v 3.546360 32.217895 -13.678868
vn -0.000000 0.965900 0.258800
vt 0.166666999 0.500000000
vn -0.000000 0.965900 0.258800
vt 0.250000000 0.500000000
vn -0.000000 0.965900 0.258800
vt 0.166666999 0.500000000
v 3.546360 32.560283 -14.956713
vn -0.000000 0.965900 0.258800
vt 0.250000000 0.500000000
v 2.823151 30.479726 -12.528331
vn -0.000000 -0.707100 -0.707100
vt 0.726396024 0.897068977
v 2.823151 31.415174 -13.463779
vn -0.000000 -0.707100 -0.707100
vt 0.722235978 0.897068977
v 3.546360 31.415174 -13.463779
vn -0.000000 -0.707100 -0.707100
vt 0.722235978 0.895317018
vn -0.000000 -0.707100 -0.707100
vt 0.726396024 0.897068977
vn -0.000000 -0.707100 -0.707100
vt 0.722235978 0.895317018
v 3.133614 30.479726 -12.528330
vn -0.000000 -0.707100 -0.707100
vt 0.726396024 0.896615028
v 2.823151 31.282447 -17.170009
vn -0.305000 0.745000 -0.593300
vt 0.416667014 0.500000000
v 3.546360 31.816697 -17.242862
vn -0.305000 0.745000 -0.593300
vt 0.416667014 0.500000000
v 3.589205 31.282447 -17.563907
vn -0.305000 0.745000 -0.593300
vt 0.416667014 0.500000000
vn -0.305000 0.745000 -0.593300
vt 0.416667014 0.500000000
vn -0.305000 0.745000 -0.593300
vt 0.416667014 0.500000000
v 2.865996 31.282447 -17.563907
vn -0.305000 0.745000 -0.593300
vt 0.416667014 0.500000000
v 3.546360 30.479726 -16.954921
vn 0.938800 -0.330800 0.095900
vt 0.741981030 0.905954003
v 3.133614 29.201880 -17.297317
vn 0.938800 -0.330800 0.095900
vt 0.741414011 0.896537006
v 3.171207 29.201880 -17.691211
vn 0.938800 -0.330800 0.095900
vt 0.743997991 0.895793021
vn 0.938800 -0.330800 0.095900
vt 0.741981030 0.905954003
vn 0.938800 -0.330800 0.095900
vt 0.743997991 0.895793021
v 3.589205 30.479726 -17.348815
vn 0.938800 -0.330800 0.095900
vt 0.744584024 0.905233026
v -2.819177 31.282445 -17.170009
vn -0.000000 1.000000 0.000000
vt 0.730363011 0.912312984
vn -0.000000 1.000000 0.000000
vt 0.730363011 0.894571006
vn -0.000000 1.000000 0.000000
vt 0.731602013 0.894436002
vn -0.000000 1.000000 0.000000
vt 0.730363011 0.912312984
vn -0.000000 1.000000 0.000000
vt 0.731602013 0.894436002
v -2.776333 31.282445 -17.563907
vn -0.000000 1.000000 0.000000
vt 0.731602013 0.912177980
vn -0.000000 0.707100 -0.707100
vt 0.416667014 0.500000000
vn -0.000000 0.707100 -0.707100
vt 0.416667014 1.000000000
v -2.819177 32.217891 -16.234561
vn -0.000000 0.707100 -0.707100
vt 0.333332986 1.000000000
vn -0.000000 0.707100 -0.707100
vt 0.416667014 0.500000000
vn -0.000000 0.707100 -0.707100
vt 0.333332986 1.000000000
v 2.823151 32.217893 -16.234561
vn -0.000000 0.707100 -0.707100
vt 0.333332986 0.500000000
vn -0.000000 0.965900 -0.258800
vt 0.333332986 0.500000000
vn -0.000000 0.965900 -0.258800
vt 0.333332986 1.000000000
v -2.819177 32.560283 -14.956713
vn -0.000000 0.965900 -0.258800
vt 0.250000000 1.000000000
vn -0.000000 0.965900 -0.258800
vt 0.333332986 0.500000000
vn -0.000000 0.965900 -0.258800
vt 0.250000000 1.000000000
vn -0.000000 0.965900 -0.258800
vt 0.250000000 0.500000000
vn -0.000000 0.965900 0.258800
vt 0.250000000 0.500000000
vn -0.000000 0.965900 0.258800
vt 0.250000000 1.000000000
v -2.819177 32.217893 -13.678868
vn -0.000000 0.965900 0.258800
vt 0.166666999 1.000000000
vn -0.000000 0.965900 0.258800
vt 0.250000000 0.500000000
vn -0.000000 0.965900 0.258800
vt 0.166666999 1.000000000
vn -0.000000 0.965900 0.258800
vt 0.166666999 0.500000000
vn -0.000000 -0.866000 0.500000
vt 0.726396024 0.897068977
vn -0.000000 -0.866000 0.500000
vt 0.726396024 0.896615028
v 3.133614 30.693980 -12.157231
vn -0.000000 -0.866000 0.500000
vt 0.727743030 0.896615028
vn -0.000000 -0.866000 0.500000
vt 0.726396024 0.897068977
vn -0.000000 -0.866000 0.500000
vt 0.727743030 0.896615028
v 2.823151 30.693980 -12.157231
vn -0.000000 -0.866000 0.500000
vt 0.727743030 0.897068977
v -2.819177 30.479724 -16.954917
vn -0.000000 -0.707100 0.707100
vt 0.709755003 0.914812982
v -2.819177 31.415170 -16.019474
vn -0.000000 -0.707100 0.707100
vt 0.713914990 0.914812028
v -3.513132 31.415170 -16.019474
vn -0.000000 -0.707100 0.707100
vt 0.713916004 0.916563988
vn -0.000000 -0.707100 0.707100
vt 0.709755003 0.914812982
vn -0.000000 -0.707100 0.707100
vt 0.713916004 0.916563988
v -3.513132 30.479724 -16.954917
vn -0.000000 -0.707100 0.707100
vt 0.709756017 0.916563988
vn 0.994600 0.023800 0.101400
vt 0.746266007 0.914232016
vn 0.994600 0.023800 0.101400
vt 0.741981030 0.905954003
vn 0.994600 0.023800 0.101400
vt 0.744584024 0.905233026
vn 0.994600 0.023800 0.101400
vt 0.746266007 0.914232016
vn 0.994600 0.023800 0.101400
vt 0.744584024 0.905233026
vn 0.994600 0.023800 0.101400
vt 0.747434974 0.910136998
vn -0.000000 -0.866000 0.500000
vt 0.726396024 0.914812028
vn -0.000000 -0.866000 0.500000
vt 0.726396024 0.897068977
vn -0.000000 -0.866000 0.500000
vt 0.727743030 0.897068977
vn -0.000000 -0.866000 0.500000
vt 0.726396024 0.914812028
vn -0.000000 -0.866000 0.500000
vt 0.727743030 0.897068977
v -2.819177 30.693980 -12.157231
vn -0.000000 -0.866000 0.500000
vt 0.727743030 0.914812028
v -3.513132 31.282447 -12.743421
vn -0.888100 -0.398000 0.229800
vt 0.715762973 0.918739021
vn -0.888100 -0.398000 0.229800
vt 0.712719023 0.913263023
v -3.097760 30.693978 -12.157232
vn -0.888100 -0.398000 0.229800
vt 0.710555971 0.915253997
vn -0.888100 -0.398000 0.229800
vt 0.715762973 0.918739021
vn -0.888100 -0.398000 0.229800
vt 0.710555971 0.915253997
v -3.513132 31.496699 -12.372321
vn -0.888100 -0.398000 0.229800
vt 0.713683009 0.920756996
v 2.823151 29.201880 -17.297313
vn -0.000000 -1.000000 0.000000
vt 0.705596030 0.897065997
v -2.819177 29.201879 -17.297313
vn -0.000000 -1.000000 0.000000
vt 0.705595016 0.914813995
v -2.776333 29.201879 -17.691211
vn -0.000000 -1.000000 0.000000
vt 0.704355001 0.914681017
vn -0.000000 -1.000000 0.000000
vt 0.705596030 0.897065997
vn -0.000000 -1.000000 0.000000
vt 0.704355001 0.914681017
v 2.865996 29.201880 -17.691211
vn -0.000000 -1.000000 0.000000
vt 0.704357982 0.896929979
v 2.823151 31.415172 -16.019474
vn -0.000000 -0.707100 0.707100
vt 0.713916004 0.897068977
v 2.823151 30.479726 -16.954917
vn -0.000000 -0.707100 0.707100
vt 0.709756017 0.897068024
vn -0.000000 -0.707100 0.707100
vt 0.709756017 0.895317018
vn -0.000000 -0.707100 0.707100
vt 0.713916004 0.897068977
vn -0.000000 -0.707100 0.707100
vt 0.709756017 0.895317018
v 3.546360 31.415172 -16.019474
vn -0.000000 -0.707100 0.707100
vt 0.713916004 0.895317018
vn -0.000000 0.965900 -0.258800
vt 0.250000000 1.000000000
vn -0.000000 0.965900 -0.258800
vt 0.333332986 1.000000000
v -3.513132 32.217891 -16.234561
vn -0.000000 0.965900 -0.258800
vt 0.333332986 1.000000000
vn -0.000000 0.965900 -0.258800
vt 0.250000000 1.000000000
vn -0.000000 0.965900 -0.258800
vt 0.333332986 1.000000000
v -3.513132 32.560283 -14.956713
vn -0.000000 0.965900 -0.258800
vt 0.250000000 1.000000000
v -3.513132 31.757567 -14.741623
vn -1.000000 0.000000 0.000000
vt 0.729718029 0.918137014
vn -1.000000 0.000000 0.000000
vt 0.720669985 0.918238997
v -3.513132 32.217893 -13.678869
vn -1.000000 0.000000 0.000000
vt 0.723568022 0.923129022
vn -1.000000 0.000000 0.000000
vt 0.729718029 0.918137014
vn -1.000000 0.000000 0.000000
vt 0.723568022 0.923129022
vn -1.000000 0.000000 0.000000
vt 0.732614994 0.923026979
vn 1.000000 0.000000 0.000000
vt 0.737501025 0.913779020
vn 1.000000 0.000000 0.000000
vt 0.741981030 0.905954003
vn 1.000000 0.000000 0.000000
vt 0.746266007 0.914232016
vn 1.000000 0.000000 0.000000
vt 0.737501025 0.913779020
vn 1.000000 0.000000 0.000000
vt 0.746266007 0.914232016
v 3.546360 32.217893 -16.234561
vn 1.000000 0.000000 0.000000
vt 0.740351975 0.918673992
vn -0.963800 -0.262300 -0.048300
vt 0.720669985 0.918238997
vn -0.963800 -0.262300 -0.048300
vt 0.712719023 0.913263023
vn -0.963800 -0.262300 -0.048300
vt 0.715762973 0.918739021
vn -0.963800 -0.262300 -0.048300
vt 0.720669985 0.918238997
vn -0.963800 -0.262300 -0.048300
vt 0.715762973 0.918739021
vn -0.963800 -0.262300 -0.048300
vt 0.723568022 0.923129022
v 3.546360 31.757571 -14.741623
vn 1.000000 0.000000 0.000000
vt 0.729709983 0.918316007
vn 1.000000 0.000000 0.000000
vt 0.737501025 0.913779020
vn 1.000000 0.000000 0.000000
vt 0.740351975 0.918673992
vn 1.000000 0.000000 0.000000
vt 0.729709983 0.918316007
vn 1.000000 0.000000 0.000000
vt 0.740351975 0.918673992
vn 1.000000 0.000000 0.000000
vt 0.732559979 0.923210979
v -3.513132 31.816695 -17.242858
vn 0.326800 0.775400 -0.540300
vt 0.416667014 1.000000000
vn 0.326800 0.775400 -0.540300
vt 0.416667014 1.000000000
vn 0.326800 0.775400 -0.540300
vt 0.416667014 1.000000000
vn 0.326800 0.775400 -0.540300
vt 0.416667014 1.000000000
vn 0.326800 0.775400 -0.540300
vt 0.416667014 1.000000000
v -3.470288 31.282445 -17.563907
vn 0.326800 0.775400 -0.540300
vt 0.416667014 1.000000000
vn -1.000000 0.000000 0.000000
vt 0.737502992 0.913524985
vn -1.000000 0.000000 0.000000
vt 0.729718029 0.918137014
vn -1.000000 0.000000 0.000000
vt 0.732614994 0.923026979
vn -1.000000 0.000000 0.000000
vt 0.737502992 0.913524985
vn -1.000000 0.000000 0.000000
vt 0.732614994 0.923026979
vn -1.000000 0.000000 0.000000
vt 0.740401030 0.918415010
vn -1.000000 0.000000 0.000000
vt 0.741939008 0.905637980
vn -1.000000 0.000000 0.000000
vt 0.737502992 0.913524985
vn -1.000000 0.000000 0.000000
vt 0.740401030 0.918415010
vn -1.000000 0.000000 0.000000
vt 0.741939008 0.905637980
vn -1.000000 0.000000 0.000000
vt 0.740401030 0.918415010
vn -1.000000 0.000000 0.000000
vt 0.746302009 0.913913012
v -3.097760 29.201879 -17.297313
vn -0.978200 -0.158200 0.134800
vt 0.741546988 0.896329999
vn -0.978200 -0.158200 0.134800
vt 0.741939008 0.905637980
vn -0.978200 -0.158200 0.134800
vt 0.746302009 0.913913012
vn -0.978200 -0.158200 0.134800
vt 0.741546988 0.896329999
vn -0.978200 -0.158200 0.134800
vt 0.746302009 0.913913012
v -3.513132 30.004600 -17.512405
vn -0.978200 -0.158200 0.134800
vt 0.744755983 0.901645005
vn 0.964200 -0.260800 -0.048000
vt 0.712809026 0.913338006
vn 0.964200 -0.260800 -0.048000
vt 0.720694005 0.918349981
vn 0.964200 -0.260800 -0.048000
vt 0.723544002 0.923243999
vn 0.964200 -0.260800 -0.048000
vt 0.712809026 0.913338006
vn 0.964200 -0.260800 -0.048000
vt 0.723544002 0.923243999
v 3.546360 31.282447 -12.743420
vn 0.964200 -0.260800 -0.048000
vt 0.715799987 0.918811977
vn 1.000000 0.000000 0.000000
vt 0.720694005 0.918349981
vn 1.000000 0.000000 0.000000
vt 0.729709983 0.918316007
vn 1.000000 0.000000 0.000000
vt 0.732559979 0.923210979
vn 1.000000 0.000000 0.000000
vt 0.720694005 0.918349981
vn 1.000000 0.000000 0.000000
vt 0.732559979 0.923210979
vn 1.000000 0.000000 0.000000
vt 0.723544002 0.923243999
vn -0.000000 0.965900 0.258800
vt 0.166666999 1.000000000
vn -0.000000 0.965900 0.258800
vt 0.250000000 1.000000000
vn -0.000000 0.965900 0.258800
vt 0.250000000 1.000000000
vn -0.000000 0.965900 0.258800
vt 0.166666999 1.000000000
vn -0.000000 0.965900 0.258800
vt 0.250000000 1.000000000
vn -0.000000 0.965900 0.258800
vt 0.166666999 1.000000000
v 2.823151 31.757569 -14.741623
vn -0.000000 -0.965900 0.258800
vt 0.718075991 0.897068977
vn -0.000000 -0.965900 0.258800
vt 0.713916004 0.897068977
vn -0.000000 -0.965900 0.258800
vt 0.713916004 0.895317018
vn -0.000000 -0.965900 0.258800
vt 0.718075991 0.897068977
vn -0.000000 -0.965900 0.258800
vt 0.713916004 0.895317018
vn -0.000000 -0.965900 0.258800
vt 0.718075991 0.895317018
vn -0.315800 0.781800 -0.537600
vt 0.416667014 0.500000000
vn -0.315800 0.781800 -0.537600
vt 0.333332986 0.500000000
vn -0.315800 0.781800 -0.537600
vt 0.333332986 0.500000000
vn -0.315800 0.781800 -0.537600
vt 0.416667014 0.500000000
vn -0.315800 0.781800 -0.537600
vt 0.333332986 0.500000000
vn -0.315800 0.781800 -0.537600
vt 0.416667014 0.500000000
vn -0.000000 -0.965900 0.258800
vt 0.713914990 0.914812028
v -2.819177 31.757567 -14.741623
vn -0.000000 -0.965900 0.258800
vt 0.718075991 0.914812028
vn -0.000000 -0.965900 0.258800
vt 0.718075991 0.916563988
vn -0.000000 -0.965900 0.258800
vt 0.713914990 0.914812028
vn -0.000000 -0.965900 0.258800
vt 0.718075991 0.916563988
vn -0.000000 -0.965900 0.258800
vt 0.713916004 0.916563988
vn 0.327800 0.778500 -0.535300
vt 0.333332986 1.000000000
vn 0.327800 0.778500 -0.535300
vt 0.416667014 1.000000000
vn 0.327800 0.778500 -0.535300
vt 0.416667014 1.000000000
vn 0.327800 0.778500 -0.535300
vt 0.333332986 1.000000000
vn 0.327800 0.778500 -0.535300
vt 0.416667014 1.000000000
vn 0.327800 0.778500 -0.535300
vt 0.333332986 1.000000000
vn -0.000000 -0.258800 0.965900
vt 0.709756017 0.897068024
vn -0.000000 -0.258800 0.965900
vt 0.705596030 0.897065997
vn -0.000000 -0.258800 0.965900
vt 0.705596983 0.896613002
vn -0.000000 -0.258800 0.965900
vt 0.709756017 0.897068024
vn -0.000000 -0.258800 0.965900
vt 0.705596983 0.896613002
vn -0.000000 -0.258800 0.965900
vt 0.709756017 0.895317018
vn -1.000000 0.000000 0.000000
vt 0.723568022 0.923129022
vn -1.000000 0.000000 0.000000
vt 0.715762973 0.918739021
vn -1.000000 0.000000 0.000000
vt 0.713683009 0.920756996
vn -1.000000 0.000000 0.000000
vt 0.723568022 0.923129022
vn -1.000000 0.000000 0.000000
vt 0.713683009 0.920756996
v -3.513132 32.432139 -13.307769
vn -1.000000 0.000000 0.000000
vt 0.721500993 0.925230026
vn -0.000000 -1.000000 0.000000
vt 0.705596983 0.896613002
vn -0.000000 -1.000000 0.000000
vt 0.705596030 0.897065997
vn -0.000000 -1.000000 0.000000
vt 0.704357982 0.896929979
vn -0.000000 -1.000000 0.000000
vt 0.705596983 0.896613002
vn -0.000000 -1.000000 0.000000
vt 0.704357982 0.896929979
vn -0.000000 -1.000000 0.000000
vt 0.704358995 0.896493018
vn 0.889300 -0.396000 0.228600
vt 0.712809026 0.913338006
vn 0.889300 -0.396000 0.228600
vt 0.715799987 0.918811977
v 3.546360 31.496701 -12.372321
vn 0.889300 -0.396000 0.228600
vt 0.713711977 0.920807004
vn 0.889300 -0.396000 0.228600
vt 0.712809026 0.913338006
vn 0.889300 -0.396000 0.228600
vt 0.713711977 0.920807004
vn 0.889300 -0.396000 0.228600
vt 0.710640013 0.915306985
vn -0.000000 -0.258800 0.965900
vt 0.705595016 0.914813995
vn -0.000000 -0.258800 0.965900
vt 0.709755003 0.914812982
vn -0.000000 -0.258800 0.965900
vt 0.709756017 0.916563988
vn -0.000000 -0.258800 0.965900
vt 0.705595016 0.914813995
vn -0.000000 -0.258800 0.965900
vt 0.709756017 0.916563988
vn -0.000000 -0.258800 0.965900
vt 0.705595016 0.915260017
vn -0.000000 -0.866000 0.500000
vt 0.726396024 0.915256977
vn -0.000000 -0.866000 0.500000
vt 0.726396024 0.914812028
vn -0.000000 -0.866000 0.500000
vt 0.727743030 0.914812028
vn -0.000000 -0.866000 0.500000
vt 0.726396024 0.915256977
vn -0.000000 -0.866000 0.500000
vt 0.727743030 0.914812028
vn -0.000000 -0.866000 0.500000
vt 0.727743030 0.915256977
vn -0.000000 -0.965900 -0.258800
vt 0.722235978 0.897068977
vn -0.000000 -0.965900 -0.258800
vt 0.718075991 0.897068977
vn -0.000000 -0.965900 -0.258800
vt 0.718075991 0.895317018
vn -0.000000 -0.965900 -0.258800
vt 0.722235978 0.897068977
vn -0.000000 -0.965900 -0.258800
vt 0.718075991 0.895317018
vn -0.000000 -0.965900 -0.258800
vt 0.722235978 0.895317018
vn -0.000000 0.965900 -0.258800
vt 0.333332986 0.500000000
vn -0.000000 0.965900 -0.258800
vt 0.250000000 0.500000000
vn -0.000000 0.965900 -0.258800
vt 0.250000000 0.500000000
vn -0.000000 0.965900 -0.258800
vt 0.333332986 0.500000000
vn -0.000000 0.965900 -0.258800
vt 0.250000000 0.500000000
vn -0.000000 0.965900 -0.258800
vt 0.333332986 0.500000000
vn -0.000000 -0.965900 -0.258800
vt 0.718075991 0.914812028
vn -0.000000 -0.965900 -0.258800
vt 0.722235978 0.914812028
vn -0.000000 -0.965900 -0.258800
vt 0.722235978 0.916563988
vn -0.000000 -0.965900 -0.258800
vt 0.718075991 0.914812028
vn -0.000000 -0.965900 -0.258800
vt 0.722235978 0.916563988
vn -0.000000 -0.965900 -0.258800
vt 0.718075991 0.916563988
vn -0.237100 0.369500 -0.898500
vt 0.697187006 0.915690005
v -2.847957 30.335500 -18.117622
vn -0.237100 0.369500 -0.898500
vt 0.700546026 0.914897025
v -3.470288 30.004600 -17.906303
vn -0.237100 0.369500 -0.898500
vt 0.701749980 0.916445017
vn -0.237100 0.369500 -0.898500
vt 0.697187006 0.915690005
vn -0.237100 0.369500 -0.898500
vt 0.701749980 0.916445017
vn -0.237100 0.369500 -0.898500
vt 0.697697997 0.917362988
vn -0.000000 -0.352100 -0.936000
vt 0.704357982 0.896929979
vn -0.000000 -0.352100 -0.936000
vt 0.704355001 0.914681017
vn -0.000000 -0.352100 -0.936000
vt 0.700546026 0.914897025
vn -0.000000 -0.352100 -0.936000
vt 0.704357982 0.896929979
vn -0.000000 -0.352100 -0.936000
vt 0.700546026 0.914897025
v 2.794371 30.335502 -18.117622
vn -0.000000 -0.352100 -0.936000
vt 0.700554013 0.897159994
vn -0.000000 0.504800 -0.863200
vt 0.500000000 0.500000000
vn -0.000000 0.504800 -0.863200
vt 0.500000000 1.000000000
vn -0.000000 0.504800 -0.863200
vt 0.416667014 1.000000000
vn -0.000000 0.504800 -0.863200
vt 0.500000000 0.500000000
vn -0.000000 0.504800 -0.863200
vt 0.416667014 1.000000000
vn -0.000000 0.504800 -0.863200
vt 0.416667014 0.500000000
vn -0.096400 -0.334600 -0.937400
vt 0.700546026 0.914897025
vn -0.096400 -0.334600 -0.937400
vt 0.704355001 0.914681017
v -3.060167 29.201879 -17.691211
vn -0.096400 -0.334600 -0.937400
vt 0.704356015 0.915143013
vn -0.096400 -0.334600 -0.937400
vt 0.700546026 0.914897025
vn -0.096400 -0.334600 -0.937400
vt 0.704356015 0.915143013
vn -0.096400 -0.334600 -0.937400
vt 0.701749980 0.916445017
vn 0.205200 0.360000 -0.910100
vt 0.700554013 0.897159994
vn 0.205200 0.360000 -0.910100
vt 0.697260022 0.896135986
vn 0.205200 0.360000 -0.910100
vt 0.697669029 0.894436002
vn 0.205200 0.360000 -0.910100
vt 0.700554013 0.897159994
vn 0.205200 0.360000 -0.910100
vt 0.697669029 0.894436002
v 3.589205 30.004601 -17.906303
vn 0.205200 0.360000 -0.910100
vt 0.701754987 0.895168006
vn 0.963300 -0.204200 0.174000
vt 0.744584024 0.905233026
vn 0.963300 -0.204200 0.174000
vt 0.743997991 0.895793021
vn 0.963300 -0.204200 0.174000
vt 0.747419000 0.901115000
vn 0.963300 -0.204200 0.174000
vt 0.744584024 0.905233026
vn 0.963300 -0.204200 0.174000
vt 0.747419000 0.901115000
vn 0.963300 -0.204200 0.174000
vt 0.747434974 0.910136998
vn 0.082600 -0.326700 -0.941500
vt 0.704357982 0.896929979
vn 0.082600 -0.326700 -0.941500
vt 0.700554013 0.897159994
vn 0.082600 -0.326700 -0.941500
vt 0.701754987 0.895168006
vn 0.082600 -0.326700 -0.941500
vt 0.704357982 0.896929979
vn 0.082600 -0.326700 -0.941500
vt 0.701754987 0.895168006
vn 0.082600 -0.326700 -0.941500
vt 0.704358995 0.896493018
vn -0.875800 -0.474300 -0.089400
vt 0.741546988 0.896329999
vn -0.875800 -0.474300 -0.089400
vt 0.744755983 0.901645005
vn -0.875800 -0.474300 -0.089400
vt 0.747282982 0.900828004
vn -0.875800 -0.474300 -0.089400
vt 0.741546988 0.896329999
vn -0.875800 -0.474300 -0.089400
vt 0.747282982 0.900828004
vn -0.875800 -0.474300 -0.089400
vt 0.744103014 0.895401001
vn -0.989900 0.027600 -0.139200
vt 0.744755983 0.901645005
vn -0.989900 0.027600 -0.139200
vt 0.746302009 0.913913012
vn -0.989900 0.027600 -0.139200
vt 0.747461021 0.909776986
vn -0.989900 0.027600 -0.139200
vt 0.744755983 0.901645005
vn -0.989900 0.027600 -0.139200
vt 0.747461021 0.909776986
vn -0.989900 0.027600 -0.139200
vt 0.747282982 0.900828004
vn -0.000000 -1.000000 0.000000
vt 0.705595016 0.914813995
vn -0.000000 -1.000000 0.000000
vt 0.705595016 0.915260017
vn -0.000000 -1.000000 0.000000
vt 0.704356015 0.915143013
vn -0.000000 -1.000000 0.000000
vt 0.705595016 0.914813995
vn -0.000000 -1.000000 0.000000
vt 0.704356015 0.915143013
vn -0.000000 -1.000000 0.000000
vt 0.704355001 0.914681017
v 2.823151 32.432139 -13.307768
vn -0.000000 0.707100 0.707100
vt 0.166666999 0.500000000
v -2.819178 32.432139 -13.307768
vn -0.000000 0.707100 0.707100
vt 0.166666999 1.000000000
v -2.819178 31.496699 -12.372321
vn -0.000000 0.707100 0.707100
vt 0.083333001 1.000000000
vn -0.000000 0.707100 0.707100
vt 0.166666999 0.500000000
vn -0.000000 0.707100 0.707100
vt 0.083333001 1.000000000
v 2.823151 31.496699 -12.372321
vn -0.000000 0.707100 0.707100
vt 0.083333001 0.500000000
vn -0.000000 0.258800 0.965900
vt 0.727743030 0.914812028
vn -0.000000 0.258800 0.965900
vt 0.727743030 0.897068977
vn -0.000000 0.258800 0.965900
vt 0.730356991 0.897068977
vn -0.000000 0.258800 0.965900
vt 0.727743030 0.914812028
vn -0.000000 0.258800 0.965900
vt 0.730356991 0.897068977
vn -0.000000 0.258800 0.965900
vt 0.730356991 0.914812028
vn -0.000000 0.258800 0.965900
vt 0.727743030 0.914812028
vn -0.000000 0.258800 0.965900
vt 0.730356991 0.914812028
vn -0.000000 0.258800 0.965900
vt 0.730356991 0.916563988
vn -0.000000 0.258800 0.965900
vt 0.727743030 0.914812028
vn -0.000000 0.258800 0.965900
vt 0.730356991 0.916563988
vn -0.000000 0.258800 0.965900
vt 0.727743030 0.915256977
vn -0.000000 0.707100 0.707100
vt 0.775785983 0.096561998
vn -0.000000 0.707100 0.707100
vt 0.775785983 0.115369000
vn -0.000000 0.707100 0.707100
vt 0.765505016 0.115369000
vn -0.000000 0.707100 0.707100
vt 0.775785983 0.096561998
vn -0.000000 0.707100 0.707100
vt 0.765505016 0.115369000
v 3.546360 32.432147 -13.307768
vn -0.000000 0.707100 0.707100
vt 0.765505016 0.096561998
vn -0.000000 0.258800 0.965900
vt 0.730356991 0.897068977
vn -0.000000 0.258800 0.965900
vt 0.727743030 0.897068977
vn -0.000000 0.258800 0.965900
vt 0.727743030 0.896615028
vn -0.000000 0.258800 0.965900
vt 0.730356991 0.897068977
vn -0.000000 0.258800 0.965900
vt 0.727743030 0.896615028
vn -0.000000 0.258800 0.965900
vt 0.730356991 0.895317018
vn -0.000000 0.707100 0.707100
vt 0.784312010 0.125239000
vn -0.000000 0.707100 0.707100
vt 0.765505016 0.125239000
vn -0.000000 0.707100 0.707100
vt 0.765505016 0.115373999
vn -0.000000 0.707100 0.707100
vt 0.784312010 0.125239000
vn -0.000000 0.707100 0.707100
vt 0.765505016 0.115373999
vn -0.000000 0.707100 0.707100
vt 0.784312010 0.115373999
vn -0.000000 0.866000 -0.500000
vt 0.166666999 1.000000000
vn -0.000000 0.866000 -0.500000
vt 0.166666999 1.000000000
vn -0.000000 0.866000 -0.500000
vt 0.166666999 1.000000000
vn -0.000000 0.866000 -0.500000
vt 0.166666999 1.000000000
vn -0.000000 0.866000 -0.500000
vt 0.166666999 1.000000000
vn -0.000000 0.866000 -0.500000
vt 0.166666999 1.000000000
vn 1.000000 0.000000 0.000000
vt 0.715799987 0.918811977
vn 1.000000 0.000000 0.000000
vt 0.723544002 0.923243999
vn 1.000000 0.000000 0.000000
vt 0.721468985 0.925321996
vn 1.000000 0.000000 0.000000
vt 0.715799987 0.918811977
vn 1.000000 0.000000 0.000000
vt 0.721468985 0.925321996
vn 1.000000 0.000000 0.000000
vt 0.713711977 0.920807004
vn -0.000000 0.866000 -0.500000
vt 0.166666999 0.500000000
vn -0.000000 0.866000 -0.500000
vt 0.166666999 0.500000000
vn -0.000000 0.866000 -0.500000
vt 0.166666999 0.500000000
vn -0.000000 0.866000 -0.500000
vt 0.166666999 0.500000000
vn -0.000000 0.866000 -0.500000
vt 0.166666999 0.500000000
vn -0.000000 0.866000 -0.500000
vt 0.166666999 0.500000000
vn -0.000000 0.866000 -0.500000
vt 0.166666999 0.500000000
vn -0.000000 0.866000 -0.500000
vt 0.166666999 1.000000000
vn -0.000000 0.866000 -0.500000
vt 0.166666999 1.000000000
vn -0.000000 0.866000 -0.500000
vt 0.166666999 0.500000000
vn -0.000000 0.866000 -0.500000
vt 0.166666999 1.000000000
vn -0.000000 0.866000 -0.500000
vt 0.166666999 0.500000000
v 1.148084 31.466308 -7.167302
vn -0.541800 -0.802100 0.251000
vt 0.358590007 0.515062988
v 0.814902 30.732368 -10.146964
vn -0.541800 -0.802100 0.251000
vt 0.358695000 0.515806973
v 1.716707 30.180476 -10.048798
vn -0.541800 -0.802100 0.251000
vt 0.359016001 0.515582025
vn -0.541800 -0.802100 0.251000
vt 0.358590007 0.515062988
vn -0.541800 -0.802100 0.251000
vt 0.359016001 0.515582025
v 2.349631 30.628087 -7.167302
vn -0.541800 -0.802100 0.251000
vt 0.358779013 0.515038013
v -1.622477 34.018081 -11.183079
vn -0.306300 0.908900 0.283100
vt 0.017228000 0.943131030
v -1.310899 32.540698 -6.149163
vn -0.306300 0.908900 0.283100
vt 0.016669000 0.967652977
v -0.946191 32.678060 -6.149163
vn -0.306300 0.908900 0.283100
vt 0.018891999 0.967236996
vn -0.306300 0.908900 0.283100
vt 0.017228000 0.943131030
vn -0.306300 0.908900 0.283100
vt 0.018891999 0.967236996
v -1.172015 34.155440 -11.183079
vn -0.306300 0.908900 0.283100
vt 0.019399000 0.942933977
v 4.281342 33.377326 -16.385013
vn 0.376900 0.741300 -0.555300
vt 0.359586000 0.512175024
v 3.640136 32.654347 -17.615848
vn 0.376900 0.741300 -0.555300
vt 0.359275013 0.511893988
v 1.591186 33.823081 -17.615848
vn 0.376900 0.741300 -0.555300
vt 0.358832985 0.512224972
vn 0.376900 0.741300 -0.555300
vt 0.359586000 0.512175024
vn 0.376900 0.741300 -0.555300
vt 0.358832985 0.512224972
v 1.732863 34.546050 -16.385013
vn 0.376900 0.741300 -0.555300
vt 0.358918995 0.512511015
v -3.477352 32.122008 -13.249363
vn -0.460600 -0.880400 -0.112700
vt 0.354149997 0.513894022
v -2.042156 31.438327 -15.783451
vn -0.460600 -0.880400 -0.112700
vt 0.352373004 0.520645022
v -2.107495 31.475459 -13.797400
vn -0.460600 -0.880400 -0.112700
vt 0.354950994 0.517848015
vn -0.460600 -0.880400 -0.112700
vt 0.354149997 0.513894022
vn -0.460600 -0.880400 -0.112700
vt 0.354950994 0.517848015
v -3.247195 31.475459 -11.147818
vn -0.460600 -0.880400 -0.112700
vt 0.357104987 0.514716983
vn -0.531700 -0.816900 -0.223600
vt 0.357104987 0.514716983
vn -0.531700 -0.816900 -0.223600
vt 0.354950994 0.517848015
v -1.497376 29.998088 -9.911696
vn -0.531700 -0.816900 -0.223600
vt 0.357845992 0.515421987
vn -0.531700 -0.816900 -0.223600
vt 0.357104987 0.514716983
vn -0.531700 -0.816900 -0.223600
vt 0.357845992 0.515421987
v -2.626321 29.998088 -7.167302
vn -0.531700 -0.816900 -0.223600
vt 0.358042985 0.515007019
v -4.161503 33.476287 -13.284626
vn -0.972300 0.008900 0.233500
vt 0.915076017 0.202823997
v -4.161503 32.951465 -13.264545
vn -0.972300 0.008900 0.233500
vt 0.914496005 0.202025995
v -3.662711 32.303697 -11.162999
vn -0.972300 0.008900 0.233500
vt 0.910450995 0.203281999
vn -0.972300 0.008900 0.233500
vt 0.915076017 0.202823997
vn -0.972300 0.008900 0.233500
vt 0.910450995 0.203281999
v -3.662711 32.828530 -11.183079
vn -0.972300 0.008900 0.233500
vt 0.911032021 0.204079002
v 3.700947 32.828530 -11.183079
vn 0.963200 0.010300 0.268600
vt 0.894397974 0.224380001
v 3.700946 32.303697 -11.162999
vn 0.963200 0.010300 0.268600
vt 0.893500984 0.223967999
v 4.280145 32.951457 -13.264545
vn 0.963200 0.010300 0.268600
vt 0.893055975 0.228216007
vn 0.963200 0.010300 0.268600
vt 0.894397974 0.224380001
vn 0.963200 0.010300 0.268600
vt 0.893055975 0.228216007
v 4.280145 33.476287 -13.284626
vn 0.963200 0.010300 0.268600
vt 0.893953025 0.228626996
v -1.507325 33.843764 -13.249363
vn -0.383800 0.728300 -0.567600
vt 0.916666985 1.000000000
v -1.049516 32.066611 -15.779580
vn -0.383800 0.728300 -0.567600
vt 0.916666985 1.000000000
v -2.189814 31.514235 -15.776785
vn -0.383800 0.728300 -0.567600
vt 0.846551001 1.000000000
vn -0.383800 0.728300 -0.567600
vt 0.916666985 1.000000000
vn -0.383800 0.728300 -0.567600
vt 0.846551001 1.000000000
v -3.477352 32.759139 -13.249363
vn -0.383800 0.728300 -0.567600
vt 0.846551001 1.000000000
v 1.172016 34.155440 -11.183079
vn 0.041000 0.958700 0.281600
vt 0.030269001 0.942843974
v 1.236659 34.775504 -13.284626
vn 0.041000 0.958700 0.281600
vt 0.030369001 0.932766974
v -0.002904 34.822944 -13.284626
vn 0.041000 0.958700 0.281600
vt 0.024739999 0.932816982
vn 0.041000 0.958700 0.281600
vt 0.030269001 0.942843974
vn 0.041000 0.958700 0.281600
vt 0.024739999 0.932816982
v 0.000000 34.211120 -11.183079
vn 0.041000 0.958700 0.281600
vt 0.024835000 0.942817986
vn -0.574400 0.756900 0.311600
vt 0.357270002 0.514239013
v -2.977184 31.351159 -7.202565
vn -0.574400 0.756900 0.311600
vt 0.358090997 0.514858007
vn -0.574400 0.756900 0.311600
vt 0.358316004 0.514806986
vn -0.574400 0.756900 0.311600
vt 0.357270002 0.514239013
vn -0.574400 0.756900 0.311600
vt 0.358316004 0.514806986
vn -0.574400 0.756900 0.311600
vt 0.358076006 0.513898015
vn 0.984400 0.006700 0.176100
vt 0.894397974 0.224380001
v 2.999107 31.351155 -7.202565
vn 0.984400 0.006700 0.176100
vt 0.894737005 0.216305003
v 2.999107 30.826333 -7.182484
vn 0.984400 0.006700 0.176100
vt 0.893840015 0.215893999
vn 0.984400 0.006700 0.176100
vt 0.894397974 0.224380001
vn 0.984400 0.006700 0.176100
vt 0.893840015 0.215893999
vn 0.984400 0.006700 0.176100
vt 0.893500984 0.223967999
vn -0.442000 0.838900 0.317700
vt 0.358076006 0.513898015
v -1.734536 34.640273 -13.284626
vn -0.442000 0.838900 0.317700
vt 0.358015001 0.513307989
vn -0.442000 0.838900 0.317700
vt 0.356844991 0.513257980
vn -0.442000 0.838900 0.317700
vt 0.358076006 0.513898015
vn -0.442000 0.838900 0.317700
vt 0.356844991 0.513257980
vn -0.442000 0.838900 0.317700
vt 0.357270002 0.514239013
v -2.724949 31.142549 -7.038784
vn -0.491000 -0.167100 0.855000
vt 0.230394006 0.227064997
v -2.724979 30.705535 -7.020673
vn -0.491000 -0.167100 0.855000
vt 0.229633003 0.226980999
v -2.261051 30.632901 -7.016073
vn -0.491000 -0.167100 0.855000
vt 0.229416996 0.227773994
vn -0.491000 -0.167100 0.855000
vt 0.230394006 0.227064997
vn -0.491000 -0.167100 0.855000
vt 0.229416996 0.227773994
v -1.188369 31.517383 -5.962908
vn -0.491000 -0.167100 0.855000
vt 0.231061995 0.230345994
vn -0.491000 -0.167100 0.855000
vt 0.230394006 0.227064997
vn -0.491000 -0.167100 0.855000
vt 0.231061995 0.230345994
v -1.146361 32.302911 -5.982543
vn -0.491000 -0.167100 0.855000
vt 0.232437998 0.230407000
vn -0.491000 -0.167100 0.855000
vt 0.230394006 0.227064997
vn -0.491000 -0.167100 0.855000
vt 0.232437998 0.230407000
v -1.229533 32.264596 -5.983593
vn -0.491000 -0.167100 0.855000
vt 0.232370004 0.230261996
v 4.281342 32.852502 -16.364932
vn 0.890900 -0.017400 -0.453900
vt 0.890661001 0.233526006
v 3.640136 32.129533 -17.595767
vn 0.890900 -0.017400 -0.453900
vt 0.888402998 0.235406995
vn 0.890900 -0.017400 -0.453900
vt 0.889298975 0.235817999
vn 0.890900 -0.017400 -0.453900
vt 0.890661001 0.233526006
vn 0.890900 -0.017400 -0.453900
vt 0.889298975 0.235817999
vn 0.890900 -0.017400 -0.453900
vt 0.891556978 0.233936995
vn 0.430400 0.842200 0.324700
vt 0.359703004 0.514338017
vn 0.430400 0.842200 0.324700
vt 0.360202998 0.513387024
v 1.731755 34.645011 -13.284626
vn 0.430400 0.842200 0.324700
vt 0.358981013 0.513346016
vn 0.430400 0.842200 0.324700
vt 0.359703004 0.514338017
vn 0.430400 0.842200 0.324700
vt 0.358981013 0.513346016
v 1.625247 34.022773 -11.183079
vn 0.430400 0.842200 0.324700
vt 0.358879000 0.513925016
vn -0.041000 0.958600 0.281700
vt 0.024835000 0.942817986
vn -0.041000 0.958600 0.281700
vt 0.024739999 0.932816982
v -1.242465 34.775504 -13.284626
vn -0.041000 0.958600 0.281700
vt 0.019113000 0.932860970
vn -0.041000 0.958600 0.281700
vt 0.024835000 0.942817986
vn -0.041000 0.958600 0.281700
vt 0.019113000 0.932860970
vn -0.041000 0.958600 0.281700
vt 0.019399000 0.942933977
v -4.160307 32.215371 -16.364932
vn -0.335000 -0.862300 0.379800
vt 0.357434988 0.511718988
v -3.523164 31.492404 -17.595767
vn -0.335000 -0.862300 0.379800
vt 0.357944012 0.511538029
v -3.182821 31.300082 -17.580589
vn -0.335000 -0.862300 0.379800
vt 0.357989997 0.511431992
vn -0.335000 -0.862300 0.379800
vt 0.357434988 0.511718988
vn -0.335000 -0.862300 0.379800
vt 0.357989997 0.511431992
v -3.476245 32.023049 -16.349750
vn -0.335000 -0.862300 0.379800
vt 0.357432991 0.511440992
v -1.733429 34.541312 -16.385013
vn -0.391300 0.733600 -0.555700
vt 0.358150005 0.512476027
v -1.585576 33.818343 -17.615848
vn -0.391300 0.733600 -0.555700
vt 0.358262986 0.512197971
v -3.523164 32.654355 -17.615848
vn -0.391300 0.733600 -0.555700
vt 0.357874990 0.511840999
vn -0.391300 0.733600 -0.555700
vt 0.358150005 0.512476027
vn -0.391300 0.733600 -0.555700
vt 0.357874990 0.511840999
v -4.160307 33.377334 -16.385013
vn -0.391300 0.733600 -0.555700
vt 0.357544988 0.512097001
v 1.502627 33.744803 -16.349750
vn -0.411200 -0.753700 0.512800
vt 0.359467000 0.510161996
v 1.380181 33.021838 -17.580589
vn -0.411200 -0.753700 0.512800
vt 0.359055012 0.510679007
v 3.295256 31.929473 -17.580589
vn -0.411200 -0.753700 0.512800
vt 0.359295011 0.511326015
vn -0.411200 -0.753700 0.512800
vt 0.359467000 0.510161996
vn -0.411200 -0.753700 0.512800
vt 0.359295011 0.511326015
v 3.592241 32.652440 -16.349750
vn -0.411200 -0.753700 0.512800
vt 0.359856009 0.511246026
v 1.501519 33.843764 -13.249363
vn 0.022500 0.813300 -0.581400
vt 0.083333001 1.000000000
v 1.061841 32.062968 -15.779786
vn 0.022500 0.813300 -0.581400
vt 0.083333001 1.000000000
v 0.000000 32.075658 -15.780798
vn 0.022500 0.813300 -0.581400
vt 0.000000000 1.000000000
vn 0.022500 0.813300 -0.581400
vt 0.083333001 1.000000000
vn 0.022500 0.813300 -0.581400
vt 0.000000000 1.000000000
v -0.002904 33.901343 -13.249363
vn 0.022500 0.813300 -0.581400
vt 0.000000000 1.000000000
vn -0.893200 -0.181100 -0.411500
vt 0.846551001 1.000000000
vn -0.893200 -0.181100 -0.411500
vt 0.846551001 1.000000000
vn -0.893200 -0.181100 -0.411500
vt 0.846551001 1.000000000
vn -0.893200 -0.181100 -0.411500
vt 0.846551001 1.000000000
vn -0.893200 -0.181100 -0.411500
vt 0.846551001 1.000000000
vn -0.893200 -0.181100 -0.411500
vt 0.846551001 1.000000000
vn -0.266400 0.921100 0.283800
vt 0.019113000 0.932860970
vn -0.266400 0.921100 0.283800
vt 0.016757000 0.932954013
vn -0.266400 0.921100 0.283800
vt 0.017228000 0.943131030
vn -0.266400 0.921100 0.283800
vt 0.019113000 0.932860970
vn -0.266400 0.921100 0.283800
vt 0.017228000 0.943131030
vn -0.266400 0.921100 0.283800
vt 0.019399000 0.942933977
vn 0.256400 0.924000 0.283600
vt 0.032735001 0.932817996
vn 0.256400 0.924000 0.283600
vt 0.030369001 0.932766974
vn 0.256400 0.924000 0.283600
vt 0.030269001 0.942843974
vn 0.256400 0.924000 0.283600
vt 0.032735001 0.932817996
vn 0.256400 0.924000 0.283600
vt 0.030269001 0.942843974
vn 0.256400 0.924000 0.283600
vt 0.032450002 0.943000972
vn 0.228200 0.829500 -0.509700
vt 0.032460999 0.918443024
vn 0.228200 0.829500 -0.509700
vt 0.031800002 0.911886990
v 1.137444 33.953574 -17.615848
vn 0.228200 0.829500 -0.509700
vt 0.029681999 0.912254989
vn 0.228200 0.829500 -0.509700
vt 0.032460999 0.918443024
vn 0.228200 0.829500 -0.509700
vt 0.029681999 0.912254989
v 1.237767 34.676543 -16.385013
vn 0.228200 0.829500 -0.509700
vt 0.030143000 0.918654025
v -2.255475 30.634688 -7.167302
vn 0.568600 -0.783200 0.251700
vt 0.358135998 0.515007019
v -1.615850 30.198901 -10.042360
vn 0.568600 -0.783200 0.251700
vt 0.357850999 0.515529990
v -0.796595 30.736518 -10.146521
vn 0.568600 -0.783200 0.251700
vt 0.358116001 0.515770018
vn 0.568600 -0.783200 0.251700
vt 0.358135998 0.515007019
vn 0.568600 -0.783200 0.251700
vt 0.358116001 0.515770018
v -1.142668 31.466308 -7.167302
vn 0.568600 -0.783200 0.251700
vt 0.358298004 0.515052021
v 2.353301 30.628848 -7.016045
vn 0.027500 0.009900 0.999600
vt 0.229561999 0.237280995
v 2.646900 30.124145 -7.013723
vn 0.027500 0.009900 0.999600
vt 0.228742003 0.237891003
v 2.695290 30.158721 -7.020816
vn 0.027500 0.009900 0.999600
vt 0.228811994 0.237968996
vn 0.027500 0.009900 0.999600
vt 0.229561999 0.237280995
vn 0.027500 0.009900 0.999600
vt 0.228811994 0.237968996
v 2.695290 30.705529 -7.020790
vn 0.027500 0.009900 0.999600
vt 0.229763001 0.237860993
v 0.002708 31.533515 -7.167302
vn -0.036200 -0.967500 0.250300
vt 0.043046001 0.981079996
v 0.002685 30.741570 -10.134849
vn -0.036200 -0.967500 0.250300
vt 0.043051001 0.987226009
vn -0.036200 -0.967500 0.250300
vt 0.044682998 0.987251997
vn -0.036200 -0.967500 0.250300
vt 0.043046001 0.981079996
vn -0.036200 -0.967500 0.250300
vt 0.044682998 0.987251997
vn -0.036200 -0.967500 0.250300
vt 0.045343000 0.981105983
v 1.144391 32.302911 -5.982543
vn 0.526400 -0.116300 0.842300
vt 0.232476994 0.234415993
v 1.224878 31.517568 -5.962806
vn 0.526400 -0.116300 0.842300
vt 0.231104001 0.234570995
vn 0.526400 -0.116300 0.842300
vt 0.229561999 0.237280995
vn 0.526400 -0.116300 0.842300
vt 0.232476994 0.234415993
vn 0.526400 -0.116300 0.842300
vt 0.229561999 0.237280995
vn 0.526400 -0.116300 0.842300
vt 0.229763001 0.237860993
vn 0.526400 -0.116300 0.842300
vt 0.232476994 0.234415993
vn 0.526400 -0.116300 0.842300
vt 0.229763001 0.237860993
v 2.695260 31.139852 -7.038866
vn 0.526400 -0.116300 0.842300
vt 0.230519995 0.237774998
vn 0.526400 -0.116300 0.842300
vt 0.232476994 0.234415993
vn 0.526400 -0.116300 0.842300
vt 0.230519995 0.237774998
v 1.232803 32.267823 -5.983748
vn 0.526400 -0.116300 0.842300
vt 0.232418001 0.234571993
vn -0.001000 0.027000 0.999600
vt 0.232437998 0.230407000
vn -0.001000 0.027000 0.999600
vt 0.231061995 0.230345994
v 0.019804 31.588311 -5.961712
vn -0.001000 0.027000 0.999600
vt 0.231206998 0.232460007
vn -0.001000 0.027000 0.999600
vt 0.232437998 0.230407000
vn -0.001000 0.027000 0.999600
vt 0.231206998 0.232460007
v -0.000985 32.437198 -5.986689
vn -0.001000 0.027000 0.999600
vt 0.232693002 0.232409000
vn -0.001000 0.027000 0.999600
vt 0.232437998 0.230407000
vn -0.001000 0.027000 0.999600
vt 0.232693002 0.232409000
v -0.913040 32.383744 -5.984277
vn -0.001000 0.027000 0.999600
vt 0.232584000 0.230813995
vn 0.001000 0.027200 0.999600
vt 0.232693002 0.232409000
vn 0.001000 0.027200 0.999600
vt 0.231206998 0.232460007
vn 0.001000 0.027200 0.999600
vt 0.231104001 0.234570995
vn 0.001000 0.027200 0.999600
vt 0.232693002 0.232409000
vn 0.001000 0.027200 0.999600
vt 0.231104001 0.234570995
vn 0.001000 0.027200 0.999600
vt 0.232476994 0.234415993
vn 0.001000 0.027200 0.999600
vt 0.232693002 0.232409000
vn 0.001000 0.027200 0.999600
vt 0.232476994 0.234415993
v 0.912256 32.383676 -5.984394
vn 0.001000 0.027200 0.999600
vt 0.232614994 0.234008998
vn -0.066900 0.172200 -0.982800
vt 0.912630022 0.884859979
vn -0.066900 0.172200 -0.982800
vt 0.916666985 0.884859979
vn -0.066900 0.172200 -0.982800
vt 0.926333010 0.884985983
vn 0.145900 0.398600 -0.905400
vt 0.066444002 0.884859979
vn 0.145900 0.398600 -0.905400
vt 0.083333001 0.884859979
vn 0.145900 0.398600 -0.905400
vt 0.089873999 0.884905994
vn 0.034500 -0.967700 0.249600
vt 0.040752001 0.981109023
vn 0.034500 -0.967700 0.249600
vt 0.041446999 0.987250984
vn 0.034500 -0.967700 0.249600
vt 0.043051001 0.987226009
vn 0.034500 -0.967700 0.249600
vt 0.040752001 0.981109023
vn 0.034500 -0.967700 0.249600
vt 0.043051001 0.987226009
vn 0.034500 -0.967700 0.249600
vt 0.043046001 0.981079996
vn 0.984800 0.000000 0.173600
vt 0.358850986 0.514949977
v 2.999107 30.189200 -7.182484
vn 0.984800 0.000000 0.173600
vt 0.358873993 0.515006006
v 3.700946 31.666572 -11.162999
vn 0.984800 0.000000 0.173600
vt 0.359834999 0.514703989
vn 0.984800 0.000000 0.173600
vt 0.358850986 0.514949977
vn 0.984800 0.000000 0.173600
vt 0.359834999 0.514703989
vn 0.984800 0.000000 0.173600
vt 0.359775007 0.514492989
vn 0.570600 0.759400 0.312700
vt 0.358879000 0.513925016
v 1.318557 32.545390 -6.149163
vn 0.570600 0.759400 0.312700
vt 0.358594000 0.514815986
vn 0.570600 0.759400 0.312700
vt 0.358832985 0.514890015
vn 0.570600 0.759400 0.312700
vt 0.358879000 0.513925016
vn 0.570600 0.759400 0.312700
vt 0.358832985 0.514890015
vn 0.570600 0.759400 0.312700
vt 0.359703004 0.514338017
vn -0.985100 0.006600 0.172100
vt 0.910450995 0.203281999
v -2.977184 30.826337 -7.182484
vn -0.985100 0.006600 0.172100
vt 0.902607977 0.205210000
vn -0.985100 0.006600 0.172100
vt 0.903187990 0.206007004
vn -0.985100 0.006600 0.172100
vt 0.910450995 0.203281999
vn -0.985100 0.006600 0.172100
vt 0.903187990 0.206007004
vn -0.985100 0.006600 0.172100
vt 0.911032021 0.204079002
vn 0.295200 0.912500 0.283300
vt 0.030269001 0.942843974
v 0.951608 32.678060 -6.149163
vn 0.295200 0.912500 0.283300
vt 0.029777000 0.967170000
vn 0.295200 0.912500 0.283300
vt 0.032032002 0.967552006
vn 0.295200 0.912500 0.283300
vt 0.030269001 0.942843974
vn 0.295200 0.912500 0.283300
vt 0.032032002 0.967552006
vn 0.295200 0.912500 0.283300
vt 0.032450002 0.943000972
vn 0.050300 0.958000 0.282300
vt 0.024835000 0.942817986
v 0.002708 32.733741 -6.149163
vn 0.050300 0.958000 0.282300
vt 0.024315000 0.967082977
vn 0.050300 0.958000 0.282300
vt 0.029777000 0.967170000
vn 0.050300 0.958000 0.282300
vt 0.024835000 0.942817986
vn 0.050300 0.958000 0.282300
vt 0.029777000 0.967170000
vn 0.050300 0.958000 0.282300
vt 0.030269001 0.942843974
v 3.591133 32.751395 -13.249363
vn 0.367400 0.736700 -0.567700
vt 0.153950006 1.000000000
v 2.305859 31.495234 -15.776631
vn 0.367400 0.736700 -0.567700
vt 0.153950006 1.000000000
vn 0.367400 0.736700 -0.567700
vt 0.083333001 1.000000000
vn 0.367400 0.736700 -0.567700
vt 0.153950006 1.000000000
vn 0.367400 0.736700 -0.567700
vt 0.083333001 1.000000000
vn 0.367400 0.736700 -0.567700
vt 0.083333001 1.000000000
vn -0.050300 0.958000 0.282300
vt 0.019399000 0.942933977
vn -0.050300 0.958000 0.282300
vt 0.018891999 0.967236996
vn -0.050300 0.958000 0.282300
vt 0.024315000 0.967082977
vn -0.050300 0.958000 0.282300
vt 0.019399000 0.942933977
vn -0.050300 0.958000 0.282300
vt 0.024315000 0.967082977
vn -0.050300 0.958000 0.282300
vt 0.024835000 0.942817986
vn 0.517200 -0.827100 -0.220000
vt 0.359834999 0.514703989
vn 0.517200 -0.827100 -0.220000
vt 0.358873993 0.515006006
v 2.720477 29.990424 -7.167302
vn 0.517200 -0.827100 -0.220000
vt 0.358864993 0.515040994
vn 0.517200 -0.827100 -0.220000
vt 0.359834999 0.514703989
vn 0.517200 -0.827100 -0.220000
vt 0.358864993 0.515040994
v 3.356802 31.467795 -11.147818
vn 0.517200 -0.827100 -0.220000
vt 0.359827995 0.514841020
v -4.161503 32.314324 -13.264545
vn -0.314800 -0.921100 -0.229000
vt 0.355879009 0.513462007
vn -0.314800 -0.921100 -0.229000
vt 0.354149997 0.513894022
vn -0.314800 -0.921100 -0.229000
vt 0.357104987 0.514716983
vn -0.314800 -0.921100 -0.229000
vt 0.355879009 0.513462007
vn -0.314800 -0.921100 -0.229000
vt 0.357104987 0.514716983
v -3.662711 31.666575 -11.162999
vn -0.314800 -0.921100 -0.229000
vt 0.357109010 0.514591992
v 3.591133 32.114266 -13.249363
vn 0.346300 -0.913300 -0.214200
vt 0.362910002 0.514244974
v 4.280145 32.314317 -13.264545
vn 0.346300 -0.913300 -0.214200
vt 0.361157000 0.513664007
vn 0.346300 -0.913300 -0.214200
vt 0.359834999 0.514703989
vn 0.346300 -0.913300 -0.214200
vt 0.362910002 0.514244974
vn 0.346300 -0.913300 -0.214200
vt 0.359834999 0.514703989
vn 0.346300 -0.913300 -0.214200
vt 0.359827995 0.514841020
vn -0.423700 -0.869700 -0.253200
vt 0.357104987 0.514716983
vn -0.423700 -0.869700 -0.253200
vt 0.358042985 0.515007019
v -2.977184 30.189204 -7.182484
vn -0.423700 -0.869700 -0.253200
vt 0.358036011 0.514971018
vn -0.423700 -0.869700 -0.253200
vt 0.357104987 0.514716983
vn -0.423700 -0.869700 -0.253200
vt 0.358036011 0.514971018
vn -0.423700 -0.869700 -0.253200
vt 0.357109010 0.514591992
vn -0.985500 0.000000 0.169700
vt 0.357185990 0.514385998
vn -0.985500 0.000000 0.169700
vt 0.357109010 0.514591992
vn -0.985500 0.000000 0.169700
vt 0.358036011 0.514971018
vn -0.985500 0.000000 0.169700
vt 0.357185990 0.514385998
vn -0.985500 0.000000 0.169700
vt 0.358036011 0.514971018
vn -0.985500 0.000000 0.169700
vt 0.358067006 0.514913976
vn 0.893000 -0.192100 -0.407100
vt 0.153950006 1.000000000
v 2.151755 31.430585 -15.783448
vn 0.893000 -0.192100 -0.407100
vt 0.153950006 1.000000000
vn 0.893000 -0.192100 -0.407100
vt 0.153950006 1.000000000
vn 0.893000 -0.192100 -0.407100
vt 0.153950006 1.000000000
vn 0.893000 -0.192100 -0.407100
vt 0.153950006 1.000000000
vn 0.893000 -0.192100 -0.407100
vt 0.153950006 1.000000000
vn 0.529900 -0.818400 -0.222500
vt 0.358864993 0.515040994
v 1.592207 29.990424 -9.915968
vn 0.529900 -0.818400 -0.222500
vt 0.359028012 0.515470028
v 2.217272 31.467795 -13.799756
vn 0.529900 -0.818400 -0.222500
vt 0.361723989 0.518169999
vn 0.529900 -0.818400 -0.222500
vt 0.358864993 0.515040994
vn 0.529900 -0.818400 -0.222500
vt 0.361723989 0.518169999
vn 0.529900 -0.818400 -0.222500
vt 0.359827995 0.514841020
vn -0.972100 0.000000 0.234600
vt 0.359856009 0.511246026
vn -0.972100 0.000000 0.234600
vt 0.359295011 0.511326015
v 3.295256 31.292340 -17.580589
vn -0.972100 0.000000 0.234600
vt 0.359189004 0.511475027
vn -0.972100 0.000000 0.234600
vt 0.359856009 0.511246026
vn -0.972100 0.000000 0.234600
vt 0.359189004 0.511475027
v 3.592241 32.015307 -16.349750
vn -0.972100 0.000000 0.234600
vt 0.359744996 0.511523008
vn 0.964100 0.000000 0.265700
vt 0.359775007 0.514492989
vn 0.964100 0.000000 0.265700
vt 0.359834999 0.514703989
vn 0.964100 0.000000 0.265700
vt 0.361157000 0.513664007
vn 0.964100 0.000000 0.265700
vt 0.359775007 0.514492989
vn 0.964100 0.000000 0.265700
vt 0.361157000 0.513664007
vn 0.964100 0.000000 0.265700
vt 0.360529989 0.513480008
v 4.281342 32.215367 -16.364932
vn 0.886900 0.000000 -0.462000
vt 0.359723985 0.511804998
v 3.640136 31.492400 -17.595767
vn 0.886900 0.000000 -0.462000
vt 0.359228998 0.511587024
vn 0.886900 0.000000 -0.462000
vt 0.359279990 0.511753976
vn 0.886900 0.000000 -0.462000
vt 0.359723985 0.511804998
vn 0.886900 0.000000 -0.462000
vt 0.359279990 0.511753976
vn 0.886900 0.000000 -0.462000
vt 0.359665990 0.512030005
vn 0.081500 -0.089800 0.992600
vt 0.229633003 0.226980999
v -2.724976 30.160090 -7.020780
vn 0.081500 -0.089800 0.992600
vt 0.228690997 0.226824999
v -2.688603 30.099818 -7.078464
vn 0.081500 -0.089800 0.992600
vt 0.228567004 0.226925001
vn 0.081500 -0.089800 0.992600
vt 0.229633003 0.226980999
vn 0.081500 -0.089800 0.992600
vt 0.228567004 0.226925001
vn 0.081500 -0.089800 0.992600
vt 0.229416996 0.227773994
vn -0.973000 0.000000 0.230900
vt 0.356514007 0.513325989
vn -0.973000 0.000000 0.230900
vt 0.355879009 0.513462007
vn -0.973000 0.000000 0.230900
vt 0.357109010 0.514591992
vn -0.973000 0.000000 0.230900
vt 0.356514007 0.513325989
vn -0.973000 0.000000 0.230900
vt 0.357109010 0.514591992
vn -0.973000 0.000000 0.230900
vt 0.357185990 0.514385998
v 2.387165 31.518847 -13.863900
vn -0.424700 -0.904600 0.036800
vt 0.361647010 0.518343985
v 1.089339 32.142724 -13.900975
vn -0.424700 -0.904600 0.036800
vt 0.359654009 0.519327998
vn -0.424700 -0.904600 0.036800
vt 0.360455006 0.522864997
vn -0.424700 -0.904600 0.036800
vt 0.361647010 0.518343985
vn -0.424700 -0.904600 0.036800
vt 0.360455006 0.522864997
vn -0.424700 -0.904600 0.036800
vt 0.363723010 0.521440029
v -1.077293 32.146333 -13.900425
vn 0.443900 -0.823300 -0.353600
vt 0.356691986 0.519134998
vn 0.443900 -0.823300 -0.353600
vt 0.358116001 0.515770018
vn 0.443900 -0.823300 -0.353600
vt 0.357850999 0.515529990
vn 0.443900 -0.823300 -0.353600
vt 0.356691986 0.519134998
vn 0.443900 -0.823300 -0.353600
vt 0.357850999 0.515529990
v -2.270775 31.537274 -13.861505
vn 0.443900 -0.823300 -0.353600
vt 0.355006009 0.518024981
v 0.000011 32.161765 -13.899711
vn 0.011500 -0.999000 0.044100
vt 0.358144999 0.519493997
vn 0.011500 -0.999000 0.044100
vt 0.356691986 0.519134998
vn 0.011500 -0.999000 0.044100
vt 0.355435014 0.522496998
vn 0.011500 -0.999000 0.044100
vt 0.358144999 0.519493997
vn 0.011500 -0.999000 0.044100
vt 0.355435014 0.522496998
vn 0.011500 -0.999000 0.044100
vt 0.357899994 0.522951007
vn -0.014700 -0.998900 0.044200
vt 0.359654009 0.519327998
vn -0.014700 -0.998900 0.044200
vt 0.358144999 0.519493997
vn -0.014700 -0.998900 0.044200
vt 0.357899994 0.522951007
vn -0.014700 -0.998900 0.044200
vt 0.359654009 0.519327998
vn -0.014700 -0.998900 0.044200
vt 0.357899994 0.522951007
vn -0.014700 -0.998900 0.044200
vt 0.360455006 0.522864997
vn -0.016400 -0.935600 -0.352800
vt 0.359654009 0.519327998
vn -0.016400 -0.935600 -0.352800
vt 0.358695000 0.515806973
vn -0.016400 -0.935600 -0.352800
vt 0.358401000 0.515805006
vn -0.016400 -0.935600 -0.352800
vt 0.359654009 0.519327998
vn -0.016400 -0.935600 -0.352800
vt 0.358401000 0.515805006
vn -0.016400 -0.935600 -0.352800
vt 0.358144999 0.519493997
vn -0.531100 0.820700 0.210800
vt 0.361647010 0.518343985
vn -0.531100 0.820700 0.210800
vt 0.361723989 0.518169999
vn -0.531100 0.820700 0.210800
vt 0.359028012 0.515470028
vn -0.531100 0.820700 0.210800
vt 0.361647010 0.518343985
vn -0.531100 0.820700 0.210800
vt 0.359028012 0.515470028
vn -0.531100 0.820700 0.210800
vt 0.359016001 0.515582025
vn -0.336600 0.941600 -0.002000
vt 0.363723010 0.521440029
vn -0.336600 0.941600 -0.002000
vt 0.364033997 0.521259010
vn -0.336600 0.941600 -0.002000
vt 0.361723989 0.518169999
vn -0.336600 0.941600 -0.002000
vt 0.363723010 0.521440029
vn -0.336600 0.941600 -0.002000
vt 0.361723989 0.518169999
vn -0.336600 0.941600 -0.002000
vt 0.361647010 0.518343985
vn 0.445800 -0.894400 0.037000
vt 0.356691986 0.519134998
vn 0.445800 -0.894400 0.037000
vt 0.355006009 0.518024981
vn 0.445800 -0.894400 0.037000
vt 0.352656990 0.520852983
vn 0.445800 -0.894400 0.037000
vt 0.356691986 0.519134998
vn 0.445800 -0.894400 0.037000
vt 0.352656990 0.520852983
vn 0.445800 -0.894400 0.037000
vt 0.355435014 0.522496998
vn 0.012500 -0.935700 -0.352700
vt 0.358144999 0.519493997
vn 0.012500 -0.935700 -0.352700
vt 0.358401000 0.515805006
vn 0.012500 -0.935700 -0.352700
vt 0.358116001 0.515770018
vn 0.012500 -0.935700 -0.352700
vt 0.358144999 0.519493997
vn 0.012500 -0.935700 -0.352700
vt 0.358116001 0.515770018
vn 0.012500 -0.935700 -0.352700
vt 0.356691986 0.519134998
vn -0.423500 -0.833200 -0.355500
vt 0.361647010 0.518343985
vn -0.423500 -0.833200 -0.355500
vt 0.359016001 0.515582025
vn -0.423500 -0.833200 -0.355500
vt 0.358695000 0.515806973
vn -0.423500 -0.833200 -0.355500
vt 0.361647010 0.518343985
vn -0.423500 -0.833200 -0.355500
vt 0.358695000 0.515806973
vn -0.423500 -0.833200 -0.355500
vt 0.359654009 0.519327998
vn 0.404800 0.914400 0.001100
vt 0.355006009 0.518024981
vn 0.404800 0.914400 0.001100
vt 0.354950994 0.517848015
vn 0.404800 0.914400 0.001100
vt 0.352373004 0.520645022
vn 0.404800 0.914400 0.001100
vt 0.355006009 0.518024981
vn 0.404800 0.914400 0.001100
vt 0.352373004 0.520645022
vn 0.404800 0.914400 0.001100
vt 0.352656990 0.520852983
vn 0.597600 0.779700 0.186800
vt 0.357850999 0.515529990
vn 0.597600 0.779700 0.186800
vt 0.357845992 0.515421987
vn 0.597600 0.779700 0.186800
vt 0.354950994 0.517848015
vn 0.597600 0.779700 0.186800
vt 0.357850999 0.515529990
vn 0.597600 0.779700 0.186800
vt 0.354950994 0.517848015
vn 0.597600 0.779700 0.186800
vt 0.355006009 0.518024981
vn 0.923000 -0.230100 0.308300
vt 0.358042985 0.515007019
vn 0.923000 -0.230100 0.308300
vt 0.357845992 0.515421987
vn 0.923000 -0.230100 0.308300
vt 0.357850999 0.515529990
vn 0.923000 -0.230100 0.308300
vt 0.358042985 0.515007019
vn 0.923000 -0.230100 0.308300
vt 0.357850999 0.515529990
vn 0.923000 -0.230100 0.308300
vt 0.358135998 0.515007019
vn -0.924500 -0.225900 0.307100
vt 0.358779013 0.515038013
vn -0.924500 -0.225900 0.307100
vt 0.359016001 0.515582025
vn -0.924500 -0.225900 0.307100
vt 0.359028012 0.515470028
vn -0.924500 -0.225900 0.307100
vt 0.358779013 0.515038013
vn -0.924500 -0.225900 0.307100
vt 0.359028012 0.515470028
vn -0.924500 -0.225900 0.307100
vt 0.358864993 0.515040994
vn 0.459600 -0.881000 -0.112400
vt 0.359827995 0.514841020
vn 0.459600 -0.881000 -0.112400
vt 0.361723989 0.518169999
vn 0.459600 -0.881000 -0.112400
vt 0.364033997 0.521259010
vn 0.459600 -0.881000 -0.112400
vt 0.359827995 0.514841020
vn 0.459600 -0.881000 -0.112400
vt 0.364033997 0.521259010
vn 0.459600 -0.881000 -0.112400
vt 0.362910002 0.514244974
vn -0.021500 0.813600 -0.581100
vt 1.000000000 1.000000000
vn -0.021500 0.813600 -0.581100
vt 1.000000000 1.000000000
vn -0.021500 0.813600 -0.581100
vt 0.916666985 1.000000000
vn -0.021500 0.813600 -0.581100
vt 1.000000000 1.000000000
vn -0.021500 0.813600 -0.581100
vt 0.916666985 1.000000000
vn -0.021500 0.813600 -0.581100
vt 0.916666985 1.000000000
vn 0.347100 -0.344300 0.872400
vt 0.359189004 0.511475027
v 3.295782 30.428554 -17.878639
vn 0.347100 -0.344300 0.872400
vt 0.358999997 0.511512995
v 3.640662 30.592582 -17.994174
vn 0.347100 -0.344300 0.872400
vt 0.359025002 0.511543989
vn 0.347100 -0.344300 0.872400
vt 0.359189004 0.511475027
vn 0.347100 -0.344300 0.872400
vt 0.359025002 0.511543989
vn 0.347100 -0.344300 0.872400
vt 0.359228998 0.511587024
vn 0.248700 0.767800 -0.590500
vt 0.031800002 0.911886990
v 1.591713 32.583835 -19.205516
vn 0.248700 0.767800 -0.590500
vt 0.031477999 0.902801991
v 1.137970 32.695905 -19.272373
vn 0.248700 0.767800 -0.590500
vt 0.029415000 0.903096020
vn 0.248700 0.767800 -0.590500
vt 0.031800002 0.911886990
vn 0.248700 0.767800 -0.590500
vt 0.029415000 0.903096020
vn 0.248700 0.767800 -0.590500
vt 0.029681999 0.912254989
vn 0.037400 0.797300 -0.602500
vt 0.029681999 0.912254989
vn 0.037400 0.797300 -0.602500
vt 0.029415000 0.903096020
v 0.001944 32.736648 -19.296680
vn 0.037400 0.797300 -0.602500
vt 0.024490001 0.903257012
vn 0.037400 0.797300 -0.602500
vt 0.029681999 0.912254989
vn 0.037400 0.797300 -0.602500
vt 0.024490001 0.903257012
v 0.001418 34.001021 -17.615848
vn 0.037400 0.797300 -0.602500
vt 0.024577999 0.912431002
vn -0.341000 -0.347000 0.873700
vt 0.357944012 0.511538029
v -3.522638 30.592586 -17.994174
vn -0.341000 -0.347000 0.873700
vt 0.358150005 0.511511981
v -3.182295 30.435201 -17.882606
vn -0.341000 -0.347000 0.873700
vt 0.358175993 0.511484981
vn -0.341000 -0.347000 0.873700
vt 0.357944012 0.511538029
vn -0.341000 -0.347000 0.873700
vt 0.358175993 0.511484981
vn -0.341000 -0.347000 0.873700
vt 0.357989997 0.511431992
vn 1.000000 0.000100 0.000400
vt 0.888402998 0.235406995
v 3.640662 31.139741 -18.320602
vn 1.000000 0.000100 0.000400
vt 0.886165023 0.235955000
v 3.640662 31.580161 -18.606735
vn 1.000000 0.000100 0.000400
vt 0.886723995 0.236768007
vn 1.000000 0.000100 0.000400
vt 0.888402998 0.235406995
vn 1.000000 0.000100 0.000400
vt 0.886723995 0.236768007
vn 1.000000 0.000100 0.000400
vt 0.889298975 0.235817999
vn 0.441700 0.668100 -0.598800
vt 0.359275013 0.511893988
vn 0.441700 0.668100 -0.598800
vt 0.359041005 0.511673987
vn 0.441700 0.668100 -0.598800
vt 0.358765990 0.511920989
vn 0.441700 0.668100 -0.598800
vt 0.359275013 0.511893988
vn 0.441700 0.668100 -0.598800
vt 0.358765990 0.511920989
vn 0.441700 0.668100 -0.598800
vt 0.358832985 0.512224972
vn -0.417500 -0.599300 0.683000
vt 0.359055012 0.510679007
v 1.380707 31.913812 -18.764724
vn -0.417500 -0.599300 0.683000
vt 0.358848989 0.511072993
v 3.295782 30.975713 -18.205066
vn -0.417500 -0.599300 0.683000
vt 0.359039009 0.511430025
vn -0.417500 -0.599300 0.683000
vt 0.359055012 0.510679007
vn -0.417500 -0.599300 0.683000
vt 0.359039009 0.511430025
vn -0.417500 -0.599300 0.683000
vt 0.359295011 0.511326015
v -1.134606 33.953574 -17.615848
vn -0.258600 0.765500 -0.589200
vt 0.019471999 0.912352026
v -1.134080 32.695905 -19.272373
vn -0.258600 0.765500 -0.589200
vt 0.019569000 0.903196990
v -1.585050 32.579768 -19.203090
vn -0.258600 0.765500 -0.589200
vt 0.017508000 0.902936995
vn -0.258600 0.765500 -0.589200
vt 0.019471999 0.912352026
vn -0.258600 0.765500 -0.589200
vt 0.017508000 0.902936995
vn -0.258600 0.765500 -0.589200
vt 0.017355001 0.912011981
vn 0.972700 0.000000 0.231900
vt 0.357432991 0.511440992
vn 0.972700 0.000000 0.231900
vt 0.357989997 0.511431992
v -3.182821 31.937215 -17.580589
vn 0.972700 0.000000 0.231900
vt 0.357894987 0.511276007
vn 0.972700 0.000000 0.231900
vt 0.357432991 0.511440992
vn 0.972700 0.000000 0.231900
vt 0.357894987 0.511276007
v -3.476245 32.660176 -16.349750
vn 0.972700 0.000000 0.231900
vt 0.357340991 0.511157990
v -0.001797 33.802390 -16.349750
vn -0.034400 -0.861000 0.507400
vt 0.358612001 0.509809971
v 0.001417 33.079417 -17.580589
vn -0.034400 -0.861000 0.507400
vt 0.358601004 0.510568023
vn -0.034400 -0.861000 0.507400
vt 0.359055012 0.510679007
vn -0.034400 -0.861000 0.507400
vt 0.358612001 0.509809971
vn -0.034400 -0.861000 0.507400
vt 0.359055012 0.510679007
vn -0.034400 -0.861000 0.507400
vt 0.359467000 0.510161996
vn 0.428200 -0.745200 0.511200
vt 0.357340991 0.511157990
vn 0.428200 -0.745200 0.511200
vt 0.357894987 0.511276007
v -1.377344 33.021838 -17.580589
vn 0.428200 -0.745200 0.511200
vt 0.358144999 0.510664999
vn 0.428200 -0.745200 0.511200
vt 0.357340991 0.511157990
vn 0.428200 -0.745200 0.511200
vt 0.358144999 0.510664999
v -1.506218 33.744803 -16.349750
vn 0.428200 -0.745200 0.511200
vt 0.357751995 0.510137975
v -1.241357 34.676543 -16.385013
vn -0.237100 0.826800 -0.510100
vt 0.019105000 0.918753982
vn -0.237100 0.826800 -0.510100
vt 0.019471999 0.912352026
vn -0.237100 0.826800 -0.510100
vt 0.017355001 0.912011981
vn -0.237100 0.826800 -0.510100
vt 0.019105000 0.918753982
vn -0.237100 0.826800 -0.510100
vt 0.017355001 0.912011981
vn -0.237100 0.826800 -0.510100
vt 0.016793000 0.918578982
vn -0.892000 -0.017300 -0.451600
vt 0.919807017 0.199423999
vn -0.892000 -0.017300 -0.451600
vt 0.921199977 0.196840003
v -3.523164 32.129535 -17.595767
vn -0.892000 -0.017300 -0.451600
vt 0.920620024 0.196043000
vn -0.892000 -0.017300 -0.451600
vt 0.919807017 0.199423999
vn -0.892000 -0.017300 -0.451600
vt 0.920620024 0.196043000
v -4.160307 32.852502 -16.364932
vn -0.892000 -0.017300 -0.451600
vt 0.919225991 0.198626995
v -0.001796 34.723990 -16.385013
vn -0.034400 0.861100 -0.507300
vt 0.024622999 0.918787003
vn -0.034400 0.861100 -0.507300
vt 0.024577999 0.912431002
vn -0.034400 0.861100 -0.507300
vt 0.019471999 0.912352026
vn -0.034400 0.861100 -0.507300
vt 0.024622999 0.918787003
vn -0.034400 0.861100 -0.507300
vt 0.019471999 0.912352026
vn -0.034400 0.861100 -0.507300
vt 0.019105000 0.918753982
vn 0.344200 -0.861000 0.374500
vt 0.359744996 0.511523008
vn 0.344200 -0.861000 0.374500
vt 0.359189004 0.511475027
vn 0.344200 -0.861000 0.374500
vt 0.359228998 0.511587024
vn 0.344200 -0.861000 0.374500
vt 0.359744996 0.511523008
vn 0.344200 -0.861000 0.374500
vt 0.359228998 0.511587024
vn 0.344200 -0.861000 0.374500
vt 0.359723985 0.511804998
vn 0.034400 0.861200 -0.507200
vt 0.030143000 0.918654025
vn 0.034400 0.861200 -0.507200
vt 0.029681999 0.912254989
vn 0.034400 0.861200 -0.507200
vt 0.024577999 0.912431002
vn 0.034400 0.861200 -0.507200
vt 0.030143000 0.918654025
vn 0.034400 0.861200 -0.507200
vt 0.024577999 0.912431002
vn 0.034400 0.861200 -0.507200
vt 0.024622999 0.918787003
vn -0.888100 0.000000 -0.459700
vt 0.357477009 0.511946976
vn -0.888100 0.000000 -0.459700
vt 0.357881010 0.511700988
vn -0.888100 0.000000 -0.459700
vt 0.357944012 0.511538029
vn -0.888100 0.000000 -0.459700
vt 0.357477009 0.511946976
vn -0.888100 0.000000 -0.459700
vt 0.357944012 0.511538029
vn -0.888100 0.000000 -0.459700
vt 0.357434988 0.511718988
vn 0.034400 -0.860900 0.507500
vt 0.357751995 0.510137975
vn 0.034400 -0.860900 0.507500
vt 0.358144999 0.510664999
vn 0.034400 -0.860900 0.507500
vt 0.358601004 0.510568023
vn 0.034400 -0.860900 0.507500
vt 0.357751995 0.510137975
vn 0.034400 -0.860900 0.507500
vt 0.358601004 0.510568023
vn 0.034400 -0.860900 0.507500
vt 0.358612001 0.509809971
v 0.001943 31.963260 -18.794227
vn -0.032700 -0.212500 0.976600
vt 0.358592987 0.510996997
v 0.080913 30.451800 -19.126377
vn -0.032700 -0.212500 0.976600
vt 0.358595997 0.511234999
v 1.016277 30.451993 -19.089202
vn -0.032700 -0.212500 0.976600
vt 0.358702987 0.511255026
vn -0.032700 -0.212500 0.976600
vt 0.358592987 0.510996997
vn -0.032700 -0.212500 0.976600
vt 0.358702987 0.511255026
vn -0.032700 -0.212500 0.976600
vt 0.358848989 0.511072993
vn -0.650900 0.443300 0.616300
vt 0.359039009 0.511430025
v 2.325410 29.955705 -18.563266
vn -0.650900 0.443300 0.616300
vt 0.358859986 0.511453986
v 2.331659 29.643201 -18.264770
vn -0.650900 0.443300 0.616300
vt 0.358801007 0.511478007
vn -0.650900 0.443300 0.616300
vt 0.359039009 0.511430025
vn -0.650900 0.443300 0.616300
vt 0.358801007 0.511478007
vn -0.650900 0.443300 0.616300
vt 0.358999997 0.511512995
v -1.376818 31.913812 -18.764724
vn 0.029300 -0.212400 0.976700
vt 0.358334988 0.511066973
v -0.853321 30.395125 -19.109596
vn 0.029300 -0.212400 0.976700
vt 0.358491004 0.511255980
vn 0.029300 -0.212400 0.976700
vt 0.358595997 0.511234999
vn 0.029300 -0.212400 0.976700
vt 0.358334988 0.511066973
vn 0.029300 -0.212400 0.976700
vt 0.358595997 0.511234999
vn 0.029300 -0.212400 0.976700
vt 0.358592987 0.510996997
vn 0.494500 -0.787000 0.369000
vt 0.358999997 0.511512995
vn 0.494500 -0.787000 0.369000
vt 0.358801007 0.511478007
v 2.563823 29.741332 -18.363395
vn 0.494500 -0.787000 0.369000
vt 0.358830988 0.511512995
vn 0.494500 -0.787000 0.369000
vt 0.358999997 0.511512995
vn 0.494500 -0.787000 0.369000
vt 0.358830988 0.511512995
vn 0.494500 -0.787000 0.369000
vt 0.359025002 0.511543989
vn 0.192100 0.110300 -0.975200
vt 0.031477999 0.902801991
v 1.152171 30.832831 -19.480323
vn 0.192100 0.110300 -0.975200
vt 0.029542999 0.894820988
v 0.843254 30.887481 -19.544814
vn 0.192100 0.110300 -0.975200
vt 0.028122000 0.895102024
vn 0.192100 0.110300 -0.975200
vt 0.031477999 0.902801991
vn 0.192100 0.110300 -0.975200
vt 0.028122000 0.895102024
vn 0.192100 0.110300 -0.975200
vt 0.029415000 0.903096020
vn 0.031600 0.147000 -0.988600
vt 0.029415000 0.903096020
vn 0.031600 0.147000 -0.988600
vt 0.028122000 0.895102024
v 0.072564 30.887322 -19.575443
vn 0.031600 0.147000 -0.988600
vt 0.024693999 0.895138025
vn 0.031600 0.147000 -0.988600
vt 0.029415000 0.903096020
vn 0.031600 0.147000 -0.988600
vt 0.024693999 0.895138025
vn 0.031600 0.147000 -0.988600
vt 0.024490001 0.903257012
vn -0.476100 -0.771200 0.422600
vt 0.358150005 0.511511981
v -2.292886 29.593606 -18.416374
vn -0.476100 -0.771200 0.422600
vt 0.358374000 0.511497974
v -2.060544 29.513402 -18.316310
vn -0.476100 -0.771200 0.422600
vt 0.358404011 0.511465013
vn -0.476100 -0.771200 0.422600
vt 0.358150005 0.511511981
vn -0.476100 -0.771200 0.422600
vt 0.358404011 0.511465013
vn -0.476100 -0.771200 0.422600
vt 0.358175993 0.511484981
vn 0.671500 -0.455400 -0.584500
vt 0.886165023 0.235955000
v 2.557573 30.053834 -18.661891
vn 0.671500 -0.455400 -0.584500
vt 0.883235991 0.236309007
v 2.552819 30.301850 -18.917621
vn 0.671500 -0.455400 -0.584500
vt 0.883521974 0.236913994
vn 0.671500 -0.455400 -0.584500
vt 0.886165023 0.235955000
vn 0.671500 -0.455400 -0.584500
vt 0.883521974 0.236913994
vn 0.671500 -0.455400 -0.584500
vt 0.886723995 0.236768007
vn 0.035700 -0.732700 0.679600
vt 0.358144999 0.510664999
vn 0.035700 -0.732700 0.679600
vt 0.358334988 0.511066973
vn 0.035700 -0.732700 0.679600
vt 0.358592987 0.510996997
vn 0.035700 -0.732700 0.679600
vt 0.358144999 0.510664999
vn 0.035700 -0.732700 0.679600
vt 0.358592987 0.510996997
vn 0.035700 -0.732700 0.679600
vt 0.358601004 0.510568023
vn -1.000000 -0.000200 -0.000700
vt 0.359295011 0.511326015
vn -1.000000 -0.000200 -0.000700
vt 0.359039009 0.511430025
vn -1.000000 -0.000200 -0.000700
vt 0.358999997 0.511512995
vn -1.000000 -0.000200 -0.000700
vt 0.359295011 0.511326015
vn -1.000000 -0.000200 -0.000700
vt 0.358999997 0.511512995
vn -1.000000 -0.000200 -0.000700
vt 0.359189004 0.511475027
vn -0.035700 -0.732700 0.679600
vt 0.358601004 0.510568023
vn -0.035700 -0.732700 0.679600
vt 0.358592987 0.510996997
vn -0.035700 -0.732700 0.679600
vt 0.358848989 0.511072993
vn -0.035700 -0.732700 0.679600
vt 0.358601004 0.510568023
vn -0.035700 -0.732700 0.679600
vt 0.358848989 0.511072993
vn -0.035700 -0.732700 0.679600
vt 0.359055012 0.510679007
vn -0.037400 0.797200 -0.602500
vt 0.024577999 0.912431002
vn -0.037400 0.797200 -0.602500
vt 0.024490001 0.903257012
vn -0.037400 0.797200 -0.602500
vt 0.019569000 0.903196990
vn -0.037400 0.797200 -0.602500
vt 0.024577999 0.912431002
vn -0.037400 0.797200 -0.602500
vt 0.019569000 0.903196990
vn -0.037400 0.797200 -0.602500
vt 0.019471999 0.912352026
vn 1.000000 0.000200 0.000700
vt 0.357989997 0.511431992
vn 1.000000 0.000200 0.000700
vt 0.358175993 0.511484981
v -3.182295 30.982360 -18.209033
vn 1.000000 0.000200 0.000700
vt 0.358143002 0.511398017
vn 1.000000 0.000200 0.000700
vt 0.357989997 0.511431992
vn 1.000000 0.000200 0.000700
vt 0.358143002 0.511398017
vn 1.000000 0.000200 0.000700
vt 0.357894987 0.511276007
vn 0.435700 -0.594000 0.676300
vt 0.357894987 0.511276007
vn 0.435700 -0.594000 0.676300
vt 0.358143002 0.511398017
vn 0.435700 -0.594000 0.676300
vt 0.358334988 0.511066973
vn 0.435700 -0.594000 0.676300
vt 0.357894987 0.511276007
vn 0.435700 -0.594000 0.676300
vt 0.358334988 0.511066973
vn 0.435700 -0.594000 0.676300
vt 0.358144999 0.510664999
vn -1.000000 -0.000200 -0.000600
vt 0.357881010 0.511700988
v -3.522638 31.139743 -18.320602
vn -1.000000 -0.000200 -0.000600
vt 0.358126014 0.511575997
vn -1.000000 -0.000200 -0.000600
vt 0.358150005 0.511511981
vn -1.000000 -0.000200 -0.000600
vt 0.357881010 0.511700988
vn -1.000000 -0.000200 -0.000600
vt 0.358150005 0.511511981
vn -1.000000 -0.000200 -0.000600
vt 0.357944012 0.511538029
vn -1.000000 -0.000100 -0.000400
vt 0.921199977 0.196840003
v -3.522637 31.580163 -18.606735
vn -1.000000 -0.000100 -0.000400
vt 0.921621025 0.194128007
vn -1.000000 -0.000100 -0.000400
vt 0.920714021 0.193740994
vn -1.000000 -0.000100 -0.000400
vt 0.921199977 0.196840003
vn -1.000000 -0.000100 -0.000400
vt 0.920714021 0.193740994
vn -1.000000 -0.000100 -0.000400
vt 0.920620024 0.196043000
vn -0.460200 0.660800 -0.593000
vt 0.358262986 0.512197971
vn -0.460200 0.660800 -0.593000
vt 0.358357996 0.511901975
vn -0.460200 0.660800 -0.593000
vt 0.358125001 0.511638999
vn -0.460200 0.660800 -0.593000
vt 0.358262986 0.512197971
vn -0.460200 0.660800 -0.593000
vt 0.358125001 0.511638999
vn -0.460200 0.660800 -0.593000
vt 0.357874990 0.511840999
vn 1.000000 0.000200 0.000600
vt 0.359228998 0.511587024
vn 1.000000 0.000200 0.000600
vt 0.359025002 0.511543989
vn 1.000000 0.000200 0.000600
vt 0.359044999 0.511611998
vn 1.000000 0.000200 0.000600
vt 0.359228998 0.511587024
vn 1.000000 0.000200 0.000600
vt 0.359044999 0.511611998
vn 1.000000 0.000200 0.000600
vt 0.359279990 0.511753976
vn -0.026600 0.147900 -0.988600
vt 0.024490001 0.903257012
vn -0.026600 0.147900 -0.988600
vt 0.024693999 0.895138025
v -0.697193 30.840625 -19.561618
vn -0.026600 0.147900 -0.988600
vt 0.021295000 0.894973993
vn -0.026600 0.147900 -0.988600
vt 0.024490001 0.903257012
vn -0.026600 0.147900 -0.988600
vt 0.021295000 0.894973993
vn -0.026600 0.147900 -0.988600
vt 0.019569000 0.903196990
vn 0.648700 0.450600 0.613300
vt 0.358175993 0.511484981
vn 0.648700 0.450600 0.613300
vt 0.358404011 0.511465013
v -2.066793 29.825904 -18.614807
vn 0.648700 0.450600 0.613300
vt 0.358348012 0.511443019
vn 0.648700 0.450600 0.613300
vt 0.358175993 0.511484981
vn 0.648700 0.450600 0.613300
vt 0.358348012 0.511443019
vn 0.648700 0.450600 0.613300
vt 0.358143002 0.511398017
vn 0.349600 -0.048300 0.935600
vt 0.358143002 0.511398017
vn 0.349600 -0.048300 0.935600
vt 0.358348012 0.511443019
vn 0.349600 -0.048300 0.935600
vt 0.358491004 0.511255980
vn 0.349600 -0.048300 0.935600
vt 0.358143002 0.511398017
vn 0.349600 -0.048300 0.935600
vt 0.358491004 0.511255980
vn 0.349600 -0.048300 0.935600
vt 0.358334988 0.511066973
vn -0.627900 -0.460600 -0.627300
vt 0.358126014 0.511575997
v -2.299134 29.906108 -18.714874
vn -0.627900 -0.460600 -0.627300
vt 0.358319998 0.511537015
vn -0.627900 -0.460600 -0.627300
vt 0.358374000 0.511497974
vn -0.627900 -0.460600 -0.627300
vt 0.358126014 0.511575997
vn -0.627900 -0.460600 -0.627300
vt 0.358374000 0.511497974
vn -0.627900 -0.460600 -0.627300
vt 0.358150005 0.511511981
vn -0.677400 -0.457900 -0.575800
vt 0.921621025 0.194128007
v -2.303889 30.154124 -18.970603
vn -0.677400 -0.457900 -0.575800
vt 0.921099007 0.190577999
vn -0.677400 -0.457900 -0.575800
vt 0.920453012 0.190404996
vn -0.677400 -0.457900 -0.575800
vt 0.921621025 0.194128007
vn -0.677400 -0.457900 -0.575800
vt 0.920453012 0.190404996
vn -0.677400 -0.457900 -0.575800
vt 0.920714021 0.193740994
vn -0.332200 0.008000 -0.943200
vt 0.358357996 0.511901975
v -1.001624 30.764995 -19.501598
vn -0.332200 0.008000 -0.943200
vt 0.358473986 0.511712015
vn -0.332200 0.008000 -0.943200
vt 0.358287990 0.511564016
vn -0.332200 0.008000 -0.943200
vt 0.358357996 0.511901975
vn -0.332200 0.008000 -0.943200
vt 0.358287990 0.511564016
vn -0.332200 0.008000 -0.943200
vt 0.358125001 0.511638999
vn 0.620400 -0.458200 -0.636500
vt 0.359025002 0.511543989
vn 0.620400 -0.458200 -0.636500
vt 0.358830988 0.511512995
vn 0.620400 -0.458200 -0.636500
vt 0.358877987 0.511560023
vn 0.620400 -0.458200 -0.636500
vt 0.359025002 0.511543989
vn 0.620400 -0.458200 -0.636500
vt 0.358877987 0.511560023
vn 0.620400 -0.458200 -0.636500
vt 0.359044999 0.511611998
vn -0.193100 0.102600 -0.975800
vt 0.019569000 0.903196990
vn -0.193100 0.102600 -0.975800
vt 0.021295000 0.894973993
vn -0.193100 0.102600 -0.975800
vt 0.019895000 0.894629002
vn -0.193100 0.102600 -0.975800
vt 0.019569000 0.903196990
vn -0.193100 0.102600 -0.975800
vt 0.019895000 0.894629002
vn -0.193100 0.102600 -0.975800
vt 0.017508000 0.902936995
vn -0.346500 -0.070900 0.935400
vt 0.358848989 0.511072993
vn -0.346500 -0.070900 0.935400
vt 0.358702987 0.511255026
vn -0.346500 -0.070900 0.935400
vt 0.358859986 0.511453986
vn -0.346500 -0.070900 0.935400
vt 0.358848989 0.511072993
vn -0.346500 -0.070900 0.935400
vt 0.358859986 0.511453986
vn -0.346500 -0.070900 0.935400
vt 0.359039009 0.511430025
vn 0.326300 0.018200 -0.945100
vt 0.359041005 0.511673987
vn 0.326300 0.018200 -0.945100
vt 0.358902991 0.511592984
vn 0.326300 0.018200 -0.945100
vt 0.358682990 0.511726022
vn 0.326300 0.018200 -0.945100
vt 0.359041005 0.511673987
vn 0.326300 0.018200 -0.945100
vt 0.358682990 0.511726022
vn 0.326300 0.018200 -0.945100
vt 0.358765990 0.511920989
vn 0.319300 -0.459000 -0.829100
vt 0.358902991 0.511592984
v 2.039982 28.643138 -17.926235
vn 0.319300 -0.459000 -0.829100
vt 0.358669013 0.511491001
v 0.932988 28.308162 -18.437789
vn 0.319300 -0.459000 -0.829100
vt 0.358622998 0.511534989
vn 0.319300 -0.459000 -0.829100
vt 0.358902991 0.511592984
vn 0.319300 -0.459000 -0.829100
vt 0.358622998 0.511534989
vn 0.319300 -0.459000 -0.829100
vt 0.358682990 0.511726022
v -1.794733 28.726275 -17.584781
vn -0.990500 -0.111100 0.081300
vt 0.358534992 0.511475027
v -1.634542 28.367652 -16.123917
vn -0.990500 -0.111100 0.081300
vt 0.358570993 0.511467993
v -1.629603 28.539683 -15.828855
vn -0.990500 -0.111100 0.081300
vt 0.358572006 0.511465013
vn -0.990500 -0.111100 0.081300
vt 0.358534992 0.511475027
vn -0.990500 -0.111100 0.081300
vt 0.358572006 0.511465013
v -1.789794 28.898305 -17.289718
vn -0.990500 -0.111100 0.081300
vt 0.358539999 0.511466026
vn -0.784400 0.600000 0.156800
vt 0.358859986 0.511453986
v 1.860251 28.851924 -17.595046
vn -0.784400 0.600000 0.156800
vt 0.358664989 0.511451006
v 1.865190 29.023955 -17.299983
vn -0.784400 0.600000 0.156800
vt 0.358658999 0.511461020
vn -0.784400 0.600000 0.156800
vt 0.358859986 0.511453986
vn -0.784400 0.600000 0.156800
vt 0.358658999 0.511461020
vn -0.784400 0.600000 0.156800
vt 0.358801007 0.511478007
vn 0.030700 -0.376100 -0.926100
vt 0.028122000 0.895102024
v 0.688837 28.268628 -18.491645
vn 0.030700 -0.376100 -0.926100
vt 0.027277000 0.882831991
v 0.079727 28.245053 -18.497154
vn 0.030700 -0.376100 -0.926100
vt 0.024658000 0.882797003
vn 0.030700 -0.376100 -0.926100
vt 0.028122000 0.895102024
vn 0.030700 -0.376100 -0.926100
vt 0.024658000 0.882797003
vn 0.030700 -0.376100 -0.926100
vt 0.024693999 0.895138025
vn 0.017400 0.486000 0.873800
vt 0.358491004 0.511255980
v -0.652042 28.512708 -18.033210
vn 0.017400 0.486000 0.873800
vt 0.358563989 0.511404991
v 0.086325 28.510222 -18.079860
vn 0.017400 0.486000 0.873800
vt 0.358595997 0.511398017
vn 0.017400 0.486000 0.873800
vt 0.358491004 0.511255980
vn 0.017400 0.486000 0.873800
vt 0.358595997 0.511398017
vn 0.017400 0.486000 0.873800
vt 0.358595997 0.511234999
vn 0.768300 0.626000 0.133700
vt 0.358404011 0.511465013
v -1.606164 28.960488 -17.209678
vn 0.768300 0.626000 0.133700
vt 0.358543009 0.511458993
v -1.611103 28.788457 -17.504741
vn 0.768300 0.626000 0.133700
vt 0.358538002 0.511449993
vn 0.768300 0.626000 0.133700
vt 0.358404011 0.511465013
vn 0.768300 0.626000 0.133700
vt 0.358538002 0.511449993
vn 0.768300 0.626000 0.133700
vt 0.358348012 0.511443019
vn 0.266300 0.615400 0.741900
vt 0.358348012 0.511443019
vn 0.266300 0.615400 0.741900
vt 0.358538002 0.511449993
vn 0.266300 0.615400 0.741900
vt 0.358563989 0.511404991
vn 0.266300 0.615400 0.741900
vt 0.358348012 0.511443019
vn 0.266300 0.615400 0.741900
vt 0.358563989 0.511404991
vn 0.266300 0.615400 0.741900
vt 0.358491004 0.511255980
vn -0.031200 0.472700 0.880700
vt 0.358595997 0.511234999
vn -0.031200 0.472700 0.880700
vt 0.358595997 0.511398017
v 0.825585 28.538833 -18.073177
vn -0.031200 0.472700 0.880700
vt 0.358630002 0.511400998
vn -0.031200 0.472700 0.880700
vt 0.358595997 0.511234999
vn -0.031200 0.472700 0.880700
vt 0.358630002 0.511400998
vn -0.031200 0.472700 0.880700
vt 0.358702987 0.511255026
vn -0.805600 -0.579700 -0.122000
vt 0.358319998 0.511537015
vn -0.805600 -0.579700 -0.122000
vt 0.358534992 0.511475027
vn -0.805600 -0.579700 -0.122000
vt 0.358539999 0.511466026
vn -0.805600 -0.579700 -0.122000
vt 0.358319998 0.511537015
vn -0.805600 -0.579700 -0.122000
vt 0.358539999 0.511466026
vn -0.805600 -0.579700 -0.122000
vt 0.358374000 0.511497974
vn -0.920300 -0.386500 -0.060100
vt 0.921099007 0.190577999
v -1.798490 28.575269 -17.822418
vn -0.920300 -0.386500 -0.060100
vt 0.917879999 0.188583001
vn -0.920300 -0.386500 -0.060100
vt 0.917563021 0.189006001
vn -0.920300 -0.386500 -0.060100
vt 0.921099007 0.190577999
vn -0.920300 -0.386500 -0.060100
vt 0.917563021 0.189006001
vn -0.920300 -0.386500 -0.060100
vt 0.920453012 0.190404996
vn -0.180200 -0.405100 -0.896300
vt 0.021295000 0.894973993
v -0.528647 28.247100 -18.458717
vn -0.180200 -0.405100 -0.896300
vt 0.022035001 0.882713020
v -0.769252 28.279342 -18.389553
vn -0.180200 -0.405100 -0.896300
vt 0.020933000 0.882596016
vn -0.180200 -0.405100 -0.896300
vt 0.021295000 0.894973993
vn -0.180200 -0.405100 -0.896300
vt 0.020933000 0.882596016
vn -0.180200 -0.405100 -0.896300
vt 0.019895000 0.894629002
vn 0.819300 -0.554300 -0.146600
vt 0.358830988 0.511512995
v 2.048679 28.966176 -17.393539
vn 0.819300 -0.554300 -0.146600
vt 0.358662009 0.511470020
v 2.043740 28.794145 -17.688602
vn 0.819300 -0.554300 -0.146600
vt 0.358666986 0.511480987
vn 0.819300 -0.554300 -0.146600
vt 0.358830988 0.511512995
vn 0.819300 -0.554300 -0.146600
vt 0.358666986 0.511480987
vn 0.819300 -0.554300 -0.146600
vt 0.358877987 0.511560023
vn -0.285800 0.569200 0.770900
vt 0.358702987 0.511255026
vn -0.285800 0.569200 0.770900
vt 0.358630002 0.511400998
vn -0.285800 0.569200 0.770900
vt 0.358664989 0.511451006
vn -0.285800 0.569200 0.770900
vt 0.358702987 0.511255026
vn -0.285800 0.569200 0.770900
vt 0.358664989 0.511451006
vn -0.285800 0.569200 0.770900
vt 0.358859986 0.511453986
vn 0.183300 -0.382300 -0.905700
vt 0.029542999 0.894820988
vn 0.183300 -0.382300 -0.905700
vt 0.028376000 0.882777989
vn 0.183300 -0.382300 -0.905700
vt 0.027277000 0.882831991
vn 0.183300 -0.382300 -0.905700
vt 0.029542999 0.894820988
vn 0.183300 -0.382300 -0.905700
vt 0.027277000 0.882831991
vn 0.183300 -0.382300 -0.905700
vt 0.028122000 0.895102024
vn 0.918500 -0.384700 -0.091500
vt 0.883235991 0.236309007
vn 0.918500 -0.384700 -0.091500
vt 0.881146014 0.233963996
vn 0.918500 -0.384700 -0.091500
vt 0.880782008 0.234347001
vn 0.918500 -0.384700 -0.091500
vt 0.883235991 0.236309007
vn 0.918500 -0.384700 -0.091500
vt 0.880782008 0.234347001
vn 0.918500 -0.384700 -0.091500
vt 0.883521974 0.236913994
vn -0.022500 -0.385100 -0.922600
vt 0.024693999 0.895138025
vn -0.022500 -0.385100 -0.922600
vt 0.024658000 0.882797003
vn -0.022500 -0.385100 -0.922600
vt 0.022035001 0.882713020
vn -0.022500 -0.385100 -0.922600
vt 0.024693999 0.895138025
vn -0.022500 -0.385100 -0.922600
vt 0.022035001 0.882713020
vn -0.022500 -0.385100 -0.922600
vt 0.021295000 0.894973993
vn -0.199200 0.816600 0.541800
vt 0.358374000 0.511497974
vn -0.199200 0.816600 0.541800
vt 0.358539999 0.511466026
vn -0.199200 0.816600 0.541800
vt 0.358543009 0.511458993
vn -0.199200 0.816600 0.541800
vt 0.358374000 0.511497974
vn -0.199200 0.816600 0.541800
vt 0.358543009 0.511458993
vn -0.199200 0.816600 0.541800
vt 0.358404011 0.511465013
vn -0.311200 -0.504400 -0.805400
vt 0.358473986 0.511712015
vn -0.311200 -0.504400 -0.805400
vt 0.358559012 0.511525989
vn -0.311200 -0.504400 -0.805400
vt 0.358532995 0.511483014
vn -0.311200 -0.504400 -0.805400
vt 0.358473986 0.511712015
vn -0.311200 -0.504400 -0.805400
vt 0.358532995 0.511483014
vn -0.311200 -0.504400 -0.805400
vt 0.358287990 0.511564016
vn 0.225900 0.732300 0.642400
vt 0.358801007 0.511478007
vn 0.225900 0.732300 0.642400
vt 0.358658999 0.511461020
vn 0.225900 0.732300 0.642400
vt 0.358662009 0.511470020
vn 0.225900 0.732300 0.642400
vt 0.358801007 0.511478007
vn 0.225900 0.732300 0.642400
vt 0.358662009 0.511470020
vn 0.225900 0.732300 0.642400
vt 0.358830988 0.511512995
v 0.849027 27.910005 -17.030780
vn 0.029400 -0.845100 0.533800
vt 0.068662003 1.000000000
v 1.093179 27.949538 -16.976924
vn 0.029400 -0.845100 0.533800
vt 0.091113999 1.000000000
v 2.200173 28.284516 -16.465371
vn 0.029400 -0.845100 0.533800
vt 0.166666999 1.000000000
vn 0.029400 -0.845100 0.533800
vt 0.068662003 1.000000000
vn 0.029400 -0.845100 0.533800
vt 0.166666999 1.000000000
v 2.203931 28.435521 -16.227737
vn 0.029400 -0.845100 0.533800
vt 0.166666999 1.000000000
vn 0.029400 -0.845100 0.533800
vt 0.068662003 1.000000000
vn 0.029400 -0.845100 0.533800
vt 0.166666999 1.000000000
v 2.208870 28.607553 -15.932672
vn 0.029400 -0.845100 0.533800
vt 0.166666999 1.000000000
vn 0.029400 -0.845100 0.533800
vt 0.068662003 1.000000000
vn 0.029400 -0.845100 0.533800
vt 0.166666999 1.000000000
v 2.025380 28.665334 -15.839120
vn 0.029400 -0.845100 0.533800
vt 0.153950006 1.000000000
vn 0.029400 -0.845100 0.533800
vt 0.068662003 1.000000000
vn 0.029400 -0.845100 0.533800
vt 0.153950006 1.000000000
v 2.020442 28.493302 -16.134182
vn 0.029400 -0.845100 0.533800
vt 0.153950006 1.000000000
vn 0.029400 -0.845100 0.533800
vt 0.068662003 1.000000000
vn 0.029400 -0.845100 0.533800
vt 0.153950006 1.000000000
v 0.985776 28.180211 -16.612313
vn 0.029400 -0.845100 0.533800
vt 0.083333001 1.000000000
vn 0.029400 -0.845100 0.533800
vt 0.068662003 1.000000000
vn 0.029400 -0.845100 0.533800
vt 0.083333001 1.000000000
v 0.246516 28.151601 -16.618996
vn 0.029400 -0.845100 0.533800
vt 0.000000000 1.000000000
vn 0.029400 -0.845100 0.533800
vt 0.068662003 1.000000000
vn 0.029400 -0.845100 0.533800
vt 0.000000000 1.000000000
v -0.491851 28.154084 -16.572346
vn 0.029400 -0.845100 0.533800
vt 0.916666985 1.000000000
vn 0.029400 -0.845100 0.533800
vt 0.068662003 1.000000000
vn 0.029400 -0.845100 0.533800
vt 0.916666985 1.000000000
v -1.450912 28.429835 -16.043877
vn 0.029400 -0.845100 0.533800
vt 0.846551001 1.000000000
vn 0.029400 -0.845100 0.533800
vt 0.068662003 1.000000000
vn 0.029400 -0.845100 0.533800
vt 0.846551001 1.000000000
v -1.445973 28.601867 -15.748809
vn 0.029400 -0.845100 0.533800
vt 0.846551001 1.000000000
vn 0.029400 -0.845100 0.533800
vt 0.068662003 1.000000000
vn 0.029400 -0.845100 0.533800
vt 0.846551001 1.000000000
vn 0.029400 -0.845100 0.533800
vt 0.833333015 1.000000000
vn 0.029400 -0.845100 0.533800
vt 0.068662003 1.000000000
vn 0.029400 -0.845100 0.533800
vt 0.833333015 1.000000000
vn 0.029400 -0.845100 0.533800
vt 0.833333015 1.000000000
vn 0.029400 -0.845100 0.533800
vt 0.068662003 1.000000000
vn 0.029400 -0.845100 0.533800
vt 0.833333015 1.000000000
v -1.638299 28.216647 -16.361549
vn 0.029400 -0.845100 0.533800
vt 0.833333015 1.000000000
vn 0.029400 -0.845100 0.533800
vt 0.068662003 1.000000000
vn 0.029400 -0.845100 0.533800
vt 0.833333015 1.000000000
v -0.609061 27.920718 -16.928687
vn 0.029400 -0.845100 0.533800
vt 0.908580005 1.000000000
vn 0.029400 -0.845100 0.533800
vt 0.068662003 1.000000000
vn 0.029400 -0.845100 0.533800
vt 0.908580005 1.000000000
v -0.368456 27.888478 -16.997852
vn 0.029400 -0.845100 0.533800
vt 0.931338012 1.000000000
vn 0.029400 -0.845100 0.533800
vt 0.068662003 1.000000000
vn 0.029400 -0.845100 0.533800
vt 0.931338012 1.000000000
v 0.239917 27.886432 -17.036289
vn 0.029400 -0.845100 0.533800
vt 1.000000000 1.000000000
vn -0.991000 -0.105600 0.082800
vt 0.917879999 0.188583001
vn -0.991000 -0.105600 0.082800
vt 0.915058970 0.188913003
vn -0.991000 -0.105600 0.082800
vt 0.914740980 0.189336002
vn -0.991000 -0.105600 0.082800
vt 0.917879999 0.188583001
vn -0.991000 -0.105600 0.082800
vt 0.914740980 0.189336002
vn -0.991000 -0.105600 0.082800
vt 0.917563021 0.189006001
vn -0.190000 -0.958100 -0.214400
vt 0.022035001 0.882713020
vn -0.190000 -0.958100 -0.214400
vt 0.021807000 0.876034975
vn -0.190000 -0.958100 -0.214400
vt 0.020694001 0.875802994
vn -0.190000 -0.958100 -0.214400
vt 0.022035001 0.882713020
vn -0.190000 -0.958100 -0.214400
vt 0.020694001 0.875802994
vn -0.190000 -0.958100 -0.214400
vt 0.020933000 0.882596016
vn 0.990500 0.111100 -0.081300
vt 0.358662009 0.511470020
vn 0.990500 0.111100 -0.081300
vt 0.358624011 0.511466980
vn 0.990500 0.111100 -0.081300
vt 0.358626008 0.511470973
vn 0.990500 0.111100 -0.081300
vt 0.358662009 0.511470020
vn 0.990500 0.111100 -0.081300
vt 0.358626008 0.511470973
vn 0.990500 0.111100 -0.081300
vt 0.358666986 0.511480987
vn -0.387600 0.884500 0.259600
vt 0.358630002 0.511400998
vn -0.387600 0.884500 0.259600
vt 0.358615011 0.511448026
vn -0.387600 0.884500 0.259600
vt 0.358624995 0.511460006
vn -0.387600 0.884500 0.259600
vt 0.358630002 0.511400998
vn -0.387600 0.884500 0.259600
vt 0.358624995 0.511460006
vn -0.387600 0.884500 0.259600
vt 0.358664989 0.511451006
vn 0.209100 -0.944200 -0.254700
vt 0.028376000 0.882777989
vn 0.209100 -0.944200 -0.254700
vt 0.028571000 0.876058996
vn 0.209100 -0.944200 -0.254700
vt 0.027447000 0.876214981
vn 0.209100 -0.944200 -0.254700
vt 0.028376000 0.882777989
vn 0.209100 -0.944200 -0.254700
vt 0.027447000 0.876214981
vn 0.209100 -0.944200 -0.254700
vt 0.027277000 0.882831991
vn 0.991000 0.105600 -0.082700
vt 0.881146014 0.233963996
vn 0.991000 0.105600 -0.082700
vt 0.881002009 0.231126994
vn 0.991000 0.105600 -0.082700
vt 0.880638003 0.231509998
vn 0.991000 0.105600 -0.082700
vt 0.881146014 0.233963996
vn 0.991000 0.105600 -0.082700
vt 0.880638003 0.231509998
vn 0.991000 0.105600 -0.082700
vt 0.880782008 0.234347001
vn -0.018200 -0.971500 -0.236500
vt 0.024658000 0.882797003
vn -0.018200 -0.971500 -0.236500
vt 0.024610000 0.876161993
vn -0.018200 -0.971500 -0.236500
vt 0.021807000 0.876034975
vn -0.018200 -0.971500 -0.236500
vt 0.024658000 0.882797003
vn -0.018200 -0.971500 -0.236500
vt 0.021807000 0.876034975
vn -0.018200 -0.971500 -0.236500
vt 0.022035001 0.882713020
vn -0.409300 0.874700 0.259600
vt 0.358539999 0.511466026
vn -0.409300 0.874700 0.259600
vt 0.358572006 0.511465013
vn -0.409300 0.874700 0.259600
vt 0.358574003 0.511462986
vn -0.409300 0.874700 0.259600
vt 0.358539999 0.511466026
vn -0.409300 0.874700 0.259600
vt 0.358574003 0.511462986
vn -0.409300 0.874700 0.259600
vt 0.358543009 0.511458993
vn -0.364000 -0.913000 -0.184200
vt 0.358559012 0.511525989
vn -0.364000 -0.913000 -0.184200
vt 0.358581007 0.511485994
vn -0.364000 -0.913000 -0.184200
vt 0.358568996 0.511471987
vn -0.364000 -0.913000 -0.184200
vt 0.358559012 0.511525989
vn -0.364000 -0.913000 -0.184200
vt 0.358568996 0.511471987
vn -0.364000 -0.913000 -0.184200
vt 0.358532995 0.511483014
vn 0.378300 0.907700 0.181400
vt 0.358658999 0.511461020
vn 0.378300 0.907700 0.181400
vt 0.358622998 0.511465013
vn 0.378300 0.907700 0.181400
vt 0.358624011 0.511466980
vn 0.378300 0.907700 0.181400
vt 0.358658999 0.511461020
vn 0.378300 0.907700 0.181400
vt 0.358624011 0.511466980
vn 0.378300 0.907700 0.181400
vt 0.358662009 0.511470020
vn 0.387600 -0.884500 -0.259600
vt 0.358669013 0.511491001
vn 0.387600 -0.884500 -0.259600
vt 0.358628005 0.511475027
vn 0.387600 -0.884500 -0.259600
vt 0.358615994 0.511489987
vn 0.387600 -0.884500 -0.259600
vt 0.358669013 0.511491001
vn 0.387600 -0.884500 -0.259600
vt 0.358615994 0.511489987
vn 0.387600 -0.884500 -0.259600
vt 0.358622998 0.511534989
vn -0.990500 -0.111100 0.081300
vt 0.358664989 0.511451006
vn -0.990500 -0.111100 0.081300
vt 0.358624995 0.511460006
vn -0.990500 -0.111100 0.081300
vt 0.358622998 0.511465013
vn -0.990500 -0.111100 0.081300
vt 0.358664989 0.511451006
vn -0.990500 -0.111100 0.081300
vt 0.358622998 0.511465013
vn -0.990500 -0.111100 0.081300
vt 0.358658999 0.511461020
vn 0.039700 -0.969400 -0.242300
vt 0.027277000 0.882831991
vn 0.039700 -0.969400 -0.242300
vt 0.027447000 0.876214981
vn 0.039700 -0.969400 -0.242300
vt 0.024610000 0.876161993
vn 0.039700 -0.969400 -0.242300
vt 0.027277000 0.882831991
vn 0.039700 -0.969400 -0.242300
vt 0.024610000 0.876161993
vn 0.039700 -0.969400 -0.242300
vt 0.024658000 0.882797003
vn 0.018200 0.971500 0.236500
vt 0.358563989 0.511404991
vn 0.018200 0.971500 0.236500
vt 0.358586013 0.511448979
vn 0.018200 0.971500 0.236500
vt 0.358601004 0.511447012
vn 0.018200 0.971500 0.236500
vt 0.358563989 0.511404991
vn 0.018200 0.971500 0.236500
vt 0.358601004 0.511447012
vn 0.018200 0.971500 0.236500
vt 0.358595997 0.511398017
vn 0.990500 0.111100 -0.081300
vt 0.358543009 0.511458993
vn 0.990500 0.111100 -0.081300
vt 0.358574003 0.511462986
vn 0.990500 0.111100 -0.081300
vt 0.358572990 0.511460006
vn 0.990500 0.111100 -0.081300
vt 0.358543009 0.511458993
vn 0.990500 0.111100 -0.081300
vt 0.358572990 0.511460006
vn 0.990500 0.111100 -0.081300
vt 0.358538002 0.511449993
vn 0.364000 0.913000 0.184200
vt 0.358538002 0.511449993
vn 0.364000 0.913000 0.184200
vt 0.358572990 0.511460006
vn 0.364000 0.913000 0.184200
vt 0.358586013 0.511448979
vn 0.364000 0.913000 0.184200
vt 0.358538002 0.511449993
vn 0.364000 0.913000 0.184200
vt 0.358586013 0.511448979
vn 0.364000 0.913000 0.184200
vt 0.358563989 0.511404991
vn -0.039700 0.969400 0.242300
vt 0.358595997 0.511398017
vn -0.039700 0.969400 0.242300
vt 0.358601004 0.511447012
vn -0.039700 0.969400 0.242300
vt 0.358615011 0.511448026
vn -0.039700 0.969400 0.242300
vt 0.358595997 0.511398017
vn -0.039700 0.969400 0.242300
vt 0.358615011 0.511448026
vn -0.039700 0.969400 0.242300
vt 0.358630002 0.511400998
v -1.506768 33.793983 -14.809169
vn 0.038200 -0.998800 0.031900
vt 0.356833011 0.509010971
vn 0.038200 -0.998800 0.031900
vt 0.357751995 0.510137975
vn 0.038200 -0.998800 0.031900
vt 0.358612001 0.509809971
vn 0.038200 -0.998800 0.031900
vt 0.356833011 0.509010971
vn 0.038200 -0.998800 0.031900
vt 0.358612001 0.509809971
v -0.002347 33.851562 -14.809169
vn 0.038200 -0.998800 0.031900
vt 0.358628988 0.508361995
v -4.160902 33.194196 -14.824351
vn -1.000000 0.000000 -0.000400
vt 0.356970012 0.512458980
vn -1.000000 0.000000 -0.000400
vt 0.357477009 0.511946976
vn -1.000000 0.000000 -0.000400
vt 0.357434988 0.511718988
vn -1.000000 0.000000 -0.000400
vt 0.356970012 0.512458980
vn -1.000000 0.000000 -0.000400
vt 0.357434988 0.511718988
v -4.160902 32.557055 -14.824351
vn -1.000000 0.000000 -0.000400
vt 0.356646001 0.512181997
v 1.237216 34.725715 -14.844431
vn 0.038200 0.998800 -0.031900
vt 0.030362001 0.925625026
vn 0.038200 0.998800 -0.031900
vt 0.030143000 0.918654025
vn 0.038200 0.998800 -0.031900
vt 0.024622999 0.918787003
vn 0.038200 0.998800 -0.031900
vt 0.030362001 0.925625026
vn 0.038200 0.998800 -0.031900
vt 0.024622999 0.918787003
v -0.002347 34.773162 -14.844431
vn 0.038200 0.998800 -0.031900
vt 0.024681000 0.925701976
v 3.591690 32.356988 -14.809169
vn 0.276900 -0.938100 0.208200
vt 0.360962003 0.511834979
vn 0.276900 -0.938100 0.208200
vt 0.359744996 0.511523008
vn 0.276900 -0.938100 0.208200
vt 0.359723985 0.511804998
vn 0.276900 -0.938100 0.208200
vt 0.360962003 0.511834979
vn 0.276900 -0.938100 0.208200
vt 0.359723985 0.511804998
v 4.280747 32.557048 -14.824351
vn 0.276900 -0.938100 0.208200
vt 0.360478997 0.512324989
vn -0.038200 0.998800 -0.031900
vt 0.024681000 0.925701976
vn -0.038200 0.998800 -0.031900
vt 0.024622999 0.918787003
vn -0.038200 0.998800 -0.031900
vt 0.019105000 0.918753982
vn -0.038200 0.998800 -0.031900
vt 0.024681000 0.925701976
vn -0.038200 0.998800 -0.031900
vt 0.019105000 0.918753982
v -1.241907 34.725715 -14.844431
vn -0.038200 0.998800 -0.031900
vt 0.018999999 0.925723016
v -4.160902 33.426505 -14.844431
vn -1.000000 0.000000 -0.000400
vt 0.917455971 0.201113001
vn -1.000000 0.000000 -0.000400
vt 0.919807017 0.199423999
vn -1.000000 0.000000 -0.000400
vt 0.919225991 0.198626995
vn -1.000000 0.000000 -0.000400
vt 0.917455971 0.201113001
vn -1.000000 0.000000 -0.000400
vt 0.919225991 0.198626995
vn -1.000000 0.000000 -0.000400
vt 0.917182028 0.200772002
vn -0.264900 0.963800 -0.030900
vt 0.018999999 0.925723016
vn -0.264900 0.963800 -0.030900
vt 0.019105000 0.918753982
vn -0.264900 0.963800 -0.030900
vt 0.016793000 0.918578982
vn -0.264900 0.963800 -0.030900
vt 0.018999999 0.925723016
vn -0.264900 0.963800 -0.030900
vt 0.016793000 0.918578982
v -1.733979 34.590484 -14.844431
vn -0.264900 0.963800 -0.030900
vt 0.016634000 0.925700009
v -3.476795 32.709350 -14.809169
vn 0.482100 -0.875700 0.028100
vt 0.356088012 0.511323988
vn 0.482100 -0.875700 0.028100
vt 0.357340991 0.511157990
vn 0.482100 -0.875700 0.028100
vt 0.357751995 0.510137975
vn 0.482100 -0.875700 0.028100
vt 0.356088012 0.511323988
vn 0.482100 -0.875700 0.028100
vt 0.357751995 0.510137975
vn 0.482100 -0.875700 0.028100
vt 0.356833011 0.509010971
vn -0.038200 -0.998800 0.031900
vt 0.358628988 0.508361995
vn -0.038200 -0.998800 0.031900
vt 0.358612001 0.509809971
vn -0.038200 -0.998800 0.031900
vt 0.359467000 0.510161996
vn -0.038200 -0.998800 0.031900
vt 0.358628988 0.508361995
vn -0.038200 -0.998800 0.031900
vt 0.359467000 0.510161996
v 1.502076 33.793983 -14.809169
vn -0.038200 -0.998800 0.031900
vt 0.360421002 0.509048998
v -3.476795 32.364732 -14.809169
vn 1.000000 0.000000 0.000400
vt 0.356207013 0.511668980
vn 1.000000 0.000000 0.000400
vt 0.357432991 0.511440992
vn 1.000000 0.000000 0.000400
vt 0.357340991 0.511157990
vn 1.000000 0.000000 0.000400
vt 0.356207013 0.511668980
vn 1.000000 0.000000 0.000400
vt 0.357340991 0.511157990
vn 1.000000 0.000000 0.000400
vt 0.356088012 0.511323988
vn 1.000000 0.000000 0.000400
vt 0.360478997 0.512324989
vn 1.000000 0.000000 0.000400
vt 0.359723985 0.511804998
vn 1.000000 0.000000 0.000400
vt 0.359665990 0.512030005
vn 1.000000 0.000000 0.000400
vt 0.360478997 0.512324989
vn 1.000000 0.000000 0.000400
vt 0.359665990 0.512030005
v 4.280747 33.194188 -14.824351
vn 1.000000 0.000000 0.000400
vt 0.360134989 0.512579978
v 3.591690 32.701613 -14.809169
vn -1.000000 0.000000 -0.000400
vt 0.361104012 0.511494994
vn -1.000000 0.000000 -0.000400
vt 0.359856009 0.511246026
vn -1.000000 0.000000 -0.000400
vt 0.359744996 0.511523008
vn -1.000000 0.000000 -0.000400
vt 0.361104012 0.511494994
vn -1.000000 0.000000 -0.000400
vt 0.359744996 0.511523008
vn -1.000000 0.000000 -0.000400
vt 0.360962003 0.511834979
v 1.732313 34.595222 -14.844431
vn 0.254700 0.966500 -0.030800
vt 0.032735001 0.925562024
vn 0.254700 0.966500 -0.030800
vt 0.032460999 0.918443024
vn 0.254700 0.966500 -0.030800
vt 0.030143000 0.918654025
vn 0.254700 0.966500 -0.030800
vt 0.032735001 0.925562024
vn 0.254700 0.966500 -0.030800
vt 0.030143000 0.918654025
vn 0.254700 0.966500 -0.030800
vt 0.030362001 0.925625026
vn -0.463100 -0.885900 0.028100
vt 0.360421002 0.509048998
vn -0.463100 -0.885900 0.028100
vt 0.359467000 0.510161996
vn -0.463100 -0.885900 0.028100
vt 0.359856009 0.511246026
vn -0.463100 -0.885900 0.028100
vt 0.360421002 0.509048998
vn -0.463100 -0.885900 0.028100
vt 0.359856009 0.511246026
vn -0.463100 -0.885900 0.028100
vt 0.361104012 0.511494994
vn -0.432300 0.901300 -0.028900
vt 0.358051002 0.512858987
vn -0.432300 0.901300 -0.028900
vt 0.358150005 0.512476027
vn -0.432300 0.901300 -0.028900
vt 0.357544988 0.512097001
vn -0.432300 0.901300 -0.028900
vt 0.358051002 0.512858987
vn -0.432300 0.901300 -0.028900
vt 0.357544988 0.512097001
vn -0.432300 0.901300 -0.028900
vt 0.357080996 0.512521982
vn -0.269000 -0.940300 0.208500
vt 0.356646001 0.512181997
vn -0.269000 -0.940300 0.208500
vt 0.357434988 0.511718988
vn -0.269000 -0.940300 0.208500
vt 0.357432991 0.511440992
vn -0.269000 -0.940300 0.208500
vt 0.356646001 0.512181997
vn -0.269000 -0.940300 0.208500
vt 0.357432991 0.511440992
vn -0.269000 -0.940300 0.208500
vt 0.356207013 0.511668980
vn 1.000000 0.000000 0.000400
vt 0.892359018 0.231096998
vn 1.000000 0.000000 0.000400
vt 0.890661001 0.233526006
vn 1.000000 0.000000 0.000400
vt 0.891556978 0.233936995
vn 1.000000 0.000000 0.000400
vt 0.892359018 0.231096998
vn 1.000000 0.000000 0.000400
vt 0.891556978 0.233936995
v 4.280747 33.426497 -14.844431
vn 1.000000 0.000000 0.000400
vt 0.892747998 0.231298998
vn 0.416700 0.908600 -0.028800
vt 0.360020012 0.512634993
vn 0.416700 0.908600 -0.028800
vt 0.359586000 0.512175024
vn 0.416700 0.908600 -0.028800
vt 0.358918995 0.512511015
vn 0.416700 0.908600 -0.028800
vt 0.360020012 0.512634993
vn 0.416700 0.908600 -0.028800
vt 0.358918995 0.512511015
vn 0.416700 0.908600 -0.028800
vt 0.358983010 0.512898982
vn -0.027200 0.483400 0.875000
vt 0.899617016 0.211667001
vn -0.027200 0.483400 0.875000
vt 0.900102973 0.212074995
vn -0.027200 0.483400 0.875000
vt 0.901162982 0.210639000
vn -0.027200 0.483400 0.875000
vt 0.899617016 0.211667001
vn -0.027200 0.483400 0.875000
vt 0.901162982 0.210639000
vn -0.027200 0.483400 0.875000
vt 0.900633991 0.210286006
vn 0.058500 -0.997300 0.044500
vt 0.019440999 0.971926987
vn 0.058500 -0.997300 0.044500
vt 0.019726001 0.977495015
vn 0.058500 -0.997300 0.044500
vt 0.025024001 0.977428973
vn 0.058500 -0.997300 0.044500
vt 0.019440999 0.971926987
vn 0.058500 -0.997300 0.044500
vt 0.025024001 0.977428973
vn 0.058500 -0.997300 0.044500
vt 0.025095999 0.971782982
vn 0.167400 0.465200 0.869200
vt 0.897922993 0.213286996
vn 0.167400 0.465200 0.869200
vt 0.898289025 0.213797003
vn 0.167400 0.465200 0.869200
vt 0.898900986 0.213395000
vn 0.167400 0.465200 0.869200
vt 0.897922993 0.213286996
vn 0.167400 0.465200 0.869200
vt 0.898900986 0.213395000
vn 0.167400 0.465200 0.869200
vt 0.898459017 0.212935999
vn -0.175000 0.467000 0.866800
vt 0.900633991 0.210286006
vn -0.175000 0.467000 0.866800
vt 0.901162982 0.210639000
vn -0.175000 0.467000 0.866800
vt 0.901430011 0.209958002
vn -0.175000 0.467000 0.866800
vt 0.900633991 0.210286006
vn -0.175000 0.467000 0.866800
vt 0.901430011 0.209958002
vn -0.175000 0.467000 0.866800
vt 0.900865018 0.209693998
vn -0.058500 -0.997200 0.046200
vt 0.025095999 0.971782982
vn -0.058500 -0.997200 0.046200
vt 0.025024001 0.977428973
vn -0.058500 -0.997200 0.046200
vt 0.030325999 0.977487028
vn -0.058500 -0.997200 0.046200
vt 0.025095999 0.971782982
vn -0.058500 -0.997200 0.046200
vt 0.030325999 0.977487028
vn -0.058500 -0.997200 0.046200
vt 0.030750999 0.971913993
vn 0.469800 0.000000 0.882800
vt 0.907012999 0.223739997
vn 0.469800 0.000000 0.882800
vt 0.897844970 0.224552006
vn 0.469800 0.000000 0.882800
vt 0.897844970 0.241523996
vn 0.469800 0.000000 0.882800
vt 0.907012999 0.223739997
vn 0.469800 0.000000 0.882800
vt 0.897844970 0.241523996
vn 0.469800 0.000000 0.882800
vt 0.907012999 0.238306001
vn -0.608100 0.115200 0.785500
vt 0.900865018 0.209693998
vn -0.608100 0.115200 0.785500
vt 0.901430011 0.209958002
vn -0.608100 0.115200 0.785500
vt 0.903187990 0.206007004
vn -0.608100 0.115200 0.785500
vt 0.900865018 0.209693998
vn -0.608100 0.115200 0.785500
vt 0.903187990 0.206007004
vn -0.608100 0.115200 0.785500
vt 0.902500987 0.206009001
vn 0.590900 0.070100 0.803700
vt 0.894632995 0.215552002
vn 0.590900 0.070100 0.803700
vt 0.894737005 0.216305003
vn 0.590900 0.070100 0.803700
vt 0.898289025 0.213797003
vn 0.590900 0.070100 0.803700
vt 0.894632995 0.215552002
vn 0.590900 0.070100 0.803700
vt 0.898289025 0.213797003
vn 0.590900 0.070100 0.803700
vt 0.897922993 0.213286996
vn 0.027200 0.482800 0.875300
vt 0.898459017 0.212935999
vn 0.027200 0.482800 0.875300
vt 0.898900986 0.213395000
vn 0.027200 0.482800 0.875300
vt 0.900102973 0.212074995
vn 0.027200 0.482800 0.875300
vt 0.898459017 0.212935999
vn 0.027200 0.482800 0.875300
vt 0.900102973 0.212074995
vn 0.027200 0.482800 0.875300
vt 0.899617016 0.211667001
vn 0.601200 -0.797400 0.051700
vt 0.358112007 0.514967978
vn 0.601200 -0.797400 0.051700
vt 0.358135998 0.515007019
vn 0.601200 -0.797400 0.051700
vt 0.358298004 0.515052021
vn 0.601200 -0.797400 0.051700
vt 0.358112007 0.514967978
vn 0.601200 -0.797400 0.051700
vt 0.358298004 0.515052021
vn 0.601200 -0.797400 0.051700
vt 0.358305007 0.514913023
vn -0.526300 0.033800 0.849600
vt 0.902500987 0.206009001
vn -0.526300 0.033800 0.849600
vt 0.903187990 0.206007004
vn -0.526300 0.033800 0.849600
vt 0.902607977 0.205210000
vn -0.526300 0.033800 0.849600
vt 0.902500987 0.206009001
vn -0.526300 0.033800 0.849600
vt 0.902607977 0.205210000
vn -0.526300 0.033800 0.849600
vt 0.902015984 0.205346003
vn -0.574900 -0.815600 0.065400
vt 0.358568996 0.514928997
vn -0.574900 -0.815600 0.065400
vt 0.358590007 0.515062988
vn -0.574900 -0.815600 0.065400
vt 0.358779013 0.515038013
vn -0.574900 -0.815600 0.065400
vt 0.358568996 0.514928997
vn -0.574900 -0.815600 0.065400
vt 0.358779013 0.515038013
vn -0.574900 -0.815600 0.065400
vt 0.358779997 0.515015006
vn 0.456700 0.035400 0.888900
vt 0.893890977 0.215211004
vn 0.456700 0.035400 0.888900
vt 0.893840015 0.215893999
vn 0.456700 0.035400 0.888900
vt 0.894737005 0.216305003
vn 0.456700 0.035400 0.888900
vt 0.893890977 0.215211004
vn 0.456700 0.035400 0.888900
vt 0.894737005 0.216305003
vn 0.456700 0.035400 0.888900
vt 0.894632995 0.215552002
vn -0.419500 -0.736000 0.531300
vt 0.889859021 0.223761007
vn -0.419500 -0.736000 0.531300
vt 0.897839010 0.224552006
vn -0.419500 -0.736000 0.531300
vt 0.889967024 0.217377007
vn -0.419500 -0.736000 0.531300
vt 0.889859021 0.223761007
vn -0.419500 -0.736000 0.531300
vt 0.889967024 0.217377007
vn -0.419500 -0.736000 0.531300
vt 0.889829993 0.221337005
vn 0.441200 -0.550700 0.708600
vt 0.908231974 0.222710997
vn 0.441200 -0.550700 0.708600
vt 0.904502988 0.218309999
vn 0.441200 -0.550700 0.708600
vt 0.897844970 0.224552006
vn 0.441200 -0.550700 0.708600
vt 0.908231974 0.222710997
vn 0.441200 -0.550700 0.708600
vt 0.897844970 0.224552006
vn 0.441200 -0.550700 0.708600
vt 0.907012999 0.223739997
vn -0.864200 -0.502600 0.023500
vt 0.358779997 0.515015006
vn -0.864200 -0.502600 0.023500
vt 0.358779013 0.515038013
vn -0.864200 -0.502600 0.023500
vt 0.358864993 0.515040994
vn -0.864200 -0.502600 0.023500
vt 0.358779997 0.515015006
vn -0.864200 -0.502600 0.023500
vt 0.358864993 0.515040994
vn -0.864200 -0.502600 0.023500
vt 0.358846992 0.515028000
vn -0.539900 -0.000100 0.841700
vt 0.889829993 0.238290995
vn -0.539900 -0.000100 0.841700
vt 0.897805989 0.241523996
vn -0.539900 -0.000100 0.841700
vt 0.897839010 0.224552006
vn -0.539900 -0.000100 0.841700
vt 0.889829993 0.238290995
vn -0.539900 -0.000100 0.841700
vt 0.897839010 0.224552006
vn -0.539900 -0.000100 0.841700
vt 0.889859021 0.223761007
vn 0.736200 -0.525300 0.426800
vt 0.358051986 0.514980018
vn 0.736200 -0.525300 0.426800
vt 0.358042985 0.515007019
vn 0.736200 -0.525300 0.426800
vt 0.358135998 0.515007019
vn 0.736200 -0.525300 0.426800
vt 0.358051986 0.514980018
vn 0.736200 -0.525300 0.426800
vt 0.358135998 0.515007019
vn 0.736200 -0.525300 0.426800
vt 0.358112007 0.514967978
vn 0.416700 0.908600 -0.028800
vt 0.360202998 0.513387024
vn 0.416700 0.908600 -0.028800
vt 0.360020012 0.512634993
vn 0.416700 0.908600 -0.028800
vt 0.358983010 0.512898982
vn 0.416700 0.908600 -0.028800
vt 0.360202998 0.513387024
vn 0.416700 0.908600 -0.028800
vt 0.358983010 0.512898982
vn 0.416700 0.908600 -0.028800
vt 0.358981013 0.513346016
vn 1.000000 0.000000 0.000400
vt 0.893055975 0.228216007
vn 1.000000 0.000000 0.000400
vt 0.892359018 0.231096998
vn 1.000000 0.000000 0.000400
vt 0.892747998 0.231298998
vn 1.000000 0.000000 0.000400
vt 0.893055975 0.228216007
vn 1.000000 0.000000 0.000400
vt 0.892747998 0.231298998
vn 1.000000 0.000000 0.000400
vt 0.893953025 0.228626996
vn -0.264600 -0.952900 -0.148400
vt 0.355879009 0.513462007
vn -0.264600 -0.952900 -0.148400
vt 0.356646001 0.512181997
vn -0.264600 -0.952900 -0.148400
vt 0.356207013 0.511668980
vn -0.264600 -0.952900 -0.148400
vt 0.355879009 0.513462007
vn -0.264600 -0.952900 -0.148400
vt 0.356207013 0.511668980
vn -0.264600 -0.952900 -0.148400
vt 0.354149997 0.513894022
vn -0.432300 0.901300 -0.028900
vt 0.358015001 0.513307989
vn -0.432300 0.901300 -0.028900
vt 0.358051002 0.512858987
vn -0.432300 0.901300 -0.028900
vt 0.357080996 0.512521982
vn -0.432300 0.901300 -0.028900
vt 0.358015001 0.513307989
vn -0.432300 0.901300 -0.028900
vt 0.357080996 0.512521982
vn -0.432300 0.901300 -0.028900
vt 0.356844991 0.513257980
vn -0.463100 -0.885900 0.028100
vt 0.362643987 0.506559014
vn -0.463100 -0.885900 0.028100
vt 0.360421002 0.509048998
vn -0.463100 -0.885900 0.028100
vt 0.361104012 0.511494994
vn -0.463100 -0.885900 0.028100
vt 0.362643987 0.506559014
vn -0.463100 -0.885900 0.028100
vt 0.361104012 0.511494994
vn -0.463100 -0.885900 0.028100
vt 0.364033997 0.512808025
vn 0.254700 0.966500 -0.030800
vt 0.032735001 0.932817996
vn 0.254700 0.966500 -0.030800
vt 0.032735001 0.925562024
vn 0.254700 0.966500 -0.030800
vt 0.030362001 0.925625026
vn 0.254700 0.966500 -0.030800
vt 0.032735001 0.932817996
vn 0.254700 0.966500 -0.030800
vt 0.030362001 0.925625026
vn 0.254700 0.966500 -0.030800
vt 0.030369001 0.932766974
vn -1.000000 0.000000 -0.000400
vt 0.364033997 0.512808025
vn -1.000000 0.000000 -0.000400
vt 0.361104012 0.511494994
vn -1.000000 0.000000 -0.000400
vt 0.360962003 0.511834979
vn -1.000000 0.000000 -0.000400
vt 0.364033997 0.512808025
vn -1.000000 0.000000 -0.000400
vt 0.360962003 0.511834979
vn -1.000000 0.000000 -0.000400
vt 0.362910002 0.514244974
vn 1.000000 0.000000 0.000400
vt 0.361157000 0.513664007
vn 1.000000 0.000000 0.000400
vt 0.360478997 0.512324989
vn 1.000000 0.000000 0.000400
vt 0.360134989 0.512579978
vn 1.000000 0.000000 0.000400
vt 0.361157000 0.513664007
vn 1.000000 0.000000 0.000400
vt 0.360134989 0.512579978
vn 1.000000 0.000000 0.000400
vt 0.360529989 0.513480008
vn 1.000000 0.000000 0.000400
vt 0.354149997 0.513894022
vn 1.000000 0.000000 0.000400
vt 0.356207013 0.511668980
vn 1.000000 0.000000 0.000400
vt 0.356088012 0.511323988
vn 1.000000 0.000000 0.000400
vt 0.354149997 0.513894022
vn 1.000000 0.000000 0.000400
vt 0.356088012 0.511323988
vn 1.000000 0.000000 0.000400
vt 0.353143990 0.512426972
vn -0.038200 -0.998800 0.031900
vt 0.358653992 0.505315006
vn -0.038200 -0.998800 0.031900
vt 0.358628988 0.508361995
vn -0.038200 -0.998800 0.031900
vt 0.360421002 0.509048998
vn -0.038200 -0.998800 0.031900
vt 0.358653992 0.505315006
vn -0.038200 -0.998800 0.031900
vt 0.360421002 0.509048998
vn -0.038200 -0.998800 0.031900
vt 0.362643987 0.506559014
vn 0.482100 -0.875700 0.028100
vt 0.353143990 0.512426972
vn 0.482100 -0.875700 0.028100
vt 0.356088012 0.511323988
vn 0.482100 -0.875700 0.028100
vt 0.356833011 0.509010971
vn 0.482100 -0.875700 0.028100
vt 0.353143990 0.512426972
vn 0.482100 -0.875700 0.028100
vt 0.356833011 0.509010971
vn 0.482100 -0.875700 0.028100
vt 0.354672015 0.506503999
vn -0.264900 0.963800 -0.030900
vt 0.019113000 0.932860970
vn -0.264900 0.963800 -0.030900
vt 0.018999999 0.925723016
vn -0.264900 0.963800 -0.030900
vt 0.016634000 0.925700009
vn -0.264900 0.963800 -0.030900
vt 0.019113000 0.932860970
vn -0.264900 0.963800 -0.030900
vt 0.016634000 0.925700009
vn -0.264900 0.963800 -0.030900
vt 0.016757000 0.932954013
vn -1.000000 0.000000 -0.000400
vt 0.915076017 0.202823997
vn -1.000000 0.000000 -0.000400
vt 0.917455971 0.201113001
vn -1.000000 0.000000 -0.000400
vt 0.917182028 0.200772002
vn -1.000000 0.000000 -0.000400
vt 0.915076017 0.202823997
vn -1.000000 0.000000 -0.000400
vt 0.917182028 0.200772002
vn -1.000000 0.000000 -0.000400
vt 0.914496005 0.202025995
vn -0.038200 0.998800 -0.031900
vt 0.024739999 0.932816982
vn -0.038200 0.998800 -0.031900
vt 0.024681000 0.925701976
vn -0.038200 0.998800 -0.031900
vt 0.018999999 0.925723016
vn -0.038200 0.998800 -0.031900
vt 0.024739999 0.932816982
vn -0.038200 0.998800 -0.031900
vt 0.018999999 0.925723016
vn -0.038200 0.998800 -0.031900
vt 0.019113000 0.932860970
vn 0.272800 -0.950700 -0.147800
vt 0.362910002 0.514244974
vn 0.272800 -0.950700 -0.147800
vt 0.360962003 0.511834979
vn 0.272800 -0.950700 -0.147800
vt 0.360478997 0.512324989
vn 0.272800 -0.950700 -0.147800
vt 0.362910002 0.514244974
vn 0.272800 -0.950700 -0.147800
vt 0.360478997 0.512324989
vn 0.272800 -0.950700 -0.147800
vt 0.361157000 0.513664007
vn 0.038200 0.998800 -0.031900
vt 0.030369001 0.932766974
vn 0.038200 0.998800 -0.031900
vt 0.030362001 0.925625026
vn 0.038200 0.998800 -0.031900
vt 0.024681000 0.925701976
vn 0.038200 0.998800 -0.031900
vt 0.030369001 0.932766974
vn 0.038200 0.998800 -0.031900
vt 0.024681000 0.925701976
vn 0.038200 0.998800 -0.031900
vt 0.024739999 0.932816982
vn -1.000000 0.000000 -0.000400
vt 0.356514007 0.513325989
vn -1.000000 0.000000 -0.000400
vt 0.356970012 0.512458980
vn -1.000000 0.000000 -0.000400
vt 0.356646001 0.512181997
vn -1.000000 0.000000 -0.000400
vt 0.356514007 0.513325989
vn -1.000000 0.000000 -0.000400
vt 0.356646001 0.512181997
vn -1.000000 0.000000 -0.000400
vt 0.355879009 0.513462007
vn 0.038200 -0.998800 0.031900
vt 0.354672015 0.506503999
vn 0.038200 -0.998800 0.031900
vt 0.356833011 0.509010971
vn 0.038200 -0.998800 0.031900
vt 0.358628988 0.508361995
vn 0.038200 -0.998800 0.031900
vt 0.354672015 0.506503999
vn 0.038200 -0.998800 0.031900
vt 0.358628988 0.508361995
vn 0.038200 -0.998800 0.031900
vt 0.358653992 0.505315006
vn 0.965500 0.258700 0.028000
vt 0.936455011 0.697975993
vn 0.965500 0.258700 0.028000
vt 0.936455011 0.681906998
vn 0.965500 0.258700 0.028000
vt 0.929042995 0.681906998
vn 0.965500 0.258700 0.028000
vt 0.936455011 0.697975993
vn 0.965500 0.258700 0.028000
vt 0.929042995 0.681906998
vn 0.965500 0.258700 0.028000
vt 0.929042995 0.697975993
vn 0.965500 -0.258700 0.028000
vt 0.936473012 0.698055029
vn 0.965500 -0.258700 0.028000
vt 0.936473012 0.681985974
vn 0.965500 -0.258700 0.028000
vt 0.929062009 0.681985974
vn 0.965500 -0.258700 0.028000
vt 0.936473012 0.698055029
vn 0.965500 -0.258700 0.028000
vt 0.929062009 0.681985974
vn 0.965500 -0.258700 0.028000
vt 0.929062009 0.698055029
vn -0.965500 -0.258700 0.028000
vt 0.936371982 0.698104978
vn -0.965500 -0.258700 0.028000
vt 0.936371982 0.682035983
vn -0.965500 -0.258700 0.028000
vt 0.928960025 0.682035983
vn -0.965500 -0.258700 0.028000
vt 0.936371982 0.698104978
vn -0.965500 -0.258700 0.028000
vt 0.928960025 0.682035983
vn -0.965500 -0.258700 0.028000
vt 0.928960025 0.698104978
vn -0.965500 0.258700 0.028000
vt 0.936317027 0.698283017
vn -0.965500 0.258700 0.028000
vt 0.936317027 0.682204008
vn -0.965500 0.258700 0.028000
vt 0.928905010 0.682204008
vn -0.965500 0.258700 0.028000
vt 0.936317027 0.698283017
vn -0.965500 0.258700 0.028000
vt 0.928905010 0.682204008
vn -0.965500 0.258700 0.028000
vt 0.928905010 0.698283017
vn -0.000000 0.000000 1.000000
vt 0.250000000 0.884859979
vn -0.000000 0.000000 1.000000
vt 0.166666999 0.884859979
vn -0.000000 0.000000 1.000000
vt 0.166666999 0.884859979
vn -0.000000 0.000000 1.000000
vt 0.250000000 0.884859979
vn -0.000000 0.000000 1.000000
vt 0.166666999 0.884859979
vn -0.000000 0.000000 1.000000
vt 0.250000000 0.884859979
vn -0.000000 0.000000 1.000000
vt 0.936289012 0.698302984
vn -0.000000 0.000000 1.000000
vt 0.936446011 0.682233989
vn -0.000000 0.000000 1.000000
vt 0.936446011 0.682233989
vn -0.000000 0.000000 1.000000
vt 0.936289012 0.698302984
vn -0.000000 0.000000 1.000000
vt 0.936446011 0.682233989
vn -0.000000 0.000000 1.000000
vt 0.936289012 0.698302984
vn -0.000000 0.000000 1.000000
vt 0.833333015 0.884859979
vn -0.000000 0.000000 1.000000
vt 0.750000000 0.884859979
vn -0.000000 0.000000 1.000000
vt 0.750000000 0.884859979
vn -0.000000 0.000000 1.000000
vt 0.833333015 0.884859979
vn -0.000000 0.000000 1.000000
vt 0.750000000 0.884859979
vn -0.000000 0.000000 1.000000
vt 0.833333015 0.884859979
vn -0.000000 0.000000 1.000000
vt 0.750000000 0.550682008
vn -0.000000 0.000000 1.000000
vt 0.833333015 0.550682008
vn -0.000000 0.000000 1.000000
vt 0.833333015 0.550682008
vn -0.000000 0.000000 1.000000
vt 0.750000000 0.550682008
vn -0.000000 0.000000 1.000000
vt 0.833333015 0.550682008
vn -0.000000 0.000000 1.000000
vt 0.750000000 0.550682008
vn -0.000000 0.000000 1.000000
vt 0.166666999 0.550682008
vn -0.000000 0.000000 1.000000
vt 0.250000000 0.550682008
vn -0.000000 0.000000 1.000000
vt 0.250000000 0.550682008
vn -0.000000 0.000000 1.000000
vt 0.166666999 0.550682008
vn -0.000000 0.000000 1.000000
vt 0.250000000 0.550682008
vn -0.000000 0.000000 1.000000
vt 0.166666999 0.550682008
vn -0.000000 0.000000 1.000000
vt 0.936464012 0.698373020
vn -0.000000 0.000000 1.000000
vt 0.936621010 0.682304025
vn -0.000000 0.000000 1.000000
vt 0.936621010 0.682304025
vn -0.000000 0.000000 1.000000
vt 0.936464012 0.698373020
vn -0.000000 0.000000 1.000000
vt 0.936621010 0.682304025
vn -0.000000 0.000000 1.000000
vt 0.936464012 0.698373020
vn -0.000000 0.000000 1.000000
vt 0.333332986 0.884859979
vn -0.000000 0.000000 1.000000
vt 0.250000000 0.884859979
vn -0.000000 0.000000 1.000000
vt 0.250000000 0.884859979
vn -0.000000 0.000000 1.000000
vt 0.333332986 0.884859979
vn -0.000000 0.000000 1.000000
vt 0.250000000 0.884859979
vn -0.000000 0.000000 1.000000
vt 0.333332986 0.884859979
vn -0.000000 0.000000 1.000000
vt 0.666666985 0.550682008
vn -0.000000 0.000000 1.000000
vt 0.750000000 0.550682008
vn -0.000000 0.000000 1.000000
vt 0.750000000 0.550682008
vn -0.000000 0.000000 1.000000
vt 0.666666985 0.550682008
vn -0.000000 0.000000 1.000000
vt 0.750000000 0.550682008
vn -0.000000 0.000000 1.000000
vt 0.666666985 0.550682008
vn -0.000000 0.000000 1.000000
vt 1.000000000 0.500000000
vn -0.000000 0.000000 1.000000
vt 0.916666985 0.500000000
vn -0.000000 0.000000 1.000000
vt 0.916666985 0.500000000
vn -0.000000 0.000000 1.000000
vt 1.000000000 0.500000000
vn -0.000000 0.000000 1.000000
vt 0.916666985 0.500000000
vn -0.000000 0.000000 1.000000
vt 1.000000000 0.500000000
vn -0.000000 0.000000 1.000000
vt 0.916666985 0.500000000
vn -0.000000 0.000000 1.000000
vt 0.833333015 0.500000000
vn -0.000000 0.000000 1.000000
vt 0.833333015 0.500000000
vn -0.000000 0.000000 1.000000
vt 0.916666985 0.500000000
vn -0.000000 0.000000 1.000000
vt 0.833333015 0.500000000
vn -0.000000 0.000000 1.000000
vt 0.916666985 0.500000000
vn -0.000000 0.000000 1.000000
vt 0.833333015 0.500000000
vn -0.000000 0.000000 1.000000
vt 0.750000000 0.500000000
vn -0.000000 0.000000 1.000000
vt 0.750000000 0.500000000
vn -0.000000 0.000000 1.000000
vt 0.833333015 0.500000000
vn -0.000000 0.000000 1.000000
vt 0.750000000 0.500000000
vn -0.000000 0.000000 1.000000
vt 0.833333015 0.500000000
vn -0.000000 0.000000 1.000000
vt 0.750000000 0.500000000
vn -0.000000 0.000000 1.000000
vt 0.666666985 0.500000000
vn -0.000000 0.000000 1.000000
vt 0.666666985 0.500000000
vn -0.000000 0.000000 1.000000
vt 0.750000000 0.500000000
vn -0.000000 0.000000 1.000000
vt 0.666666985 0.500000000
vn -0.000000 0.000000 1.000000
vt 0.750000000 0.500000000
vn -0.000000 0.000000 1.000000
vt 0.666666985 0.500000000
vn -0.000000 0.000000 1.000000
vt 0.583333015 0.500000000
vn -0.000000 0.000000 1.000000
vt 0.583333015 0.500000000
vn -0.000000 0.000000 1.000000
vt 0.666666985 0.500000000
vn -0.000000 0.000000 1.000000
vt 0.583333015 0.500000000
vn -0.000000 0.000000 1.000000
vt 0.666666985 0.500000000
vn -0.000000 0.000000 1.000000
vt 0.583333015 0.500000000
vn -0.000000 0.000000 1.000000
vt 0.500000000 0.500000000
vn -0.000000 0.000000 1.000000
vt 0.500000000 0.500000000
vn -0.000000 0.000000 1.000000
vt 0.583333015 0.500000000
vn -0.000000 0.000000 1.000000
vt 0.500000000 0.500000000
vn -0.000000 0.000000 1.000000
vt 0.583333015 0.500000000
vn -0.000000 0.000000 1.000000
vt 0.500000000 0.500000000
vn -0.000000 0.000000 1.000000
vt 0.416667014 0.500000000
vn -0.000000 0.000000 1.000000
vt 0.416667014 0.500000000
vn -0.000000 0.000000 1.000000
vt 0.500000000 0.500000000
vn -0.000000 0.000000 1.000000
vt 0.416667014 0.500000000
vn -0.000000 0.000000 1.000000
vt 0.500000000 0.500000000
vn -0.000000 0.000000 1.000000
vt 0.416667014 0.500000000
vn -0.000000 0.000000 1.000000
vt 0.333332986 0.500000000
vn -0.000000 0.000000 1.000000
vt 0.333332986 0.500000000
vn -0.000000 0.000000 1.000000
vt 0.416667014 0.500000000
vn -0.000000 0.000000 1.000000
vt 0.333332986 0.500000000
vn -0.000000 0.000000 1.000000
vt 0.416667014 0.500000000
vn -0.000000 0.000000 1.000000
vt 0.333332986 0.500000000
vn -0.000000 0.000000 1.000000
vt 0.250000000 0.500000000
vn -0.000000 0.000000 1.000000
vt 0.250000000 0.500000000
vn -0.000000 0.000000 1.000000
vt 0.333332986 0.500000000
vn -0.000000 0.000000 1.000000
vt 0.250000000 0.500000000
vn -0.000000 0.000000 1.000000
vt 0.333332986 0.500000000
vn -0.000000 0.000000 1.000000
vt 0.250000000 0.500000000
vn -0.000000 0.000000 1.000000
vt 0.166666999 0.500000000
vn -0.000000 0.000000 1.000000
vt 0.166666999 0.500000000
vn -0.000000 0.000000 1.000000
vt 0.250000000 0.500000000
vn -0.000000 0.000000 1.000000
vt 0.166666999 0.500000000
vn -0.000000 0.000000 1.000000
vt 0.250000000 0.500000000
vn -0.000000 0.000000 1.000000
vt 0.166666999 0.500000000
vn -0.000000 0.000000 1.000000
vt 0.083333001 0.500000000
vn -0.000000 0.000000 1.000000
vt 0.083333001 0.500000000
vn -0.000000 0.000000 1.000000
vt 0.166666999 0.500000000
vn -0.000000 0.000000 1.000000
vt 0.083333001 0.500000000
vn -0.000000 0.000000 1.000000
vt 0.166666999 0.500000000
vn -0.000000 0.000000 1.000000
vt 0.083333001 0.500000000
vn -0.000000 0.000000 1.000000
vt 0.000000000 0.500000000
vn -0.000000 0.000000 1.000000
vt 0.000000000 0.500000000
vn -0.000000 0.000000 1.000000
vt 0.083333001 0.500000000
vn -0.000000 0.000000 1.000000
vt 0.000000000 0.500000000
vn -0.000000 0.000000 1.000000
vt 0.083333001 0.500000000
vn -0.000000 0.000000 1.000000
vt 0.916666985 0.550682008
vn -0.000000 0.000000 1.000000
vt 1.000000000 0.550682008
vn -0.000000 0.000000 1.000000
vt 1.000000000 0.550682008
vn -0.000000 0.000000 1.000000
vt 0.916666985 0.550682008
vn -0.000000 0.000000 1.000000
vt 1.000000000 0.550682008
vn -0.000000 0.000000 1.000000
vt 0.916666985 0.550682008
vn -0.000000 0.000000 1.000000
vt 0.833333015 0.550682008
vn -0.000000 0.000000 1.000000
vt 0.916666985 0.550682008
vn -0.000000 0.000000 1.000000
vt 0.916666985 0.550682008
vn -0.000000 0.000000 1.000000
vt 0.833333015 0.550682008
vn -0.000000 0.000000 1.000000
vt 0.916666985 0.550682008
vn -0.000000 0.000000 1.000000
vt 0.833333015 0.550682008
vn -0.000000 0.000000 1.000000
vt 0.750000000 0.550682008
vn -0.000000 0.000000 1.000000
vt 0.833333015 0.550682008
vn -0.000000 0.000000 1.000000
vt 0.833333015 0.550682008
vn -0.000000 0.000000 1.000000
vt 0.750000000 0.550682008
vn -0.000000 0.000000 1.000000
vt 0.833333015 0.550682008
vn -0.000000 0.000000 1.000000
vt 0.750000000 0.550682008
vn -0.000000 0.000000 1.000000
vt 0.666666985 0.550682008
vn -0.000000 0.000000 1.000000
vt 0.750000000 0.550682008
vn -0.000000 0.000000 1.000000
vt 0.750000000 0.550682008
vn -0.000000 0.000000 1.000000
vt 0.666666985 0.550682008
vn -0.000000 0.000000 1.000000
vt 0.750000000 0.550682008
vn -0.000000 0.000000 1.000000
vt 0.666666985 0.550682008
vn -0.000000 0.000000 1.000000
vt 0.583333015 0.550682008
vn -0.000000 0.000000 1.000000
vt 0.666666985 0.550682008
vn -0.000000 0.000000 1.000000
vt 0.666666985 0.550682008
vn -0.000000 0.000000 1.000000
vt 0.583333015 0.550682008
vn -0.000000 0.000000 1.000000
vt 0.666666985 0.550682008
vn -0.000000 0.000000 1.000000
vt 0.583333015 0.550682008
vn -0.000000 0.000000 1.000000
vt 0.500000000 0.550682008
vn -0.000000 0.000000 1.000000
vt 0.583333015 0.550682008
vn -0.000000 0.000000 1.000000
vt 0.583333015 0.550682008
vn -0.000000 0.000000 1.000000
vt 0.500000000 0.550682008
vn -0.000000 0.000000 1.000000
vt 0.583333015 0.550682008
vn -0.000000 0.000000 1.000000
vt 0.500000000 0.550682008
vn -0.000000 0.000000 1.000000
vt 0.416667014 0.550682008
vn -0.000000 0.000000 1.000000
vt 0.500000000 0.550682008
vn -0.000000 0.000000 1.000000
vt 0.500000000 0.550682008
vn -0.000000 0.000000 1.000000
vt 0.416667014 0.550682008
vn -0.000000 0.000000 1.000000
vt 0.500000000 0.550682008
vn -0.000000 0.000000 1.000000
vt 0.416667014 0.550682008
vn -0.000000 0.000000 1.000000
vt 0.333332986 0.550682008
vn -0.000000 0.000000 1.000000
vt 0.416667014 0.550682008
vn -0.000000 0.000000 1.000000
vt 0.416667014 0.550682008
vn -0.000000 0.000000 1.000000
vt 0.333332986 0.550682008
vn -0.000000 0.000000 1.000000
vt 0.416667014 0.550682008
vn -0.000000 0.000000 1.000000
vt 0.333332986 0.550682008
vn -0.000000 0.000000 1.000000
vt 0.250000000 0.550682008
vn -0.000000 0.000000 1.000000
vt 0.333332986 0.550682008
vn -0.000000 0.000000 1.000000
vt 0.333332986 0.550682008
vn -0.000000 0.000000 1.000000
vt 0.250000000 0.550682008
vn -0.000000 0.000000 1.000000
vt 0.333332986 0.550682008
vn -0.000000 0.000000 1.000000
vt 0.250000000 0.550682008
vn -0.000000 0.000000 1.000000
vt 0.166666999 0.550682008
vn -0.000000 0.000000 1.000000
vt 0.250000000 0.550682008
vn -0.000000 0.000000 1.000000
vt 0.250000000 0.550682008
vn -0.000000 0.000000 1.000000
vt 0.166666999 0.550682008
vn -0.000000 0.000000 1.000000
vt 0.250000000 0.550682008
vn -0.000000 0.000000 1.000000
vt 0.166666999 0.550682008
vn -0.000000 0.000000 1.000000
vt 0.083333001 0.550682008
vn -0.000000 0.000000 1.000000
vt 0.166666999 0.550682008
vn -0.000000 0.000000 1.000000
vt 0.166666999 0.550682008
vn -0.000000 0.000000 1.000000
vt 0.083333001 0.550682008
vn -0.000000 0.000000 1.000000
vt 0.166666999 0.550682008
vn -0.000000 0.000000 1.000000
vt 0.083333001 0.550682008
vn -0.000000 0.000000 1.000000
vt 0.000000000 0.550682008
vn -0.000000 0.000000 1.000000
vt 0.083333001 0.550682008
vn -0.000000 0.000000 1.000000
vt 0.083333001 0.550682008
vn -0.000000 0.000000 1.000000
vt 0.000000000 0.550682008
vn -0.000000 0.000000 1.000000
vt 0.083333001 0.550682008
vn -0.000000 0.000000 1.000000
vt 0.000000000 0.550682008
vn -0.000000 0.000000 1.000000
vt 0.869507015 0.456990987
vn -0.000000 0.000000 1.000000
vt 0.750000000 0.489012986
vn -0.000000 0.000000 1.000000
vt 0.750000000 0.490000010
vn -0.000000 0.000000 1.000000
vt 0.869507015 0.456990987
vn -0.000000 0.000000 1.000000
vt 0.750000000 0.490000010
vn -0.000000 0.000000 1.000000
vt 0.870000005 0.457845986
vn -0.000000 0.000000 1.000000
vt 0.956991017 0.369507015
vn -0.000000 0.000000 1.000000
vt 0.869507015 0.456990987
vn -0.000000 0.000000 1.000000
vt 0.870000005 0.457845986
vn -0.000000 0.000000 1.000000
vt 0.956991017 0.369507015
vn -0.000000 0.000000 1.000000
vt 0.870000005 0.457845986
vn -0.000000 0.000000 1.000000
vt 0.957845986 0.370000005
vn -0.000000 0.000000 1.000000
vt 0.989013016 0.250000000
vn -0.000000 0.000000 1.000000
vt 0.956991017 0.369507015
vn -0.000000 0.000000 1.000000
vt 0.957845986 0.370000005
vn -0.000000 0.000000 1.000000
vt 0.989013016 0.250000000
vn -0.000000 0.000000 1.000000
vt 0.957845986 0.370000005
vn -0.000000 0.000000 1.000000
vt 0.990000010 0.250000000
vn -0.000000 0.000000 1.000000
vt 0.956991017 0.130493000
vn -0.000000 0.000000 1.000000
vt 0.989013016 0.250000000
vn -0.000000 0.000000 1.000000
vt 0.990000010 0.250000000
vn -0.000000 0.000000 1.000000
vt 0.956991017 0.130493000
vn -0.000000 0.000000 1.000000
vt 0.990000010 0.250000000
vn -0.000000 0.000000 1.000000
vt 0.957845986 0.129999995
vn -0.000000 0.000000 1.000000
vt 0.869507015 0.043009002
vn -0.000000 0.000000 1.000000
vt 0.956991017 0.130493000
vn -0.000000 0.000000 1.000000
vt 0.957845986 0.129999995
vn -0.000000 0.000000 1.000000
vt 0.869507015 0.043009002
vn -0.000000 0.000000 1.000000
vt 0.957845986 0.129999995
vn -0.000000 0.000000 1.000000
vt 0.870000005 0.042153999
vn -0.000000 0.000000 1.000000
vt 0.750000000 0.010987000
vn -0.000000 0.000000 1.000000
vt 0.869507015 0.043009002
vn -0.000000 0.000000 1.000000
vt 0.870000005 0.042153999
vn -0.000000 0.000000 1.000000
vt 0.750000000 0.010987000
vn -0.000000 0.000000 1.000000
vt 0.870000005 0.042153999
vn -0.000000 0.000000 1.000000
vt 0.750000000 0.010000000
vn -0.000000 0.000000 1.000000
vt 0.630493999 0.043008000
vn -0.000000 0.000000 1.000000
vt 0.750000000 0.010987000
vn -0.000000 0.000000 1.000000
vt 0.750000000 0.010000000
vn -0.000000 0.000000 1.000000
vt 0.630493999 0.043008000
vn -0.000000 0.000000 1.000000
vt 0.750000000 0.010000000
vn -0.000000 0.000000 1.000000
vt 0.629999995 0.042153999
vn -0.000000 0.000000 1.000000
vt 0.543008983 0.130493000
vn -0.000000 0.000000 1.000000
vt 0.630493999 0.043008000
vn -0.000000 0.000000 1.000000
vt 0.629999995 0.042153999
vn -0.000000 0.000000 1.000000
vt 0.543008983 0.130493000
vn -0.000000 0.000000 1.000000
vt 0.629999995 0.042153999
vn -0.000000 0.000000 1.000000
vt 0.542154014 0.129999995
vn -0.000000 0.000000 1.000000
vt 0.510986984 0.250000000
vn -0.000000 0.000000 1.000000
vt 0.543008983 0.130493000
vn -0.000000 0.000000 1.000000
vt 0.542154014 0.129999995
vn -0.000000 0.000000 1.000000
vt 0.510986984 0.250000000
vn -0.000000 0.000000 1.000000
vt 0.542154014 0.129999995
vn -0.000000 0.000000 1.000000
vt 0.509999990 0.250000000
vn -0.000000 0.000000 1.000000
vt 0.543008983 0.369506001
vn -0.000000 0.000000 1.000000
vt 0.510986984 0.250000000
vn -0.000000 0.000000 1.000000
vt 0.509999990 0.250000000
vn -0.000000 0.000000 1.000000
vt 0.543008983 0.369506001
vn -0.000000 0.000000 1.000000
vt 0.509999990 0.250000000
vn -0.000000 0.000000 1.000000
vt 0.542154014 0.370000005
vn -0.000000 0.000000 1.000000
vt 0.630492985 0.456990987
vn -0.000000 0.000000 1.000000
vt 0.543008983 0.369506001
vn -0.000000 0.000000 1.000000
vt 0.542154014 0.370000005
vn -0.000000 0.000000 1.000000
vt 0.630492985 0.456990987
vn -0.000000 0.000000 1.000000
vt 0.542154014 0.370000005
vn -0.000000 0.000000 1.000000
vt 0.629999995 0.457845986
vn -0.000000 0.000000 1.000000
vt 0.750000000 0.489012986
vn -0.000000 0.000000 1.000000
vt 0.630492985 0.456990987
vn -0.000000 0.000000 1.000000
vt 0.629999995 0.457845986
vn -0.000000 0.000000 1.000000
vt 0.750000000 0.489012986
vn -0.000000 0.000000 1.000000
vt 0.629999995 0.457845986
vn -0.000000 0.000000 1.000000
vt 0.750000000 0.490000010
s off
f 1021/5353/5353 1020/5354/5354 1061/5355/5355
f 1062/5356/5356 1055/5357/5357 1058/5358/5358
s 170
f 850/4513/4513 851/4514/4514 852/4515/4515
f 850/4516/4516 852/4517/4517 853/4518/4518
s 171
f 853/4519/4519 852/4520/4520 854/4521/4521
f 853/4522/4522 854/4523/4523 855/4524/4524
s 172
f 855/4525/4525 854/4526/4526 856/4527/4527
f 855/4528/4528 856/4529/4529 857/4530/4530
s 173
f 857/4531/4531 856/4532/4532 858/4533/4533
f 857/4534/4534 858/4535/4535 859/4536/4536
s 174
f 859/4537/4537 858/4538/4538 860/4539/4539
f 859/4540/4540 860/4541/4541 861/4542/4542
s 175
f 861/4543/4543 860/4544/4544 862/4545/4545
f 861/4546/4546 862/4547/4547 863/4548/4548
s 176
f 863/4549/4549 862/4550/4550 864/4551/4551
f 863/4552/4552 864/4553/4553 865/4554/4554
s 177
f 865/4555/4555 864/4556/4556 866/4557/4557
f 865/4558/4558 866/4559/4559 867/4560/4560
s 178
f 867/4561/4561 866/4562/4562 868/4563/4563
f 867/4564/4564 868/4565/4565 869/4566/4566
s 179
f 869/4567/4567 868/4568/4568 870/4569/4569
f 869/4570/4570 870/4571/4571 871/4572/4572
s 180
f 852/4573/4573 851/4574/4574 872/4575/4575
f 852/4576/4576 872/4577/4577 870/4578/4578
f 852/4579/4579 870/4580/4580 868/4581/4581
f 852/4582/4582 868/4583/4583 866/4584/4584
f 852/4585/4585 866/4586/4586 864/4587/4587
f 852/4588/4588 864/4589/4589 862/4590/4590
f 852/4591/4591 862/4592/4592 860/4593/4593
f 852/4594/4594 860/4595/4595 858/4596/4596
f 852/4597/4597 858/4598/4598 856/4599/4599
f 852/4600/4600 856/4601/4601 854/4602/4602
s 181
f 871/4603/4603 870/4604/4604 872/4605/4605
f 871/4606/4606 872/4607/4607 873/4608/4608
s 182
f 873/4609/4609 872/4610/4610 851/4611/4611
f 873/4612/4612 851/4613/4613 850/4614/4614
s 183
f 874/4615/4615 875/4616/4616 876/4617/4617
f 874/4618/4618 876/4619/4619 877/4620/4620
f 874/4621/4621 877/4622/4622 878/4623/4623
f 874/4624/4624 878/4625/4625 879/4626/4626
f 874/4627/4627 879/4628/4628 880/4629/4629
f 874/4630/4630 880/4631/4631 881/4632/4632
f 874/4633/4633 881/4634/4634 882/4635/4635
f 874/4636/4636 882/4637/4637 883/4638/4638
f 874/4639/4639 883/4640/4640 884/4641/4641
f 874/4642/4642 884/4643/4643 885/4644/4644
f 897/6511/6511 898/6512/6512 898/6513/6513
f 897/6514/6514 898/6515/6515 897/6516/6516
f 898/6517/6517 899/6518/6518 899/6519/6519
f 898/6520/6520 899/6521/6521 898/6522/6522
f 899/6523/6523 901/6524/6524 901/6525/6525
f 899/6526/6526 901/6527/6527 899/6528/6528
f 901/6529/6529 902/6530/6530 902/6531/6531
f 901/6532/6532 902/6533/6533 901/6534/6534
f 902/6535/6535 903/6536/6536 903/6537/6537
f 902/6538/6538 903/6539/6539 902/6540/6540
f 903/6541/6541 904/6542/6542 904/6543/6543
f 903/6544/6544 904/6545/6545 903/6546/6546
f 904/6547/6547 905/6548/6548 905/6549/6549
f 904/6550/6550 905/6551/6551 904/6552/6552
f 905/6553/6553 906/6554/6554 906/6555/6555
f 905/6556/6556 906/6557/6557 905/6558/6558
f 906/6559/6559 907/6560/6560 907/6561/6561
f 906/6562/6562 907/6563/6563 906/6564/6564
f 907/6565/6565 908/6566/6566 908/6567/6567
f 907/6568/6568 908/6569/6569 907/6570/6570
f 908/6571/6571 909/6572/6572 909/6573/6573
f 908/6574/6574 909/6575/6575 908/6576/6576
f 909/6577/6577 897/6578/6578 897/6579/6579
f 909/6580/6580 897/6581/6581 909/6582/6582
f 875/6655/6655 874/6656/6656 897/6657/6657
f 875/6658/6658 897/6659/6659 898/6660/6660
f 876/6661/6661 875/6662/6662 898/6663/6663
f 876/6664/6664 898/6665/6665 899/6666/6666
f 877/6667/6667 876/6668/6668 899/6669/6669
f 877/6670/6670 899/6671/6671 901/6672/6672
f 878/6673/6673 877/6674/6674 901/6675/6675
f 878/6676/6676 901/6677/6677 902/6678/6678
f 879/6679/6679 878/6680/6680 902/6681/6681
f 879/6682/6682 902/6683/6683 903/6684/6684
f 880/6685/6685 879/6686/6686 903/6687/6687
f 880/6688/6688 903/6689/6689 904/6690/6690
f 881/6691/6691 880/6692/6692 904/6693/6693
f 881/6694/6694 904/6695/6695 905/6696/6696
f 882/6697/6697 881/6698/6698 905/6699/6699
f 882/6700/6700 905/6701/6701 906/6702/6702
f 883/6703/6703 882/6704/6704 906/6705/6705
f 883/6706/6706 906/6707/6707 907/6708/6708
f 884/6709/6709 883/6710/6710 907/6711/6711
f 884/6712/6712 907/6713/6713 908/6714/6714
f 885/6715/6715 884/6716/6716 908/6717/6717
f 885/6718/6718 908/6719/6719 909/6720/6720
f 874/6721/6721 885/6722/6722 909/6723/6723
f 874/6724/6724 909/6725/6725 897/6726/6726
s 184
f 886/4645/4645 873/4646/4646 850/4647/4647
f 886/4648/4648 850/4649/4649 887/4650/4650
s 185
f 888/4651/4651 871/4652/4652 873/4653/4653
f 888/4654/4654 873/4655/4655 886/4656/4656
s 186
f 859/4657/4657 889/4658/4658 889/4659/4659
f 859/4660/4660 889/4661/4661 859/4662/4662
f 890/4663/4663 891/4664/4664 891/4665/4665
f 890/4666/4666 891/4667/4667 890/4668/4668
f 857/4693/4693 859/4694/4694 859/4695/4695
f 857/4696/4696 859/4697/4697 857/4698/4698
f 871/4699/4699 888/4700/4700 888/4701/4701
f 871/4702/4702 888/4703/4703 871/4704/4704
f 869/6463/6463 871/6464/6464 871/6465/6465
f 869/6466/6466 871/6467/6467 869/6468/6468
f 891/6469/6469 867/6470/6470 867/6471/6471
f 891/6472/6472 867/6473/6473 891/6474/6474
f 855/6475/6475 857/6476/6476 857/6477/6477
f 855/6478/6478 857/6479/6479 855/6480/6480
f 900/6481/6481 896/6482/6482 896/6483/6483
f 900/6484/6484 896/6485/6485 900/6486/6486
f 888/6487/6487 890/6488/6488 890/6489/6489
f 888/6490/6490 890/6491/6491 888/6492/6492
f 896/6493/6493 855/6494/6494 855/6495/6495
f 896/6496/6496 855/6497/6497 896/6498/6498
f 867/6499/6499 869/6500/6500 869/6501/6501
f 867/6502/6502 869/6503/6503 867/6504/6504
f 889/6505/6505 900/6506/6506 900/6507/6507
f 889/6508/6508 900/6509/6509 889/6510/6510
f 895/6583/6583 887/6584/6584 887/6585/6585
f 895/6586/6586 887/6587/6587 895/6588/6588
f 896/6589/6589 895/6590/6590 895/6591/6591
f 896/6592/6592 895/6593/6593 896/6594/6594
f 900/6595/6595 896/6596/6596 896/6597/6597
f 900/6598/6598 896/6599/6599 900/6600/6600
f 889/6601/6601 900/6602/6602 900/6603/6603
f 889/6604/6604 900/6605/6605 889/6606/6606
f 894/6607/6607 889/6608/6608 889/6609/6609
f 894/6610/6610 889/6611/6611 894/6612/6612
f 893/6613/6613 894/6614/6614 894/6615/6615
f 893/6616/6616 894/6617/6617 893/6618/6618
f 892/6619/6619 893/6620/6620 893/6621/6621
f 892/6622/6622 893/6623/6623 892/6624/6624
f 891/6625/6625 892/6626/6626 892/6627/6627
f 891/6628/6628 892/6629/6629 891/6630/6630
f 890/6631/6631 891/6632/6632 891/6633/6633
f 890/6634/6634 891/6635/6635 890/6636/6636
f 888/6637/6637 890/6638/6638 890/6639/6639
f 888/6640/6640 890/6641/6641 888/6642/6642
f 886/6643/6643 888/6644/6644 888/6645/6645
f 886/6646/6646 888/6647/6647 886/6648/6648
f 887/6649/6649 886/6650/6650 886/6651/6651
f 887/6652/6652 886/6653/6653 887/6654/6654
s 187
f 892/4669/4669 865/4670/4670 867/4671/4671
f 892/4672/4672 867/4673/4673 891/4674/4674
s 188
f 893/4675/4675 863/4676/4676 865/4677/4677
f 893/4678/4678 865/4679/4679 892/4680/4680
s 189
f 894/4681/4681 861/4682/4682 863/4683/4683
f 894/4684/4684 863/4685/4685 893/4686/4686
s 190
f 889/4687/4687 859/4688/4688 861/4689/4689
f 889/4690/4690 861/4691/4691 894/4692/4692
s 191
f 895/4705/4705 853/4706/4706 855/4707/4707
f 895/4708/4708 855/4709/4709 896/4710/4710
s 192
f 887/4711/4711 850/4712/4712 853/4713/4713
f 887/4714/4714 853/4715/4715 895/4716/4716
s 193
f 897/4717/4717 887/4718/4718 895/4719/4719
f 897/4720/4720 895/4721/4721 898/4722/4722
s 194
f 898/4723/4723 895/4724/4724 896/4725/4725
f 898/4726/4726 896/4727/4727 899/4728/4728
s 195
f 899/4729/4729 896/4730/4730 900/4731/4731
f 899/4732/4732 900/4733/4733 901/4734/4734
s 196
f 901/4735/4735 900/4736/4736 889/4737/4737
f 901/4738/4738 889/4739/4739 902/4740/4740
s 197
f 902/4741/4741 889/4742/4742 894/4743/4743
f 902/4744/4744 894/4745/4745 903/4746/4746
s 198
f 903/4747/4747 894/4748/4748 893/4749/4749
f 903/4750/4750 893/4751/4751 904/4752/4752
s 199
f 904/4753/4753 893/4754/4754 892/4755/4755
f 904/4756/4756 892/4757/4757 905/4758/4758
s 200
f 905/4759/4759 892/4760/4760 891/4761/4761
f 905/4762/4762 891/4763/4763 906/4764/4764
s 201
f 906/4765/4765 891/4766/4766 890/4767/4767
f 906/4768/4768 890/4769/4769 907/4770/4770
s 202
f 907/4771/4771 890/4772/4772 888/4773/4773
f 907/4774/4774 888/4775/4775 908/4776/4776
s 203
f 908/4777/4777 888/4778/4778 886/4779/4779
f 908/4780/4780 886/4781/4781 909/4782/4782
s 204
f 909/4783/4783 886/4784/4784 887/4785/4785
f 909/4786/4786 887/4787/4787 897/4788/4788
s 205
f 910/4789/4789 911/4790/4790 912/4791/4791
f 910/4792/4792 912/4793/4793 913/4794/4794
s 206
f 914/4795/4795 915/4796/4796 916/4797/4797
f 914/4798/4798 916/4799/4799 917/4800/4800
f 914/4837/4837 934/4838/4838 935/4839/4839
f 914/4840/4840 935/4841/4841 915/4842/4842
f 935/4951/4951 934/4952/4952 954/4953/4953
f 935/4954/4954 954/4955/4955 956/4956/4956
s 207
f 918/4801/4801 919/4802/4802 920/4803/4803
f 918/4804/4804 920/4805/4805 921/4806/4806
s 208
f 922/4807/4807 923/4808/4808 924/4809/4809
f 922/4810/4810 924/4811/4811 925/4812/4812
s 209
f 926/4813/4813 927/4814/4814 928/4815/4815
f 926/4816/4816 928/4817/4817 929/4818/4818
s 210
f 930/4819/4819 922/4820/4820 925/4821/4821
f 930/4822/4822 925/4823/4823 931/4824/4824
s 211
f 922/4825/4825 930/4826/4826 932/4827/4827
f 922/4828/4828 932/4829/4829 933/4830/4830
s 212
f 933/4831/4831 932/4832/4832 934/4833/4833
f 933/4834/4834 934/4835/4835 914/4836/4836
f 934/4885/4885 932/4886/4886 953/4887/4887
f 934/4888/4888 953/4889/4889 954/4890/4890
f 933/5023/5023 914/5024/5024 917/5025/5025
f 933/5026/5026 917/5027/5027 957/5028/5028
s 213
f 918/4843/4843 921/4844/4844 936/4845/4845
f 918/4846/4846 936/4847/4847 937/4848/4848
f 911/4861/4861 918/4862/4862 937/4863/4863
f 911/4864/4864 937/4865/4865 942/4866/4866
f 912/5011/5011 911/5012/5012 942/5013/5013
f 912/5014/5014 942/5015/5015 944/5016/5016
s 214
f 938/4849/4849 939/4850/4850 940/4851/4851
f 938/4852/4852 940/4853/4853 941/4854/4854
s 215
f 923/4855/4855 926/4856/4856 929/4857/4857
f 923/4858/4858 929/4859/4859 924/4860/4860
s 216
f 943/4867/4867 912/4868/4868 944/4869/4869
f 943/4870/4870 944/4871/4871 945/4872/4872
s 217
f 946/4873/4873 947/4874/4874 948/4875/4875
f 946/4876/4876 948/4877/4877 949/4878/4878
f 927/4993/4993 946/4994/4994 949/4995/4995
f 927/4996/4996 949/4997/4997 928/4998/4998
f 947/5089/5089 961/5090/5090 971/5091/5091
f 947/5092/5092 971/5093/5093 948/5094/5094
s 218
f 950/4879/4879 951/4880/4880 926/4881/4881
f 950/4882/4882 926/4883/4883 952/4884/4884
s 219
f 955/4891/4891 913/4892/4892 956/4893/4893
f 955/4894/4894 956/4895/4895 954/4896/4896
f 940/4921/4921 955/4922/4922 954/4923/4923
f 940/4924/4924 954/4925/4925 953/4926/4926
f 941/4927/4927 940/4928/4928 953/4929/4929
f 941/4930/4930 953/4931/4931 959/4932/4932
s 220
f 952/4897/4897 926/4898/4898 923/4899/4899
f 952/4900/4900 923/4901/4901 957/4902/4902
f 958/4909/4909 952/4910/4910 957/4911/4911
f 958/4912/4912 957/4913/4913 917/4914/4914
f 920/4945/4945 958/4946/4946 917/4947/4947
f 920/4948/4948 917/4949/4949 916/4950/4950
s 221
f 913/4903/4903 912/4904/4904 943/4905/4905
f 913/4906/4906 943/4907/4907 956/4908/4908
s 222
f 959/4915/4915 930/4916/4916 931/4917/4917
f 959/4918/4918 931/4919/4919 960/4920/4920
s 223
f 961/4933/4933 941/4934/4934 959/4935/4935
f 961/4936/4936 959/4937/4937 962/4938/4938
s 224
f 921/4939/4939 920/4940/4940 916/4941/4941
f 921/4942/4942 916/4943/4943 963/4944/4944
s 225
f 964/4957/4957 950/4958/4958 952/4959/4959
f 964/4960/4960 952/4961/4961 958/4962/4962
s 226
f 922/4963/4963 933/4964/4964 957/4965/4965
f 922/4966/4966 957/4967/4967 923/4968/4968
s 227
f 939/4969/4969 965/4970/4970 955/4971/4971
f 939/4972/4972 955/4973/4973 940/4974/4974
s 228
f 932/4975/4975 930/4976/4976 959/4977/4977
f 932/4978/4978 959/4979/4979 953/4980/4980
s 229
f 951/4981/4981 946/4982/4982 927/4983/4983
f 951/4984/4984 927/4985/4985 926/4986/4986
s 230
f 956/4987/4987 943/4988/4988 945/4989/4989
f 956/4990/4990 945/4991/4991 966/4992/4992
s 231
f 921/4999/4999 963/5000/5000 967/5001/5001
f 921/5002/5002 967/5003/5003 936/5004/5004
s 232
f 947/5005/5005 938/5006/5006 941/5007/5007
f 947/5008/5008 941/5009/5009 961/5010/5010
s 233
f 919/5017/5017 964/5018/5018 958/5019/5019
f 919/5020/5020 958/5021/5021 920/5022/5022
s 234
f 965/5029/5029 910/5030/5030 913/5031/5031
f 965/5032/5032 913/5033/5033 955/5034/5034
s 235
f 931/5035/5035 968/5036/5036 969/5037/5037
f 931/5038/5038 969/5039/5039 960/5040/5040
s 236
f 949/5041/5041 948/5042/5042 968/5043/5043
f 949/5044/5044 968/5045/5045 970/5046/5046
s 237
f 970/5047/5047 968/5048/5048 931/5049/5049
f 970/5050/5050 931/5051/5051 925/5052/5052
s 238
f 968/5053/5053 948/5054/5054 971/5055/5055
f 968/5056/5056 971/5057/5057 969/5058/5058
s 239
f 970/5059/5059 925/5060/5060 924/5061/5061
f 970/5062/5062 924/5063/5063 972/5064/5064
s 240
f 929/5065/5065 928/5066/5066 972/5067/5067
f 929/5068/5068 972/5069/5069 924/5070/5070
s 241
f 949/5071/5071 970/5072/5072 972/5073/5073
f 949/5074/5074 972/5075/5075 928/5076/5076
s 242
f 961/5077/5077 962/5078/5078 969/5079/5079
f 961/5080/5080 969/5081/5081 971/5082/5082
s 243
f 962/5083/5083 959/5084/5084 960/5085/5085
f 962/5086/5086 960/5087/5087 969/5088/5088
s 244
f 973/5095/5095 974/5096/5096 975/5097/5097
f 973/5098/5098 975/5099/5099 976/5100/5100
f 973/5113/5113 976/5114/5114 967/5115/5115
f 973/5116/5116 967/5117/5117 977/5118/5118
f 975/5125/5125 974/5126/5126 966/5127/5127
f 975/5128/5128 966/5129/5129 945/5130/5130
s 245
f 942/5101/5101 937/5102/5102 976/5103/5103
f 942/5104/5104 976/5105/5105 975/5106/5106
f 942/5107/5107 975/5108/5108 945/5109/5109
f 942/5110/5110 945/5111/5111 944/5112/5112
f 976/5119/5119 937/5120/5120 936/5121/5121
f 976/5122/5122 936/5123/5123 967/5124/5124
s 246
f 935/5131/5131 956/5132/5132 966/5133/5133
f 935/5134/5134 966/5135/5135 974/5136/5136
f 916/5143/5143 915/5144/5144 973/5145/5145
f 916/5146/5146 973/5147/5147 977/5148/5148
f 915/5149/5149 935/5150/5150 974/5151/5151
f 915/5152/5152 974/5153/5153 973/5154/5154
s 247
f 963/5137/5137 916/5138/5138 977/5139/5139
f 963/5140/5140 977/5141/5141 967/5142/5142
s 248
f 978/5155/5155 979/5156/5156 980/5157/5157
f 978/5158/5158 980/5159/5159 981/5160/5160
s 249
f 982/5161/5161 983/5162/5162 984/5163/5163
f 982/5164/5164 984/5165/5165 985/5166/5166
s 250
f 986/5167/5167 987/5168/5168 988/5169/5169
f 986/5170/5170 988/5171/5171 989/5172/5172
s 251
f 990/5173/5173 991/5174/5174 992/5175/5175
f 990/5176/5176 992/5177/5177 993/5178/5178
s 252
f 993/5179/5179 992/5180/5180 994/5181/5181
f 993/5182/5182 994/5183/5183 995/5184/5184
s 253
f 996/5185/5185 997/5186/5186 998/5187/5187
f 996/5188/5188 998/5189/5189 999/5190/5190
s 254
f 1000/5191/5191 1001/5192/5192 1002/5193/5193
f 1000/5194/5194 1002/5195/5195 1003/5196/5196
s 255
f 1004/5197/5197 1005/5198/5198 1006/5199/5199
f 1004/5200/5200 1006/5201/5201 1007/5202/5202
s 256
f 1008/5203/5203 1009/5204/5204 1010/5205/5205
f 1008/5206/5206 1010/5207/5207 1011/5208/5208
s 257
f 999/5209/5209 1012/5210/5210 983/5211/5211
f 999/5212/5212 983/5213/5213 982/5214/5214
s 258
f 1000/5215/5215 1013/5216/5216 1014/5217/5217
f 1000/5218/5218 1014/5219/5219 1001/5220/5220
s 259
f 982/5221/5221 1015/5222/5222 996/5223/5223
f 982/5224/5224 996/5225/5225 999/5226/5226
s 260
f 1016/5227/5227 1017/5228/5228 1018/5229/5229
f 1016/5230/5230 1018/5231/5231 1019/5232/5232
f 1016/5233/5233 1019/5234/5234 1020/5235/5235
f 1016/5236/5236 1020/5237/5237 1021/5238/5238
s 261
f 1022/5239/5239 1023/5240/5240 987/5241/5241
f 1022/5242/5242 987/5243/5243 986/5244/5244
s 262
f 1000/5245/5245 1003/5246/5246 1024/5247/5247
f 1000/5248/5248 1024/5249/5249 1025/5250/5250
s 263
f 1011/5251/5251 1010/5252/5252 1026/5253/5253
f 1011/5254/5254 1026/5255/5255 985/5256/5256
s 264
f 1027/5257/5257 1028/5258/5258 1029/5259/5259
f 1027/5260/5260 1029/5261/5261 1030/5262/5262
s 265
f 1031/5263/5263 1032/5264/5264 1033/5265/5265
f 1031/5266/5266 1033/5267/5267 1034/5268/5268
s 266
f 1035/5269/5269 1036/5270/5270 1037/5271/5271
f 1035/5272/5272 1037/5273/5273 1038/5274/5274
s 267
f 1039/5275/5275 1040/5276/5276 1041/5277/5277
f 1039/5278/5278 1041/5279/5279 1042/5280/5280
s 268
f 1007/5281/5281 1006/5282/5282 991/5283/5283
f 1007/5284/5284 991/5285/5285 990/5286/5286
s 269
f 1026/5287/5287 1015/5288/5288 982/5289/5289
f 1026/5290/5290 982/5291/5291 985/5292/5292
s 270
f 1024/5293/5293 1009/5294/5294 1008/5295/5295
f 1024/5296/5296 1008/5297/5297 1025/5298/5298
s 271
f 989/5299/5299 988/5300/5300 1043/5301/5301
f 989/5302/5302 1043/5303/5303 1044/5304/5304
s 272
f 1045/5305/5305 1046/5306/5306 1047/5307/5307
f 1045/5308/5308 1047/5309/5309 1048/5310/5310
s 273
f 1049/5311/5311 1050/5312/5312 1051/5313/5313
f 1049/5314/5314 1051/5315/5315 1052/5316/5316
s 274
f 1053/5317/5317 1054/5318/5318 979/5319/5319
f 1053/5320/5320 979/5321/5321 978/5322/5322
s 275
f 1055/5323/5323 1056/5324/5324 1049/5325/5325
f 1055/5326/5326 1049/5327/5327 1052/5328/5328
f 1055/5329/5329 1052/5330/5330 1057/5331/5331
f 1055/5332/5332 1057/5333/5333 1058/5334/5334
s 276
f 1020/5335/5335 1019/5336/5336 1059/5337/5337
f 1020/5338/5338 1059/5339/5339 1060/5340/5340
f 1020/5341/5341 1060/5342/5342 1061/5343/5343
s 277
f 1060/5344/5344 1059/5345/5345 1056/5346/5346
f 1060/5347/5347 1056/5348/5348 1055/5349/5349
f 1060/5350/5350 1055/5351/5351 1062/5352/5352
s 278
f 1048/5359/5359 1047/5360/5360 1054/5361/5361
f 1048/5362/5362 1054/5363/5363 1053/5364/5364
s 279
f 1014/5365/5365 1063/5366/5366 1064/5367/5367
f 1014/5368/5368 1064/5369/5369 1001/5370/5370
s 280
f 1025/5371/5371 1065/5372/5372 1013/5373/5373
f 1025/5374/5374 1013/5375/5375 1000/5376/5376
s 281
f 998/5377/5377 1066/5378/5378 1012/5379/5379
f 998/5380/5380 1012/5381/5381 999/5382/5382
s 282
f 1008/5383/5383 1067/5384/5384 1065/5385/5385
f 1008/5386/5386 1065/5387/5387 1025/5388/5388
s 283
f 1011/5389/5389 1068/5390/5390 1067/5391/5391
f 1011/5392/5392 1067/5393/5393 1008/5394/5394
s 284
f 1069/5395/5395 1070/5396/5396 1040/5397/5397
f 1069/5398/5398 1040/5399/5399 1039/5400/5400
s 285
f 985/5401/5401 984/5402/5402 1068/5403/5403
f 985/5404/5404 1068/5405/5405 1011/5406/5406
s 286
f 1064/5407/5407 1063/5408/5408 1071/5409/5409
f 1064/5410/5410 1071/5411/5411 1072/5412/5412
s 287
f 1073/5413/5413 990/5414/5414 993/5415/5415
f 1073/5416/5416 993/5417/5417 1074/5418/5418
s 288
f 1075/5419/5419 1076/5420/5420 1064/5421/5421
f 1075/5422/5422 1064/5423/5423 1072/5424/5424
s 289
f 993/5425/5425 995/5426/5426 1077/5427/5427
f 993/5428/5428 1077/5429/5429 1074/5430/5430
s 290
f 998/5431/5431 1074/5432/5432 1077/5433/5433
f 998/5434/5434 1077/5435/5435 1066/5436/5436
s 291
f 1075/5437/5437 1078/5438/5438 1070/5439/5439
f 1075/5440/5440 1070/5441/5441 1069/5442/5442
s 292
f 1071/5443/5443 1079/5444/5444 1080/5445/5445
f 1071/5446/5446 1080/5447/5447 1072/5448/5448
s 293
f 1038/5449/5449 1037/5450/5450 1081/5451/5451
f 1038/5452/5452 1081/5453/5453 1082/5454/5454
s 294
f 1001/5455/5455 1064/5456/5456 1076/5457/5457
f 1001/5458/5458 1076/5459/5459 1002/5460/5460
s 295
f 1083/5461/5461 1084/5462/5462 1023/5463/5463
f 1083/5464/5464 1023/5465/5465 1022/5466/5466
s 296
f 1017/5467/5467 1085/5468/5468 1086/5469/5469
f 1017/5470/5470 1086/5471/5471 1018/5472/5472
s 297
f 997/5473/5473 1073/5474/5474 1074/5475/5475
f 997/5476/5476 1074/5477/5477 998/5478/5478
s 298
f 1087/5479/5479 1088/5480/5480 1040/5481/5481
f 1087/5482/5482 1040/5483/5483 1070/5484/5484
s 299
f 1089/5485/5485 1047/5486/5486 1046/5487/5487
f 1089/5488/5488 1046/5489/5489 1090/5490/5490
s 300
f 1091/5491/5491 1089/5492/5492 1005/5493/5493
f 1091/5494/5494 1005/5495/5495 1041/5496/5496
s 301
f 1088/5497/5497 1091/5498/5498 1041/5499/5499
f 1088/5500/5500 1041/5501/5501 1040/5502/5502
s 302
f 1088/5503/5503 979/5504/5504 1054/5505/5505
f 1088/5506/5506 1054/5507/5507 1091/5508/5508
s 303
f 1087/5509/5509 1080/5510/5510 1079/5511/5511
f 1087/5512/5512 1079/5513/5513 980/5514/5514
s 304
f 1070/5515/5515 1078/5516/5516 1080/5517/5517
f 1070/5518/5518 1080/5519/5519 1087/5520/5520
s 305
f 1089/5521/5521 1090/5522/5522 1006/5523/5523
f 1089/5524/5524 1006/5525/5525 1005/5526/5526
s 306
f 1091/5527/5527 1054/5528/5528 1047/5529/5529
f 1091/5530/5530 1047/5531/5531 1089/5532/5532
s 307
f 1087/5533/5533 980/5534/5534 979/5535/5535
f 1087/5536/5536 979/5537/5537 1088/5538/5538
s 308
f 1090/5539/5539 992/5540/5540 991/5541/5541
f 1090/5542/5542 991/5543/5543 1006/5544/5544
s 309
f 1046/5545/5545 994/5546/5546 992/5547/5547
f 1046/5548/5548 992/5549/5549 1090/5550/5550
s 310
f 995/5551/5551 994/5552/5552 1046/5553/5553
f 995/5554/5554 1046/5555/5555 1045/5556/5556
s 311
f 981/5557/5557 980/5558/5558 1079/5559/5559
f 981/5560/5560 1079/5561/5561 1071/5562/5562
s 312
f 1072/5563/5563 1080/5564/5564 1078/5565/5565
f 1072/5566/5566 1078/5567/5567 1075/5568/5568
s 313
f 1042/5569/5569 1041/5570/5570 1005/5571/5571
f 1042/5572/5572 1005/5573/5573 1004/5574/5574
s 314
f 1081/5575/5575 1092/5576/5576 1093/5577/5577
f 1081/5578/5578 1093/5579/5579 1084/5580/5580
s 315
f 988/5581/5581 1094/5582/5582 1095/5583/5583
f 988/5584/5584 1095/5585/5585 1043/5586/5586
s 316
f 1043/5587/5587 1095/5588/5588 1096/5589/5589
f 1043/5590/5590 1096/5591/5591 1097/5592/5592
s 317
f 1028/5593/5593 1098/5594/5594 1099/5595/5595
f 1028/5596/5596 1099/5597/5597 1029/5598/5598
s 318
f 1023/5599/5599 1100/5600/5600 1101/5601/5601
f 1023/5602/5602 1101/5603/5603 987/5604/5604
f 1084/5785/5785 1093/5786/5786 1100/5787/5787
f 1084/5788/5788 1100/5789/5789 1023/5790/5790
s 319
f 987/5605/5605 1101/5606/5606 1094/5607/5607
f 987/5608/5608 1094/5609/5609 988/5610/5610
s 320
f 1036/5611/5611 1102/5612/5612 1103/5613/5613
f 1036/5614/5614 1103/5615/5615 1037/5616/5616
s 321
f 1104/5617/5617 1105/5618/5618 1106/5619/5619
f 1104/5620/5620 1106/5621/5621 1032/5622/5622
s 322
f 1030/5623/5623 1029/5624/5624 1107/5625/5625
f 1030/5626/5626 1107/5627/5627 1108/5628/5628
s 323
f 1109/5629/5629 1110/5630/5630 1036/5631/5631
f 1109/5632/5632 1036/5633/5633 1035/5634/5634
s 324
f 1108/5635/5635 1107/5636/5636 1111/5637/5637
f 1108/5638/5638 1111/5639/5639 1112/5640/5640
s 325
f 1113/5641/5641 1104/5642/5642 1032/5643/5643
f 1113/5644/5644 1032/5645/5645 1031/5646/5646
s 326
f 1034/5647/5647 1033/5648/5648 1114/5649/5649
f 1034/5650/5650 1114/5651/5651 1115/5652/5652
s 327
f 1116/5653/5653 1097/5654/5654 1104/5655/5655
f 1116/5656/5656 1104/5657/5657 1113/5658/5658
s 328
f 1082/5659/5659 1081/5660/5660 1084/5661/5661
f 1082/5662/5662 1084/5663/5663 1083/5664/5664
s 329
f 1044/5665/5665 1043/5666/5666 1097/5667/5667
f 1044/5668/5668 1097/5669/5669 1116/5670/5670
s 330
f 1115/5671/5671 1114/5672/5672 1028/5673/5673
f 1115/5674/5674 1028/5675/5675 1027/5676/5676
s 331
f 1112/5677/5677 1111/5678/5678 1110/5679/5679
f 1112/5680/5680 1110/5681/5681 1109/5682/5682
s 332
f 1117/5683/5683 1118/5684/5684 1119/5685/5685
f 1117/5686/5686 1119/5687/5687 1102/5688/5688
s 333
f 1103/5689/5689 1120/5690/5690 1121/5691/5691
f 1103/5692/5692 1121/5693/5693 1092/5694/5694
s 334
f 1122/5695/5695 1123/5696/5696 1118/5697/5697
f 1122/5698/5698 1118/5699/5699 1117/5700/5700
s 335
f 1092/5701/5701 1121/5702/5702 1124/5703/5703
f 1092/5704/5704 1124/5705/5705 1093/5706/5706
s 336
f 1094/5707/5707 1125/5708/5708 1126/5709/5709
f 1094/5710/5710 1126/5711/5711 1095/5712/5712
s 337
f 1095/5713/5713 1126/5714/5714 1127/5715/5715
f 1095/5716/5716 1127/5717/5717 1096/5718/5718
s 338
f 1098/5719/5719 1128/5720/5720 1129/5721/5721
f 1098/5722/5722 1129/5723/5723 1099/5724/5724
s 339
f 1100/5725/5725 1130/5726/5726 1131/5727/5727
f 1100/5728/5728 1131/5729/5729 1101/5730/5730
s 340
f 1111/5731/5731 1122/5732/5732 1117/5733/5733
f 1111/5734/5734 1117/5735/5735 1110/5736/5736
s 341
f 1037/5737/5737 1103/5738/5738 1092/5739/5739
f 1037/5740/5740 1092/5741/5741 1081/5742/5742
s 342
f 1110/5743/5743 1117/5744/5744 1102/5745/5745
f 1110/5746/5746 1102/5747/5747 1036/5748/5748
s 343
f 1097/5749/5749 1096/5750/5750 1105/5751/5751
f 1097/5752/5752 1105/5753/5753 1104/5754/5754
s 344
f 1029/5755/5755 1099/5756/5756 1132/5757/5757
f 1029/5758/5758 1132/5759/5759 1107/5760/5760
s 345
f 1107/5761/5761 1132/5762/5762 1122/5763/5763
f 1107/5764/5764 1122/5765/5765 1111/5766/5766
s 346
f 1114/5767/5767 1133/5768/5768 1098/5769/5769
f 1114/5770/5770 1098/5771/5771 1028/5772/5772
f 1033/5773/5773 1134/5774/5774 1133/5775/5775
f 1033/5776/5776 1133/5777/5777 1114/5778/5778
s 347
f 1032/5779/5779 1106/5780/5780 1134/5781/5781
f 1032/5782/5782 1134/5783/5783 1033/5784/5784
s 348
f 1096/5791/5791 1127/5792/5792 1135/5793/5793
f 1096/5794/5794 1135/5795/5795 1105/5796/5796
s 349
f 1099/5797/5797 1129/5798/5798 1136/5799/5799
f 1099/5800/5800 1136/5801/5801 1132/5802/5802
s 350
f 1132/5803/5803 1136/5804/5804 1123/5805/5805
f 1132/5806/5806 1123/5807/5807 1122/5808/5808
s 351
f 1133/5809/5809 1137/5810/5810 1128/5811/5811
f 1133/5812/5812 1128/5813/5813 1098/5814/5814
s 352
f 1134/5815/5815 1138/5816/5816 1137/5817/5817
f 1134/5818/5818 1137/5819/5819 1133/5820/5820
s 353
f 1106/5821/5821 1139/5822/5822 1138/5823/5823
f 1106/5824/5824 1138/5825/5825 1134/5826/5826
s 354
f 1093/5827/5827 1124/5828/5828 1130/5829/5829
f 1093/5830/5830 1130/5831/5831 1100/5832/5832
s 355
f 1105/5833/5833 1135/5834/5834 1139/5835/5835
f 1105/5836/5836 1139/5837/5837 1106/5838/5838
s 356
f 1102/5839/5839 1119/5840/5840 1120/5841/5841
f 1102/5842/5842 1120/5843/5843 1103/5844/5844
s 357
f 1101/5845/5845 1131/5846/5846 1125/5847/5847
f 1101/5848/5848 1125/5849/5849 1094/5850/5850
s 358
f 1131/5851/5851 1140/5852/5852 1141/5853/5853
f 1131/5854/5854 1141/5855/5855 1125/5856/5856
s 359
f 1142/5857/5857 1143/5858/5858 1144/5859/5859
f 1142/5860/5860 1144/5861/5861 1145/5862/5862
s 360
f 1120/5863/5863 1146/5864/5864 1147/5865/5865
f 1120/5866/5866 1147/5867/5867 1121/5868/5868
s 361
f 1126/5869/5869 1148/5870/5870 1149/5871/5871
f 1126/5872/5872 1149/5873/5873 1127/5874/5874
s 362
f 1123/5875/5875 1150/5876/5876 1151/5877/5877
f 1123/5878/5878 1151/5879/5879 1118/5880/5880
s 363
f 1129/5881/5881 1152/5882/5882 1153/5883/5883
f 1129/5884/5884 1153/5885/5885 1136/5886/5886
s 364
f 1136/5887/5887 1153/5888/5888 1150/5889/5889
f 1136/5890/5890 1150/5891/5891 1123/5892/5892
s 365
f 1118/5893/5893 1151/5894/5894 1154/5895/5895
f 1118/5896/5896 1154/5897/5897 1119/5898/5898
s 366
f 1137/5899/5899 1142/5900/5900 1145/5901/5901
f 1137/5902/5902 1145/5903/5903 1128/5904/5904
s 367
f 1138/5905/5905 1155/5906/5906 1142/5907/5907
f 1138/5908/5908 1142/5909/5909 1137/5910/5910
s 368
f 1135/5911/5911 1156/5912/5912 1157/5913/5913
f 1135/5914/5914 1157/5915/5915 1139/5916/5916
s 369
f 1124/5917/5917 1158/5918/5918 1159/5919/5919
f 1124/5920/5920 1159/5921/5921 1130/5922/5922
s 370
f 1119/5923/5923 1154/5924/5924 1146/5925/5925
f 1119/5926/5926 1146/5927/5927 1120/5928/5928
s 371
f 1125/5929/5929 1141/5930/5930 1148/5931/5931
f 1125/5932/5932 1148/5933/5933 1126/5934/5934
s 372
f 1130/5935/5935 1159/5936/5936 1140/5937/5937
f 1130/5938/5938 1140/5939/5939 1131/5940/5940
s 373
f 1127/5941/5941 1149/5942/5942 1156/5943/5943
f 1127/5944/5944 1156/5945/5945 1135/5946/5946
s 374
f 1128/5947/5947 1145/5948/5948 1152/5949/5949
f 1128/5950/5950 1152/5951/5951 1129/5952/5952
s 375
f 1139/5953/5953 1157/5954/5954 1155/5955/5955
f 1139/5956/5956 1155/5957/5957 1138/5958/5958
s 376
f 1121/5959/5959 1147/5960/5960 1158/5961/5961
f 1121/5962/5962 1158/5963/5963 1124/5964/5964
s 377
f 1160/5965/5965 1161/5966/5966 1162/5967/5967
f 1160/5968/5968 1162/5969/5969 1163/5970/5970
f 1160/5971/5971 1163/5972/5972 1164/5973/5973
f 1160/5974/5974 1164/5975/5975 1165/5976/5976
f 1160/5977/5977 1165/5978/5978 1166/5979/5979
f 1160/5980/5980 1166/5981/5981 1167/5982/5982
f 1160/5983/5983 1167/5984/5984 1168/5985/5985
f 1160/5986/5986 1168/5987/5987 1169/5988/5988
f 1160/5989/5989 1169/5990/5990 1170/5991/5991
f 1160/5992/5992 1170/5993/5993 1171/5994/5994
f 1160/5995/5995 1171/5996/5996 1144/5997/5997
f 1160/5998/5998 1144/5999/5999 1143/6000/6000
f 1160/6001/6001 1143/6002/6002 1172/6003/6003
f 1160/6004/6004 1172/6005/6005 1173/6006/6006
f 1160/6007/6007 1173/6008/6008 1174/6009/6009
f 1160/6010/6010 1174/6011/6011 1175/6012/6012
s 378
f 1155/6013/6013 1172/6014/6014 1143/6015/6015
f 1155/6016/6016 1143/6017/6017 1142/6018/6018
s 379
f 1156/6019/6019 1174/6020/6020 1173/6021/6021
f 1156/6022/6022 1173/6023/6023 1157/6024/6024
s 380
f 1158/6025/6025 1164/6026/6026 1163/6027/6027
f 1158/6028/6028 1163/6029/6029 1159/6030/6030
s 381
f 1154/6031/6031 1167/6032/6032 1166/6033/6033
f 1154/6034/6034 1166/6035/6035 1146/6036/6036
s 382
f 1141/6037/6037 1161/6038/6038 1160/6039/6039
f 1141/6040/6040 1160/6041/6041 1148/6042/6042
s 383
f 1159/6043/6043 1163/6044/6044 1162/6045/6045
f 1159/6046/6046 1162/6047/6047 1140/6048/6048
s 384
f 1149/6049/6049 1175/6050/6050 1174/6051/6051
f 1149/6052/6052 1174/6053/6053 1156/6054/6054
s 385
f 1145/6055/6055 1144/6056/6056 1171/6057/6057
f 1145/6058/6058 1171/6059/6059 1152/6060/6060
s 386
f 1157/6061/6061 1173/6062/6062 1172/6063/6063
f 1157/6064/6064 1172/6065/6065 1155/6066/6066
s 387
f 1147/6067/6067 1165/6068/6068 1164/6069/6069
f 1147/6070/6070 1164/6071/6071 1158/6072/6072
s 388
f 1140/6073/6073 1162/6074/6074 1161/6075/6075
f 1140/6076/6076 1161/6077/6077 1141/6078/6078
s 389
f 1146/6079/6079 1166/6080/6080 1165/6081/6081
f 1146/6082/6082 1165/6083/6083 1147/6084/6084
s 390
f 1148/6085/6085 1160/6086/6086 1175/6087/6087
f 1148/6088/6088 1175/6089/6089 1149/6090/6090
s 391
f 1150/6091/6091 1169/6092/6092 1168/6093/6093
f 1150/6094/6094 1168/6095/6095 1151/6096/6096
s 392
f 1152/6097/6097 1171/6098/6098 1170/6099/6099
f 1152/6100/6100 1170/6101/6101 1153/6102/6102
s 393
f 1153/6103/6103 1170/6104/6104 1169/6105/6105
f 1153/6106/6106 1169/6107/6107 1150/6108/6108
s 394
f 1151/6109/6109 1168/6110/6110 1167/6111/6111
f 1151/6112/6112 1167/6113/6113 1154/6114/6114
s 395
f 1176/6115/6115 1112/6116/6116 1109/6117/6117
f 1176/6118/6118 1109/6119/6119 1177/6120/6120
f 1004/6433/6433 1176/6434/6434 1177/6435/6435
f 1004/6436/6436 1177/6437/6437 1042/6438/6438
s 396
f 1178/6121/6121 1115/6122/6122 1027/6123/6123
f 1178/6124/6124 1027/6125/6125 1179/6126/6126
f 1185/6145/6145 1034/6146/6146 1115/6147/6147
f 1185/6148/6148 1115/6149/6149 1178/6150/6150
f 996/6403/6403 1185/6404/6404 1178/6405/6405
f 996/6406/6406 1178/6407/6407 997/6408/6408
f 997/6427/6427 1178/6428/6428 1179/6429/6429
f 997/6430/6430 1179/6431/6431 1073/6432/6432
s 397
f 1180/6127/6127 1044/6128/6128 1116/6129/6129
f 1180/6130/6130 1116/6131/6131 1181/6132/6132
f 1009/6421/6421 1180/6422/6422 1181/6423/6423
f 1009/6424/6424 1181/6425/6425 1010/6426/6426
s 398
f 1182/6133/6133 1082/6134/6134 1083/6135/6135
f 1182/6136/6136 1083/6137/6137 1183/6138/6138
s 399
f 1181/6139/6139 1116/6140/6140 1113/6141/6141
f 1181/6142/6142 1113/6143/6143 1184/6144/6144
f 1010/6409/6409 1181/6410/6410 1184/6411/6411
f 1010/6412/6412 1184/6413/6413 1026/6414/6414
s 400
f 1184/6151/6151 1113/6152/6152 1031/6153/6153
f 1184/6154/6154 1031/6155/6155 1186/6156/6156
f 1026/6397/6397 1184/6398/6398 1186/6399/6399
f 1026/6400/6400 1186/6401/6401 1015/6402/6402
s 401
f 1187/6157/6157 1108/6158/6158 1112/6159/6159
f 1187/6160/6160 1112/6161/6161 1176/6162/6162
f 1007/6391/6391 1187/6392/6392 1176/6393/6393
f 1007/6394/6394 1176/6395/6395 1004/6396/6396
s 402
f 1177/6163/6163 1109/6164/6164 1035/6165/6165
f 1177/6166/6166 1035/6167/6167 1188/6168/6168
f 1042/6385/6385 1177/6386/6386 1188/6387/6387
f 1042/6388/6388 1188/6389/6389 1039/6390/6390
s 403
f 1189/6169/6169 1030/6170/6170 1108/6171/6171
f 1189/6172/6172 1108/6173/6173 1187/6174/6174
f 990/6379/6379 1189/6380/6380 1187/6381/6381
f 990/6382/6382 1187/6383/6383 1007/6384/6384
s 404
f 1183/6175/6175 1083/6176/6176 1022/6177/6177
f 1183/6178/6178 1022/6179/6179 1190/6180/6180
f 1190/6211/6211 1022/6212/6212 986/6213/6213
f 1190/6214/6214 986/6215/6215 1193/6216/6216
f 1002/6337/6337 1190/6338/6338 1193/6339/6339
f 1002/6340/6340 1193/6341/6341 1003/6342/6342
f 1076/6373/6373 1183/6374/6374 1190/6375/6375
f 1076/6376/6376 1190/6377/6377 1002/6378/6378
s 405
f 1191/6181/6181 1038/6182/6182 1082/6183/6183
f 1191/6184/6184 1082/6185/6185 1182/6186/6186
f 1069/6367/6367 1191/6368/6368 1182/6369/6369
f 1069/6370/6370 1182/6371/6371 1075/6372/6372
s 406
f 1192/6187/6187 989/6188/6188 1044/6189/6189
f 1192/6190/6190 1044/6191/6191 1180/6192/6192
f 1024/6361/6361 1192/6362/6362 1180/6363/6363
f 1024/6364/6364 1180/6365/6365 1009/6366/6366
s 407
f 1188/6193/6193 1035/6194/6194 1038/6195/6195
f 1188/6196/6196 1038/6197/6197 1191/6198/6198
f 1039/6355/6355 1188/6356/6356 1191/6357/6357
f 1039/6358/6358 1191/6359/6359 1069/6360/6360
s 408
f 1186/6199/6199 1031/6200/6200 1034/6201/6201
f 1186/6202/6202 1034/6203/6203 1185/6204/6204
f 1015/6349/6349 1186/6350/6350 1185/6351/6351
f 1015/6352/6352 1185/6353/6353 996/6354/6354
s 409
f 1179/6205/6205 1027/6206/6206 1030/6207/6207
f 1179/6208/6208 1030/6209/6209 1189/6210/6210
s 410
f 1193/6217/6217 986/6218/6218 989/6219/6219
f 1193/6220/6220 989/6221/6221 1192/6222/6222
f 1003/6331/6331 1193/6332/6332 1192/6333/6333
f 1003/6334/6334 1192/6335/6335 1024/6336/6336
s 411
f 1060/6223/6223 1068/6224/6224 984/6225/6225
f 1060/6226/6226 984/6227/6227 1061/6228/6228
s 412
f 1019/6229/6229 1048/6230/6230 1053/6231/6231
f 1019/6232/6232 1053/6233/6233 1059/6234/6234
s 413
f 1058/6235/6235 1065/6236/6236 1067/6237/6237
f 1058/6238/6238 1067/6239/6239 1062/6240/6240
s 414
f 1061/6241/6241 984/6242/6242 983/6243/6243
f 1061/6244/6244 983/6245/6245 1021/6246/6246
s 415
f 1059/6247/6247 1053/6248/6248 978/6249/6249
f 1059/6250/6250 978/6251/6251 1056/6252/6252
s 416
f 1051/6253/6253 1063/6254/6254 1014/6255/6255
f 1051/6256/6256 1014/6257/6257 1052/6258/6258
s 417
f 1021/6259/6259 983/6260/6260 1012/6261/6261
f 1021/6262/6262 1012/6263/6263 1016/6264/6264
s 418
f 1057/6265/6265 1013/6266/6266 1065/6267/6267
f 1057/6268/6268 1065/6269/6269 1058/6270/6270
s 419
f 1062/6271/6271 1067/6272/6272 1068/6273/6273
f 1062/6274/6274 1068/6275/6275 1060/6276/6276
s 420
f 1018/6277/6277 1045/6278/6278 1048/6279/6279
f 1018/6280/6280 1048/6281/6281 1019/6282/6282
s 421
f 1016/6283/6283 1012/6284/6284 1066/6285/6285
f 1016/6286/6286 1066/6287/6287 1017/6288/6288
s 422
f 1056/6289/6289 978/6290/6290 981/6291/6291
f 1056/6292/6292 981/6293/6293 1049/6294/6294
s 423
f 1052/6295/6295 1014/6296/6296 1013/6297/6297
f 1052/6298/6298 1013/6299/6299 1057/6300/6300
s 424
f 1085/6301/6301 1077/6302/6302 995/6303/6303
f 1085/6304/6304 995/6305/6305 1086/6306/6306
s 425
f 1050/6307/6307 1071/6308/6308 1063/6309/6309
f 1050/6310/6310 1063/6311/6311 1051/6312/6312
s 426
f 1049/6313/6313 981/6314/6314 1071/6315/6315
f 1049/6316/6316 1071/6317/6317 1050/6318/6318
s 427
f 1017/6319/6319 1066/6320/6320 1077/6321/6321
f 1017/6322/6322 1077/6323/6323 1085/6324/6324
s 428
f 1086/6325/6325 995/6326/6326 1045/6327/6327
f 1086/6328/6328 1045/6329/6329 1018/6330/6330
s 429
f 1073/6343/6343 1179/6344/6344 1189/6345/6345
f 1073/6346/6346 1189/6347/6347 990/6348/6348
s 430
f 1075/6415/6415 1182/6416/6416 1183/6417/6417
f 1075/6418/6418 1183/6419/6419 1076/6420/6420
s 431
f 890/6439/6439 869/6440/6440 871/6441/6441
f 890/6442/6442 871/6443/6443 888/6444/6444
s 432
f 891/6445/6445 867/6446/6446 869/6447/6447
f 891/6448/6448 869/6449/6449 890/6450/6450
s 433
f 900/6451/6451 857/6452/6452 859/6453/6453
f 900/6454/6454 859/6455/6455 889/6456/6456
s 434
f 896/6457/6457 855/6458/6458 857/6459/6459
f 896/6460/6460 857/6461/6461 900/6462/6462
o barrel,ox=-0.00,oy=0.00,oz=9.95,p=sleeve,
v -2.133245 28.440858 -5.459990
vn -0.996700 0.000000 0.081200
vt 0.380984992 0.164764002
v -0.873015 29.311994 5.576457
vn -0.530900 0.530900 0.660500
vt 0.369412005 0.176403001
v -1.508981 29.947961 -5.459989
vn -0.704800 0.704800 0.081200
vt 0.369385988 0.164764002
vn -0.996700 0.000000 0.081200
vt 0.380984992 0.164764002
v -1.233853 28.440850 5.576455
vn -0.750800 0.000000 0.660500
vt 0.381007999 0.176403001
vn -0.530900 0.530900 0.660500
vt 0.369412005 0.176403001
v -1.508981 26.933745 -5.459991
vn -0.704800 -0.704800 0.081200
vt 0.380982995 0.164764002
v -0.873015 27.569711 5.576455
vn -0.530900 -0.530900 0.660500
vt 0.380998999 0.176403001
vn -0.996700 0.000000 0.081200
vt 0.369388014 0.164764002
vn -0.530900 -0.530900 0.660500
vt 0.380998999 0.176403001
vn -0.750800 0.000000 0.660500
vt 0.369403988 0.176403001
vn -0.996700 0.000000 0.081200
vt 0.369388014 0.164764002
vn -0.704800 0.704800 0.081200
vt 0.380982995 0.164764002
v -0.001872 29.672833 5.576457
vn -0.000000 0.750800 0.660500
vt 0.369415998 0.176403001
v -0.001872 30.572230 -5.459987
vn -0.000000 0.996700 0.081200
vt 0.369385988 0.164764002
vn -0.704800 0.704800 0.081200
vt 0.380982995 0.164764002
vn -0.530900 0.530900 0.660500
vt 0.381011993 0.176403001
vn -0.000000 0.750800 0.660500
vt 0.369415998 0.176403001
vn -0.750800 0.000000 0.660500
vt 0.381007999 0.176403001
v -0.791246 28.440850 5.576455
vn 0.594300 0.000000 0.804200
vt 0.379070997 0.176403001
vn -0.530900 0.530900 0.660500
vt 0.381011993 0.176403001
vn -0.750800 0.000000 0.660500
vt 0.381007999 0.176403001
v -0.560044 27.882682 5.576455
vn 0.420300 0.420300 0.804200
vt 0.375450999 0.176403001
vn 0.594300 0.000000 0.804200
vt 0.379070997 0.176403001
vn -0.530900 -0.530900 0.660500
vt 0.369394004 0.176403001
vn 0.420300 0.420300 0.804200
vt 0.375450999 0.176403001
vn -0.750800 0.000000 0.660500
vt 0.381007999 0.176403001
vn -0.704800 -0.704800 0.081200
vt 0.369385988 0.164764002
v -0.001872 26.309485 -5.459991
vn -0.000000 -0.996700 0.081200
vt 0.380982995 0.164764002
vn -0.530900 -0.530900 0.660500
vt 0.369394004 0.176403001
vn -0.000000 -0.996700 0.081200
vt 0.380982995 0.164764002
v -0.001872 27.208873 5.576455
vn -0.000000 -0.750800 0.660500
vt 0.380989999 0.176403001
vn -0.530900 -0.530900 0.660500
vt 0.369394004 0.176403001
vn -0.530900 0.530900 0.660500
vt 0.381011993 0.176403001
vn 0.594300 0.000000 0.804200
vt 0.379070997 0.176403001
v -0.560044 28.999022 5.576457
vn 0.420300 -0.420300 0.804200
vt 0.380447000 0.176403001
vn -0.530900 0.530900 0.660500
vt 0.381011993 0.176403001
vn 0.420300 -0.420300 0.804200
vt 0.380447000 0.176403001
vn -0.000000 0.750800 0.660500
vt 0.381011993 0.176403001
vn -0.530900 -0.530900 0.660500
vt 0.369394004 0.176403001
v -0.001872 27.651481 5.576455
vn -0.000000 0.594300 0.804200
vt 0.379061013 0.176403001
vn 0.420300 0.420300 0.804200
vt 0.375450999 0.176403001
vn -0.530900 -0.530900 0.660500
vt 0.369394004 0.176403001
vn -0.000000 -0.750800 0.660500
vt 0.380989999 0.176403001
vn -0.000000 0.594300 0.804200
vt 0.379061013 0.176403001
v 0.556300 27.882682 5.576455
vn -0.420300 0.420300 0.804200
vt 0.380434006 0.176403001
vn -0.000000 0.594300 0.804200
vt 0.379061013 0.176403001
vn -0.000000 -0.750800 0.660500
vt 0.380989999 0.176403001
vn -0.420300 0.420300 0.804200
vt 0.380434006 0.176403001
vn -0.000000 -0.750800 0.660500
vt 0.380989999 0.176403001
v 0.869270 27.569711 5.576455
vn 0.530900 -0.530900 0.660500
vt 0.380991012 0.176403001
vn 0.594300 0.000000 0.804200
vt 0.379070997 0.176403001
v -0.791246 28.440850 -0.352215
vn 0.776400 0.000000 0.630200
vt 0.379070997 0.176403001
vn 0.420300 -0.420300 0.804200
vt 0.380447000 0.176403001
vn 0.420300 0.420300 0.804200
vt 0.375450999 0.176403001
vn -0.000000 0.594300 0.804200
vt 0.379061013 0.176403001
v -0.001872 27.651481 -0.352215
vn -0.000000 0.776400 0.630200
vt 0.379061013 0.176403001
vn 0.420300 0.420300 0.804200
vt 0.375450999 0.176403001
v -0.560044 27.882682 -0.352215
vn 0.549000 0.549000 0.630200
vt 0.375450999 0.176403001
vn 0.594300 0.000000 0.804200
vt 0.379070997 0.176403001
vn 0.594300 0.000000 0.804200
vt 0.379070997 0.176403001
vn 0.549000 0.549000 0.630200
vt 0.375450999 0.176403001
vn 0.776400 0.000000 0.630200
vt 0.379070997 0.176403001
vn 0.420300 0.420300 0.804200
vt 0.375450999 0.176403001
vn -0.000000 0.776400 0.630200
vt 0.379061013 0.176403001
vn 0.549000 0.549000 0.630200
vt 0.375450999 0.176403001
v 0.556300 27.882682 -0.352215
vn -0.549000 0.549000 0.630200
vt 0.380434006 0.176403001
vn -0.000000 0.776400 0.630200
vt 0.379061013 0.176403001
vn -0.000000 0.594300 0.804200
vt 0.379061013 0.176403001
vn -0.420300 0.420300 0.804200
vt 0.380434006 0.176403001
vn -0.549000 0.549000 0.630200
vt 0.380434006 0.176403001
vn -0.000000 0.594300 0.804200
vt 0.379061013 0.176403001
vn -0.549000 0.549000 0.630200
vt 0.380434006 0.176403001
vn 0.549000 0.549000 0.630200
vt 0.375450999 0.176403001
vn -0.000000 0.776400 0.630200
vt 0.379061013 0.176403001
vn 0.420300 -0.420300 0.804200
vt 0.380447000 0.176403001
vn 0.776400 0.000000 0.630200
vt 0.379070997 0.176403001
v -0.560044 28.999022 -0.352214
vn 0.549000 -0.549000 0.630200
vt 0.380447000 0.176403001
vn 0.549000 0.549000 0.630200
vt 0.375450999 0.176403001
vn 0.549000 -0.549000 0.630200
vt 0.380447000 0.176403001
vn 0.776400 0.000000 0.630200
vt 0.379070997 0.176403001
vn -0.000000 0.750800 0.660500
vt 0.381011993 0.176403001
vn 0.420300 -0.420300 0.804200
vt 0.380447000 0.176403001
v -0.001872 29.230226 5.576457
vn -0.000000 -0.594300 0.804200
vt 0.380641013 0.176403001
vn 0.420300 -0.420300 0.804200
vt 0.380447000 0.176403001
vn 0.549000 -0.549000 0.630200
vt 0.380447000 0.176403001
vn -0.000000 -0.594300 0.804200
vt 0.380641013 0.176403001
vn -0.000000 0.750800 0.660500
vt 0.381011993 0.176403001
v 0.869270 29.311994 5.576457
vn 0.530900 0.530900 0.660500
vt 0.369415998 0.176403001
vn -0.000000 0.996700 0.081200
vt 0.380982995 0.164764002
vn 0.530900 0.530900 0.660500
vt 0.369415998 0.176403001
v 1.505237 29.947961 -5.459989
vn 0.704800 0.704800 0.081200
vt 0.369385988 0.164764002
vn -0.000000 0.996700 0.081200
vt 0.380982995 0.164764002
vn -0.000000 0.750800 0.660500
vt 0.381011993 0.176403001
vn -0.000000 -0.594300 0.804200
vt 0.380641013 0.176403001
vn 0.530900 0.530900 0.660500
vt 0.381007999 0.176403001
vn -0.420300 0.420300 0.804200
vt 0.380434006 0.176403001
v 0.787501 28.440850 -0.352215
vn -0.776400 0.000000 0.630200
vt 0.380632997 0.176403001
vn -0.549000 0.549000 0.630200
vt 0.380434006 0.176403001
vn -0.776400 0.000000 0.630200
vt 0.380632997 0.176403001
vn 0.549000 0.549000 0.630200
vt 0.375450999 0.176403001
vn -0.549000 0.549000 0.630200
vt 0.380434006 0.176403001
vn 0.549000 0.549000 0.630200
vt 0.375450999 0.176403001
v -0.001872 29.230226 -0.352214
vn -0.000000 -0.776400 0.630200
vt 0.380641013 0.176403001
vn 0.549000 -0.549000 0.630200
vt 0.380447000 0.176403001
vn -0.000000 -0.594300 0.804200
vt 0.380641013 0.176403001
vn 0.549000 -0.549000 0.630200
vt 0.380447000 0.176403001
vn -0.000000 -0.776400 0.630200
vt 0.380641013 0.176403001
vn -0.420300 0.420300 0.804200
vt 0.380434006 0.176403001
vn 0.530900 -0.530900 0.660500
vt 0.380991012 0.176403001
v 0.787501 28.440850 5.576455
vn -0.594300 0.000000 0.804200
vt 0.380632997 0.176403001
vn -0.420300 0.420300 0.804200
vt 0.380434006 0.176403001
vn -0.594300 0.000000 0.804200
vt 0.380632997 0.176403001
vn -0.776400 0.000000 0.630200
vt 0.380632997 0.176403001
vn -0.776400 0.000000 0.630200
vt 0.380632997 0.176403001
v 0.556299 28.999022 -0.352214
vn -0.549000 -0.549000 0.630200
vt 0.380677015 0.176403001
vn 0.549000 0.549000 0.630200
vt 0.375450999 0.176403001
vn 0.549000 0.549000 0.630200
vt 0.375450999 0.176403001
vn -0.549000 -0.549000 0.630200
vt 0.380677015 0.176403001
vn -0.000000 -0.776400 0.630200
vt 0.380641013 0.176403001
vn -0.594300 0.000000 0.804200
vt 0.380632997 0.176403001
vn -0.549000 -0.549000 0.630200
vt 0.380677015 0.176403001
vn -0.776400 0.000000 0.630200
vt 0.380632997 0.176403001
vn -0.000000 -0.594300 0.804200
vt 0.380641013 0.176403001
vn -0.000000 -0.776400 0.630200
vt 0.380641013 0.176403001
v 0.556299 28.999022 5.576457
vn -0.420300 -0.420300 0.804200
vt 0.380677015 0.176403001
vn -0.420300 -0.420300 0.804200
vt 0.380677015 0.176403001
vn -0.000000 -0.776400 0.630200
vt 0.380641013 0.176403001
vn -0.549000 -0.549000 0.630200
vt 0.380677015 0.176403001
vn 0.530900 0.530900 0.660500
vt 0.381007999 0.176403001
vn -0.000000 -0.594300 0.804200
vt 0.380641013 0.176403001
vn -0.420300 -0.420300 0.804200
vt 0.380677015 0.176403001
vn -0.594300 0.000000 0.804200
vt 0.380632997 0.176403001
vn -0.420300 -0.420300 0.804200
vt 0.380677015 0.176403001
vn -0.549000 -0.549000 0.630200
vt 0.380677015 0.176403001
vn 0.530900 0.530900 0.660500
vt 0.381007999 0.176403001
vn -0.420300 -0.420300 0.804200
vt 0.380677015 0.176403001
v 1.230107 28.440850 5.576455
vn 0.750800 0.000000 0.660500
vt 0.381000012 0.176403001
vn -0.594300 0.000000 0.804200
vt 0.380632997 0.176403001
vn 0.750800 0.000000 0.660500
vt 0.381000012 0.176403001
vn -0.420300 -0.420300 0.804200
vt 0.380677015 0.176403001
vn -0.594300 0.000000 0.804200
vt 0.380632997 0.176403001
vn 0.530900 -0.530900 0.660500
vt 0.380991012 0.176403001
vn 0.750800 0.000000 0.660500
vt 0.381000012 0.176403001
vn 0.530900 0.530900 0.660500
vt 0.381007999 0.176403001
vn 0.750800 0.000000 0.660500
vt 0.369410992 0.176403001
vn 0.704800 0.704800 0.081200
vt 0.380982995 0.164764002
vn 0.750800 0.000000 0.660500
vt 0.369410992 0.176403001
v 2.129499 28.440858 -5.459990
vn 0.996700 0.000000 0.081200
vt 0.369388014 0.164764002
vn 0.704800 0.704800 0.081200
vt 0.380982995 0.164764002
v 1.505237 26.933745 -5.459991
vn 0.704800 -0.704800 0.081200
vt 0.380982995 0.164764002
vn 0.530900 -0.530900 0.660500
vt 0.380991012 0.176403001
vn -0.000000 -0.750800 0.660500
vt 0.369392991 0.176403001
vn -0.000000 -0.996700 0.081200
vt 0.369385988 0.164764002
vn 0.704800 -0.704800 0.081200
vt 0.380982995 0.164764002
vn -0.000000 -0.750800 0.660500
vt 0.369392991 0.176403001
vn 0.750800 0.000000 0.660500
vt 0.381000012 0.176403001
vn 0.530900 -0.530900 0.660500
vt 0.369401991 0.176403001
vn 0.996700 0.000000 0.081200
vt 0.380984992 0.164764002
vn 0.530900 -0.530900 0.660500
vt 0.369401991 0.176403001
vn 0.704800 -0.704800 0.081200
vt 0.369385988 0.164764002
vn 0.996700 0.000000 0.081200
vt 0.380984992 0.164764002
s 435
f 1194/6727/6727 1195/6728/6728 1196/6729/6729
f 1194/6730/6730 1197/6731/6731 1195/6732/6732
f 1198/6733/6733 1199/6734/6734 1194/6735/6735
f 1199/6736/6736 1197/6737/6737 1194/6738/6738
f 1196/6739/6739 1200/6740/6740 1201/6741/6741
f 1196/6742/6742 1195/6743/6743 1200/6744/6744
f 1197/6745/6745 1202/6746/6746 1195/6747/6747
f 1197/6748/6748 1203/6749/6749 1202/6750/6750
f 1199/6751/6751 1203/6752/6752 1197/6753/6753
f 1198/6754/6754 1204/6755/6755 1199/6756/6756
f 1204/6757/6757 1205/6758/6758 1199/6759/6759
f 1195/6760/6760 1202/6761/6761 1206/6762/6762
f 1195/6763/6763 1206/6764/6764 1200/6765/6765
f 1199/6766/6766 1207/6767/6767 1203/6768/6768
f 1199/6769/6769 1205/6770/6770 1207/6771/6771
f 1208/6772/6772 1207/6773/6773 1205/6774/6774
f 1208/6775/6775 1205/6776/6776 1209/6777/6777
f 1202/6778/6778 1210/6779/6779 1206/6780/6780
f 1203/6781/6781 1207/6782/6782 1211/6783/6783
f 1203/6784/6784 1212/6785/6785 1202/6786/6786
f 1202/6787/6787 1212/6788/6788 1210/6789/6789
f 1203/6790/6790 1211/6791/6791 1212/6792/6792
f 1213/6793/6793 1211/6794/6794 1207/6795/6795
f 1208/6796/6796 1213/6797/6797 1207/6798/6798
f 1213/6799/6799 1212/6800/6800 1211/6801/6801
f 1206/6802/6802 1210/6803/6803 1214/6804/6804
f 1212/6805/6805 1214/6806/6806 1210/6807/6807
f 1200/6808/6808 1206/6809/6809 1215/6810/6810
f 1206/6811/6811 1214/6812/6812 1215/6813/6813
f 1200/6814/6814 1216/6815/6815 1201/6816/6816
f 1216/6817/6817 1217/6818/6818 1201/6819/6819
f 1200/6820/6820 1215/6821/6821 1216/6822/6822
f 1208/6823/6823 1218/6824/6824 1213/6825/6825
f 1218/6826/6826 1212/6827/6827 1213/6828/6828
f 1212/6829/6829 1219/6830/6830 1214/6831/6831
f 1215/6832/6832 1214/6833/6833 1219/6834/6834
f 1208/6835/6835 1209/6836/6836 1220/6837/6837
f 1208/6838/6838 1220/6839/6839 1218/6840/6840
f 1218/6841/6841 1221/6842/6842 1212/6843/6843
f 1212/6844/6844 1221/6845/6845 1219/6846/6846
f 1220/6847/6847 1221/6848/6848 1218/6849/6849
f 1215/6850/6850 1219/6851/6851 1222/6852/6852
f 1222/6853/6853 1219/6854/6854 1221/6855/6855
f 1216/6856/6856 1215/6857/6857 1222/6858/6858
f 1220/6859/6859 1222/6860/6860 1221/6861/6861
f 1216/6862/6862 1222/6863/6863 1223/6864/6864
f 1220/6865/6865 1223/6866/6866 1222/6867/6867
f 1220/6868/6868 1209/6869/6869 1223/6870/6870
f 1216/6871/6871 1223/6872/6872 1217/6873/6873
f 1223/6874/6874 1224/6875/6875 1217/6876/6876
f 1225/6877/6877 1209/6878/6878 1205/6879/6879
f 1204/6880/6880 1225/6881/6881 1205/6882/6882
f 1223/6883/6883 1209/6884/6884 1224/6885/6885
f 1209/6886/6886 1225/6887/6887 1224/6888/6888
o flare,ox=-0.00,oy=0.00,oz=6.00,p=barrel,,e=0
v 0.000000 28.200004 6.210004
v 0.000000 28.200004 10.210004
v 0.000000 30.200004 6.210004
f 1226/1/1 1227/2/2 1228/3/3
o rthigh,ox=-6.30,oy=-0.42,oz=0.00,p=pelvis,
v -11.202665 8.578005 -11.878101
vn 1.000000 0.000000 0.000000
vt 0.031074001 0.511200011
v -11.202665 8.625092 -11.719671
vn 1.000000 0.000000 0.000000
vt 0.030518999 0.510891020
v -11.202665 8.295483 -11.271801
vn 1.000000 0.000000 0.000000
vt 0.029730000 0.509500027
vn -1.000000 -0.000000 0.000000
vt 0.031056000 0.510402024
vn -1.000000 -0.000000 0.000000
vt 0.030569000 0.510891020
vn -1.000000 -0.000000 0.000000
vt 0.031118000 0.511200011
v -11.368024 17.547638 -17.679955
vn -0.936208 0.174544 -0.305040
vt 0.117186002 0.665319026
v -12.200680 16.884771 -15.503714
vn -0.996773 -0.020803 -0.077526
vt 0.102049001 0.625334024
v -11.356914 19.990378 -15.008677
vn -0.961993 0.268924 -0.047421
vt 0.102049001 0.665319026
vn -0.936208 0.174544 -0.305040
vt 0.117186002 0.665319026
v -11.368023 14.442032 -18.174988
vn -0.960479 -0.267926 -0.075471
vt 0.117184997 0.625334024
vn -0.996773 -0.020803 -0.077526
vt 0.102049001 0.625334024
v -10.904658 20.484120 -9.912947
vn -0.960024 0.125495 0.250212
vt 0.117422998 0.665811002
v -10.876003 15.713194 -9.068786
vn -0.948171 -0.068854 0.310210
vt 0.101305000 0.625096023
v -10.876004 18.818800 -8.573752
vn -0.999837 -0.002846 0.017854
vt 0.101306997 0.665811002
vn -0.960024 0.125495 0.250212
vt 0.117422998 0.665811002
v -11.748425 17.378515 -10.407980
vn -0.972233 0.000264 0.234017
vt 0.117426999 0.625091016
vn -0.948171 -0.068854 0.310210
vt 0.101305000 0.625096023
vn -0.972233 0.000264 0.234017
vt 0.117426999 0.625091016
vn -0.960024 0.125495 0.250212
vt 0.102229998 0.625091016
vn -0.961993 0.268924 -0.047421
vt 0.102231003 0.665922999
vn -0.972233 0.000264 0.234017
vt 0.117426999 0.625091016
vn -0.961993 0.268924 -0.047421
vt 0.102231003 0.665922999
vn -0.996773 -0.020803 -0.077526
vt 0.117429003 0.665922999
v -11.202665 15.035099 -12.301397
vn 0.000000 0.977739 -0.209827
vt -0.000404000 0.015016000
v -10.569366 15.035099 -12.301397
vn 0.000000 0.977739 -0.209827
vt -0.000426000 0.015016000
v -11.202665 14.457352 -14.993548
vn 0.000000 0.977739 -0.209827
vt -0.000405000 0.015016000
vn 0.000000 0.977739 -0.209827
vt -0.000426000 0.015016000
v -10.569366 14.457352 -14.993548
vn 0.000000 0.977739 -0.209827
vt -0.000426000 0.015016000
vn 0.000000 0.977739 -0.209827
vt -0.000405000 0.015016000
v -8.844228 15.713194 -9.068786
vn -0.000002 -0.990397 0.138252
vt 0.204729006 0.829061985
v -8.898186 14.442032 -18.174988
vn -0.000001 -0.990397 0.138252
vt 0.232943997 0.829568028
v -8.659311 15.713194 -9.068783
vn -0.000001 -0.990397 0.138252
vt 0.204728007 0.827327013
vn -0.000001 -0.990397 0.138252
vt 0.232943997 0.829568028
v -8.605353 14.442032 -18.174988
vn -0.000000 -0.990397 0.138252
vt 0.232942998 0.826821029
vn -0.000001 -0.990397 0.138252
vt 0.204728007 0.827327013
vn -0.000000 0.975809 0.218623
vt 0.116802000 0.625337005
vn -0.000000 0.256697 0.966492
vt 0.102150001 0.625337005
v -6.149431 20.484120 -9.912946
vn -0.000000 0.838362 0.545114
vt 0.116792001 0.665436983
vn -0.000000 0.256697 0.966492
vt 0.102150001 0.625337005
v -6.149431 18.818800 -8.573750
vn -0.000000 0.256697 0.966492
vt 0.102139004 0.665436983
vn -0.000000 0.838362 0.545114
vt 0.116792001 0.665436983
vn -0.000000 0.838362 0.545114
vt 0.102150001 0.665436983
v -6.149431 19.990378 -15.008676
vn -0.000000 0.913632 -0.406541
vt 0.116791002 0.665436983
vn -0.000000 0.975809 0.218623
vt 0.102163002 0.625337005
vn -0.000000 0.913632 -0.406541
vt 0.116791002 0.665436983
vn 0.000000 0.913632 -0.406542
vt 0.116814002 0.625337005
vn -0.000000 0.975809 0.218623
vt 0.102163002 0.625337005
vn -0.000000 0.913632 -0.406541
vt 0.102142997 0.665436983
vn -0.000000 0.474207 -0.880413
vt 0.116816998 0.625337005
vn 0.000000 0.913632 -0.406542
vt 0.102168001 0.625337005
vn -0.000000 0.913632 -0.406541
vt 0.102142997 0.665436983
v -6.149431 17.547640 -17.679955
vn -0.000000 0.474208 -0.880413
vt 0.116809003 0.665436983
vn -0.000000 0.474207 -0.880413
vt 0.116816998 0.625337005
vn -0.000000 0.474208 -0.880413
vt 0.101677001 0.626203001
v -6.113781 14.442032 -18.174988
vn -0.000000 0.157413 -0.987533
vt 0.117671996 0.625940979
vn -0.000000 0.474207 -0.880413
vt 0.101682998 0.664479971
vn -0.000000 0.157413 -0.987533
vt 0.117671996 0.625940979
vn 0.000000 0.157413 -0.987533
vt 0.117674001 0.664479971
vn -0.000000 0.474207 -0.880413
vt 0.101682998 0.664479971
vn -0.000001 -0.157413 0.987533
vt 0.117094003 0.666338027
v -6.149431 15.713194 -9.068783
vn -0.000001 -0.157413 0.987533
vt 0.117082000 0.625554979
vn -0.000000 0.256697 0.966492
vt 0.101166002 0.666338027
vn -0.000001 -0.157413 0.987533
vt 0.117082000 0.625554979
vn -0.000000 0.256697 0.966492
vt 0.101154998 0.625554979
vn -0.000000 0.256697 0.966492
vt 0.101166002 0.666338027
v -10.602325 7.606383 -12.326131
vn -0.000000 -0.695367 -0.718655
vt 0.234586999 0.834155977
v -9.553384 7.606383 -12.326131
vn -0.000000 -0.695367 -0.718655
vt 0.234580994 0.823724985
v -10.602325 6.901418 -11.320659
vn -0.000000 -0.941252 -0.337706
vt 0.231529996 0.834155023
vn -0.000000 -0.695367 -0.718655
vt 0.234580994 0.823724985
v -9.553384 6.901418 -11.320659
vn -0.000000 -0.998454 -0.055579
vt 0.231526002 0.823724985
vn -0.000000 -0.941252 -0.337706
vt 0.231529996 0.834155023
vn -0.000000 -0.941252 -0.337706
vt 0.231529996 0.834155023
vn -0.000000 -0.998454 -0.055579
vt 0.231526002 0.823724985
v -10.602325 7.255686 -9.669857
vn -0.000000 -0.880528 0.473994
vt 0.226037994 0.834155023
vn -0.000000 -0.998454 -0.055579
vt 0.231526002 0.823724985
v -9.553384 7.255686 -9.669857
vn -0.000000 -0.694832 0.719172
vt 0.226032004 0.823724985
vn -0.000000 -0.880528 0.473994
vt 0.226037994 0.834155023
vn -0.000000 -0.880528 0.473994
vt 0.226037994 0.834155023
vn -0.000000 -0.694832 0.719172
vt 0.226032004 0.823724985
v -10.602325 8.315218 -9.110470
vn -0.000000 -0.142654 0.989773
vt 0.223168001 0.834155023
vn -0.000000 -0.694832 0.719172
vt 0.226032004 0.823724985
v -9.553384 8.315218 -9.110470
vn -0.000000 -0.142654 0.989773
vt 0.223167002 0.823724985
vn -0.000000 -0.142654 0.989773
vt 0.223168001 0.834155023
v -7.950153 7.606383 -12.326129
vn -0.000000 -0.695367 -0.718655
vt 0.234387994 0.834275007
v -6.901213 7.606383 -12.326129
vn -0.000000 -0.695367 -0.718655
vt 0.234396994 0.823328972
v -7.950153 6.901418 -11.320658
vn -0.000000 -0.941252 -0.337706
vt 0.231149003 0.834275007
vn -0.000000 -0.695367 -0.718655
vt 0.234396994 0.823328972
v -6.901213 6.901418 -11.320658
vn -0.000000 -0.998454 -0.055579
vt 0.231154993 0.823328972
vn -0.000000 -0.941252 -0.337706
vt 0.231149003 0.834275007
vn -0.000000 -0.941252 -0.337706
vt 0.231149003 0.834275007
vn -0.000000 -0.998454 -0.055579
vt 0.231154993 0.823328972
v -7.950153 7.255686 -9.669855
vn -0.000000 -0.880528 0.473994
vt 0.225348994 0.834275007
vn -0.000000 -0.998454 -0.055579
vt 0.231154993 0.823328972
v -6.901213 7.255686 -9.669855
vn -0.000000 -0.694832 0.719172
vt 0.225360006 0.823328972
vn -0.000000 -0.880528 0.473994
vt 0.225348994 0.834275007
vn -0.000000 -0.880528 0.473994
vt 0.225348994 0.834275007
vn -0.000000 -0.694832 0.719172
vt 0.225360006 0.823328972
v -7.950153 8.315218 -9.110467
vn -0.000000 -0.142654 0.989773
vt 0.222370997 0.834275007
vn -0.000000 -0.694832 0.719172
vt 0.225360006 0.823328972
v -6.901213 8.315218 -9.110467
vn -0.000000 -0.142654 0.989773
vt 0.222369999 0.823328972
vn -0.000000 -0.142654 0.989773
vt 0.222370997 0.834275007
v -10.606910 8.578005 -11.878101
vn -0.000000 -0.724981 -0.688769
vt 0.889917016 0.100965999
vn -0.000000 -0.797046 -0.603918
vt 0.893586993 0.100965999
vn -0.000000 -0.468222 -0.883611
vt 0.893583000 0.138070002
vn -0.000000 -0.724981 -0.688769
vt 0.889917016 0.100965999
vn -0.000000 -0.468222 -0.883611
vt 0.893583000 0.138070002
v -10.569366 8.578005 -11.878101
vn -0.000000 -0.643931 -0.765083
vt 0.889669001 0.100965999
vn -0.000000 -0.468222 -0.883611
vt 0.893583000 0.138070002
vn -0.000000 -0.468222 -0.883611
vt 0.889649987 0.138070002
vn -0.000000 -0.643931 -0.765083
vt 0.889669001 0.100965999
vn -0.000000 0.277139 0.960830
vt 0.889589012 0.137189999
vn -0.000000 0.277139 0.960830
vt 0.893576980 0.137189999
v -11.202665 8.883152 -10.526945
vn -0.000000 0.014658 0.999893
vt 0.893580019 0.095220998
v -11.163741 8.883152 -10.526945
vn -0.000000 -0.128879 0.991660
vt 0.893335998 0.095220998
vn -0.000000 0.277139 0.960830
vt 0.889589012 0.137189999
vn -0.000000 0.014658 0.999893
vt 0.893580019 0.095220998
vn -0.000000 -0.128879 0.991660
vt 0.893335998 0.095220998
v -10.569366 8.883152 -10.526945
vn -0.000000 -0.269752 0.962930
vt 0.889608026 0.095220998
vn -0.000000 0.277139 0.960830
vt 0.889589012 0.137189999
vn 0.915579 -0.398696 0.052496
vt 0.223029003 0.832176983
v -9.553384 13.176756 -15.964115
vn 0.978668 -0.203689 0.026820
vt 0.232258007 0.829424977
vn 0.919351 -0.390369 0.049045
vt 0.234648004 0.832176983
vn 0.915579 -0.398696 0.052496
vt 0.223029003 0.832176983
v -9.553384 13.961914 -10.252045
vn 0.990193 -0.138404 0.019024
vt 0.224923000 0.829298973
vn 0.978668 -0.203689 0.026820
vt 0.232258007 0.829424977
vn 0.978668 -0.203689 0.026820
vt 0.232258007 0.829424977
vn 0.990193 -0.138404 0.019024
vt 0.224923000 0.829298973
vn 1.000000 0.000000 0.000000
vt 0.225833997 0.825217009
vn 1.000000 0.000000 0.000000
vt 0.225833997 0.825217009
vn 0.990193 -0.138404 0.019024
vt 0.224923000 0.829298973
vn 1.000000 -0.000000 0.000000
vt 0.224862993 0.825793982
vn 0.978668 -0.203689 0.026820
vt 0.232258007 0.829424977
vn 1.000000 0.000000 0.000000
vt 0.225833997 0.825217009
vn 1.000000 0.000000 0.000000
vt 0.229065999 0.825704992
vn 1.000000 0.000000 0.000000
vt 0.229065999 0.825704992
vn 1.000000 0.000000 0.000000
vt 0.225833997 0.825217009
vn 1.000000 0.000000 0.000000
vt 0.227968007 0.825177014
vn -0.915579 -0.398697 0.052497
vt 0.223042995 0.832176983
vn -0.919351 -0.390370 0.049045
vt 0.234653994 0.832176983
v -7.950153 13.176756 -15.964115
vn -0.978668 -0.203689 0.026820
vt 0.232261002 0.829424977
vn -0.915579 -0.398697 0.052497
vt 0.223042995 0.832176983
vn -0.978668 -0.203689 0.026820
vt 0.232261002 0.829424977
v -7.950153 13.961914 -10.252043
vn -0.990193 -0.138405 0.019025
vt 0.224930003 0.829298973
vn -0.978668 -0.203689 0.026820
vt 0.232261002 0.829424977
vn -1.000000 0.000000 0.000000
vt 0.227966994 0.825177014
vn -0.990193 -0.138405 0.019025
vt 0.224930003 0.829298973
vn -0.978668 -0.203689 0.026820
vt 0.232261002 0.829424977
vn -1.000000 0.000000 0.000000
vt 0.229065999 0.825704992
vn -1.000000 0.000000 0.000000
vt 0.227966994 0.825177014
vn -0.990193 -0.138405 0.019025
vt 0.224930003 0.829298973
vn -1.000000 0.000000 0.000000
vt 0.227966994 0.825177014
vn -1.000000 0.000000 0.000000
vt 0.224871993 0.825793982
vn -1.000000 0.000000 0.000000
vt 0.227966994 0.825177014
vn -1.000000 0.000000 0.000000
vt 0.225831002 0.825217009
vn -1.000000 0.000000 0.000000
vt 0.224871993 0.825793982
vn -0.972233 0.000264 0.234017
vt 0.222339004 0.827187002
v -10.602325 13.961914 -10.252045
vn -0.966530 -0.243820 0.079820
vt 0.223612994 0.828649998
vn -0.948171 -0.068854 0.310210
vt 0.223738000 0.827461004
vn -0.972233 0.000264 0.234017
vt 0.222339004 0.827187002
vn -0.996773 -0.020803 -0.077526
vt 0.220937997 0.827857018
vn -0.966530 -0.243820 0.079820
vt 0.223612994 0.828649998
vn -0.966530 -0.243820 0.079820
vt 0.223612994 0.828649998
vn -0.996773 -0.020803 -0.077526
vt 0.220937997 0.827857018
vn -0.960479 -0.267926 -0.075471
vt 0.219532996 0.828908980
vn -0.966530 -0.243820 0.079820
vt 0.223612994 0.828649998
vn -0.960479 -0.267926 -0.075471
vt 0.219532996 0.828908980
v -10.602325 13.176756 -15.964115
vn -0.988568 -0.149371 0.020532
vt 0.220872000 0.830114007
vn -1.000000 0.000000 0.000000
vt 0.225631997 0.837711990
vn -0.988568 -0.149371 0.020532
vt 0.211655006 0.824312985
vn -1.000000 0.000000 0.000000
vt 0.222091004 0.836076975
vn -1.000000 0.000000 0.000000
vt 0.225631997 0.837711990
vn -0.966530 -0.243820 0.079820
vt 0.235091001 0.824315012
vn -0.988568 -0.149371 0.020532
vt 0.211655006 0.824312985
vn -1.000000 0.000000 0.000000
vt 0.225631997 0.837711990
vn -1.000000 0.000000 0.000000
vt 0.235517994 0.835560977
vn -0.966530 -0.243820 0.079820
vt 0.235091001 0.824315012
vn -1.000000 0.000000 0.000000
vt 0.225631997 0.837711990
vn -1.000000 0.000000 0.000000
vt 0.232466996 0.837464988
vn -1.000000 0.000000 0.000000
vt 0.235517994 0.835560977
vn 0.997267 -0.073242 -0.009670
vt 0.226464003 0.835916996
vn 0.995155 -0.088022 0.043811
vt 0.220236003 0.833967984
vn 1.000000 -0.000000 0.000000
vt 0.224022001 0.835916996
vn 0.997267 -0.073242 -0.009670
vt 0.226464003 0.835916996
v -6.149431 13.176756 -15.964115
vn 0.995657 -0.093099 -0.000344
vt 0.236350000 0.830263972
vn 0.995155 -0.088022 0.043811
vt 0.220236003 0.833967984
vn 0.995155 -0.088022 0.043811
vt 0.220236003 0.833967984
vn 0.995657 -0.093099 -0.000344
vt 0.236350000 0.830263972
v -6.149431 13.961914 -10.252043
vn 0.998765 -0.036457 0.033760
vt 0.223149002 0.823974013
vn 0.995155 -0.088022 0.043811
vt 0.220236003 0.833967984
vn 0.998765 -0.036457 0.033760
vt 0.223149002 0.823974013
vn 0.979395 -0.094288 0.178591
vt 0.219014004 0.832095981
vn -0.000000 -0.559845 0.828597
vt 0.237446994 0.834840000
vn -0.000000 -0.196082 0.980588
vt 0.223954007 0.831919014
vn -0.000000 -0.559845 0.828597
vt 0.223950997 0.834840000
vn -0.000000 -0.559845 0.828597
vt 0.237446994 0.834840000
vn -0.000000 -0.196082 0.980588
vt 0.233600006 0.831919014
vn -0.000000 -0.196082 0.980588
vt 0.223954007 0.831919014
vn -0.000000 -0.196082 0.980588
vt 0.223954007 0.831919014
vn -0.000000 -0.196082 0.980588
vt 0.233600006 0.831919014
vn -0.000000 -0.142654 0.989773
vt 0.233606994 0.827060997
vn -0.000000 -0.196082 0.980588
vt 0.223954007 0.831919014
vn -0.000000 -0.142654 0.989773
vt 0.233606994 0.827060997
vn -0.000000 -0.142654 0.989773
vt 0.227991000 0.827060997
vn -0.000000 -0.867918 -0.496707
vt 0.217148006 0.824047983
vn -0.000000 -0.727569 -0.686034
vt 0.230513006 0.829394996
vn -0.000000 -0.867918 -0.496707
vt 0.236497000 0.824047983
vn -0.000000 -0.867918 -0.496707
vt 0.217148006 0.824047983
vn -0.000000 -0.727569 -0.686034
vt 0.222270995 0.829394996
vn -0.000000 -0.727569 -0.686034
vt 0.230513006 0.829394996
vn -0.000000 -0.727569 -0.686034
vt 0.230513006 0.829394996
vn -0.000000 -0.727569 -0.686034
vt 0.222270995 0.829394996
vn -0.000000 -0.695367 -0.718655
vt 0.222253993 0.839317024
vn -0.000000 -0.727569 -0.686034
vt 0.230513006 0.829394996
vn -0.000000 -0.695367 -0.718655
vt 0.222253993 0.839317024
vn -0.000000 -0.695367 -0.718655
vt 0.230501994 0.839317024
vn -0.000000 -0.559845 0.828597
vt 0.234889001 0.842624009
vn -0.000000 -0.196081 0.980588
vt 0.227743000 0.839702010
vn -0.000000 -0.559845 0.828597
vt 0.223958999 0.842624009
vn -0.000000 -0.559845 0.828597
vt 0.234889001 0.842624009
vn -0.000000 -0.196081 0.980588
vt 0.233363003 0.839702010
vn -0.000000 -0.196081 0.980588
vt 0.227743000 0.839702010
vn -0.000000 -0.196081 0.980588
vt 0.227743000 0.839702010
vn -0.000000 -0.196081 0.980588
vt 0.233363003 0.839702010
vn -0.000000 -0.142654 0.989773
vt 0.233365998 0.834843993
vn -0.000000 -0.196081 0.980588
vt 0.227743000 0.839702010
vn -0.000000 -0.142654 0.989773
vt 0.233365998 0.834843993
vn -0.000000 -0.142654 0.989773
vt 0.227750003 0.834843993
vn -0.000000 -0.867918 -0.496707
vt 0.220686004 0.825479984
vn -0.000000 -0.727569 -0.686034
vt 0.230266005 0.829041004
vn -0.000000 -0.867918 -0.496707
vt 0.233687997 0.825479984
vn -0.000000 -0.867918 -0.496707
vt 0.220686004 0.825479984
vn -0.000000 -0.727569 -0.686034
vt 0.220868006 0.829041004
vn -0.000000 -0.727569 -0.686034
vt 0.230266005 0.829041004
vn -0.000000 -0.727569 -0.686034
vt 0.230266005 0.829041004
vn -0.000000 -0.727569 -0.686034
vt 0.220868006 0.829041004
vn -0.000000 -0.695367 -0.718655
vt 0.224757999 0.835650027
vn -0.000000 -0.727569 -0.686034
vt 0.230266005 0.829041004
vn -0.000000 -0.695367 -0.718655
vt 0.224757999 0.835650027
vn -0.000000 -0.695367 -0.718655
vt 0.230240002 0.835650027
vn -1.000000 -0.000000 0.000000
vt 0.029774999 0.509500027
v -11.202665 8.392287 -10.820712
vn -1.000000 -0.000000 0.000000
vt 0.028248001 0.508580983
vn -1.000000 -0.000000 0.000000
vt 0.031118000 0.511200011
vn -1.000000 -0.000000 0.000000
vt 0.028248001 0.508580983
vn -1.000000 0.000000 0.000000
vt 0.026601000 0.508463979
vn -1.000000 -0.000000 0.000000
vt 0.031118000 0.511200011
vn -1.000000 -0.000000 0.000000
vt 0.031118000 0.511200011
vn -1.000000 0.000000 0.000000
vt 0.026601000 0.508463979
vn -1.000000 0.000000 0.000000
vt 0.022205999 0.519433022
vn -1.000000 -0.000000 0.000000
vt 0.031118000 0.511200011
vn -1.000000 0.000000 0.000000
vt 0.022205999 0.519433022
vn -1.000000 0.000000 0.000000
vt 0.031117000 0.524918020
vn 1.000000 0.000000 0.000000
vt -0.000426000 0.015016000
vn 1.000000 0.000000 0.000000
vt -0.000426000 0.015016000
vn 1.000000 0.000000 0.000000
vt -0.000426000 0.015016000
v -10.569366 8.813025 -10.665872
vn 1.000000 0.000000 0.000000
vt -0.000426000 0.015016000
vn 1.000000 0.000000 0.000000
vt -0.000426000 0.015016000
vn 1.000000 0.000000 0.000000
vt -0.000426000 0.015016000
vn 1.000000 0.000000 0.000000
vt -0.000426000 0.015016000
vn 1.000000 0.000000 0.000000
vt -0.000426000 0.015016000
vn 1.000000 0.000000 0.000000
vt -0.000426000 0.015016000
v -10.569366 8.295483 -11.271801
vn 1.000000 0.000000 0.000000
vt -0.000426000 0.015016000
vn 1.000000 0.000000 0.000000
vt -0.000426000 0.015016000
vn 1.000000 0.000000 0.000000
vt -0.000426000 0.015016000
vn 1.000000 0.000000 0.000000
vt -0.000426000 0.015016000
vn 1.000000 0.000000 0.000000
vt -0.000426000 0.015016000
v -10.569366 8.392287 -10.820712
vn 1.000000 0.000000 0.000000
vt -0.000426000 0.015016000
vn 1.000000 0.000000 0.000000
vt -0.000426000 0.015016000
vn 1.000000 0.000000 0.000000
vt -0.000426000 0.015016000
vn 1.000000 0.000000 0.000000
vt -0.000426000 0.015016000
vn -0.000000 -0.983962 -0.178378
vt 0.773456991 0.407126009
vn -0.000000 -0.724981 -0.688769
vt 0.769003987 0.407525003
vn -0.000000 -0.643931 -0.765083
vt 0.769001007 0.407126009
vn -0.000000 -0.983962 -0.178378
vt 0.773456991 0.407126009
vn -0.000000 -0.797046 -0.603918
vt 0.769011021 0.413857013
vn -0.000000 -0.724981 -0.688769
vt 0.769003987 0.407525003
vn -0.000000 -0.983962 -0.178378
vt 0.773456991 0.407126009
vn -0.000000 -0.993697 -0.112096
vt 0.773464024 0.413857013
vn -0.000000 -0.797046 -0.603918
vt 0.769011021 0.413857013
vn -0.000000 -0.983962 -0.178378
vt 0.773456991 0.407126009
vn -0.000000 -0.759553 0.650445
vt 0.778340995 0.413857013
vn -0.000000 -0.993697 -0.112096
vt 0.773464024 0.413857013
vn -0.000000 -0.983962 -0.178378
vt 0.773456991 0.407126009
vn -0.000000 -0.813035 0.582215
vt 0.778338015 0.407126009
vn -0.000000 -0.759553 0.650445
vt 0.778340995 0.413857013
vn -0.000000 -0.759553 0.650445
vt 0.778340995 0.413857013
vn -0.000000 -0.813035 0.582215
vt 0.778338015 0.407126009
vn -0.000000 -0.269752 0.962930
vt 0.782793999 0.407126009
vn -0.000000 -0.759553 0.650445
vt 0.778340995 0.413857013
vn -0.000000 -0.269752 0.962930
vt 0.782793999 0.407126009
vn -0.000000 -0.128879 0.991660
vt 0.782796979 0.413442999
vn -0.000000 -0.759553 0.650445
vt 0.778340995 0.413857013
vn -0.000000 -0.128879 0.991660
vt 0.782796979 0.413442999
vn -0.000000 0.014658 0.999893
vt 0.782491982 0.413857013
vn 0.999993 0.003649 0.001112
vt -0.000426000 0.015016000
vn 0.999996 -0.000674 0.002877
vt -0.000399000 0.015016000
vn 0.999834 0.013436 -0.012286
vt -0.000403000 0.015016000
v -6.149432 16.884771 -15.503710
vn 0.999991 0.001316 0.004134
vt -0.000426000 0.015016000
vn 0.999996 -0.000674 0.002877
vt -0.000399000 0.015016000
vn 0.999993 0.003649 0.001112
vt -0.000426000 0.015016000
vn 1.000000 -0.000000 -0.000000
vt -0.000420000 0.015016000
vn 0.999991 0.001316 0.004134
vt -0.000426000 0.015016000
vn 0.999993 0.003649 0.001112
vt -0.000426000 0.015016000
vn 0.999996 -0.000674 0.002877
vt -0.000399000 0.015016000
vn 0.998765 -0.036457 0.033760
vt -0.000423000 0.015016000
vn 0.995657 -0.093099 -0.000344
vt -0.000406000 0.015016000
vn 0.999991 0.001316 0.004134
vt -0.000426000 0.015016000
vn 0.998765 -0.036457 0.033760
vt -0.000423000 0.015016000
vn 0.999996 -0.000674 0.002877
vt -0.000399000 0.015016000
vn 1.000000 -0.000000 -0.000000
vt -0.000420000 0.015016000
v -6.149431 17.378515 -10.407978
vn 1.000000 0.000000 -0.000000
vt -0.000426000 0.015016000
vn 0.999991 0.001316 0.004134
vt -0.000426000 0.015016000
vn 0.999991 0.001316 0.004134
vt -0.000426000 0.015016000
vn 1.000000 0.000000 -0.000000
vt -0.000426000 0.015016000
vn 0.998765 -0.036457 0.033760
vt -0.000423000 0.015016000
vn 1.000000 -0.000000 -0.000000
vt -0.000420000 0.015016000
vn 1.000000 -0.000000 0.000000
vt -0.000422000 0.015016000
vn 1.000000 0.000000 -0.000000
vt -0.000426000 0.015016000
vn 1.000000 0.000000 -0.000000
vt -0.000426000 0.015016000
vn 1.000000 -0.000000 0.000000
vt -0.000426000 0.015016000
vn 0.998765 -0.036457 0.033760
vt -0.000423000 0.015016000
vn 1.000000 0.000000 -0.000000
vt -0.000426000 0.015016000
vn 1.000000 -0.000000 0.000000
vt -0.000422000 0.015016000
vn 1.000000 -0.000000 0.000000
vt -0.000426000 0.015016000
s off
f 1229/6889/6889 1230/6890/6890 1231/6891/6891
s 6
f 1231/6892/6892 1230/6893/6893 1229/6894/6894
f 1231/7129/7129 1283/7130/7130 1229/7131/7131
f 1283/7132/7132 1272/7133/7133 1229/7134/7134
f 1229/7135/7135 1272/7136/7136 1240/7137/7137
f 1229/7138/7138 1240/7139/7139 1242/7140/7140
s 7
f 1232/6895/6895 1233/6896/6896 1234/6897/6897
f 1232/6898/6898 1235/6899/6899 1233/6900/6900
f 1236/6901/6901 1237/6902/6902 1238/6903/6903
f 1236/6904/6904 1239/6905/6905 1237/6906/6906
f 1239/6907/6907 1236/6908/6908 1234/6909/6909
f 1239/6910/6910 1234/6911/6911 1233/6912/6912
f 1239/7045/7045 1279/7046/7046 1237/7047/7047
f 1239/7048/7048 1233/7049/7049 1279/7050/7050
f 1279/7051/7051 1233/7052/7052 1235/7053/7053
f 1279/7054/7054 1235/7055/7055 1280/7056/7056
f 1256/7057/7057 1280/7058/7058 1254/7059/7059
f 1256/7060/7060 1279/7061/7061 1280/7062/7062
f 1256/7063/7063 1260/7064/7064 1279/7065/7065
f 1256/7066/7066 1258/7067/7067 1260/7068/7068
s 8
f 1240/6913/6913 1241/6914/6914 1242/6915/6915
f 1241/6916/6916 1243/6917/6917 1242/6918/6918
s 9
f 1244/6919/6919 1245/6920/6920 1246/6921/6921
f 1245/6922/6922 1247/6923/6923 1246/6924/6924
s 10
f 1236/6925/6925 1238/6926/6926 1248/6927/6927
f 1238/6928/6928 1249/6929/6929 1248/6930/6930
f 1248/6931/6931 1250/6932/6932 1236/6933/6933
f 1250/6934/6934 1234/6935/6935 1236/6936/6936
f 1250/6937/6937 1232/6938/6938 1234/6939/6939
f 1250/6940/6940 1251/6941/6941 1232/6942/6942
f 1251/6943/6943 1252/6944/6944 1232/6945/6945
f 1252/6946/6946 1235/6947/6947 1232/6948/6948
f 1237/6949/6949 1253/6950/6950 1238/6951/6951
f 1253/6952/6952 1249/6953/6953 1238/6954/6954
s 11
f 1254/6955/6955 1255/6956/6956 1256/6957/6957
f 1255/6958/6958 1257/6959/6959 1256/6960/6960
f 1256/6961/6961 1257/6962/6962 1258/6963/6963
f 1257/6964/6964 1259/6965/6965 1258/6966/6966
f 1258/6967/6967 1259/6968/6968 1260/6969/6969
f 1259/6970/6970 1261/6971/6971 1260/6972/6972
f 1245/7093/7093 1280/7094/7094 1235/7095/7095
f 1245/7096/7096 1275/7097/7097 1280/7098/7098
f 1280/7099/7099 1275/7100/7100 1255/7101/7101
f 1280/7102/7102 1255/7103/7103 1254/7104/7104
f 1237/7105/7105 1276/7106/7106 1244/7107/7107
f 1237/7108/7108 1279/7109/7109 1276/7110/7110
f 1276/7111/7111 1279/7112/7112 1260/7113/7113
f 1276/7114/7114 1260/7115/7115 1261/7116/7116
s 12
f 1262/6973/6973 1263/6974/6974 1264/6975/6975
f 1263/6976/6976 1265/6977/6977 1264/6978/6978
f 1264/6979/6979 1265/6980/6980 1266/6981/6981
f 1265/6982/6982 1267/6983/6983 1266/6984/6984
f 1266/6985/6985 1267/6986/6986 1268/6987/6987
f 1267/6988/6988 1269/6989/6989 1268/6990/6990
f 1246/7081/7081 1282/7082/7082 1253/7083/7083
f 1246/7084/7084 1278/7085/7085 1282/7086/7086
f 1282/7087/7087 1278/7088/7088 1268/7089/7089
f 1282/7090/7090 1268/7091/7091 1269/7092/7092
f 1252/7117/7117 1277/7118/7118 1247/7119/7119
f 1252/7120/7120 1281/7121/7121 1277/7122/7122
f 1277/7123/7123 1281/7124/7124 1263/7125/7125
f 1277/7126/7126 1263/7127/7127 1262/7128/7128
s 13
f 1270/6991/6991 1229/6992/6992 1242/6993/6993
f 1270/6994/6994 1242/6995/6995 1271/6996/6996
f 1242/6997/6997 1243/6998/6998 1271/6999/6999
f 1241/7000/7000 1240/7001/7001 1272/7002/7002
f 1273/7003/7003 1241/7004/7004 1272/7005/7005
f 1273/7006/7006 1274/7007/7007 1241/7008/7008
f 1285/7159/7159 1270/7160/7160 1271/7161/7161
f 1285/7162/7162 1229/7163/7163 1270/7164/7164
f 1285/7165/7165 1231/7166/7166 1229/7167/7167
f 1285/7168/7168 1283/7169/7169 1231/7170/7170
f 1285/7171/7171 1286/7172/7172 1283/7173/7173
f 1283/7174/7174 1286/7175/7175 1274/7176/7176
f 1283/7177/7177 1274/7178/7178 1273/7179/7179
f 1283/7180/7180 1273/7181/7181 1272/7182/7182
s 14
f 1244/7009/7009 1275/7010/7010 1245/7011/7011
f 1244/7012/7012 1276/7013/7013 1275/7014/7014
f 1275/7015/7015 1276/7016/7016 1259/7017/7017
f 1259/7018/7018 1276/7019/7019 1261/7020/7020
f 1275/7021/7021 1259/7022/7022 1255/7023/7023
f 1255/7024/7024 1259/7025/7025 1257/7026/7026
s 15
f 1246/7027/7027 1247/7028/7028 1277/7029/7029
f 1246/7030/7030 1277/7031/7031 1278/7032/7032
f 1277/7033/7033 1264/7034/7034 1278/7035/7035
f 1277/7036/7036 1262/7037/7037 1264/7038/7038
f 1278/7039/7039 1264/7040/7040 1268/7041/7041
f 1264/7042/7042 1266/7043/7043 1268/7044/7044
s 16
f 1263/7069/7069 1267/7070/7070 1265/7071/7071
f 1263/7072/7072 1281/7073/7073 1267/7074/7074
f 1267/7075/7075 1281/7076/7076 1282/7077/7077
f 1267/7078/7078 1282/7079/7079 1269/7080/7080
f 1250/7183/7183 1252/7184/7184 1251/7185/7185
f 1287/7186/7186 1252/7187/7187 1250/7188/7188
f 1248/7189/7189 1287/7190/7190 1250/7191/7191
f 1252/7192/7192 1282/7193/7193 1281/7194/7194
f 1287/7195/7195 1282/7196/7196 1252/7197/7197
f 1248/7198/7198 1288/7199/7199 1287/7200/7200
f 1287/7201/7201 1288/7202/7202 1282/7203/7203
f 1248/7204/7204 1249/7205/7205 1288/7206/7206
f 1288/7207/7207 1253/7208/7208 1282/7209/7209
f 1288/7210/7210 1249/7211/7211 1253/7212/7212
s 17
f 1243/7141/7141 1241/7142/7142 1274/7143/7143
f 1284/7144/7144 1243/7145/7145 1274/7146/7146
f 1284/7147/7147 1271/7148/7148 1243/7149/7149
f 1285/7150/7150 1271/7151/7151 1284/7152/7152
f 1284/7153/7153 1274/7154/7154 1286/7155/7155
f 1285/7156/7156 1284/7157/7157 1286/7158/7158
o rleg,ox=-2.41,oy=-8.40,oz=2.10,p=rthigh,
v -7.925096 8.239511 -11.923541
vn -0.000000 1.000000 0.000000
vt 0.776979029 0.117412001
v -7.925096 6.089437 -11.050591
vn -0.000000 1.000000 0.000000
vt 0.770335019 0.113450997
v -7.925096 3.939363 -10.177641
vn -0.000000 1.000000 0.000000
vt 0.763754010 0.109490000
v -7.925096 9.581321 -9.983729
vn 0.000000 0.618250 0.785981
vt 0.776926994 0.122488998
v -9.385858 7.431249 -9.110781
vn 0.000000 0.376185 0.926545
vt 0.784936011 0.117123000
v -7.925096 7.431249 -9.110781
vn -0.000000 0.376185 0.926544
vt 0.776938021 0.117123000
vn 0.000000 0.618250 0.785981
vt 0.776926994 0.122488998
v -9.385858 9.581322 -9.983729
vn 0.000000 0.618250 0.785981
vt 0.784919977 0.122488998
vn 0.000000 0.376185 0.926545
vt 0.784936011 0.117123000
vn 0.000000 0.618250 0.785981
vt 0.770151019 0.101698004
v -9.385858 10.264834 -10.934214
vn 0.000000 0.811873 0.583834
vt 0.786809027 0.109164000
vn 0.000000 0.618250 0.785981
vt 0.786812007 0.101698004
vn 0.000000 0.618250 0.785981
vt 0.770151019 0.101698004
v -7.925096 10.264834 -10.934214
vn -0.000000 0.811873 0.583834
vt 0.770147026 0.109164000
vn 0.000000 0.811873 0.583834
vt 0.786809027 0.109164000
vn -0.000000 -0.822417 0.568885
vt 0.776938021 0.117123000
vn -0.000000 -0.822417 0.568885
vt 0.784936011 0.117123000
vn -0.000000 -0.822417 0.568885
vt 0.776934981 0.109863997
vn -0.000000 -0.822417 0.568885
vt 0.784936011 0.117123000
v -9.385858 6.089437 -11.050591
vn -0.000000 -0.822417 0.568885
vt 0.784933984 0.109863997
vn -0.000000 -0.822417 0.568885
vt 0.776934981 0.109863997
v -7.925096 8.923022 -12.874025
vn 0.000000 0.797459 -0.603373
vt 0.770152986 0.124311998
v -9.385858 8.923022 -12.874025
vn 0.000000 0.810124 -0.586258
vt 0.786822975 0.124311998
vn 0.000000 0.822417 -0.568885
vt 0.770147026 0.109164000
vn 0.000000 0.810124 -0.586258
vt 0.786822975 0.124311998
vn 0.000000 0.822417 -0.568885
vt 0.786809027 0.109164000
vn 0.000000 0.822417 -0.568885
vt 0.770147026 0.109164000
vn 1.000000 0.000000 0.000000
vt 0.000001000 0.000000000
vn 1.000000 0.000000 0.000000
vt 0.000001000 0.000000000
vn 1.000000 0.000000 0.000000
vt 0.000001000 0.000000000
vn 1.000000 0.000000 0.000000
vt 0.000001000 0.000000000
vn 1.000000 0.000000 0.000000
vt 0.000001000 0.000000000
vn 1.000000 0.000000 0.000000
vt 0.000001000 0.000000000
vn 1.000000 0.000000 0.000000
vt 0.776306987 0.112603001
vn 1.000000 0.000000 0.000000
vt 0.773877978 0.124260001
vn 1.000000 0.000000 0.000000
vt 0.792420983 0.112603001
vn 1.000000 0.000000 0.000000
vt 0.773877978 0.124260001
vn 1.000000 0.000000 0.000000
vt 0.790000975 0.124260001
vn 1.000000 0.000000 0.000000
vt 0.792420983 0.112603001
vn -1.000000 0.000000 0.000000
vt 0.773892999 0.100939997
vn -1.000000 0.000000 0.000000
vt 0.776308000 0.112597004
vn -1.000000 0.000000 0.000000
vt 0.790012002 0.100939997
vn -1.000000 0.000000 0.000000
vt 0.776308000 0.112597004
v -9.385858 8.239512 -11.923541
vn -1.000000 -0.000000 0.000000
vt 0.792421997 0.112597004
vn -1.000000 0.000000 0.000000
vt 0.790012002 0.100939997
vn -1.000000 0.000000 0.000000
vt 0.000002000 0.000000000
vn -1.000000 0.000000 0.000000
vt 0.000001000 0.000000000
vn -1.000000 -0.000000 0.000000
vt 0.000003000 0.000000000
vn -1.000000 0.000000 0.000000
vt 0.000001000 0.000000000
vn -1.000000 0.000000 0.000000
vt 0.000007000 0.000000000
vn -1.000000 -0.000000 0.000000
vt 0.000003000 0.000000000
v -9.385858 2.645736 -10.177643
vn -0.000000 -0.352660 0.935752
vt 0.917183995 0.708510995
v -7.925096 2.645736 -10.177643
vn -0.000000 -0.176331 0.984331
vt 0.871464014 0.708510995
v -9.385858 3.939363 -10.177641
vn -0.000000 0.191644 0.981464
vt 0.917200983 0.723785996
vn -0.000000 -0.176331 0.984331
vt 0.871464014 0.708510995
vn -0.000000 0.191644 0.981464
vt 0.871483028 0.723785996
vn -0.000000 0.191644 0.981464
vt 0.917200983 0.723785996
vn -0.000000 0.191644 0.981464
vt 0.776941001 0.104498997
vn -0.000000 0.376186 0.926544
vt 0.776934981 0.109863997
vn -0.000000 0.191644 0.981464
vt 0.784940004 0.104498997
vn -0.000000 0.376186 0.926544
vt 0.776934981 0.109863997
vn -0.000000 0.376186 0.926544
vt 0.784933984 0.109863997
vn -0.000000 0.191644 0.981464
vt 0.784940004 0.104498997
v -7.925096 2.645737 -12.487643
vn -0.000000 -0.352660 -0.935751
vt 0.871493995 0.708500981
v -9.385858 2.645737 -12.487643
vn -0.000000 -0.176330 -0.984331
vt 0.917212009 0.708500981
v -7.925096 3.939363 -12.487642
vn -0.000000 -0.279120 -0.960256
vt 0.871496022 0.693225980
vn -0.000000 -0.176330 -0.984331
vt 0.917212009 0.708500981
v -9.385858 3.939363 -12.487642
vn -0.000000 -0.279120 -0.960256
vt 0.917213976 0.693225980
vn -0.000000 -0.279120 -0.960256
vt 0.871496022 0.693225980
vn -0.000000 -0.279120 -0.960256
vt 0.766331017 0.116575003
v -9.385858 7.170470 -14.539381
vn -0.000000 -0.536053 -0.844184
vt 0.780502021 0.116575003
vn -0.000000 -0.279120 -0.960256
vt 0.766328990 0.109433003
vn -0.000000 -0.536053 -0.844184
vt 0.780502021 0.116575003
v -7.925096 7.170470 -14.539381
vn -0.000000 -0.536053 -0.844184
vt 0.780501008 0.109433003
vn -0.000000 -0.279120 -0.960256
vt 0.766328990 0.109433003
vn 0.000000 0.797459 -0.603373
vt 0.792859018 0.109433003
v -9.385858 8.034823 -13.997419
vn 0.000000 0.709207 -0.705000
vt 0.782815993 0.116575003
vn 0.000000 0.810124 -0.586258
vt 0.792867005 0.116575003
vn 0.000000 0.797459 -0.603373
vt 0.792859018 0.109433003
v -7.925096 8.034823 -13.997419
vn 0.000000 0.623697 -0.781666
vt 0.782814980 0.109433003
vn 0.000000 0.709207 -0.705000
vt 0.782815993 0.116575003
vn 0.000000 0.709207 -0.705000
vt 0.782815993 0.116575003
vn 0.000000 0.623697 -0.781666
vt 0.782814980 0.109433003
vn 0.000000 0.531226 -0.847230
vt 0.780502021 0.116575003
vn 0.000000 0.623697 -0.781666
vt 0.782814980 0.109433003
vn 0.000000 0.531226 -0.847230
vt 0.780501008 0.109433003
vn 0.000000 0.531226 -0.847230
vt 0.780502021 0.116575003
vn -0.000000 -0.352660 0.935752
vt 0.917792022 0.725233018
v -7.925096 2.175983 -10.457740
vn -0.000000 -0.762463 0.647032
vt 0.864136994 0.716039002
vn -0.000000 -0.176331 0.984331
vt 0.864139020 0.725233018
vn -0.000000 -0.352660 0.935752
vt 0.917792022 0.725233018
v -9.385858 2.175983 -10.457740
vn -0.000000 -0.946223 0.323516
vt 0.917788029 0.716039002
vn -0.000000 -0.762463 0.647032
vt 0.864136994 0.716039002
vn -0.000000 -0.762463 0.647032
vt 0.864136994 0.716039002
vn -0.000000 -0.946223 0.323516
vt 0.917788029 0.716039002
v -7.925096 2.175984 -12.207545
vn -0.000000 -0.946223 -0.323516
vt 0.864136994 0.675423026
v -9.385858 2.175984 -12.207545
vn -0.000000 -0.762464 -0.647031
vt 0.917792976 0.675423026
vn -0.000000 -0.946223 -0.323516
vt 0.864136994 0.675423026
vn -0.000000 -0.946223 0.323516
vt 0.917788029 0.716039002
vn -0.000000 -0.352660 -0.935751
vt 0.864165008 0.666227996
vn -0.000000 -0.946223 -0.323516
vt 0.864136994 0.675423026
vn -0.000000 -0.762464 -0.647031
vt 0.917792976 0.675423026
vn -0.000000 -0.352660 -0.935751
vt 0.864165008 0.666227996
vn -0.000000 -0.762464 -0.647031
vt 0.917792976 0.675423026
vn -0.000000 -0.176330 -0.984331
vt 0.917815983 0.666227996
vn -1.000000 0.000000 0.000000
vt 0.858864009 0.702278972
vn -1.000000 -0.000000 0.000000
vt 0.905984998 0.702278972
vn -1.000000 -0.000000 0.000000
vt 0.858828008 0.686540008
vn -1.000000 -0.000000 0.000000
vt 0.905984998 0.702278972
vn -1.000000 -0.000000 0.000000
vt 0.864503026 0.680824995
vn -1.000000 -0.000000 0.000000
vt 0.858828008 0.686540008
vn -1.000000 -0.000000 0.000000
vt 0.905984998 0.702278972
vn -1.000000 -0.000000 0.000000
vt 0.900209010 0.680824995
vn -1.000000 -0.000000 0.000000
vt 0.864503026 0.680824995
vn -1.000000 -0.000000 0.000000
vt 0.905984998 0.702278972
vn -1.000000 -0.000000 0.000000
vt 0.905964017 0.686540008
vn -1.000000 -0.000000 0.000000
vt 0.900209010 0.680824995
vn 1.000000 -0.000000 0.000000
vt 0.858826995 0.718029976
vn 1.000000 -0.000000 0.000000
vt 0.864503026 0.723744988
vn 1.000000 -0.000000 0.000000
vt 0.858847022 0.702292025
vn 1.000000 -0.000000 0.000000
vt 0.864503026 0.723744988
vn 1.000000 0.000000 0.000000
vt 0.900209010 0.723744988
vn 1.000000 -0.000000 0.000000
vt 0.858847022 0.702292025
vn 1.000000 -0.000000 0.000000
vt 0.858847022 0.702292025
vn 1.000000 0.000000 0.000000
vt 0.900209010 0.723744988
vn 1.000000 -0.000000 0.000000
vt 0.905961990 0.718029976
vn 1.000000 -0.000000 0.000000
vt 0.858847022 0.702292025
vn 1.000000 -0.000000 0.000000
vt 0.905961990 0.718029976
vn 1.000000 -0.000000 0.000000
vt 0.905968010 0.702292025
vn 1.000000 -0.000000 0.000000
vt 0.763754010 0.109490000
vn 1.000000 0.000000 0.000000
vt 0.782105982 0.117260002
vn 1.000000 0.000000 0.000000
vt 0.776979029 0.117412001
vn 1.000000 -0.000000 0.000000
vt 0.763754010 0.109490000
vn 1.000000 0.000000 0.000000
vt 0.795615971 0.108112998
vn 1.000000 0.000000 0.000000
vt 0.782105982 0.117260002
vn 1.000000 -0.000000 0.000000
vt 0.763754010 0.109490000
vn 1.000000 0.000000 0.000000
vt 0.796962023 0.104649000
vn 1.000000 0.000000 0.000000
vt 0.795615971 0.108112998
vn 1.000000 -0.000000 0.000000
vt 0.763754010 0.109490000
vn 1.000000 -0.000000 0.000000
vt 0.774192989 0.104649000
vn 1.000000 0.000000 0.000000
vt 0.796962023 0.104649000
vn -1.000000 0.000000 0.000000
vt 0.763770998 0.108883999
vn -1.000000 0.000000 0.000000
vt 0.770237029 0.113036998
vn -1.000000 -0.000000 0.000000
vt 0.774331987 0.104350999
vn -1.000000 0.000000 0.000000
vt 0.770237029 0.113036998
vn -1.000000 -0.000000 0.000000
vt 0.776736021 0.117191002
vn -1.000000 -0.000000 0.000000
vt 0.774331987 0.104350999
vn -1.000000 -0.000000 0.000000
vt 0.774331987 0.104350999
vn -1.000000 -0.000000 0.000000
vt 0.776736021 0.117191002
vn -1.000000 0.000000 0.000000
vt 0.781867027 0.117191002
vn -1.000000 -0.000000 0.000000
vt 0.774331987 0.104350999
vn -1.000000 0.000000 0.000000
vt 0.781867027 0.117191002
vn -1.000000 -0.000000 0.000000
vt 0.795632005 0.108442999
vn -1.000000 -0.000000 0.000000
vt 0.774331987 0.104350999
vn -1.000000 -0.000000 0.000000
vt 0.795632005 0.108442999
vn -1.000000 -0.000000 0.000000
vt 0.797101021 0.105021000
s off
f 1289/7213/7213 1290/7214/7214 1291/7215/7215
s 18
f 1292/7216/7216 1293/7217/7217 1294/7218/7218
f 1292/7219/7219 1295/7220/7220 1293/7221/7221
f 1292/7222/7222 1296/7223/7223 1295/7224/7224
f 1292/7225/7225 1297/7226/7226 1296/7227/7227
s 19
f 1294/7228/7228 1293/7229/7229 1290/7230/7230
f 1293/7231/7231 1298/7232/7232 1290/7233/7233
s 20
f 1299/7234/7234 1300/7235/7235 1297/7236/7236
f 1300/7237/7237 1296/7238/7238 1297/7239/7239
f 1299/7288/7288 1311/7289/7289 1300/7290/7290
f 1299/7291/7291 1312/7292/7292 1311/7293/7293
f 1311/7294/7294 1312/7295/7295 1309/7296/7296
f 1312/7297/7297 1310/7298/7298 1309/7299/7299
s 21
f 1289/7240/7240 1299/7241/7241 1292/7242/7242
f 1299/7243/7243 1297/7244/7244 1292/7245/7245
f 1292/7246/7246 1294/7247/7247 1289/7248/7248
f 1294/7249/7249 1290/7250/7250 1289/7251/7251
f 1303/7330/7330 1313/7331/7331 1291/7332/7332
f 1313/7333/7333 1315/7334/7334 1291/7335/7335
f 1291/7336/7336 1315/7337/7337 1305/7338/7338
f 1291/7339/7339 1305/7340/7340 1307/7341/7341
f 1291/7342/7342 1299/7343/7343 1289/7344/7344
f 1291/7345/7345 1312/7346/7346 1299/7347/7347
f 1291/7348/7348 1310/7349/7349 1312/7350/7350
f 1291/7351/7351 1307/7352/7352 1310/7353/7353
s 22
f 1293/7252/7252 1295/7253/7253 1298/7254/7254
f 1295/7255/7255 1301/7256/7256 1298/7257/7257
f 1295/7258/7258 1296/7259/7259 1301/7260/7260
f 1296/7261/7261 1300/7262/7262 1301/7263/7263
f 1304/7318/7318 1308/7319/7319 1302/7320/7320
f 1308/7321/7321 1314/7322/7322 1302/7323/7323
f 1308/7324/7324 1316/7325/7325 1314/7326/7326
f 1308/7327/7327 1306/7328/7328 1316/7329/7329
f 1304/7354/7354 1298/7355/7355 1308/7356/7356
f 1298/7357/7357 1301/7358/7358 1308/7359/7359
f 1308/7360/7360 1301/7361/7361 1300/7362/7362
f 1308/7363/7363 1300/7364/7364 1311/7365/7365
f 1308/7366/7366 1311/7367/7367 1309/7368/7368
s 23
f 1302/7264/7264 1303/7265/7265 1304/7266/7266
f 1303/7267/7267 1291/7268/7268 1304/7269/7269
f 1291/7270/7270 1290/7271/7271 1304/7272/7272
f 1290/7273/7273 1298/7274/7274 1304/7275/7275
f 1305/7276/7276 1306/7277/7277 1307/7278/7278
f 1306/7279/7279 1308/7280/7280 1307/7281/7281
f 1308/7282/7282 1309/7283/7283 1307/7284/7284
f 1309/7285/7285 1310/7286/7286 1307/7287/7287
f 1302/7300/7300 1313/7301/7301 1303/7302/7302
f 1302/7303/7303 1314/7304/7304 1313/7305/7305
f 1313/7306/7306 1314/7307/7307 1315/7308/7308
f 1316/7309/7309 1315/7310/7310 1314/7311/7311
f 1305/7312/7312 1315/7313/7313 1316/7314/7314
f 1305/7315/7315 1316/7316/7316 1306/7317/7317
o rfoot,ox=-0.00,oy=-5.67,oz=-0.31,p=rleg,
v -9.214817 -0.480454 -14.554859
vn -0.987218 0.048219 -0.151909
vt 0.974579990 0.086589001
v -9.377692 1.576243 -12.843534
vn -0.987218 0.048219 -0.151909
vt 0.959317982 0.081591003
v -9.214817 0.767650 -14.083876
vn -0.983113 0.064610 -0.171217
vt 0.966898978 0.085896000
vn -0.987218 0.048219 -0.151909
vt 0.974579990 0.086589001
v -9.377692 -0.386433 -13.314518
vn -0.990673 0.031796 -0.132500
vt 0.977625012 0.083125003
vn -0.987218 0.048219 -0.151909
vt 0.959317982 0.081591003
v -8.291645 0.767650 -14.083876
vn 0.988647 0.043690 -0.143762
vt 0.966944993 0.089635000
v -8.128770 -0.386433 -13.314518
vn 0.988647 0.043690 -0.143762
vt 0.979143977 0.091095001
v -8.291645 -0.480454 -14.554859
vn 0.989722 0.050488 -0.133792
vt 0.974447012 0.088220000
vn 0.988647 0.043690 -0.143762
vt 0.966944993 0.089635000
v -8.128770 1.576243 -12.843534
vn 0.987427 0.036886 -0.153710
vt 0.959308982 0.095471002
vn 0.988647 0.043690 -0.143762
vt 0.979143977 0.091095001
vn 0.998750 0.012822 0.048305
vt 0.876236975 0.726953030
v -9.532801 3.188498 -10.064436
vn 0.998750 0.012822 0.048305
vt 0.921151996 0.698183000
v -9.532801 1.576241 -7.776109
vn 0.998591 0.043383 0.030566
vt 0.876232982 0.674546003
vn 0.998750 0.012822 0.048305
vt 0.876236975 0.726953030
v -9.377692 3.188499 -12.409687
vn 0.997663 -0.017756 0.065983
vt 0.921151996 0.722491026
vn 0.998750 0.012822 0.048305
vt 0.921151996 0.698183000
v -7.973661 3.188498 -10.064436
vn -0.993472 0.093258 0.065706
vt 0.831314981 0.698183000
v -8.128770 3.188499 -12.409687
vn -0.997929 0.042574 0.048219
vt 0.831309021 0.722491026
v -7.973661 1.576241 -7.776109
vn -0.997929 0.042574 0.048219
vt 0.876241028 0.674546003
vn -0.997929 0.042574 0.048219
vt 0.831309021 0.722491026
vn -0.999498 -0.008233 0.030594
vt 0.876240015 0.726953030
vn -0.997929 0.042574 0.048219
vt 0.876241028 0.674546003
v -8.207531 -0.092033 -7.776109
vn 1.000000 0.000000 0.000000
vt 0.961982012 0.093350999
v -8.207531 1.281840 -7.776109
vn 1.000000 0.000000 0.000000
vt 0.961983979 0.084683001
v -8.207531 -0.092033 -6.453313
vn 1.000000 0.000000 0.000000
vt 0.958935022 0.093350999
vn 1.000000 0.000000 0.000000
vt 0.961983979 0.084683001
v -8.207531 0.505989 -6.453313
vn 1.000000 0.000000 0.000000
vt 0.958936989 0.089578003
vn 1.000000 0.000000 0.000000
vt 0.958935022 0.093350999
v -9.298931 -0.092033 -6.453313
vn -1.000000 0.000000 0.000000
vt 0.968222022 0.093350999
v -9.298931 0.505989 -6.453313
vn -1.000000 0.000000 0.000000
vt 0.968225002 0.089578003
v -9.298931 -0.092033 -7.776109
vn -1.000000 0.000000 0.000000
vt 0.965097010 0.093350999
vn -1.000000 0.000000 0.000000
vt 0.968225002 0.089578003
v -9.298931 1.281840 -7.776109
vn -1.000000 0.000000 0.000000
vt 0.965102971 0.084683001
vn -1.000000 0.000000 0.000000
vt 0.965097010 0.093350999
vn -0.000000 -0.997139 0.075586
vt 0.974429011 0.088220000
vn -0.000000 -0.999542 0.030255
vt 0.977603018 0.083125003
vn -0.000000 -0.997139 0.075586
vt 0.974551022 0.086589001
vn -0.000000 -0.997139 0.075586
vt 0.974429011 0.088220000
vn 0.000000 -0.999821 0.018906
vt 0.979128003 0.091095001
vn -0.000000 -0.999542 0.030255
vt 0.977603018 0.083125003
v -7.022007 -0.092033 -6.937548
vn -0.824098 0.000000 0.566447
vt 0.974442005 0.084677003
v -7.022007 0.505990 -6.937548
vn -0.824098 0.000000 0.566447
vt 0.974444985 0.080904000
v -7.739790 -0.092033 -7.981818
vn -0.824098 0.000000 0.566447
vt 0.971319973 0.084677003
vn -0.824098 0.000000 0.566447
vt 0.974444985 0.080904000
v -7.739790 1.281840 -7.981818
vn -0.824098 0.000000 0.566447
vt 0.971322000 0.076007999
vn -0.824098 0.000000 0.566447
vt 0.971319973 0.084677003
v -5.930610 -0.092033 -7.897514
vn 0.824099 0.000000 -0.566446
vt 0.971332014 0.093350999
v -6.648391 1.281840 -8.941784
vn 0.824099 0.000000 -0.566446
vt 0.974434972 0.084683001
v -5.930610 0.505990 -7.897514
vn 0.824099 0.000000 -0.566446
vt 0.971333027 0.089578003
vn 0.824099 0.000000 -0.566446
vt 0.971332014 0.093350999
v -6.648391 -0.092033 -8.941784
vn 0.824099 0.000000 -0.566446
vt 0.974434972 0.093350999
vn 0.824099 0.000000 -0.566446
vt 0.974434972 0.084683001
vn -0.000000 -1.000000 0.000000
vt 0.957643986 0.072255000
vn -0.000000 -1.000000 0.000000
vt 0.957644999 0.093332998
vn -0.000000 -1.000000 0.000000
vt 0.980225980 0.072255000
vn -0.000000 -1.000000 0.000000
vt 0.957644999 0.093332998
vn -0.000000 -1.000000 0.000000
vt 0.980226994 0.093332998
vn -0.000000 -1.000000 0.000000
vt 0.980225980 0.072255000
v -11.575852 -0.092033 -7.897514
vn -0.000000 -1.000000 0.000000
vt 0.981388986 0.095163003
v -9.766672 -0.092033 -7.981818
vn -0.000000 -1.000000 0.000000
vt 0.954715014 0.072578996
v -10.484453 -0.092033 -6.937548
vn -0.000000 -1.000000 0.000000
vt 0.954716027 0.095163003
vn -0.000000 -1.000000 0.000000
vt 0.981388986 0.095163003
v -10.858071 -0.092033 -8.941784
vn -0.000000 -1.000000 0.000000
vt 0.981387973 0.072578996
vn -0.000000 -1.000000 0.000000
vt 0.954715014 0.072578996
vn 0.000000 0.353058 -0.935602
vt 0.974583983 0.086589001
vn 0.000000 0.626425 -0.779482
vt 0.966898978 0.085896000
vn 0.000000 0.353058 -0.935602
vt 0.974461973 0.088220000
vn 0.000000 0.626425 -0.779482
vt 0.966898978 0.085896000
vn 0.000000 0.626425 -0.779482
vt 0.966944993 0.089635000
vn 0.000000 0.353058 -0.935602
vt 0.974461973 0.088220000
vn 0.000000 0.626425 -0.779482
vt 0.771588981 0.403760999
vn 0.000000 0.925821 -0.377961
vt 0.778724015 0.418419003
vn 0.000000 0.626425 -0.779482
vt 0.777691007 0.403760999
vn 0.000000 0.626425 -0.779482
vt 0.771588981 0.403760999
vn 0.000000 0.981981 -0.188981
vt 0.770485997 0.418419003
vn 0.000000 0.925821 -0.377961
vt 0.778724015 0.418419003
vn 0.000000 0.981981 -0.188981
vt 0.927644014 0.726791978
vn -0.000000 1.000000 0.000000
vt 0.857146978 0.748879015
vn 0.000000 0.925821 -0.377961
vt 0.927640975 0.746438980
vn 0.000000 0.981981 -0.188981
vt 0.927644014 0.726791978
vn -0.000000 1.000000 0.000000
vt 0.857149005 0.724352002
vn -0.000000 1.000000 0.000000
vt 0.857146978 0.748879015
vn 0.660448 0.000000 0.750872
vt 0.979142010 0.079112999
vn 0.576688 0.487402 0.655644
vt 0.961319983 0.097493999
vn 0.576689 0.487402 0.655644
vt 0.979142010 0.097493999
vn 0.660448 0.000000 0.750872
vt 0.979142010 0.079112999
vn 0.660448 0.000000 0.750872
vt 0.961319983 0.079112999
vn 0.576688 0.487402 0.655644
vt 0.961319983 0.097493999
vn 0.576689 0.487402 0.655644
vt 0.779630005 0.403760999
vn 0.576688 0.487402 0.655644
vt 0.770474970 0.403760999
vn 0.346655 0.851177 0.394116
vt 0.779618979 0.418224990
vn 0.576688 0.487402 0.655644
vt 0.770474970 0.403760999
vn 0.346655 0.851177 0.394116
vt 0.770464003 0.418224990
vn 0.346655 0.851177 0.394116
vt 0.779618979 0.418224990
v -10.858071 1.281840 -8.941784
vn -0.824099 0.000000 -0.566446
vt 0.961998999 0.084683001
vn -0.824099 0.000000 -0.566446
vt 0.961996019 0.093350999
v -11.575852 0.505990 -7.897514
vn -0.824099 0.000000 -0.566446
vt 0.965122998 0.089578003
vn -0.824099 0.000000 -0.566446
vt 0.961996019 0.093350999
vn -0.824099 0.000000 -0.566446
vt 0.965120971 0.093350999
vn -0.824099 0.000000 -0.566446
vt 0.965122998 0.089578003
v -10.484453 0.505990 -6.937548
vn 0.824099 0.000000 0.566446
vt 0.968212008 0.089578003
vn 0.824099 0.000000 0.566446
vt 0.968210995 0.093350999
v -9.766672 1.281840 -7.981818
vn 0.824099 0.000000 0.566446
vt 0.971322000 0.084683001
vn 0.824099 0.000000 0.566446
vt 0.968210995 0.093350999
vn 0.824099 0.000000 0.566446
vt 0.971319020 0.093350999
vn 0.824099 0.000000 0.566446
vt 0.971322000 0.084683001
v -10.137992 3.188498 -12.162467
vn -0.000001 1.000000 0.000000
vt 0.888342023 0.725884020
vn -0.272447 0.951047 0.145883
vt 0.859955013 0.737554014
vn -0.000001 1.000000 0.000000
vt 0.892669022 0.737554014
vn -0.000001 1.000000 0.000000
vt 0.888342023 0.725884020
v -10.267112 3.188498 -11.435817
vn -0.405964 0.862810 0.301250
vt 0.878085017 0.724613011
vn -0.272447 0.951047 0.145883
vt 0.859955013 0.737554014
v -7.239350 3.188498 -11.435817
vn 0.655811 0.754224 -0.032528
vt 0.913474023 0.739376009
vn 0.369750 0.881145 0.294735
vt 0.908105016 0.721885026
v -6.414520 1.576242 -9.147489
vn 0.885122 0.388570 0.256071
vt 0.856410027 0.739376009
vn 0.369750 0.881145 0.294735
vt 0.908105016 0.721885026
vn 0.496135 0.204083 0.843920
vt 0.852564991 0.714164019
vn 0.885122 0.388570 0.256071
vt 0.856410027 0.739376009
vn 0.655811 0.754224 -0.032528
vt 0.878072023 0.750513017
vn 0.000001 1.000000 0.000000
vt 0.892651975 0.737571001
vn 0.369750 0.881145 0.294735
vt 0.859947026 0.737571001
vn 0.655811 0.754224 -0.032528
vt 0.878072023 0.750513017
v -7.368471 3.188498 -12.162467
vn 0.000001 1.000000 -0.000000
vt 0.888329983 0.749240994
vn 0.000001 1.000000 0.000000
vt 0.892651975 0.737571001
vn 0.496135 0.204083 0.843920
vt 0.889236987 0.739741027
v -6.414520 -0.386434 -9.147489
vn 0.660448 0.000000 0.750872
vt 0.864636004 0.681455016
vn 0.885122 0.388570 0.256071
vt 0.864641011 0.739741027
vn 0.496135 0.204083 0.843920
vt 0.889236987 0.739741027
v -7.973661 -0.386435 -7.776109
vn 0.233453 0.000000 0.972368
vt 0.889231980 0.681455016
vn 0.660448 0.000000 0.750872
vt 0.864636004 0.681455016
vn 0.233453 0.000000 0.972368
vt 0.889231980 0.681455016
vn 0.496135 0.204083 0.843920
vt 0.889243007 0.739741027
vn -0.472759 0.266027 0.840077
vt 0.908715010 0.739741027
vn 0.233453 0.000000 0.972368
vt 0.889231980 0.681455016
vn -0.472759 0.266027 0.840077
vt 0.908715010 0.739741027
v -9.532801 -0.386435 -7.776109
vn -0.352936 0.000000 0.935647
vt 0.908704996 0.681455016
vn -0.352936 0.000000 0.935647
vt 0.908704996 0.681455016
vn -0.472759 0.266027 0.840077
vt 0.908721030 0.739741027
v -11.091942 -0.386434 -9.147489
vn -0.660448 0.000000 0.750872
vt 0.933313012 0.681455016
vn -0.472759 0.266027 0.840077
vt 0.908721030 0.739741027
v -11.091942 1.576242 -9.147489
vn -0.587064 0.458125 0.667441
vt 0.933320999 0.739741027
vn -0.660448 0.000000 0.750872
vt 0.933313012 0.681455016
vn -0.472759 0.266027 0.840077
vt 0.917455971 0.713800013
vn -0.405964 0.862810 0.301250
vt 0.856482983 0.738990009
vn -0.587064 0.458125 0.667441
vt 0.913552999 0.739010990
vn -0.472759 0.266027 0.840077
vt 0.917455971 0.713800013
vn -0.272447 0.951047 0.145883
vt 0.861914992 0.721500993
vn -0.405964 0.862810 0.301250
vt 0.856482983 0.738990009
vn -0.000000 -1.000000 -0.000000
vt 0.981384993 0.072255000
vn -0.000000 -1.000000 -0.000000
vt 0.954712987 0.072255000
vn -0.000000 -1.000000 -0.000000
vt 0.981386006 0.094838999
vn -0.000000 -1.000000 -0.000000
vt 0.954712987 0.072255000
vn -0.000000 -1.000000 0.000000
vt 0.954714000 0.094838999
vn -0.000000 -1.000000 -0.000000
vt 0.981386006 0.094838999
vn -0.000000 0.000000 1.000000
vt 0.963092983 0.079189003
vn -0.000000 0.497030 0.867733
vt 0.963092983 0.097571000
vn -0.000000 0.000000 1.000000
vt 0.977192998 0.079189003
vn -0.000000 0.497030 0.867733
vt 0.963092983 0.097571000
vn -0.000000 0.497030 0.867733
vt 0.977192998 0.097571000
vn -0.000000 0.000000 1.000000
vt 0.977192998 0.079189003
vn -0.000000 0.497030 0.867733
vt 0.770173013 0.403874010
vn -0.000000 0.862579 0.505923
vt 0.777365983 0.418338001
vn -0.000000 0.497030 0.867733
vt 0.777375996 0.403874010
vn -0.000000 0.497030 0.867733
vt 0.770173013 0.403874010
vn -0.000000 0.862579 0.505923
vt 0.770164013 0.418338001
vn -0.000000 0.862579 0.505923
vt 0.777365983 0.418338001
vn -0.576688 0.487402 0.655645
vt 0.779335976 0.403760999
vn -0.576688 0.487402 0.655645
vt 0.770178974 0.403760999
vn -0.346655 0.851177 0.394116
vt 0.779327989 0.418224990
vn -0.576688 0.487402 0.655645
vt 0.770178974 0.403760999
vn -0.346655 0.851177 0.394116
vt 0.770170987 0.418224990
vn -0.346655 0.851177 0.394116
vt 0.779327989 0.418224990
vn -0.576688 0.487402 0.655645
vt 0.979034007 0.097493999
vn -0.660448 0.000000 0.750872
vt 0.979032993 0.079112999
vn -0.576688 0.487402 0.655645
vt 0.961210012 0.097493999
vn -0.660448 0.000000 0.750872
vt 0.979032993 0.079112999
vn -0.660448 0.000000 0.750872
vt 0.961207986 0.079112999
vn -0.576688 0.487402 0.655645
vt 0.961210012 0.097493999
vn -0.000000 -0.999542 0.030255
vt 0.900942981 0.716107011
vn -0.000000 -1.000000 -0.000000
vt 0.838747978 0.745050013
v -10.137992 -0.386433 -13.067297
vn -0.000000 -1.000000 -0.000000
vt 0.897280991 0.728944004
vn -0.000000 -0.999542 0.030255
vt 0.900942981 0.716107011
vn -0.000000 -1.000000 -0.000000
vt 0.818301022 0.718725979
vn -0.000000 -1.000000 -0.000000
vt 0.838747978 0.745050013
vn -0.000000 -0.999542 0.030255
vt 0.900942981 0.716107011
vn 0.000000 -0.999821 0.018906
vt 0.900942028 0.695020974
vn -0.000000 -1.000000 -0.000000
vt 0.818301022 0.718725979
vn 0.000000 -0.999821 0.018906
vt 0.900942028 0.695020974
vn 0.000000 -1.000000 -0.000000
vt 0.818300009 0.692403018
vn -0.000000 -1.000000 -0.000000
vt 0.818301022 0.718725979
vn 0.000000 -0.999821 0.018906
vt 0.900942028 0.695020974
v -7.368471 -0.386433 -13.067297
vn 0.000000 -1.000000 -0.000000
vt 0.897279978 0.682184994
vn 0.000000 -1.000000 -0.000000
vt 0.818300009 0.692403018
vn 0.000000 -1.000000 -0.000000
vt 0.897279978 0.682184994
vn 0.000000 -1.000000 -0.000000
vt 0.838747025 0.666078985
vn 0.000000 -1.000000 -0.000000
vt 0.818300009 0.692403018
vn -0.301475 0.222489 -0.927152
vt 0.760766983 0.717540026
vn -0.837529 0.107300 -0.535753
vt 0.761138976 0.732273996
v -10.137992 1.576243 -12.596313
vn -0.582272 0.200508 -0.787881
vt 0.848612010 0.732297003
vn -0.301475 0.222489 -0.927152
vt 0.760766983 0.717540026
vn -0.582272 0.200508 -0.787881
vt 0.848612010 0.732297003
vn -0.300549 0.235222 -0.924305
vt 0.848245978 0.717562973
vn -0.582272 0.200508 -0.787881
vt 0.848612010 0.732297003
vn -0.299572 0.247915 -0.921301
vt 0.920203984 0.717795014
vn -0.300549 0.235222 -0.924305
vt 0.848245978 0.717562973
vn -0.582272 0.200508 -0.787881
vt 0.848612010 0.732297003
vn -0.833121 0.213247 -0.510329
vt 0.920575023 0.732528985
vn -0.299572 0.247915 -0.921301
vt 0.920203984 0.717795014
vn -0.837529 0.107300 -0.535753
vt 0.923618019 0.668919981
vn -0.971640 0.000000 -0.236465
vt 0.892306983 0.668932974
vn -0.967061 0.096196 -0.235668
vt 0.892314017 0.709689021
vn -0.837529 0.107300 -0.535753
vt 0.923618019 0.668919981
vn -0.967061 0.096196 -0.235668
vt 0.892314017 0.709689021
vn -0.582272 0.200508 -0.787881
vt 0.920145988 0.709689021
vn -0.967061 0.096196 -0.235668
vt 0.892314017 0.709689021
vn -0.833121 0.213247 -0.510329
vt 0.916975975 0.743185997
vn -0.582272 0.200508 -0.787881
vt 0.920145988 0.709689021
vn -0.967061 0.096196 -0.235668
vt 0.892314017 0.709689021
vn -0.953957 0.247452 -0.169511
vt 0.911238015 0.743206024
vn -0.833121 0.213247 -0.510329
vt 0.916975975 0.743185997
vn 0.300550 0.235222 -0.924305
vt 0.848240018 0.717612982
vn 0.590523 0.188315 -0.784742
vt 0.761133015 0.732322991
vn 0.301475 0.222489 -0.927152
vt 0.760761023 0.717589021
vn 0.300550 0.235222 -0.924305
vt 0.848240018 0.717612982
v -7.368471 1.576243 -12.596313
vn 0.841443 0.129346 -0.524637
vt 0.848604023 0.732347012
vn 0.590523 0.188315 -0.784742
vt 0.761133015 0.732322991
vn 0.300550 0.235222 -0.924305
vt 0.848240018 0.717612982
vn 0.299572 0.247915 -0.921300
vt 0.920563996 0.732578993
vn 0.841443 0.129346 -0.524637
vt 0.848604023 0.732347012
vn 0.300550 0.235222 -0.924305
vt 0.848240018 0.717612982
vn 0.299572 0.247916 -0.921300
vt 0.920188010 0.717845023
vn 0.299572 0.247915 -0.921300
vt 0.920563996 0.732578993
vn 0.841443 0.129346 -0.524637
vt 0.919701993 0.709828973
vn 0.983487 0.047026 -0.174759
vt 0.916589022 0.743332982
vn 0.655811 0.754224 -0.032528
vt 0.910912991 0.743368030
vn 0.885122 0.388570 0.256071
vt 0.891867995 0.709896982
vn 0.841443 0.129346 -0.524637
vt 0.919701993 0.709828973
vn 0.655811 0.754224 -0.032528
vt 0.910912991 0.743368030
vn 0.885122 0.388570 0.256071
vt 0.891867995 0.709896982
vn 0.967450 0.028342 -0.251470
vt 0.891744018 0.669142008
vn 0.841443 0.129346 -0.524637
vt 0.919701993 0.709828973
vn 0.841443 0.129346 -0.524637
vt 0.919701993 0.709828973
vn 0.967450 0.028342 -0.251470
vt 0.891744018 0.669142008
vn 0.590523 0.188315 -0.784742
vt 0.923057020 0.669050992
s 24
f 1317/7369/7369 1318/7370/7370 1319/7371/7371
f 1317/7372/7372 1320/7373/7373 1318/7374/7374
s 25
f 1321/7375/7375 1322/7376/7376 1323/7377/7377
f 1321/7378/7378 1324/7379/7379 1322/7380/7380
s 26
f 1318/7381/7381 1325/7382/7382 1326/7383/7383
f 1318/7384/7384 1327/7385/7385 1325/7386/7386
s 27
f 1328/7387/7387 1329/7388/7388 1330/7389/7389
f 1329/7390/7390 1324/7391/7391 1330/7392/7392
s 28
f 1331/7393/7393 1332/7394/7394 1333/7395/7395
f 1332/7396/7396 1334/7397/7397 1333/7398/7398
s 29
f 1335/7399/7399 1336/7400/7400 1337/7401/7401
f 1336/7402/7402 1338/7403/7403 1337/7404/7404
s 30
f 1323/7405/7405 1320/7406/7406 1317/7407/7407
f 1323/7408/7408 1322/7409/7409 1320/7410/7410
f 1320/7549/7549 1363/7550/7550 1365/7551/7551
f 1320/7552/7552 1362/7553/7553 1363/7554/7554
f 1320/7555/7555 1322/7556/7556 1362/7557/7557
f 1322/7558/7558 1361/7559/7559 1362/7560/7560
f 1322/7561/7561 1366/7562/7562 1361/7563/7563
f 1366/7564/7564 1360/7565/7565 1361/7566/7566
s 31
f 1339/7411/7411 1340/7412/7412 1341/7413/7413
f 1340/7414/7414 1342/7415/7415 1341/7416/7416
s 32
f 1343/7417/7417 1344/7418/7418 1345/7419/7419
f 1343/7420/7420 1346/7421/7421 1344/7422/7422
s 33
f 1333/7423/7423 1335/7424/7424 1331/7425/7425
f 1335/7426/7426 1337/7427/7427 1331/7428/7428
s 34
f 1347/7429/7429 1348/7430/7430 1349/7431/7431
f 1347/7432/7432 1350/7433/7433 1348/7434/7434
s 35
f 1317/7435/7435 1319/7436/7436 1323/7437/7437
f 1319/7438/7438 1321/7439/7439 1323/7440/7440
f 1319/7441/7441 1324/7442/7442 1321/7443/7443
f 1319/7444/7444 1318/7445/7445 1324/7446/7446
f 1318/7447/7447 1330/7448/7448 1324/7449/7449
f 1318/7450/7450 1326/7451/7451 1330/7452/7452
s 36
f 1339/7453/7453 1345/7454/7454 1340/7455/7455
f 1339/7456/7456 1343/7457/7457 1345/7458/7458
f 1340/7459/7459 1345/7460/7460 1342/7461/7461
f 1345/7462/7462 1344/7463/7463 1342/7464/7464
s 37
f 1351/7465/7465 1350/7466/7466 1352/7467/7467
f 1350/7468/7468 1347/7469/7469 1352/7470/7470
s 38
f 1353/7471/7471 1349/7472/7472 1354/7473/7473
f 1349/7474/7474 1348/7475/7475 1354/7476/7476
s 39
f 1355/7477/7477 1325/7478/7478 1327/7479/7479
f 1355/7480/7480 1356/7481/7481 1325/7482/7482
f 1357/7483/7483 1328/7484/7484 1358/7485/7485
f 1328/7486/7486 1330/7487/7487 1358/7488/7488
f 1357/7489/7489 1329/7490/7490 1328/7491/7491
f 1357/7492/7492 1359/7493/7493 1329/7494/7494
f 1330/7495/7495 1360/7496/7496 1358/7497/7497
f 1330/7498/7498 1361/7499/7499 1360/7500/7500
f 1361/7501/7501 1330/7502/7502 1326/7503/7503
f 1361/7504/7504 1326/7505/7505 1362/7506/7506
f 1362/7507/7507 1326/7508/7508 1363/7509/7509
f 1326/7510/7510 1364/7511/7511 1363/7512/7512
f 1326/7513/7513 1356/7514/7514 1364/7515/7515
f 1326/7516/7516 1325/7517/7517 1356/7518/7518
f 1324/7591/7591 1366/7592/7592 1322/7593/7593
f 1324/7594/7594 1368/7595/7595 1366/7596/7596
f 1324/7597/7597 1359/7598/7598 1368/7599/7599
f 1324/7600/7600 1329/7601/7601 1359/7602/7602
f 1368/7603/7603 1359/7604/7604 1357/7605/7605
f 1358/7606/7606 1368/7607/7607 1357/7608/7608
f 1358/7609/7609 1360/7610/7610 1368/7611/7611
f 1368/7612/7612 1360/7613/7613 1366/7614/7614
s 40
f 1341/7519/7519 1346/7520/7520 1339/7521/7521
f 1346/7522/7522 1343/7523/7523 1339/7524/7524
s 41
f 1333/7525/7525 1334/7526/7526 1335/7527/7527
f 1334/7528/7528 1336/7529/7529 1335/7530/7530
f 1334/7531/7531 1338/7532/7532 1336/7533/7533
f 1334/7534/7534 1332/7535/7535 1338/7536/7536
s 42
f 1352/7537/7537 1353/7538/7538 1351/7539/7539
f 1353/7540/7540 1354/7541/7541 1351/7542/7542
f 1352/7543/7543 1347/7544/7544 1353/7545/7545
f 1347/7546/7546 1349/7547/7547 1353/7548/7548
s 43
f 1320/7567/7567 1365/7568/7568 1367/7569/7569
f 1320/7570/7570 1367/7571/7571 1318/7572/7572
f 1367/7573/7573 1327/7574/7574 1318/7575/7575
f 1367/7576/7576 1355/7577/7577 1327/7578/7578
f 1365/7579/7579 1363/7580/7580 1364/7581/7581
f 1365/7582/7582 1364/7583/7583 1367/7584/7584
f 1364/7585/7585 1355/7586/7586 1367/7587/7587
f 1364/7588/7588 1356/7589/7589 1355/7590/7590
